{"new_feature": "24427,42,35,668,20,0.30", "commitmessage": "Oops, I forgot to commit this file in r884545 \n\ngit-svn-id: https://svn.apache.org/repos/asf/ofbiz/trunk@884598 13f79535-47bb-0310-9956-ffa450edef68", "patch": ["@@ -21,6 +21,7 @@\n import java.sql.Timestamp;\n import com.ibm.icu.util.Calendar;\n import java.util.Collection;\n+import java.util.Map;\n \n import org.apache.commons.validator.EmailValidator;\n \n@@ -201,6 +202,11 @@ public static boolean isEmpty(String s) {\n         return ((c == null) || (c.size() == 0));\n     }\n \n+    /** Check whether map m is empty. */\n+    public static <K,E> boolean isEmpty(Map<K,E> m) {\n+        return ((m == null) || (m.size() == 0));\n+    }\n+\n     /** Check whether charsequence c is empty. */\n     public static <E> boolean isEmpty(CharSequence c) {\n         return ((c == null) || (c.length() == 0));"], "edit": ["+import java.util.Map;", "+    /** Check whether map m is empty. */", "+    public static <K,E> boolean isEmpty(Map<K,E> m) {", "+        return ((m == null) || (m.size() == 0));", "+    }", "+"], "url": ["https://api.github.com/repos/apache/ofbiz/commits/003f38c93dc0f3ff7771195da775280ff82b68ca"]}