{"new_feature": "4028,6,274,5148,30,0.43", "commitmessage": "[maven-release-plugin] prepare release async-http-client-project-2.0.14", "patch": ["@@ -2,7 +2,7 @@\n \t<parent>\n \t\t<groupId>org.asynchttpclient</groupId>\n \t\t<artifactId>async-http-client-project</artifactId>\n-\t\t<version>2.0.14-SNAPSHOT</version>\n+\t\t<version>2.0.14</version>\n \t</parent>\n \t<modelVersion>4.0.0</modelVersion>\n \t<artifactId>async-http-client</artifactId>", "@@ -2,7 +2,7 @@\n     <parent>\n         <groupId>org.asynchttpclient</groupId>\n         <artifactId>async-http-client-extras-parent</artifactId>\n-        <version>2.0.14-SNAPSHOT</version>\n+        <version>2.0.14</version>\n     </parent>\n     <modelVersion>4.0.0</modelVersion>\n     <artifactId>async-http-client-extras-guava</artifactId>", "@@ -18,7 +18,7 @@\n   <parent>\n     <artifactId>async-http-client-extras-parent</artifactId>\n     <groupId>org.asynchttpclient</groupId>\n-    <version>2.0.14-SNAPSHOT</version>\n+    <version>2.0.14</version>\n   </parent>\n   <artifactId>async-http-client-extras-jdeferred</artifactId>\n   <name>Asynchronous Http Client JDeferred Extras</name>", "@@ -2,7 +2,7 @@\n     <parent>\n         <groupId>org.asynchttpclient</groupId>\n         <artifactId>async-http-client-project</artifactId>\n-        <version>2.0.14-SNAPSHOT</version>\n+        <version>2.0.14</version>\n     </parent>\n     <modelVersion>4.0.0</modelVersion>\n     <artifactId>async-http-client-extras-parent</artifactId>", "@@ -2,7 +2,7 @@\n \t<parent>\n \t\t<groupId>org.asynchttpclient</groupId>\n \t\t<artifactId>async-http-client-extras-parent</artifactId>\n-\t\t<version>2.0.14-SNAPSHOT</version>\n+\t\t<version>2.0.14</version>\n \t</parent>\n \t<modelVersion>4.0.0</modelVersion>\n \t<artifactId>async-http-client-extras-registry</artifactId>", "@@ -3,7 +3,7 @@\n     <parent>\n         <artifactId>async-http-client-extras-parent</artifactId>\n         <groupId>org.asynchttpclient</groupId>\n-        <version>2.0.14-SNAPSHOT</version>\n+        <version>2.0.14</version>\n     </parent>\n     <artifactId>async-http-client-extras-rxjava</artifactId>\n     <name>Asynchronous Http Client RxJava Extras</name>", "@@ -3,7 +3,7 @@\n     <parent>\n         <artifactId>async-http-client-extras-parent</artifactId>\n         <groupId>org.asynchttpclient</groupId>\n-        <version>2.0.14-SNAPSHOT</version>\n+        <version>2.0.14</version>\n     </parent>\n     <artifactId>async-http-client-extras-simple</artifactId>\n     <name>Asynchronous Http Simple Client</name>", "@@ -20,7 +20,7 @@\n   <parent>\n     <groupId>org.asynchttpclient</groupId>\n     <artifactId>netty-bp</artifactId>\n-    <version>2.0.14-SNAPSHOT</version>\n+    <version>2.0.14</version>\n   </parent>\n \n   <artifactId>netty-codec-dns</artifactId>", "@@ -2,7 +2,7 @@\n \t<parent>\n \t\t<groupId>org.asynchttpclient</groupId>\n \t\t<artifactId>async-http-client-project</artifactId>\n-\t\t<version>2.0.14-SNAPSHOT</version>\n+\t\t<version>2.0.14</version>\n \t</parent>\n \t<modelVersion>4.0.0</modelVersion>\n \t<artifactId>netty-bp</artifactId>", "@@ -9,7 +9,7 @@\n \t<parent>\n \t\t<groupId>org.asynchttpclient</groupId>\n \t\t<artifactId>netty-bp</artifactId>\n-\t\t<version>2.0.14-SNAPSHOT</version>\n+\t\t<version>2.0.14</version>\n \t</parent>\n \n \t<artifactId>netty-resolver-dns</artifactId>", "@@ -20,7 +20,7 @@\n   <parent>\n     <groupId>org.asynchttpclient</groupId>\n     <artifactId>netty-bp</artifactId>\n-    <version>2.0.14-SNAPSHOT</version>\n+    <version>2.0.14</version>\n   </parent>\n \n   <artifactId>netty-resolver</artifactId>", "@@ -2,7 +2,7 @@\n \t<parent>\n \t\t<groupId>org.asynchttpclient</groupId>\n \t\t<artifactId>async-http-client-project</artifactId>\n-\t\t<version>2.0.14-SNAPSHOT</version>\n+\t\t<version>2.0.14</version>\n \t</parent>\n \t<modelVersion>4.0.0</modelVersion>\n \t<artifactId>async-http-client-netty-utils</artifactId>", "@@ -9,7 +9,7 @@\n \t<groupId>org.asynchttpclient</groupId>\n \t<artifactId>async-http-client-project</artifactId>\n \t<name>Asynchronous Http Client Project</name>\n-\t<version>2.0.14-SNAPSHOT</version>\n+\t<version>2.0.14</version>\n \t<packaging>pom</packaging>\n \t<description>\n         The Async Http Client (AHC) library's purpose is to allow Java"], "edit": ["-\t\t<version>2.0.14-SNAPSHOT</version>", "+\t\t<version>2.0.14</version>", "-        <version>2.0.14-SNAPSHOT</version>", "+        <version>2.0.14</version>", "-    <version>2.0.14-SNAPSHOT</version>", "+    <version>2.0.14</version>", "-        <version>2.0.14-SNAPSHOT</version>", "+        <version>2.0.14</version>", "-\t\t<version>2.0.14-SNAPSHOT</version>", "+\t\t<version>2.0.14</version>", "-        <version>2.0.14-SNAPSHOT</version>", "+        <version>2.0.14</version>", "-        <version>2.0.14-SNAPSHOT</version>", "+        <version>2.0.14</version>", "-    <version>2.0.14-SNAPSHOT</version>", "+    <version>2.0.14</version>", "-\t\t<version>2.0.14-SNAPSHOT</version>", "+\t\t<version>2.0.14</version>", "-\t\t<version>2.0.14-SNAPSHOT</version>", "+\t\t<version>2.0.14</version>", "-    <version>2.0.14-SNAPSHOT</version>", "+    <version>2.0.14</version>", "-\t\t<version>2.0.14-SNAPSHOT</version>", "+\t\t<version>2.0.14</version>", "-\t<version>2.0.14-SNAPSHOT</version>", "+\t<version>2.0.14</version>"], "url": ["https://api.github.com/repos/AsyncHttpClient/async-http-client/commits/0058f267c6496c212d34771d05459047b6ec3e76"]}