{"new_feature": "21402,4,205,3844,30,0.86", "commitmessage": "Update changelog prior to 7.0.32 tag\n\ngit-svn-id: https://svn.apache.org/repos/asf/tomcat/tc7.0.x/trunk@1393330 13f79535-47bb-0310-9956-ffa450edef68", "patch": ["@@ -56,12 +56,23 @@\n <section name=\"Tomcat 7.0.32 (markt)\">\n   <subsection name=\"Catalina\">\n     <changelog>\n+      <fix>\n+        Revert multiple operation support for the <code>JMXProxyServlet</code>\n+        pending further discussion. (schultz)\n+      </fix>\n       <fix>\n         Improve session management in <code>CsrfPreventionFilter</code>.\n         (kkolinko)\n       </fix>\n     </changelog>\n   </subsection>\n+  <subsection name=\"Web applications\">\n+    <changelog>\n+    <fix>\n+      Correct the couple of broken links in the Tomcat Javadoc. (markt)\n+    </fix>\n+    </changelog>\n+  </subsection>\n   <subsection name=\"Other\">\n     <changelog>\n       <update>\n@@ -86,6 +97,11 @@\n         <bug>53828</bug>: Use correct status code when closing a WebSocket\n         connection normally in response to a close frame from a client. (markt)\n       </fix>\n+      <update>\n+        <code>JMXProxyServlet</code> now allows multiple operation commands like\n+        <code>invokeAndSet</code>, <code>invokeAndGet</code>,\n+        etc. (schultz)\n+      </update>\n       <fix>\n         <bug>53843</bug>: <code>request.isAsyncStarted()</code> must continue to\n         return true until the dispatch actually happens (which at the earliest"], "edit": ["+      <fix>", "+        Revert multiple operation support for the <code>JMXProxyServlet</code>", "+        pending further discussion. (schultz)", "+      </fix>", "+  <subsection name=\"Web applications\">", "+    <changelog>", "+    <fix>", "+      Correct the couple of broken links in the Tomcat Javadoc. (markt)", "+    </fix>", "+    </changelog>", "+  </subsection>", "+      <update>", "+        <code>JMXProxyServlet</code> now allows multiple operation commands like", "+        <code>invokeAndSet</code>, <code>invokeAndGet</code>,", "+        etc. (schultz)", "+      </update>"], "url": ["https://api.github.com/repos/apache/tomcat/commits/00bec3c45ef83e2440dea66dcef5f73451379a80"]}