{"new_feature": "2325,15,46,517,17,0.35", "commitmessage": "OOZIE-3095 Job submit command is not logged in audit log", "patch": ["@@ -59,6 +59,8 @@\n \n     String JOB_ACTION_START = \"start\";\n \n+    String JOB_ACTION_SUBMIT = \"submit\";\n+\n     String JOB_ACTION_DRYRUN = \"dryrun\";\n \n     String JOB_ACTION_SHOWDIFF = \"diff\";", "@@ -81,8 +81,9 @@ protected void doPost(HttpServletRequest request,\n          */\n         validateContentType(request, RestConstants.XML_CONTENT_TYPE);\n \n-        request.setAttribute(AUDIT_OPERATION, request\n-                .getParameter(RestConstants.ACTION_PARAM));\n+        String action = request.getParameter(RestConstants.ACTION_PARAM);\n+        request.setAttribute(AUDIT_OPERATION,\n+                (action != null) ? action : RestConstants.JOB_ACTION_SUBMIT);\n \n         XConfiguration conf = new XConfiguration(request.getInputStream());\n "], "edit": ["+    String JOB_ACTION_SUBMIT = \"submit\";", "+", "-        request.setAttribute(AUDIT_OPERATION, request", "-                .getParameter(RestConstants.ACTION_PARAM));", "+        String action = request.getParameter(RestConstants.ACTION_PARAM);", "+        request.setAttribute(AUDIT_OPERATION,", "+                (action != null) ? action : RestConstants.JOB_ACTION_SUBMIT);"], "url": ["https://api.github.com/repos/apache/oozie/commits/01a7b893d438ad6b31bebb06c590c3998c04cf8b"]}