{"new_feature": "14717,15,278,118,30,0.00", "commitmessage": "WFCORE-3258 ServiceRemoveStepHandler fails to remove services if any associated capabilities use a dynamic name mapper", "patch": ["@@ -111,13 +111,7 @@ protected void performRuntime(OperationContext context, ModelNode operation, Mod\n \n             for (RuntimeCapability<?> capability : capabilitySet) {\n                 if (capability.getCapabilityServiceValueType() != null) {\n-                    ServiceName sname;\n-                    if (capability.isDynamicallyNamed()) {\n-                        sname = capability.getCapabilityServiceName(name);\n-                    } else {\n-                        sname = capability.getCapabilityServiceName();\n-                    }\n-                    context.removeService(sname);\n+                    context.removeService(capability.getCapabilityServiceName(address));\n                 }\n             }\n         } else {"], "edit": ["-                    ServiceName sname;", "-                    if (capability.isDynamicallyNamed()) {", "-                        sname = capability.getCapabilityServiceName(name);", "-                    } else {", "-                        sname = capability.getCapabilityServiceName();", "-                    }", "-                    context.removeService(sname);", "+                    context.removeService(capability.getCapabilityServiceName(address));"], "url": ["https://api.github.com/repos/wildfly/wildfly-core/commits/01cbb988911e36dc8a6778b99b325e208ef1ca9a"]}