{"new_feature": "21402,4,205,3844,30,0.86", "commitmessage": "Hopefully fix some intermittent unit test failures in buildbot\n\ngit-svn-id: https://svn.apache.org/repos/asf/tomcat/trunk@1516953 13f79535-47bb-0310-9956-ffa450edef68", "patch": ["@@ -188,11 +188,14 @@ public Writer getSendWriter() {\n \n     void sendPartialString(CharBuffer part, boolean last) throws IOException {\n         try {\n+            // Get the timeout before we send the message. The message may\n+            // trigger a session close and depending on timing the client\n+            // session may close before we can read the timeout.\n+            long timeout = getBlockingSendTimeout();\n             FutureToSendHandler f2sh = new FutureToSendHandler();\n             TextMessageSendHandler tmsh = new TextMessageSendHandler(f2sh, part,\n                     last, encoder, encoderBuffer, this);\n             tmsh.write();\n-            long timeout = getBlockingSendTimeout();\n             if (timeout == -1) {\n                 f2sh.get();\n             } else {\n@@ -207,10 +210,13 @@ void sendPartialString(CharBuffer part, boolean last) throws IOException {\n \n     void startMessageBlock(byte opCode, ByteBuffer payload, boolean last)\n             throws IOException {\n+        // Get the timeout before we send the message. The message may\n+        // trigger a session close and depending on timing the client\n+        // session may close before we can read the timeout.\n+        long timeout = getBlockingSendTimeout();\n         FutureToSendHandler f2sh = new FutureToSendHandler();\n         startMessage(opCode, payload, last, f2sh);\n         try {\n-            long timeout = getBlockingSendTimeout();\n             if (timeout == -1) {\n                 f2sh.get();\n             } else {"], "edit": ["+            // Get the timeout before we send the message. The message may", "+            // trigger a session close and depending on timing the client", "+            // session may close before we can read the timeout.", "+            long timeout = getBlockingSendTimeout();", "-            long timeout = getBlockingSendTimeout();", "+        // Get the timeout before we send the message. The message may", "+        // trigger a session close and depending on timing the client", "+        // session may close before we can read the timeout.", "+        long timeout = getBlockingSendTimeout();", "-            long timeout = getBlockingSendTimeout();"], "url": ["https://api.github.com/repos/apache/tomcat/commits/02480f614a890e1ab58b010fbc21486e9ef613b3"]}