{"new_feature": "5684,5,115,970,30,0.64", "commitmessage": "WW-4596 Allows redefine regex used to match methods when SMI is disabled", "patch": ["@@ -43,7 +43,6 @@\n \n     public static final String DEFAULT_METHOD = \"execute\";\n     public static final String WILDCARD = \"*\";\n-    public static final String REGEX_WILDCARD = \"regex:.*\";\n     public static final String DEFAULT_METHOD_REGEX = \"([A-Za-z0-9_$]*)\";\n \n     protected List<InterceptorMapping> interceptors; // a list of interceptorMapping Objects eg. List<InterceptorMapping>\n@@ -218,6 +217,7 @@ public boolean isStrictMethodInvocation() {\n \n         protected ActionConfig target;\n         protected Set<String> allowedMethods;\n+        private String methodRegex;\n \n         public Builder(ActionConfig toClone) {\n             target = new ActionConfig(toClone);\n@@ -338,12 +338,17 @@ public Builder setStrictMethodInvocation(boolean strictMethodInvocation) {\n             return this;\n         }\n \n+        public Builder setDefaultMethodRegex(String methodRegex) {\n+            this.methodRegex = methodRegex;\n+            return this;\n+        }\n+\n         public ActionConfig build() {\n             target.params = Collections.unmodifiableMap(target.params);\n             target.results = Collections.unmodifiableMap(target.results);\n             target.interceptors = Collections.unmodifiableList(target.interceptors);\n             target.exceptionMappings = Collections.unmodifiableList(target.exceptionMappings);\n-            target.allowedMethods = AllowedMethods.build(target.strictMethodInvocation, allowedMethods, DEFAULT_METHOD_REGEX);\n+            target.allowedMethods = AllowedMethods.build(target.strictMethodInvocation, allowedMethods, methodRegex != null ? methodRegex : DEFAULT_METHOD_REGEX);\n \n             ActionConfig result = target;\n             target = new ActionConfig(target);", "@@ -36,6 +36,7 @@\n import org.apache.commons.lang3.StringUtils;\n import org.apache.logging.log4j.LogManager;\n import org.apache.logging.log4j.Logger;\n+import org.apache.struts2.StrutsConstants;\n \n import java.util.*;\n \n@@ -370,11 +371,20 @@ private ActionConfig buildFullActionConfig(PackageConfig packageContext, ActionC\n             }\n         }\n \n+        String methodRegex = container.getInstance(String.class, StrutsConstants.STRUTS_SMI_METHOD_REGEX);\n+        if (methodRegex == null) {\n+            methodRegex = ActionConfig.DEFAULT_METHOD_REGEX;\n+        }\n+\n+        LOG.debug(\"Using pattern [{}] to match allowed methods when SMI is disabled!\", methodRegex);\n+\n         return new ActionConfig.Builder(baseConfig)\n             .addParams(params)\n             .addResultConfigs(results)\n             .defaultClassName(packageContext.getDefaultClassRef())  // fill in default if non class has been provided\n             .interceptors(interceptors)\n+            .setStrictMethodInvocation(packageContext.isStrictMethodInvocation())\n+            .setDefaultMethodRegex(methodRegex)\n             .addExceptionMappings(packageContext.getAllExceptionMappingConfigs())\n             .build();\n     }", "@@ -875,7 +875,7 @@ protected String guessResultType(String type) {\n         } else {\n             // Strict DMI is disabled to any method can be called\n             allowedMethods = new HashSet<>();\n-            allowedMethods.add(ActionConfig.REGEX_WILDCARD);\n+            allowedMethods.add(ActionConfig.WILDCARD);\n         }\n \n         return Collections.unmodifiableSet(allowedMethods);", "@@ -298,4 +298,5 @@\n \n     public static final String STRUTS_CONTENT_TYPE_MATCHER = \"struts.contentTypeMatcher\";\n \n+    public static final String STRUTS_SMI_METHOD_REGEX = \"struts.strictMethodInvocation.methodRegex\";\n }", "@@ -930,7 +930,7 @@ protected void createActionConfig(PackageConfig.Builder pkgCfg, Class<?> actionC\n             actionConfig.addAllowedMethod(allowedMethods);\n             actionConfig.addAllowedMethod(pkgCfg.getGlobalAllowedMethods());\n         } else {\n-            actionConfig.addAllowedMethod(ActionConfig.REGEX_WILDCARD);\n+            actionConfig.addAllowedMethod(ActionConfig.WILDCARD);\n         }\n \n         if (LOG.isDebugEnabled()) {"], "edit": ["-    public static final String REGEX_WILDCARD = \"regex:.*\";", "+        private String methodRegex;", "+        public Builder setDefaultMethodRegex(String methodRegex) {", "+            this.methodRegex = methodRegex;", "+            return this;", "+        }", "+", "-            target.allowedMethods = AllowedMethods.build(target.strictMethodInvocation, allowedMethods, DEFAULT_METHOD_REGEX);", "+            target.allowedMethods = AllowedMethods.build(target.strictMethodInvocation, allowedMethods, methodRegex != null ? methodRegex : DEFAULT_METHOD_REGEX);", "+import org.apache.struts2.StrutsConstants;", "+        String methodRegex = container.getInstance(String.class, StrutsConstants.STRUTS_SMI_METHOD_REGEX);", "+        if (methodRegex == null) {", "+            methodRegex = ActionConfig.DEFAULT_METHOD_REGEX;", "+        }", "+", "+        LOG.debug(\"Using pattern [{}] to match allowed methods when SMI is disabled!\", methodRegex);", "+", "+            .setStrictMethodInvocation(packageContext.isStrictMethodInvocation())", "+            .setDefaultMethodRegex(methodRegex)", "-            allowedMethods.add(ActionConfig.REGEX_WILDCARD);", "+            allowedMethods.add(ActionConfig.WILDCARD);", "+    public static final String STRUTS_SMI_METHOD_REGEX = \"struts.strictMethodInvocation.methodRegex\";", "-            actionConfig.addAllowedMethod(ActionConfig.REGEX_WILDCARD);", "+            actionConfig.addAllowedMethod(ActionConfig.WILDCARD);"], "url": ["https://api.github.com/repos/apache/struts/commits/02b207fca529627f3a34660de86b51444461a7d2"]}