{"new_feature": "16931,49,714,3140,30,0.46", "commitmessage": "HBASE-13337 Table regions are not assigning back, after restarting all regionservers at once (Samir Ahmic)", "patch": ["@@ -360,7 +360,7 @@ private AsyncRpcChannel createRpcChannel(String serviceName, InetSocketAddress l\n         throw new StoppedRpcClientException();\n       }\n       rpcChannel = connections.get(hashCode);\n-      if (rpcChannel == null) {\n+      if (rpcChannel == null || !rpcChannel.isAlive()) {\n         rpcChannel = new AsyncRpcChannel(this.bootstrap, this, ticket, serviceName, location);\n         connections.put(hashCode, rpcChannel);\n       }"], "edit": ["-      if (rpcChannel == null) {", "+      if (rpcChannel == null || !rpcChannel.isAlive()) {"], "url": ["https://api.github.com/repos/apache/hbase/commits/035d882c7b77669c931cf5090bace2e1ce1c5c6c"]}