{"new_feature": "21402,4,205,3844,30,0.86", "commitmessage": "Improve comments\n\ngit-svn-id: https://svn.apache.org/repos/asf/tomcat/trunk@1068415 13f79535-47bb-0310-9956-ffa450edef68", "patch": ["@@ -132,8 +132,8 @@ public final ObjectName getObjectName() {\n      * Utility method to enable sub-classes to easily register additional\n      * components that don't implement {@link MBeanRegistration} with\n      * an MBean server.<br/>\n-     * Note: This method can only be used once {@link #initInternal()} has been\n-     * called. \n+     * Note: This method should only be used once {@link #initInternal()} has\n+     * been called and before {@link #destroyInternal()} has been called. \n      * \n      * @param obj                       The object the register\n      * @param objectNameKeyProperties   The key properties component of the\n@@ -171,7 +171,10 @@ protected final ObjectName register(Object obj,\n     /**\n      * Utility method to enable sub-classes to easily unregister additional\n      * components that don't implement {@link MBeanRegistration} with\n-     * an MBean server.\n+     * an MBean server.<br/>\n+     * Note: This method should only be used once {@link #initInternal()} has\n+     * been called and before {@link #destroyInternal()} has been called. \n+     * \n      * @param on    The name of the component to unregister\n      */\n     protected final void unregister(ObjectName on) {"], "edit": ["-     * Note: This method can only be used once {@link #initInternal()} has been", "-     * called.", "+     * Note: This method should only be used once {@link #initInternal()} has", "+     * been called and before {@link #destroyInternal()} has been called.", "-     * an MBean server.", "+     * an MBean server.<br/>", "+     * Note: This method should only be used once {@link #initInternal()} has", "+     * been called and before {@link #destroyInternal()} has been called.", "+     *"], "url": ["https://api.github.com/repos/apache/tomcat/commits/04fc439e96002dbe57f10e0c57b114f155ac0ecd"]}