{"new_feature": "2830,13,64,21,4,0.74", "commitmessage": "Add ID when handling references\n\n\ngit-svn-id: https://svn.apache.org/repos/asf/xml/security/trunk@351081 13f79535-47bb-0310-9956-ffa450edef68", "patch": ["@@ -491,6 +491,7 @@ int main(int argc, char **argv) {\n \n \tXSECProvider prov;\n \tDSIGSignature * sig = prov.newSignatureFromDOM(theDOM, sigNode);\n+\tsig->registerIdAttributeName(MAKE_UNICODE_STRING(\"ID\"));\n \n #if defined(_WIN32)\n \tXSECURIResolverGenericWin32 "], "edit": ["+\tsig->registerIdAttributeName(MAKE_UNICODE_STRING(\"ID\"));"], "url": ["https://api.github.com/repos/apache/santuario-java/commits/056532bcdee6786034806ef0e3bb31987acd3d6b"]}