{"new_feature": "24427,42,35,668,20,0.30", "commitmessage": "Just a space missing\n\ngit-svn-id: https://svn.apache.org/repos/asf/ofbiz/trunk@703834 13f79535-47bb-0310-9956-ffa450edef68", "patch": ["@@ -104,7 +104,7 @@ if (action) {\n         discontinuationDateCondition = EntityCondition.makeCondition(\n                [\n                 EntityCondition.makeCondition(\"salesDiscontinuationDate\", EntityOperator.EQUALS, null),\n-                EntityCondition.makeCondition(\"salesDiscontinuationDate\", EntityOperator.GREATER_THAN,productsSoldThruTimestamp)\n+                EntityCondition.makeCondition(\"salesDiscontinuationDate\", EntityOperator.GREATER_THAN, productsSoldThruTimestamp)\n                ],\n                EntityOperator.OR);\n         whereConditionsList.add(discontinuationDateCondition);"], "edit": ["-                EntityCondition.makeCondition(\"salesDiscontinuationDate\", EntityOperator.GREATER_THAN,productsSoldThruTimestamp)", "+                EntityCondition.makeCondition(\"salesDiscontinuationDate\", EntityOperator.GREATER_THAN, productsSoldThruTimestamp)"], "url": ["https://api.github.com/repos/apache/ofbiz/commits/05c81269c29a4d1b7a96230a04f919ca95de9922"]}