{"new_feature": "10754,64,44,10239,30,0.00", "commitmessage": "Check for None Type\n\nSigned-off-by: George Sibble <gsibble@gmail.com>", "patch": ["@@ -159,7 +159,7 @@ class ApiClient:\n         instance = objClass()\n \n         for attr, attrType in instance.swaggerTypes.iteritems():\n-            if attr in obj and type(obj) in [list, dict]:\n+            if obj is not None and attr in obj and type(obj) in [list, dict]:\n                 value = obj[attr]\n                 if attrType in ['str', 'int', 'long', 'float', 'bool']:\n                     attrType = eval(attrType)"], "edit": ["-            if attr in obj and type(obj) in [list, dict]:", "+            if obj is not None and attr in obj and type(obj) in [list, dict]:"], "url": ["https://api.github.com/repos/swagger-api/swagger-codegen/commits/0628c63b15a44b430992834756df76b8bc547a23"]}