{"new_feature": "9030,12,0,1988,30,0.24", "commitmessage": "More OEM work.\n\ngit-svn-id: http://svn.igniterealtime.org/svn/repos/openfire/trunk@7972 b35dd754-fafc-0310-a699-88a17e54d16e", "patch": ["@@ -143,7 +143,6 @@ log.marker_inserted_by=--- Zna\\u010dka vlo\\u017eena u\\u017eivatelem {0} - {1} --\n \r\n # Server startup messages\r\n \r\n-startup.name=Openfire {0} [{1}]\r\n startup.starting=Dom\\u00e9na Openfire: {0}\r\n startup.starting.chat=Dom\\u00e9na chatu: {0}\r\n startup.starting.muc=Dom\\u00e9na v\\u00edceu\\u017eivatelsk\\u00e9ho chatu: {0}\r", "@@ -142,7 +142,6 @@ log.marker_inserted_by=--- Markerung eingef\\u00fcgt von {0} am {1} ---\n \r\n # Server startup messages\r\n \r\n-startup.name=Openfire {0} [{1}]\r\n startup.starting=Openfire Domain: {0}\r\n startup.starting.chat=Chat Domain: {0}\r\n startup.starting.muc=Mehrbenutzerchat Domain domain: {0}\r", "@@ -162,7 +162,7 @@\n ##      Removed key: 'stun.external.add'\r\n ##      Removed key: 'stun.external.delete'\r\n ##      Removed key: 'httpbind.settings.enabled.legend'\r\n-##      Updated key: 'startup.name'\r\n+##      Removed key: 'startup.name'\r\n ##      Updated key: 'startup.starting'\r\n ##      Updated key: 'audit.policy.title_info'\r\n ##      Updated key: 'index.home'\r\n@@ -322,7 +322,6 @@ log.marker_inserted_by=--- Marker inserted by {0} at {1} ---\n \r\n # Server startup messages\r\n \r\n-startup.name=Server {0} [{1}]\r\n startup.starting=Server domain: {0}\r\n startup.starting.chat=Chat domain: {0}\r\n startup.starting.muc=Multi User Chat domain: {0}\r", "@@ -139,7 +139,6 @@ log.marker_inserted_by=--- Marcador insertado por {0} en {1} ---\n \r\n # Server startup messages\r\n \r\n-startup.name=Openfire {0} [{1}]\r\n startup.starting=Dominio de Mensajer\\u00eda: {0}\r\n startup.starting.chat=Dominio de Chat: {0}\r\n startup.starting.muc=Dominio de Chat Multi-usuario: {0}\r", "@@ -118,7 +118,6 @@ sidebar.available-plugins.descr = Cliquez pour voir les plugins disponibles\n # Log messages\r\n log.marker_inserted_by = --- Marqueur ajout\\u00E9 par {0} le {1} ---\r\n # Server startup messages\r\n-startup.name = Openfire {0} [{1}]\r\n startup.starting = domaine(s) Openfire \\: {0}\r\n startup.starting.chat = domaine(s) de discussion \\: {0}\r\n startup.starting.muc = domaine(s) de salon de discussion \\: {0}\r", "@@ -140,7 +140,6 @@ log.marker_inserted_by=--- Markering ingevoegd door {0} om {1} ---\n \r\n # Server startup messages\r\n \r\n-startup.name=Openfire {0} Gestart [{1}]\r\n startup.starting=Openfire domein: {0}\r\n startup.starting.chat=Chat domein: {0}\r\n startup.starting.muc=Multi User Chat domein: {0}\r", "@@ -144,7 +144,6 @@ log.marker_inserted_by=--- Zaznaczenie utworzone przez {0} w {1} ---\n \r\n # Server startup messages\r\n \r\n-startup.name=Openfire {0} [{1}]\r\n startup.starting=Domena Openfire: {0}\r\n startup.starting.chat=Domena dla Chat: {0}\r\n startup.starting.muc=Domena dla Multi User Chat: {0}\r", "@@ -142,7 +142,6 @@ log.marker_inserted_by=--- Marca inserida por {0} em {1} ---\n \r\n # Server startup messages\r\n \r\n-startup.name=Openfire {0} iniciado [{1}]\r\n startup.starting=Dom\\u00ednio do Openfire: {0}\r\n startup.starting.chat=Dom\\u00ednio do Chat: {0}\r\n startup.starting.muc=Dom\\u00ednio para Salas de Confer\\u00eancia: {0}\r", "@@ -143,7 +143,6 @@ log.marker_inserted_by=--- \\u7531 {0} \\u5728 {1} \\u63d2\\u5165\\u7684\\u6807\\u8bb0\n \r\n # Server startup messages\r\n \r\n-startup.name=Openfire {0} \\u5df2\\u542f\\u52a8 [{1}]\r\n startup.starting=Openfire \\u57df\\uff1a{0}\r\n startup.starting.chat=\\u804a\\u5929\\u57df\\uff1a{0}\r\n startup.starting.muc=\\u591a\\u7528\\u6237\\u804a\\u5929\\u57df\\uff1a{0}\r"], "edit": ["-startup.name=Openfire {0} [{1}]", "-startup.name=Openfire {0} [{1}]", "-##      Updated key: 'startup.name'", "+##      Removed key: 'startup.name'", "-startup.name=Server {0} [{1}]", "-startup.name=Openfire {0} [{1}]", "-startup.name = Openfire {0} [{1}]", "-startup.name=Openfire {0} Gestart [{1}]", "-startup.name=Openfire {0} [{1}]", "-startup.name=Openfire {0} iniciado [{1}]", "-startup.name=Openfire {0} \\u5df2\\u542f\\u52a8 [{1}]"], "url": ["https://api.github.com/repos/igniterealtime/Openfire/commits/06c2f479ae817740ddd3ca9cb997846d00501a0f"]}