{"new_feature": "19765,14,163,32708,30,0.33", "commitmessage": "SpringTilesContainerFactory uses Tiles 3's createDecoratedContainer\n\nIssue: SPR-14311\n(cherry picked from commit 2d85acc)", "patch": ["@@ -1,5 +1,5 @@\n /*\n- * Copyright 2002-2014 the original author or authors.\n+ * Copyright 2002-2016 the original author or authors.\n  *\n  * Licensed under the Apache License, Version 2.0 (the \"License\");\n  * you may not use this file except in compliance with the License.\n@@ -293,9 +293,8 @@ protected AbstractTilesContainerFactory createContainerFactory(ApplicationContex\n \tprivate class SpringTilesContainerFactory extends BasicTilesContainerFactory {\n \n \t\t@Override\n-\t\tpublic TilesContainer createContainer(ApplicationContext context) {\n-\t\t\tTilesContainer container = super.createContainer(context);\n-\t\t\treturn (useMutableTilesContainer ? new CachingTilesContainer(container) : container);\n+\t\tprotected TilesContainer createDecoratedContainer(TilesContainer originalContainer, ApplicationContext context) {\n+\t\t\treturn (useMutableTilesContainer ? new CachingTilesContainer(originalContainer) : originalContainer);\n \t\t}\n \n \t\t@Override"], "edit": ["- * Copyright 2002-2014 the original author or authors.", "+ * Copyright 2002-2016 the original author or authors.", "-\t\tpublic TilesContainer createContainer(ApplicationContext context) {", "-\t\t\tTilesContainer container = super.createContainer(context);", "-\t\t\treturn (useMutableTilesContainer ? new CachingTilesContainer(container) : container);", "+\t\tprotected TilesContainer createDecoratedContainer(TilesContainer originalContainer, ApplicationContext context) {", "+\t\t\treturn (useMutableTilesContainer ? new CachingTilesContainer(originalContainer) : originalContainer);"], "url": ["https://api.github.com/repos/spring-projects/spring-framework/commits/07b5763324b0887455c560506f51110b8fc2a71a"]}