{"new_feature": "5375,63,75,1709,30,0.16", "commitmessage": "NIFI-956: - Initialize the filter controls prior to the new processor table. Because of this, items were being incorrectly filtered on load. - Clean up in web.xml.\n\nSigned-off-by: Aldrin Piri <aldrin@apache.org>", "patch": ["@@ -23,7 +23,6 @@\n     </servlet>\n     <servlet-mapping>\n         <servlet-name>NiFiCanvas</servlet-name>\n-        <!--<url-pattern>/token</url-pattern>-->\n         <url-pattern>/canvas</url-pattern>\n     </servlet-mapping>\n     ", "@@ -337,7 +337,7 @@ nf.CanvasToolbox = (function () {\n \n         // show the dialog\n         $('#new-processor-dialog').modal('show');\n-        \n+\n         // setup the filter\n         $('#processor-type-filter').focus().off('keyup').on('keyup', function (e) {\n             var code = e.keyCode ? e.keyCode : e.which;\n@@ -349,8 +349,8 @@ nf.CanvasToolbox = (function () {\n         });\n \n         // adjust the grid canvas now that its been rendered\n-        grid.setSelectedRows([0]);\n         grid.resizeCanvas();\n+        grid.setSelectedRows([0]);\n     };\n \n     /**\n@@ -884,6 +884,17 @@ nf.CanvasToolbox = (function () {\n                 addToolboxIcon(config.type.template, toolbox, 'template-icon', 'template-icon-hover', 'template-icon-drag', promptForTemplate);\n                 addToolboxIcon(config.type.label, toolbox, 'label-icon', 'label-icon-hover', 'label-icon-drag', createLabel);\n \n+                // define the function for filtering the list\n+                $('#processor-type-filter').focus(function () {\n+                    if ($(this).hasClass(config.styles.filterList)) {\n+                        $(this).removeClass(config.styles.filterList).val('');\n+                    }\n+                }).blur(function () {\n+                    if ($(this).val() === '') {\n+                        $(this).addClass(config.styles.filterList).val(config.filterText);\n+                    }\n+                }).addClass(config.styles.filterList).val(config.filterText);\n+\n                 // initialize the processor type table\n                 var processorTypesColumns = [\n                     {id: 'type', name: 'Type', field: 'label', sortable: true, resizable: true},\n@@ -1008,17 +1019,6 @@ nf.CanvasToolbox = (function () {\n                     });\n                 }).fail(nf.Common.handleAjaxError);\n \n-                // define the function for filtering the list\n-                $('#processor-type-filter').focus(function () {\n-                    if ($(this).hasClass(config.styles.filterList)) {\n-                        $(this).removeClass(config.styles.filterList).val('');\n-                    }\n-                }).blur(function () {\n-                    if ($(this).val() === '') {\n-                        $(this).addClass(config.styles.filterList).val(config.filterText);\n-                    }\n-                }).addClass(config.styles.filterList).val(config.filterText);\n-\n                 // configure the new processor dialog\n                 $('#new-processor-dialog').modal({\n                     headerText: 'Add Processor',"], "edit": ["-        <!--<url-pattern>/token</url-pattern>-->", "-", "+", "-        grid.setSelectedRows([0]);", "+        grid.setSelectedRows([0]);", "+                // define the function for filtering the list", "+                $('#processor-type-filter').focus(function () {", "+                    if ($(this).hasClass(config.styles.filterList)) {", "+                        $(this).removeClass(config.styles.filterList).val('');", "+                    }", "+                }).blur(function () {", "+                    if ($(this).val() === '') {", "+                        $(this).addClass(config.styles.filterList).val(config.filterText);", "+                    }", "+                }).addClass(config.styles.filterList).val(config.filterText);", "+", "-                // define the function for filtering the list", "-                $('#processor-type-filter').focus(function () {", "-                    if ($(this).hasClass(config.styles.filterList)) {", "-                        $(this).removeClass(config.styles.filterList).val('');", "-                    }", "-                }).blur(function () {", "-                    if ($(this).val() === '') {", "-                        $(this).addClass(config.styles.filterList).val(config.filterText);", "-                    }", "-                }).addClass(config.styles.filterList).val(config.filterText);", "-"], "url": ["https://api.github.com/repos/apache/nifi/commits/08d0f3e59622d26ebc90d9fd61561e6be3e151fa"]}