{"new_feature": "7969,115,246,1043,30,0.36", "commitmessage": "Add the ability to deserialize a single key (non standard) response and a multi key (per jwk spec) response\n[#134026441] https://www.pivotaltracker.com/story/show/134026441", "patch": ["@@ -16,7 +16,10 @@\n package org.cloudfoundry.identity.uaa.oauth.jwk;\n \n import com.fasterxml.jackson.annotation.JsonProperty;\n+import com.fasterxml.jackson.core.type.TypeReference;\n+import org.cloudfoundry.identity.uaa.util.JsonUtils;\n \n+import java.util.Arrays;\n import java.util.Collections;\n import java.util.LinkedHashSet;\n import java.util.LinkedList;\n@@ -28,6 +31,14 @@\n  */\n public class JsonWebKeySet<T extends JsonWebKey> {\n \n+    public static JsonWebKeySet<JsonWebKey> deserialize(String s) {\n+        if (!s.contains(\"\\\"keys\\\"\")) {\n+            return new JsonWebKeySet<>(Arrays.asList(JsonUtils.readValue(s, JsonWebKey.class)));\n+        } else {\n+            return JsonUtils.readValue(s, new TypeReference<JsonWebKeySet<JsonWebKey>>() {});\n+        }\n+    }\n+\n     private final List<T> keys;\n \n     public JsonWebKeySet(@JsonProperty(\"keys\") List<T> keys) {", "@@ -0,0 +1,84 @@\n+/*\n+ * ****************************************************************************\n+ *     Cloud Foundry\n+ *     Copyright (c) [2009-2016] Pivotal Software, Inc. All Rights Reserved.\n+ *\n+ *     This product is licensed to you under the Apache License, Version 2.0 (the \"License\").\n+ *     You may not use this product except in compliance with the License.\n+ *\n+ *     This product includes a number of subcomponents with\n+ *     separate copyright notices and license terms. Your use of these\n+ *     subcomponents is subject to the terms and conditions of the\n+ *     subcomponent's license, as noted in the LICENSE file.\n+ * ****************************************************************************\n+ */\n+\n+package org.cloudfoundry.identity.uaa.oauth.jwk;\n+\n+import org.junit.Test;\n+\n+import static org.cloudfoundry.identity.uaa.oauth.jwk.JsonWebKey.KeyUse.sig;\n+import static org.junit.Assert.assertEquals;\n+import static org.junit.Assert.assertNotNull;\n+\n+public class JsonWebKeySetTests {\n+\n+    public static final String singleKeyJson = \"{\\n\" +\n+        \"    \\\"alg\\\": \\\"SHA256withRSA\\\",\\n\" +\n+        \"    \\\"e\\\": \\\"AQAB\\\",\\n\" +\n+        \"    \\\"kid\\\": \\\"legacy\\\",\\n\" +\n+        \"    \\\"kty\\\": \\\"RSA\\\",\\n\" +\n+        \"    \\\"n\\\": \\\"AMcWv4ogKaz625PU5cnCEJSZHZ0pXLumxrzHMSVLLOrHugnJ8nUlnI7NOiP1PlJ9Mirf3pqBsclZV9imE1qG9n_u4xeofF_5kf0EvWCT1jqQKdszlHrSB_CPJbX91A-M7Of03f3jN3YUmgUfB2r1CzTAG6CylQtlU1HGru96r9_P\\\",\\n\" +\n+        \"    \\\"use\\\": \\\"sig\\\",\\n\" +\n+        \"    \\\"value\\\": \\\"-----BEGIN PUBLIC KEY-----\\\\nMIGfMA0GCSqGSIb3DQEBAQUAA4GNADCBiQKBgQDHFr+KICms+tuT1OXJwhCUmR2d\\\\nKVy7psa8xzElSyzqx7oJyfJ1JZyOzToj9T5SfTIq396agbHJWVfYphNahvZ/7uMX\\\\nqHxf+ZH9BL1gk9Y6kCnbM5R60gfwjyW1/dQPjOzn9N394zd2FJoFHwdq9Qs0wBug\\\\nspULZVNRxq7veq/fzwIDAQAB\\\\n-----END PUBLIC KEY-----\\\"\\n\" +\n+        \"}\";\n+\n+    public static final String multiKeyJson = \"{\\n\" +\n+        \"    \\\"keys\\\": [\\n\" +\n+        \"        {\\n\" +\n+        \"            \\\"alg\\\": \\\"SHA256withRSA\\\",\\n\" +\n+        \"            \\\"e\\\": \\\"AQAB\\\",\\n\" +\n+        \"            \\\"kid\\\": \\\"legacy\\\",\\n\" +\n+        \"            \\\"kty\\\": \\\"RSA\\\",\\n\" +\n+        \"            \\\"n\\\": \\\"AMcWv4ogKaz625PU5cnCEJSZHZ0pXLumxrzHMSVLLOrHugnJ8nUlnI7NOiP1PlJ9Mirf3pqBsclZV9imE1qG9n_u4xeofF_5kf0EvWCT1jqQKdszlHrSB_CPJbX91A-M7Of03f3jN3YUmgUfB2r1CzTAG6CylQtlU1HGru96r9_P\\\",\\n\" +\n+        \"            \\\"use\\\": \\\"sig\\\",\\n\" +\n+        \"            \\\"value\\\": \\\"-----BEGIN PUBLIC KEY-----\\\\nMIGfMA0GCSqGSIb3DQEBAQUAA4GNADCBiQKBgQDHFr+KICms+tuT1OXJwhCUmR2d\\\\nKVy7psa8xzElSyzqx7oJyfJ1JZyOzToj9T5SfTIq396agbHJWVfYphNahvZ/7uMX\\\\nqHxf+ZH9BL1gk9Y6kCnbM5R60gfwjyW1/dQPjOzn9N394zd2FJoFHwdq9Qs0wBug\\\\nspULZVNRxq7veq/fzwIDAQAB\\\\n-----END PUBLIC KEY-----\\\"\\n\" +\n+        \"        },\\n\" +\n+        \"        {\\n\" +\n+        \"            \\\"alg\\\": \\\"SHA256withRSA\\\",\\n\" +\n+        \"            \\\"e\\\": \\\"AQAB\\\",\\n\" +\n+        \"            \\\"kid\\\": \\\"legacy\\\",\\n\" +\n+        \"            \\\"kty\\\": \\\"RSA\\\",\\n\" +\n+        \"            \\\"n\\\": \\\"AMcWv4ogKaz625PU5cnCEJSZHZ0pXLumxrzHMSVLLOrHugnJ8nUlnI7NOiP1PlJ9Mirf3pqBsclZV9imE1qG9n_u4xeofF_5kf0EvWCT1jqQKdszlHrSB_CPJbX91A-M7Of03f3jN3YUmgUfB2r1CzTAG6CylQtlU1HGru96r9_P\\\",\\n\" +\n+        \"            \\\"use\\\": \\\"sig\\\",\\n\" +\n+        \"            \\\"value\\\": \\\"-----BEGIN PUBLIC KEY-----\\\\nMIGfMA0GCSqGSIb3DQEBAQUAA4GNADCBiQKBgQDHFr+KICms+tuT1OXJwhCUmR2d\\\\nKVy7psa8xzElSyzqx7oJyfJ1JZyOzToj9T5SfTIq396agbHJWVfYphNahvZ/7uMX\\\\nqHxf+ZH9BL1gk9Y6kCnbM5R60gfwjyW1/dQPjOzn9N394zd2FJoFHwdq9Qs0wBug\\\\nspULZVNRxq7veq/fzwIDAQAB\\\\n-----END PUBLIC KEY-----\\\"\\n\" +\n+        \"        }\\n\" +\n+        \"    ]\\n\" +\n+        \"}\";\n+\n+\n+    @Test\n+    public void test_multi_key() {\n+        test_key(multiKeyJson);\n+    }\n+\n+    @Test\n+    public void test_single_key() {\n+        test_key(singleKeyJson);\n+    }\n+\n+    public void test_key(String json) {\n+        JsonWebKeySet<JsonWebKey> keys = JsonWebKeySet.deserialize(json);\n+        assertNotNull(keys);\n+        assertNotNull(keys.getKeys());\n+        assertEquals(1, keys.getKeys().size());\n+        JsonWebKey key = keys.getKeys().get(0);\n+        assertEquals(\"SHA256withRSA\", key.getAlgorithm());\n+        assertEquals(\n+            \"-----BEGIN PUBLIC KEY-----\\nMIGfMA0GCSqGSIb3DQEBAQUAA4GNADCBiQKBgQDHFr+KICms+tuT1OXJwhCUmR2d\\nKVy7psa8xzElSyzqx7oJyfJ1JZyOzToj9T5SfTIq396agbHJWVfYphNahvZ/7uMX\\nqHxf+ZH9BL1gk9Y6kCnbM5R60gfwjyW1/dQPjOzn9N394zd2FJoFHwdq9Qs0wBug\\nspULZVNRxq7veq/fzwIDAQAB\\n-----END PUBLIC KEY-----\",\n+            key.getValue()\n+        );\n+        assertEquals(sig, key.getUse());\n+    }\n+\n+}"], "edit": ["+import com.fasterxml.jackson.core.type.TypeReference;", "+import org.cloudfoundry.identity.uaa.util.JsonUtils;", "+import java.util.Arrays;", "+    public static JsonWebKeySet<JsonWebKey> deserialize(String s) {", "+        if (!s.contains(\"\\\"keys\\\"\")) {", "+            return new JsonWebKeySet<>(Arrays.asList(JsonUtils.readValue(s, JsonWebKey.class)));", "+        } else {", "+            return JsonUtils.readValue(s, new TypeReference<JsonWebKeySet<JsonWebKey>>() {});", "+        }", "+    }", "+", "+/*", "+ * ****************************************************************************", "+ *     Cloud Foundry", "+ *     Copyright (c) [2009-2016] Pivotal Software, Inc. All Rights Reserved.", "+ *", "+ *     This product is licensed to you under the Apache License, Version 2.0 (the \"License\").", "+ *     You may not use this product except in compliance with the License.", "+ *", "+ *     This product includes a number of subcomponents with", "+ *     separate copyright notices and license terms. Your use of these", "+ *     subcomponents is subject to the terms and conditions of the", "+ *     subcomponent's license, as noted in the LICENSE file.", "+ * ****************************************************************************", "+ */", "+", "+package org.cloudfoundry.identity.uaa.oauth.jwk;", "+", "+import org.junit.Test;", "+", "+import static org.cloudfoundry.identity.uaa.oauth.jwk.JsonWebKey.KeyUse.sig;", "+import static org.junit.Assert.assertEquals;", "+import static org.junit.Assert.assertNotNull;", "+", "+public class JsonWebKeySetTests {", "+", "+    public static final String singleKeyJson = \"{\\n\" +", "+        \"    \\\"alg\\\": \\\"SHA256withRSA\\\",\\n\" +", "+        \"    \\\"e\\\": \\\"AQAB\\\",\\n\" +", "+        \"    \\\"kid\\\": \\\"legacy\\\",\\n\" +", "+        \"    \\\"kty\\\": \\\"RSA\\\",\\n\" +", "+        \"    \\\"n\\\": \\\"AMcWv4ogKaz625PU5cnCEJSZHZ0pXLumxrzHMSVLLOrHugnJ8nUlnI7NOiP1PlJ9Mirf3pqBsclZV9imE1qG9n_u4xeofF_5kf0EvWCT1jqQKdszlHrSB_CPJbX91A-M7Of03f3jN3YUmgUfB2r1CzTAG6CylQtlU1HGru96r9_P\\\",\\n\" +", "+        \"    \\\"use\\\": \\\"sig\\\",\\n\" +", "+        \"    \\\"value\\\": \\\"-----BEGIN PUBLIC KEY-----\\\\nMIGfMA0GCSqGSIb3DQEBAQUAA4GNADCBiQKBgQDHFr+KICms+tuT1OXJwhCUmR2d\\\\nKVy7psa8xzElSyzqx7oJyfJ1JZyOzToj9T5SfTIq396agbHJWVfYphNahvZ/7uMX\\\\nqHxf+ZH9BL1gk9Y6kCnbM5R60gfwjyW1/dQPjOzn9N394zd2FJoFHwdq9Qs0wBug\\\\nspULZVNRxq7veq/fzwIDAQAB\\\\n-----END PUBLIC KEY-----\\\"\\n\" +", "+        \"}\";", "+", "+    public static final String multiKeyJson = \"{\\n\" +", "+        \"    \\\"keys\\\": [\\n\" +", "+        \"        {\\n\" +", "+        \"            \\\"alg\\\": \\\"SHA256withRSA\\\",\\n\" +", "+        \"            \\\"e\\\": \\\"AQAB\\\",\\n\" +", "+        \"            \\\"kid\\\": \\\"legacy\\\",\\n\" +", "+        \"            \\\"kty\\\": \\\"RSA\\\",\\n\" +", "+        \"            \\\"n\\\": \\\"AMcWv4ogKaz625PU5cnCEJSZHZ0pXLumxrzHMSVLLOrHugnJ8nUlnI7NOiP1PlJ9Mirf3pqBsclZV9imE1qG9n_u4xeofF_5kf0EvWCT1jqQKdszlHrSB_CPJbX91A-M7Of03f3jN3YUmgUfB2r1CzTAG6CylQtlU1HGru96r9_P\\\",\\n\" +", "+        \"            \\\"use\\\": \\\"sig\\\",\\n\" +", "+        \"            \\\"value\\\": \\\"-----BEGIN PUBLIC KEY-----\\\\nMIGfMA0GCSqGSIb3DQEBAQUAA4GNADCBiQKBgQDHFr+KICms+tuT1OXJwhCUmR2d\\\\nKVy7psa8xzElSyzqx7oJyfJ1JZyOzToj9T5SfTIq396agbHJWVfYphNahvZ/7uMX\\\\nqHxf+ZH9BL1gk9Y6kCnbM5R60gfwjyW1/dQPjOzn9N394zd2FJoFHwdq9Qs0wBug\\\\nspULZVNRxq7veq/fzwIDAQAB\\\\n-----END PUBLIC KEY-----\\\"\\n\" +", "+        \"        },\\n\" +", "+        \"        {\\n\" +", "+        \"            \\\"alg\\\": \\\"SHA256withRSA\\\",\\n\" +", "+        \"            \\\"e\\\": \\\"AQAB\\\",\\n\" +", "+        \"            \\\"kid\\\": \\\"legacy\\\",\\n\" +", "+        \"            \\\"kty\\\": \\\"RSA\\\",\\n\" +", "+        \"            \\\"n\\\": \\\"AMcWv4ogKaz625PU5cnCEJSZHZ0pXLumxrzHMSVLLOrHugnJ8nUlnI7NOiP1PlJ9Mirf3pqBsclZV9imE1qG9n_u4xeofF_5kf0EvWCT1jqQKdszlHrSB_CPJbX91A-M7Of03f3jN3YUmgUfB2r1CzTAG6CylQtlU1HGru96r9_P\\\",\\n\" +", "+        \"            \\\"use\\\": \\\"sig\\\",\\n\" +", "+        \"            \\\"value\\\": \\\"-----BEGIN PUBLIC KEY-----\\\\nMIGfMA0GCSqGSIb3DQEBAQUAA4GNADCBiQKBgQDHFr+KICms+tuT1OXJwhCUmR2d\\\\nKVy7psa8xzElSyzqx7oJyfJ1JZyOzToj9T5SfTIq396agbHJWVfYphNahvZ/7uMX\\\\nqHxf+ZH9BL1gk9Y6kCnbM5R60gfwjyW1/dQPjOzn9N394zd2FJoFHwdq9Qs0wBug\\\\nspULZVNRxq7veq/fzwIDAQAB\\\\n-----END PUBLIC KEY-----\\\"\\n\" +", "+        \"        }\\n\" +", "+        \"    ]\\n\" +", "+        \"}\";", "+", "+", "+    @Test", "+    public void test_multi_key() {", "+        test_key(multiKeyJson);", "+    }", "+", "+    @Test", "+    public void test_single_key() {", "+        test_key(singleKeyJson);", "+    }", "+", "+    public void test_key(String json) {", "+        JsonWebKeySet<JsonWebKey> keys = JsonWebKeySet.deserialize(json);", "+        assertNotNull(keys);", "+        assertNotNull(keys.getKeys());", "+        assertEquals(1, keys.getKeys().size());", "+        JsonWebKey key = keys.getKeys().get(0);", "+        assertEquals(\"SHA256withRSA\", key.getAlgorithm());", "+        assertEquals(", "+            \"-----BEGIN PUBLIC KEY-----\\nMIGfMA0GCSqGSIb3DQEBAQUAA4GNADCBiQKBgQDHFr+KICms+tuT1OXJwhCUmR2d\\nKVy7psa8xzElSyzqx7oJyfJ1JZyOzToj9T5SfTIq396agbHJWVfYphNahvZ/7uMX\\nqHxf+ZH9BL1gk9Y6kCnbM5R60gfwjyW1/dQPjOzn9N394zd2FJoFHwdq9Qs0wBug\\nspULZVNRxq7veq/fzwIDAQAB\\n-----END PUBLIC KEY-----\",", "+            key.getValue()", "+        );", "+        assertEquals(sig, key.getUse());", "+    }", "+", "+}"], "url": ["https://api.github.com/repos/cloudfoundry/uaa/commits/08e33b17b31f75a9af1f90d8d0dadc2f5fab5760"]}