{"new_feature": "5684,5,115,970,30,0.64", "commitmessage": "WW-1761 templates don't specify type=\"text/javascript\"; break W3C validation\n\nFixed issue of extra type=\"text/javascript\" that was added during the fix for the original opening of the WW-1761 ticket.\n\ngit-svn-id: https://svn.apache.org/repos/asf/struts/struts2/branches/STRUTS_2_0_X@565752 13f79535-47bb-0310-9956-ffa450edef68", "patch": ["@@ -21,7 +21,7 @@\n  */\n -->\n <#if parameters.validate?default(false) == true>\n-<script type=\"text/javascript\" src=\"${base}/struts/css_xhtml/validation.js\" type=\"text/javascript\"></script>\n+<script type=\"text/javascript\" src=\"${base}/struts/css_xhtml/validation.js\"></script>\n     <#if parameters.onsubmit?exists>\n         ${tag.addParameter('onsubmit', \"${parameters.onsubmit}; return validateForm_${parameters.id}();\")}\n     <#else>"], "edit": ["-->", "-<script type=\"text/javascript\" src=\"${base}/struts/css_xhtml/validation.js\" type=\"text/javascript\"></script>", "+<script type=\"text/javascript\" src=\"${base}/struts/css_xhtml/validation.js\"></script>"], "url": ["https://api.github.com/repos/apache/struts/commits/09628422b99adb9ccb2a851feafcd3260526f178"]}