{"new_feature": "3029,5,125,855,30,0.73", "commitmessage": "located root cause of HTTPCLIENT-653\n\ngit-svn-id: https://svn.apache.org/repos/asf/jakarta/httpcomponents/httpclient/trunk@558329 13f79535-47bb-0310-9956-ffa450edef68", "patch": ["@@ -1184,6 +1184,9 @@ protected ClientConnectionOperator getOperator() {\n      * can be {@link #detach detach}ed to prevent further use on release.\n      */\n     private class HttpConnectionAdapter extends AbstractPooledConnAdapter {\n+        //@@@ HTTPCLIENT-653\n+        //@@@ this adapter being a nested class prevents proper detaching of\n+        //@@@ the adapter from the manager, and therefore GC of the manager\n \n         /**\n          * Creates a new adapter."], "edit": ["+        //@@@ HTTPCLIENT-653", "+        //@@@ this adapter being a nested class prevents proper detaching of", "+        //@@@ the adapter from the manager, and therefore GC of the manager"], "url": ["https://api.github.com/repos/apache/httpcomponents-client/commits/098150494ecce7159b9668ff9beccef44ee41fbf"]}