{"new_feature": "5684,5,115,970,30,0.64", "commitmessage": "Drops support for Xwork xml configuration", "patch": ["@@ -375,21 +375,13 @@ private void init_TraditionalXmlConfigurations() {\n         String[] files = configPaths.split(\"\\\\s*[,]\\\\s*\");\n         for (String file : files) {\n             if (file.endsWith(\".xml\")) {\n-                if (\"xwork.xml\".equals(file)) {\n-                    configurationManager.addContainerProvider(createXmlConfigurationProvider(file, false));\n-                } else {\n-                    configurationManager.addContainerProvider(createStrutsXmlConfigurationProvider(file, false, servletContext));\n-                }\n+                configurationManager.addContainerProvider(createStrutsXmlConfigurationProvider(file, false, servletContext));\n             } else {\n                 throw new IllegalArgumentException(\"Invalid configuration file name\");\n             }\n         }\n     }\n \n-    protected XmlConfigurationProvider createXmlConfigurationProvider(String filename, boolean errorIfMissing) {\n-        return new XmlConfigurationProvider(filename, errorIfMissing);\n-    }\n-\n     protected XmlConfigurationProvider createStrutsXmlConfigurationProvider(String filename, boolean errorIfMissing, ServletContext ctx) {\n         return new StrutsXmlConfigurationProvider(filename, errorIfMissing, ctx);\n     }"], "edit": ["-                if (\"xwork.xml\".equals(file)) {", "-                    configurationManager.addContainerProvider(createXmlConfigurationProvider(file, false));", "-                } else {", "-                    configurationManager.addContainerProvider(createStrutsXmlConfigurationProvider(file, false, servletContext));", "-                }", "+                configurationManager.addContainerProvider(createStrutsXmlConfigurationProvider(file, false, servletContext));", "-    protected XmlConfigurationProvider createXmlConfigurationProvider(String filename, boolean errorIfMissing) {", "-        return new XmlConfigurationProvider(filename, errorIfMissing);", "-    }", "-"], "url": ["https://api.github.com/repos/apache/struts/commits/0b16543d6f5d48c3b2739871b7af609bf7b658b5"]}