{"new_feature": "129,2,0,15,9,0.15", "commitmessage": "update jsPlumb to 1.4.1", "patch": ["@@ -42,7 +42,7 @@\n \n       <div id=\"paper\"></div> <!-- style=\"position:relative;margin-top:100px;\" -->\n \n-\t\t\t<script type='text/javascript' src='${rootURL}/plugin/depgraph-view/js/jquery.jsPlumb-1.3.16-all-min.js'></script>\n+\t\t\t<script type='text/javascript' src='${rootURL}/plugin/depgraph-view/js/jquery.jsPlumb-1.4.1-all-min.js'></script>\n \t\t\t<script type=\"text/javascript\" src=\"${rootURL}/plugin/depgraph-view/js/jsPlumb_depview.js\"></script>\n       <script type=\"text/javascript\">window.depview.editEnabled=${it.isEditFunctionInJSViewEnabled()}</script>\n "], "edit": ["-\t\t\t<script type='text/javascript' src='${rootURL}/plugin/depgraph-view/js/jquery.jsPlumb-1.3.16-all-min.js'></script>", "+\t\t\t<script type='text/javascript' src='${rootURL}/plugin/depgraph-view/js/jquery.jsPlumb-1.4.1-all-min.js'></script>"], "url": ["https://api.github.com/repos/jenkinsci/depgraph-view-plugin/commits/0c179c53f73d2351e20f65d16afd252ba92a32c2"]}