{"new_feature": "21402,4,205,3844,30,0.86", "commitmessage": "Better comment\n\ngit-svn-id: https://svn.apache.org/repos/asf/tomcat/trunk@1478035 13f79535-47bb-0310-9956-ffa450edef68", "patch": ["@@ -573,6 +573,15 @@ private void checkLengthBeforeWrite(int length) {\n \n     protected abstract boolean hasDataToWrite();\n     protected abstract void setBlocking(boolean blocking);\n+\n+    /**\n+     * Writes any remaining buffered data.\n+     *\n+     * @param block     Should this method block until the buffer is empty\n+     * @return  <code>true</code> if data remains in the buffer (which can only\n+     *          happen in non-blocking mode else <code>false</code>.\n+     * @throws IOException\n+     */\n     protected abstract boolean flushBuffer(boolean block) throws IOException;\n \n "], "edit": ["+", "+    /**", "+     * Writes any remaining buffered data.", "+     *", "+     * @param block     Should this method block until the buffer is empty", "+     * @return  <code>true</code> if data remains in the buffer (which can only", "+     *          happen in non-blocking mode else <code>false</code>.", "+     * @throws IOException", "+     */"], "url": ["https://api.github.com/repos/apache/tomcat/commits/0e8535a7b4b7862c8b1cba3cc4077c110d52ac6c"]}