{"new_feature": "9886,14,189,944,30,0.42", "commitmessage": "INT-684 Added support for a Comparator to the FailOverDispatcher", "patch": ["@@ -1,5 +1,5 @@\n /*\n- * Copyright 2002-2008 the original author or authors.\n+ * Copyright 2002-2009 the original author or authors.\n  *\n  * Licensed under the Apache License, Version 2.0 (the \"License\");\n  * you may not use this file except in compliance with the License.\n@@ -16,24 +16,51 @@\n \n package org.springframework.integration.dispatcher;\n \n+import java.util.ArrayList;\n+import java.util.Collections;\n+import java.util.Comparator;\n import java.util.Iterator;\n import java.util.List;\n \n+import org.springframework.core.OrderComparator;\n import org.springframework.integration.message.MessageHandler;\n+import org.springframework.util.Assert;\n \n /**\n- * {@link AbstractUnicastDispatcher} that will try it's handlers in the\n+ * {@link AbstractUnicastDispatcher} that will try its handlers in the\n  * same order every dispatch.\n  * \n+ * <p>The {@link Comparator} that determines the order may be provided via the\n+ * {@link #setComparator(Comparator)} method. If none is provided, the default\n+ * will be an instance of {@link OrderComparator}, and any {@link MessageHandler}\n+ * that implements {@link org.springframework.core.Ordered} will be ordered\n+ * accordingly. Any other handlers will be placed at the end of the list.\n+ * \n  * @author Mark Fisher\n  * @author Iwein Fuld\n  */\n public class FailOverDispatcher extends AbstractUnicastDispatcher {\n \n+\t@SuppressWarnings(\"unchecked\")\n+\tprivate Comparator<Object> comparator = new OrderComparator();\n+\n+\n+\t/**\n+\t * Provide a {@link Comparator} that will determine the sorting order of\n+\t * the handler list and hence the order of the failover chain. If no\n+\t * comparator is configured, the default will be an instance of\n+\t * {@link OrderComparator}.\n+\t */\n+\tpublic void setComparator(Comparator<Object> comparator) {\n+\t\tAssert.notNull(comparator, \"comparator must not be null\");\n+\t\tthis.comparator = comparator;\n+\t}\n \n \t@Override\n \tprotected Iterator<MessageHandler> getHandlerIterator(List<MessageHandler> handlers) {\n-\t\treturn handlers.iterator();\n+\t\tList<MessageHandler> handlerList = new ArrayList<MessageHandler>(handlers);\n+\t\tCollections.sort(handlerList, this.comparator);\n+\t\treturn handlerList.iterator();\n \t}\n \n }", "@@ -1,5 +1,5 @@\n /*\n- * Copyright 2002-2008 the original author or authors.\n+ * Copyright 2002-2009 the original author or authors.\n  *\n  * Licensed under the Apache License, Version 2.0 (the \"License\");\n  * you may not use this file except in compliance with the License.\n@@ -13,6 +13,7 @@\n  * See the License for the specific language governing permissions and\n  * limitations under the License.\n  */\n+\n package org.springframework.integration.dispatcher;\n \n import java.util.ArrayList;\n@@ -43,8 +44,8 @@\n \tprotected Iterator<MessageHandler> getHandlerIterator(List<MessageHandler> handlers) {\n \t\tint size = handlers.size();\n \t\tint nextHandlerStartIndex = getNextHandlerStartIndex(size);\n-\t\tList<MessageHandler> reorderedHandlers = new ArrayList<MessageHandler>(handlers.subList(nextHandlerStartIndex,\n-\t\t\t\tsize));\n+\t\tList<MessageHandler> reorderedHandlers = new ArrayList<MessageHandler>(\n+\t\t\t\thandlers.subList(nextHandlerStartIndex, size));\n \t\treorderedHandlers.addAll(handlers.subList(0, nextHandlerStartIndex));\n \t\treturn reorderedHandlers.iterator();\n \t}\n@@ -58,4 +59,5 @@ private int getNextHandlerStartIndex(int size) {\n \t\tint indexTail = currentHandlerIndex.getAndIncrement() % size;\n \t\treturn indexTail < 0 ? indexTail + size : indexTail;\n \t}\n+\n }"], "edit": ["- * Copyright 2002-2008 the original author or authors.", "+ * Copyright 2002-2009 the original author or authors.", "+import java.util.ArrayList;", "+import java.util.Collections;", "+import java.util.Comparator;", "+import org.springframework.core.OrderComparator;", "+import org.springframework.util.Assert;", "- * {@link AbstractUnicastDispatcher} that will try it's handlers in the", "+ * {@link AbstractUnicastDispatcher} that will try its handlers in the", "+ * <p>The {@link Comparator} that determines the order may be provided via the", "+ * {@link #setComparator(Comparator)} method. If none is provided, the default", "+ * will be an instance of {@link OrderComparator}, and any {@link MessageHandler}", "+ * that implements {@link org.springframework.core.Ordered} will be ordered", "+ * accordingly. Any other handlers will be placed at the end of the list.", "+ *", "+\t@SuppressWarnings(\"unchecked\")", "+\tprivate Comparator<Object> comparator = new OrderComparator();", "+", "+", "+\t/**", "+\t * Provide a {@link Comparator} that will determine the sorting order of", "+\t * the handler list and hence the order of the failover chain. If no", "+\t * comparator is configured, the default will be an instance of", "+\t * {@link OrderComparator}.", "+\t */", "+\tpublic void setComparator(Comparator<Object> comparator) {", "+\t\tAssert.notNull(comparator, \"comparator must not be null\");", "+\t\tthis.comparator = comparator;", "+\t}", "-\t\treturn handlers.iterator();", "+\t\tList<MessageHandler> handlerList = new ArrayList<MessageHandler>(handlers);", "+\t\tCollections.sort(handlerList, this.comparator);", "+\t\treturn handlerList.iterator();", "- * Copyright 2002-2008 the original author or authors.", "+ * Copyright 2002-2009 the original author or authors.", "+", "-\t\tList<MessageHandler> reorderedHandlers = new ArrayList<MessageHandler>(handlers.subList(nextHandlerStartIndex,", "-\t\t\t\tsize));", "+\t\tList<MessageHandler> reorderedHandlers = new ArrayList<MessageHandler>(", "+\t\t\t\thandlers.subList(nextHandlerStartIndex, size));", "+"], "url": ["https://api.github.com/repos/spring-projects/spring-integration/commits/0ee69a78feb36fd979da3f9c29d6000681b66d9c"]}