{"new_feature": "13137,36,35,25,15,0.44", "commitmessage": "fix test\n\ngit-svn-id: https://svn.apache.org/repos/asf/geronimo/server/branches/sachin@436853 13f79535-47bb-0310-9956-ffa450edef68", "patch": ["@@ -43,6 +43,8 @@\n import org.apache.geronimo.common.DeploymentException;\n import org.apache.geronimo.deployment.DeploymentContext;\n import org.apache.geronimo.deployment.ModuleIDBuilder;\n+import org.apache.geronimo.deployment.DeployableModule;\n+import org.apache.geronimo.deployment.DeployableModuleFactory;\n import org.apache.geronimo.deployment.service.GBeanBuilder;\n import org.apache.geronimo.deployment.util.DeploymentUtil;\n import org.apache.geronimo.gbean.AbstractName;\n@@ -166,6 +168,7 @@ public void testBuildEar() throws Exception {\n         JarFile rarFile = null;\n         try {\n             rarFile = DeploymentUtil.createJarFile(new File(BASEDIR, \"target/test-ear-noger.ear\"));\n+            DeployableModule rarModule = DeployableModuleFactory.createDeployableModule(rarFile);\n             GBeanBuilder serviceBuilder = new GBeanBuilder(null, null);\n //            EARConfigBuilder configBuilder = new EARConfigBuilder(defaultEnvironment, transactionContextManagerName, connectionTrackerName, null, null, null, new AbstractNameQuery(serverName, J2EEServerImpl.GBEAN_INFO.getInterfaces()), null, null, ejbReferenceBuilder, null,\n             EARConfigBuilder configBuilder = new EARConfigBuilder(defaultEnvironment,\n@@ -194,8 +197,8 @@ public void testBuildEar() throws Exception {\n             try {\n                 File planFile = new File(BASEDIR, \"src/test/data/data/external-application-plan.xml\");\n                 ModuleIDBuilder idBuilder = new ModuleIDBuilder();\n-                Object plan = configBuilder.getDeploymentPlan(planFile, rarFile, idBuilder);\n-                context = configBuilder.buildConfiguration(false, configBuilder.getConfigurationID(plan, rarFile, idBuilder), plan, rarFile, Collections.singleton(configurationStore), artifactResolver, configurationStore);\n+                Object plan = configBuilder.getDeploymentPlan(planFile, rarModule, idBuilder);\n+                context = configBuilder.buildConfiguration(false, configBuilder.getConfigurationID(plan, rarModule, idBuilder), plan, rarModule, Collections.singleton(configurationStore), artifactResolver, configurationStore);\n \n                 // add the a j2ee server so the application context reference can be resolved\n                 context.addGBean(\"geronimo\", J2EEServerImpl.GBEAN_INFO);\n@@ -367,9 +370,10 @@ private void executeTestBuildModule(InstallAction action, boolean is15) throws E\n             Thread.currentThread().setContextClassLoader(cl);\n \n             JarFile rarJarFile = DeploymentUtil.createJarFile(rarFile);\n+            DeployableModule rarModule = DeployableModuleFactory.createDeployableModule(rarJarFile);\n             AbstractName earName = null;\n             String moduleName = \"geronimo/test-ear/1.0/car\";\n-            Module module = moduleBuilder.createModule(action.getVendorDD(), rarJarFile, moduleName, action.getSpecDD(), null, null, earName, naming, new ModuleIDBuilder());\n+            Module module = moduleBuilder.createModule(action.getVendorDD(), rarModule, moduleName, action.getSpecDD(), null, null, earName, naming, new ModuleIDBuilder());\n             if (module == null) {\n                 throw new DeploymentException(\"Was not a connector module\");\n             }"], "edit": ["+import org.apache.geronimo.deployment.DeployableModule;", "+import org.apache.geronimo.deployment.DeployableModuleFactory;", "+            DeployableModule rarModule = DeployableModuleFactory.createDeployableModule(rarFile);", "-                Object plan = configBuilder.getDeploymentPlan(planFile, rarFile, idBuilder);", "-                context = configBuilder.buildConfiguration(false, configBuilder.getConfigurationID(plan, rarFile, idBuilder), plan, rarFile, Collections.singleton(configurationStore), artifactResolver, configurationStore);", "+                Object plan = configBuilder.getDeploymentPlan(planFile, rarModule, idBuilder);", "+                context = configBuilder.buildConfiguration(false, configBuilder.getConfigurationID(plan, rarModule, idBuilder), plan, rarModule, Collections.singleton(configurationStore), artifactResolver, configurationStore);", "+            DeployableModule rarModule = DeployableModuleFactory.createDeployableModule(rarJarFile);", "-            Module module = moduleBuilder.createModule(action.getVendorDD(), rarJarFile, moduleName, action.getSpecDD(), null, null, earName, naming, new ModuleIDBuilder());", "+            Module module = moduleBuilder.createModule(action.getVendorDD(), rarModule, moduleName, action.getSpecDD(), null, null, earName, naming, new ModuleIDBuilder());"], "url": ["https://api.github.com/repos/apache/geronimo/commits/0fd835ba9f08c5bec1979cc5dbb5b28915165999"]}