{"new_feature": "8398,17,50,966,6,0.66", "commitmessage": "PDFBOX-1887: removed @override because Java 6 which doesn't support @Override annotations for methods inherited when implementing an interface\n\ngit-svn-id: https://svn.apache.org/repos/asf/pdfbox/branches/1.8@1566051 13f79535-47bb-0310-9956-ffa450edef68", "patch": ["@@ -220,7 +220,6 @@ protected void createArea()\n     /**\n      * {@inheritDoc}\n      */\n-    @Override\n     public void dispose()\n     {\n         triangleList = null;\n@@ -233,7 +232,6 @@ public void dispose()\n     /**\n      * {@inheritDoc}\n      */\n-    @Override\n     public final ColorModel getColorModel()\n     {\n         return outputColorModel;\n@@ -256,7 +254,6 @@ private float interpolate(float src, long srcMax, float dstMin, float dstMax)\n     /**\n      * {@inheritDoc}\n      */\n-    @Override\n     public final Raster getRaster(int x, int y, int w, int h)\n     {\n         WritableRaster raster = getColorModel().createCompatibleWritableRaster(w, h);"], "edit": ["-    @Override", "-    @Override", "-    @Override"], "url": ["https://api.github.com/repos/apache/pdfbox/commits/102fdc17106426cb5312c280ff1d41c152a9dd13"]}