{"new_feature": "44,7,0,44,6,0.46", "commitmessage": "Add elements required for maven central deploy.", "patch": ["@@ -3,8 +3,44 @@\n     <groupId>org.owasp.antisamy</groupId>\n     <artifactId>antisamy</artifactId>\n     <packaging>jar</packaging>\n-    <version>1.5.5-SNAPSHOT</version>\n+    <version>1.5.6</version>\n+\n+    <distributionManagement>\n+        <snapshotRepository>\n+            <id>ossrh</id>\n+            <url>https://oss.sonatype.org/content/repositories/snapshots</url>\n+        </snapshotRepository>\n+        <repository>\n+            <id>ossrh</id>\n+            <url>https://oss.sonatype.org/service/local/staging/deploy/maven2/</url>\n+        </repository>\n+    </distributionManagement>\n+ \n     <name>OWASP AntiSamy</name>\n+    <description>A library for performing fast, configurable cleansing of HTML coming from untrusted sources.</description>\n+    <url>https://github.com/nahsra/antisamy</url>\n+\n+    <developers>\n+      <developer>\n+        <id>nahsra</id>\n+        <name>Arshan Dabirsiaghi</name>\n+        <email>arshan.dabirsiaghi@gmail.com</email>\n+      </developer>\n+    </developers>\n+\n+    <licenses>\n+      <license>\n+        <name>BSD 3</name>\n+        <url>https://opensource.org/licenses/BSD-3-Clause</url>\n+      </license>\n+    </licenses>\n+   \n+     <scm>\n+        <connection>scm:git:git@github.com:nahsra/antisamy.git</connection>\n+        <url>scm:git:git@github.com:nahsra/antisamy.git</url>\n+        <developerConnection>scm:git:git@github.com:nahsra/antisamy.git</developerConnection>\n+    </scm>\n+\n     <dependencies>\n         <dependency>\n             <groupId>xml-apis</groupId>\n@@ -50,6 +86,39 @@\n                     </archive>\n                 </configuration>\n             </plugin>\n+               <plugin>\n+               <groupId>org.apache.maven.plugins</groupId>\n+               <artifactId>maven-gpg-plugin</artifactId>\n+               <executions>\n+                 <execution>\n+                   <id>sign-artifacts</id>\n+                   <phase>verify</phase>\n+                   <goals>\n+                     <goal>sign</goal>\n+                   </goals>\n+                 </execution>\n+               </executions>\n+             </plugin>\n+            <plugin>\n+               <artifactId>maven-javadoc-plugin</artifactId>\n+               <executions>\n+                 <execution>\n+                   <id>attach-javadocs</id>\n+                   <phase>package</phase>\n+                   <goals><goal>jar</goal></goals>\n+                 </execution>\n+               </executions>\n+             </plugin>\n+            <plugin>\n+            <artifactId>maven-source-plugin</artifactId>\n+            <executions>\n+              <execution>\n+                <id>attach-sources</id>\n+                <phase>package</phase>\n+                <goals><goal>jar-no-fork</goal></goals>\n+              </execution>\n+            </executions>\n+        </plugin>\n         </plugins>\n     </build>\n </project>"], "edit": ["-    <version>1.5.5-SNAPSHOT</version>", "+    <version>1.5.6</version>", "+", "+    <distributionManagement>", "+        <snapshotRepository>", "+            <id>ossrh</id>", "+            <url>https://oss.sonatype.org/content/repositories/snapshots</url>", "+        </snapshotRepository>", "+        <repository>", "+            <id>ossrh</id>", "+            <url>https://oss.sonatype.org/service/local/staging/deploy/maven2/</url>", "+        </repository>", "+    </distributionManagement>", "+", "+    <description>A library for performing fast, configurable cleansing of HTML coming from untrusted sources.</description>", "+    <url>https://github.com/nahsra/antisamy</url>", "+", "+    <developers>", "+      <developer>", "+        <id>nahsra</id>", "+        <name>Arshan Dabirsiaghi</name>", "+        <email>arshan.dabirsiaghi@gmail.com</email>", "+      </developer>", "+    </developers>", "+", "+    <licenses>", "+      <license>", "+        <name>BSD 3</name>", "+        <url>https://opensource.org/licenses/BSD-3-Clause</url>", "+      </license>", "+    </licenses>", "+", "+     <scm>", "+        <connection>scm:git:git@github.com:nahsra/antisamy.git</connection>", "+        <url>scm:git:git@github.com:nahsra/antisamy.git</url>", "+        <developerConnection>scm:git:git@github.com:nahsra/antisamy.git</developerConnection>", "+    </scm>", "+", "+               <plugin>", "+               <groupId>org.apache.maven.plugins</groupId>", "+               <artifactId>maven-gpg-plugin</artifactId>", "+               <executions>", "+                 <execution>", "+                   <id>sign-artifacts</id>", "+                   <phase>verify</phase>", "+                   <goals>", "+                     <goal>sign</goal>", "+                   </goals>", "+                 </execution>", "+               </executions>", "+             </plugin>", "+            <plugin>", "+               <artifactId>maven-javadoc-plugin</artifactId>", "+               <executions>", "+                 <execution>", "+                   <id>attach-javadocs</id>", "+                   <phase>package</phase>", "+                   <goals><goal>jar</goal></goals>", "+                 </execution>", "+               </executions>", "+             </plugin>", "+            <plugin>", "+            <artifactId>maven-source-plugin</artifactId>", "+            <executions>", "+              <execution>", "+                <id>attach-sources</id>", "+                <phase>package</phase>", "+                <goals><goal>jar-no-fork</goal></goals>", "+              </execution>", "+            </executions>", "+        </plugin>"], "url": ["https://api.github.com/repos/nahsra/antisamy/commits/10ed468c56b068f8d3df10536f422f3b268a5737"]}