{"new_feature": "60936,22,276,6946,30,0.15", "commitmessage": "Updated documentation to add instructions for Mac installer", "patch": ["@@ -50,8 +50,9 @@ The installer will prompt to be granted Administrator privileges.\n Newer versions of Windows come with a SmartScreen feature that may prevent the installer from running -- you can make it run anyway by clicking \"More info\" on the \"Windows protected your PC\" screen.\n \n [TIP]\n-If you install Neo4j using the windows installer and you already have an existing Neo4j installed it will ask if you want to upgrade.\n-This should proceed without issue although some users have reported a `JRE is damaged` exception.\n+If you install Neo4j using the windows installer and you already have an existing instance of Neo4j the installer will select a new install directory by default.\n+If you specify the same directory it will ask if you want to upgrade.\n+This should proceed without issue although some users have reported a `JRE is damaged` error.\n If you see this error simply install Neo4j into a different location.\n \n [[windows-console]]\n@@ -105,6 +106,15 @@ See for instance the Linux Standard Base specification on http://refspecs.linuxf\n [[osx-install]]\n == Mac OSX ==\n \n+=== Mac OSX Installer ===\n+\n+1. Download the _.dmg_ installer that you want from http://neo4j.com/download/.\n+2. Click the downloaded installer file.\n+3. Drag the Neo4j icon into the Applications folder.\n+\n+[TIP]\n+If you install Neo4j using the Mac installer and already have an existing instance of Neo4j the installer will ensure that both the old and new versions can co-exist on your system.\n+\n === Running Neo4j from the Terminal ===\n \n The server can be started in the background from the terminal with the command `neo4j start`, and then stopped again with `neo4j stop`."], "edit": ["-If you install Neo4j using the windows installer and you already have an existing Neo4j installed it will ask if you want to upgrade.", "-This should proceed without issue although some users have reported a `JRE is damaged` exception.", "+If you install Neo4j using the windows installer and you already have an existing instance of Neo4j the installer will select a new install directory by default.", "+If you specify the same directory it will ask if you want to upgrade.", "+This should proceed without issue although some users have reported a `JRE is damaged` error.", "+=== Mac OSX Installer ===", "+", "+1. Download the _.dmg_ installer that you want from http://neo4j.com/download/.", "+2. Click the downloaded installer file.", "+3. Drag the Neo4j icon into the Applications folder.", "+", "+[TIP]", "+If you install Neo4j using the Mac installer and already have an existing instance of Neo4j the installer will ensure that both the old and new versions can co-exist on your system.", "+"], "url": ["https://api.github.com/repos/neo4j/neo4j/commits/12ae4552ea638b2187628fbc87cca55d312aa241"]}