{"new_feature": "1209,2,0,259,30,0.58", "commitmessage": "[maven-release-plugin] prepare release email-ext-2.40.2", "patch": ["@@ -17,7 +17,7 @@\n \n     <artifactId>email-ext</artifactId>\n     <packaging>hpi</packaging>\n-    <version>2.40.2-SNAPSHOT</version>\n+    <version>2.40.2</version>\n     <name>Email Extension Plugin</name>\n     <url>http://wiki.jenkins-ci.org/display/JENKINS/Email-ext+plugin</url>\n     <issueManagement>\n@@ -154,7 +154,7 @@\n     <scm>\n         <connection>scm:git:https://github.com/jenkinsci/email-ext-plugin.git</connection>\n         <developerConnection>scm:git:git@github.com:jenkinsci/email-ext-plugin.git</developerConnection>\n-      <tag>HEAD</tag>\n+      <tag>email-ext-2.40.2</tag>\n   </scm>\n \n     <repositories>"], "edit": ["-    <version>2.40.2-SNAPSHOT</version>", "+    <version>2.40.2</version>", "-      <tag>HEAD</tag>", "+      <tag>email-ext-2.40.2</tag>"], "url": ["https://api.github.com/repos/jenkinsci/email-ext-plugin/commits/1436ca92ce0703053b6fe93da684953fe587e621"]}