{"new_feature": "8670,37,235,231,23,0.09", "commitmessage": "JCR-1034: Unable to save session after saving a renamed node\n\n\ngit-svn-id: https://svn.apache.org/repos/asf/jackrabbit/trunk@561000 13f79535-47bb-0310-9956-ffa450edef68", "patch": ["@@ -1114,8 +1114,9 @@ public void save()\n                     NodeState nodeState = (NodeState) transientState;\n                     Set dependentIDs = new HashSet();\n                     if (nodeState.hasOverlayedState()) {\n-                        NodeId oldParentId =\n-                                nodeState.getOverlayedState().getParentId();\n+                        NodeState overlayedState =\n+                                (NodeState) nodeState.getOverlayedState();\n+                        NodeId oldParentId = overlayedState.getParentId();\n                         NodeId newParentId = nodeState.getParentId();\n                         if (oldParentId != null) {\n                             if (newParentId == null) {\n@@ -1124,14 +1125,31 @@ public void save()\n                                 dependentIDs.add(oldParentId);\n                             } else {\n                                 if (!oldParentId.equals(newParentId)) {\n-                                    // node has been moved, add old and new parent\n-                                    // to dependencies\n+                                    // node has been moved to a new location,\n+                                    // add old and new parent to dependencies\n                                     dependentIDs.add(oldParentId);\n                                     dependentIDs.add(newParentId);\n+                                } else {\n+                                    // edge case: check whether definition id\n+                                    // has changed (indicating that the node\n+                                    // had been renamed, subsequently acquiring\n+                                    // a new definition) (JCR-1034)\n+                                    if (!nodeState.getDefinitionId().equals(\n+                                            overlayedState.getDefinitionId())) {\n+                                        // node has been renamed and as result\n+                                        // got redefined, add parent to dependencies\n+                                        dependentIDs.add(newParentId);\n+                                    }\n                                 }\n                             }\n                         }\n                     }\n+\n+                    // note that there's no need to check removed/added\n+                    // child node entries since those, being descendants, \n+                    // will automatically be included in the hierarchical\n+                    // scope of this save operation.\n+/*\n                     // removed child node entries\n                     for (Iterator cneIt =\n                             nodeState.getRemovedChildNodeEntries().iterator();\n@@ -1148,7 +1166,7 @@ public void save()\n                                 (NodeState.ChildNodeEntry) cneIt.next();\n                         dependentIDs.add(cne.getId());\n                     }\n-\n+  */\n                     // now walk through dependencies and check whether they\n                     // are within the scope of this save operation\n                     Iterator depIt = dependentIDs.iterator();", "@@ -635,6 +635,10 @@ protected void removeChildNode(QName nodeName, int index)\n     }\n \n     protected void onRedefine(NodeDefId defId) throws RepositoryException {\n+        if (defId.equals(((NodeState) state).getDefinitionId())) {\n+            // no change, ignore silently...\n+            return;\n+        }\n         NodeDefinitionImpl newDef =\n                 session.getNodeTypeManager().getNodeDefinition(defId);\n         // modify the state of 'this', i.e. the target node"], "edit": ["-                        NodeId oldParentId =", "-                                nodeState.getOverlayedState().getParentId();", "+                        NodeState overlayedState =", "+                                (NodeState) nodeState.getOverlayedState();", "+                        NodeId oldParentId = overlayedState.getParentId();", "-                                    // node has been moved, add old and new parent", "-                                    // to dependencies", "+                                    // node has been moved to a new location,", "+                                    // add old and new parent to dependencies", "+                                } else {", "+                                    // edge case: check whether definition id", "+                                    // has changed (indicating that the node", "+                                    // had been renamed, subsequently acquiring", "+                                    // a new definition) (JCR-1034)", "+                                    if (!nodeState.getDefinitionId().equals(", "+                                            overlayedState.getDefinitionId())) {", "+                                        // node has been renamed and as result", "+                                        // got redefined, add parent to dependencies", "+                                        dependentIDs.add(newParentId);", "+                                    }", "+", "+                    // note that there's no need to check removed/added", "+                    // child node entries since those, being descendants,", "+                    // will automatically be included in the hierarchical", "+                    // scope of this save operation.", "+/*", "-", "+  */", "+        if (defId.equals(((NodeState) state).getDefinitionId())) {", "+            // no change, ignore silently...", "+            return;", "+        }"], "url": ["https://api.github.com/repos/apache/jackrabbit/commits/1639e97ce34422e320bf51664ad01f3b95e2304f"]}