{"new_feature": "5684,5,115,970,30,0.64", "commitmessage": "Add missing license.\n\ngit-svn-id: https://svn.apache.org/repos/asf/struts/struts2/trunk@559086 13f79535-47bb-0310-9956-ffa450edef68", "patch": ["@@ -1,3 +1,23 @@\n+/*\r\n+ * $Id$\r\n+ *\r\n+ * Licensed to the Apache Software Foundation (ASF) under one\r\n+ * or more contributor license agreements.  See the NOTICE file\r\n+ * distributed with this work for additional information\r\n+ * regarding copyright ownership.  The ASF licenses this file\r\n+ * to you under the Apache License, Version 2.0 (the\r\n+ * \"License\"); you may not use this file except in compliance\r\n+ * with the License.  You may obtain a copy of the License at\r\n+ *\r\n+ *  http://www.apache.org/licenses/LICENSE-2.0\r\n+ *\r\n+ * Unless required by applicable law or agreed to in writing,\r\n+ * software distributed under the License is distributed on an\r\n+ * \"AS IS\" BASIS, WITHOUT WARRANTIES OR CONDITIONS OF ANY\r\n+ * KIND, either express or implied.  See the License for the\r\n+ * specific language governing permissions and limitations\r\n+ * under the License.\r\n+ */\r\n package org.apache.struts2.components;\r\n \r\n import java.io.IOException;\r"], "edit": ["+/*", "+ * $Id$", "+ *", "+ * Licensed to the Apache Software Foundation (ASF) under one", "+ * or more contributor license agreements.  See the NOTICE file", "+ * distributed with this work for additional information", "+ * regarding copyright ownership.  The ASF licenses this file", "+ * to you under the Apache License, Version 2.0 (the", "+ * \"License\"); you may not use this file except in compliance", "+ * with the License.  You may obtain a copy of the License at", "+ *", "+ *  http://www.apache.org/licenses/LICENSE-2.0", "+ *", "+ * Unless required by applicable law or agreed to in writing,", "+ * software distributed under the License is distributed on an", "+ * \"AS IS\" BASIS, WITHOUT WARRANTIES OR CONDITIONS OF ANY", "+ * KIND, either express or implied.  See the License for the", "+ * specific language governing permissions and limitations", "+ * under the License.", "+ */"], "url": ["https://api.github.com/repos/apache/struts/commits/170f5226ea9509dad3e92eb812ba4ac1203470f6"]}