{"new_feature": "21402,4,205,3844,30,0.86", "commitmessage": "Whitespace police\n\ngit-svn-id: https://svn.apache.org/repos/asf/tomcat/trunk@1518572 13f79535-47bb-0310-9956-ffa450edef68", "patch": ["@@ -236,7 +236,7 @@\n       <update>\n         <bug>55383</bug>: Improve the design and correct the HTML markup of\n         the documentation web application. Patches provided by Konstantin\n-        Prei\u00dfer. (markt) \n+        Prei\u00dfer. (markt)\n       </update>\n     </changelog>\n   </subsection>"], "edit": ["-        Prei\u00dfer. (markt)", "+        Prei\u00dfer. (markt)"], "url": ["https://api.github.com/repos/apache/tomcat/commits/171c5712f93b405df8d790df439d9373f3d46e96"]}