{"new_feature": "15206,20,149,587,30,0.37", "commitmessage": "Fixing a typo in JAXBElementProvider\n\ngit-svn-id: https://svn.apache.org/repos/asf/cxf/trunk@1550390 13f79535-47bb-0310-9956-ffa450edef68", "patch": ["@@ -294,7 +294,7 @@ public void writeTo(T obj, Class<?> cls, Type genericType, Annotation[] anns,\n                 marshal(actualObject, actualClass, genericType, encoding, os, m, anns);\n             }\n         } catch (JAXBException e) {\n-            handleJAXBException(e, true);\n+            handleJAXBException(e, false);\n         }  catch (WebApplicationException e) {\n             throw e;\n         } catch (Exception e) {"], "edit": ["-            handleJAXBException(e, true);", "+            handleJAXBException(e, false);"], "url": ["https://api.github.com/repos/apache/cxf/commits/185d7df330367537b7428c82369b6dd3e3ea59f6"]}