{"new_feature": "17351,43,336,2646,30,0.22", "commitmessage": "Merge pull request #1040 from WalkerWatch/issues/upgrading\n\nUpdates for upgrading guide.", "patch": ["@@ -24,14 +24,20 @@ https://wiki.debian.org/LSBInitScripts[LSB tags].\n \n You can safely replace Jetty 9.3's `jetty.sh` with 9.4's.\n \n-==== Modules No Longer Available\n+==== Module Changes in Jetty 9.4\n \n [cols=\"1,1\", options=\"header\"]\n |===\n | 9.3 Module | 9.4 Module\n-| logging    | console-capture\n+| `logging`    | `console-capture`\n+| `infinispan` | `session-store-infinispan-embedded` or `session-store-infinispan-remote`\n+| `jdbc-sessions` | `session-store-jdbc`\n+| `gcloud-memcached-sessions`, `gcloud-session-idmgr` and `gcloud-sessions` | `gcloud`, `gcloud-datastore` and `session-store-gcloud`\n+| `nosql` | `session-store-mongo`\n |===\n \n+===== Logging Modules\n+\n The module `logging` is no longer available in Jetty 9.4.\n \n The logging module structure present in Jetty 9.3 has been replaced with\n@@ -45,7 +51,7 @@ If you have a Jetty 9.3 installation, and you have both\n `$jetty.base/modules/logging.mod` and `$jetty.base/etc/jetty-logging.xml`,\n then this module is local to your `$jetty.base` setup and will be used\n by Jetty 9.4 as before.\n-No changes required on your part.\n+No changes are required for your implementation.\n \n If either `$jetty.base/modules/logging.mod` or `$jetty.base/etc/jetty-logging.xml`\n are missing, then you were relying on those present in `$jetty.home`,\n@@ -55,15 +61,15 @@ The Jetty 9.3 `logging` module has been renamed to `console-capture` in Jetty 9.\n You need to open your Jetty 9.3 `start.ini` and replace the references to the\n `logging` modules with `console-capture`.\n \n-For example:\n+For example, in an existing 9.3 `start.ini` file the module declaration for logging would look like this:\n \n .start.ini\n ----\n --module=logging\n jetty.logging.retainDays=7\n ----\n \n-should be replaced by:\n+In 9.4, it should be replaced by:\n \n .start.ini\n ----\n@@ -75,3 +81,15 @@ The properties that may be present in your Jetty 9.3's `start.ini`, such as\n `jetty.logging.retainDays` will still be working in Jetty 9.4, but a warning\n will be printed at Jetty 9.4 startup, saying to replace them with correspondent\n `jetty.console-capture.*` properties such as `jetty.console-capture.retainDays`.\n+\n+For information on logging modules in the Jetty 9.4 architecture please see the section on link:#configuring-logging-modules[configuring logging modules.]\n+\n+===== Session Management\n+\n+//TODO - More info.\n+\n+Session management received a significant overhaul in Jetty 9.4. Whereas in prior versions of Jetty uses needed to implement individual instances of both `SessionIdManager` and `SessionManager`, now one instance of both handles sessions for the server.\n+\n+As part of these changes, modules for individual technologies were re-named to make configuration more transparent.\n+\n+For more information, please refer to the documentation on link:#jetty-sessions-architecture[Jetty Session Architecture.]"], "edit": ["-==== Modules No Longer Available", "+==== Module Changes in Jetty 9.4", "-| logging    | console-capture", "+| `logging`    | `console-capture`", "+| `infinispan` | `session-store-infinispan-embedded` or `session-store-infinispan-remote`", "+| `jdbc-sessions` | `session-store-jdbc`", "+| `gcloud-memcached-sessions`, `gcloud-session-idmgr` and `gcloud-sessions` | `gcloud`, `gcloud-datastore` and `session-store-gcloud`", "+| `nosql` | `session-store-mongo`", "+===== Logging Modules", "+", "-No changes required on your part.", "+No changes are required for your implementation.", "-For example:", "+For example, in an existing 9.3 `start.ini` file the module declaration for logging would look like this:", "----", "--module=logging", "----", "-should be replaced by:", "+In 9.4, it should be replaced by:", "----", "+", "+For information on logging modules in the Jetty 9.4 architecture please see the section on link:#configuring-logging-modules[configuring logging modules.]", "+", "+===== Session Management", "+", "+//TODO - More info.", "+", "+Session management received a significant overhaul in Jetty 9.4. Whereas in prior versions of Jetty uses needed to implement individual instances of both `SessionIdManager` and `SessionManager`, now one instance of both handles sessions for the server.", "+", "+As part of these changes, modules for individual technologies were re-named to make configuration more transparent.", "+", "+For more information, please refer to the documentation on link:#jetty-sessions-architecture[Jetty Session Architecture.]"], "url": ["https://api.github.com/repos/eclipse/jetty.project/commits/1864b8f00b489ab17e4aac97a4611503431792ef"]}