{"new_feature": "5007,29,35,72,9,0.58", "commitmessage": "OPENJPA-1990: Skip calling back to DB2 when an exception is encountered.\n\ngit-svn-id: https://svn.apache.org/repos/asf/openjpa/branches/2.1.x@1140165 13f79535-47bb-0310-9956-ffa450edef68", "patch": ["@@ -92,6 +92,7 @@\n     protected int min = 0;\n     \n     private int defaultBatchLimit = 100;\n+    public boolean appendExtendedExceptionText = true;\n     \n     public DB2Dictionary() {\n         platform = \"DB2\";\n@@ -585,10 +586,10 @@ protected String getOptimizeClause(Select sel) {\n         return \"\";\n     }\n \n-    public OpenJPAException newStoreException(String msg, SQLException[] causes,\n-        Object failed) {\n-        if (causes != null && causes.length > 0)\n+    public OpenJPAException newStoreException(String msg, SQLException[] causes, Object failed) {\n+        if (appendExtendedExceptionText == true && causes != null && causes.length > 0) {\n             msg = appendExtendedExceptionMsg(msg, causes[0]);\n+        }\n         return super.newStoreException(msg, causes, failed);\n     }\n ", "@@ -3917,6 +3917,39 @@ the operation will fail.\n             </itemizedlist>\n         </section>\n         \n+        <section id=\"ref_guide_dbsetup_dbsupport_db2\">\n+            <title>\n+                DB2 Properties\n+            </title>\n+            <indexterm zone=\"ref_guide_dbsetup_dbsupport_db2\">\n+                <primary>\n+                    DB2\n+                </primary>\n+                <seealso>\n+                    DBDictionary\n+                </seealso>\n+            </indexterm>\n+            <para>\n+The <literal>db2</literal> dictionary understands the following additional\n+properties:\n+            </para>\n+            <itemizedlist>\n+                <listitem id=\"DB2Dictionary.AppendExtendedExceptionText\">\n+                    <para>\n+                    <indexterm>\n+                        <primary>\n+                            DB2\n+                        </primary>\n+                        <secondary>\n+                            AppendExtendedExceptionText\n+                        </secondary>\n+                    </indexterm>\n+<literal>AppendExtendedExceptionText</literal>: If false, OpenJPA will not call back to the database to \n+get extended exception text.\n+                    </para>\n+                </listitem>\n+            </itemizedlist>\n+        </section>        \n         <section id=\"ref_guide_dbsetup_dbsupport_delim_id\">\n         \t<title>\n         \t\tDelimited Identifiers Support"], "edit": ["+    public boolean appendExtendedExceptionText = true;", "-    public OpenJPAException newStoreException(String msg, SQLException[] causes,", "-        Object failed) {", "-        if (causes != null && causes.length > 0)", "+    public OpenJPAException newStoreException(String msg, SQLException[] causes, Object failed) {", "+        if (appendExtendedExceptionText == true && causes != null && causes.length > 0) {", "+        }", "+        <section id=\"ref_guide_dbsetup_dbsupport_db2\">", "+            <title>", "+                DB2 Properties", "+            </title>", "+            <indexterm zone=\"ref_guide_dbsetup_dbsupport_db2\">", "+                <primary>", "+                    DB2", "+                </primary>", "+                <seealso>", "+                    DBDictionary", "+                </seealso>", "+            </indexterm>", "+            <para>", "+The <literal>db2</literal> dictionary understands the following additional", "+properties:", "+            </para>", "+            <itemizedlist>", "+                <listitem id=\"DB2Dictionary.AppendExtendedExceptionText\">", "+                    <para>", "+                    <indexterm>", "+                        <primary>", "+                            DB2", "+                        </primary>", "+                        <secondary>", "+                            AppendExtendedExceptionText", "+                        </secondary>", "+                    </indexterm>", "+<literal>AppendExtendedExceptionText</literal>: If false, OpenJPA will not call back to the database to", "+get extended exception text.", "+                    </para>", "+                </listitem>", "+            </itemizedlist>", "+        </section>"], "url": ["https://api.github.com/repos/apache/openjpa/commits/18fe45f5c6f26f4a28c7da4e25f67ec5c562bf42"]}