{"new_feature": "150,3,9,92,10,0.20", "commitmessage": "Enable file length check", "patch": ["@@ -43,7 +43,7 @@\n \n     <!-- Checks for Size Violations.                    -->\n     <!-- See http://checkstyle.sf.net/config_sizes.html -->\n-    <!--<module name=\"FileLength\"/>-->\n+    <module name=\"FileLength\"/>\n \n     <!-- Checks for whitespace                               -->\n     <!-- See http://checkstyle.sf.net/config_whitespace.html -->"], "edit": ["-    <!--<module name=\"FileLength\"/>-->", "+    <module name=\"FileLength\"/>"], "url": ["https://api.github.com/repos/junrar/junrar/commits/1919c10af4d15265905ad42efa6c2fbb788f4f08"]}