{"new_feature": "1272,5,101,84,9,0.00", "commitmessage": "Fix incompatiblity with jQuery.noConflict()", "patch": ["@@ -271,7 +271,7 @@ public OnEscapeCloseAjaxBehavior(IJQueryAjaxAware source)\n \t\t@Override\n \t\tpublic String getCallbackFunction()\n \t\t{\n-\t\t\treturn \"function(event, ui) { if (event.keyCode == $.ui.keyCode.ESCAPE) { \" + this.getCallbackScript() + \" } }\";\n+\t\t\treturn \"function(event, ui) { if (event.keyCode == jQuery.ui.keyCode.ESCAPE) { \" + this.getCallbackScript() + \" } }\";\n \t\t}\n \n \t\t@Override"], "edit": ["-\t\t\treturn \"function(event, ui) { if (event.keyCode == $.ui.keyCode.ESCAPE) { \" + this.getCallbackScript() + \" } }\";", "+\t\t\treturn \"function(event, ui) { if (event.keyCode == jQuery.ui.keyCode.ESCAPE) { \" + this.getCallbackScript() + \" } }\";"], "url": ["https://api.github.com/repos/sebfz1/wicket-jquery-ui/commits/19d99212db79dd510181e7a9026d7c9b9378b055"]}