{"new_feature": "23078,272,321,9656,30,0.00", "commitmessage": "HADOOP-8438. hadoop-validate-setup.sh refers to examples jar file which doesn't exist. Contributed by Devaraj K.\n\nSubmitted by: Devaraj K\t\nReviewed by:\tUma Maheswara Rao G\n\n\ngit-svn-id: https://svn.apache.org/repos/asf/hadoop/common/trunk@1355211 13f79535-47bb-0310-9956-ffa450edef68", "patch": ["@@ -94,12 +94,12 @@ HADOOP_CMD=\"${HADOOP_PREFIX}/bin/hadoop --config $HADOOP_CONF_DIR\"\n HADOOP_EXAMPLES_JAR=''\n \n #find under HADOOP_PREFIX (tar ball install)\n-HADOOP_EXAMPLES_JAR=`find ${HADOOP_PREFIX} -name 'hadoop-examples-*.jar' | head -n1`\n+HADOOP_EXAMPLES_JAR=`find ${HADOOP_PREFIX} -name 'hadoop-mapreduce-examples-*.jar' | head -n1`\n \n #if its not found look under /usr/share/hadoop (rpm/deb installs)\n if [ \"$HADOOP_EXAMPLES_JAR\" == '' ]\n then\n-  HADOOP_EXAMPLES_JAR=`find /usr/share/hadoop -name 'hadoop-examples-*.jar' | head -n1`\n+  HADOOP_EXAMPLES_JAR=`find /usr/share/hadoop -name 'hadoop-mapreduce-examples-*.jar' | head -n1`\n fi\n \n #if it is still empty then dont run the tests"], "edit": ["-HADOOP_EXAMPLES_JAR=`find ${HADOOP_PREFIX} -name 'hadoop-examples-*.jar' | head -n1`", "+HADOOP_EXAMPLES_JAR=`find ${HADOOP_PREFIX} -name 'hadoop-mapreduce-examples-*.jar' | head -n1`", "-  HADOOP_EXAMPLES_JAR=`find /usr/share/hadoop -name 'hadoop-examples-*.jar' | head -n1`", "+  HADOOP_EXAMPLES_JAR=`find /usr/share/hadoop -name 'hadoop-mapreduce-examples-*.jar' | head -n1`"], "url": ["https://api.github.com/repos/apache/hadoop/commits/1a5978c561c12bf7d7fadb306025f03cf7ed6f33"]}