{"new_feature": "4028,6,274,5148,30,0.43", "commitmessage": "Rename NettyResponseFuture getKeepAlive into isKeepAlive", "patch": ["@@ -1286,7 +1286,7 @@ private String getPoolKey(NettyResponseFuture<?> future) throws MalformedURLExce\n     private void drainChannel(final ChannelHandlerContext ctx, final NettyResponseFuture<?> future) {\n         ctx.setAttachment(new AsyncCallable(future) {\n             public Object call() throws Exception {\n-                if (future.getKeepAlive() && ctx.getChannel().isReadable() && connectionsPool.offer(getPoolKey(future), ctx.getChannel())) {\n+                if (future.isKeepAlive() && ctx.getChannel().isReadable() && connectionsPool.offer(getPoolKey(future), ctx.getChannel())) {\n                     return null;\n                 }\n \n@@ -1473,16 +1473,16 @@ private void markAsDone(final NettyResponseFuture<?> future, final ChannelHandle\n             log.debug(t.getMessage(), t);\n         }\n \n-        if (!future.getKeepAlive() || !ctx.getChannel().isReadable()) {\n+        if (!future.isKeepAlive() || !ctx.getChannel().isReadable()) {\n             closeChannel(ctx);\n         }\n     }\n \n     private void finishUpdate(final NettyResponseFuture<?> future, final ChannelHandlerContext ctx, boolean lastValidChunk) throws IOException {\n-        if (lastValidChunk && future.getKeepAlive()) {\n+        if (lastValidChunk && future.isKeepAlive()) {\n             drainChannel(ctx, future);\n         } else {\n-            if (future.getKeepAlive() && ctx.getChannel().isReadable() && connectionsPool.offer(getPoolKey(future), ctx.getChannel())) {\n+            if (future.isKeepAlive() && ctx.getChannel().isReadable() && connectionsPool.offer(getPoolKey(future), ctx.getChannel())) {\n                 markAsDone(future, ctx);\n                 return;\n             }\n@@ -2032,7 +2032,7 @@ private boolean redirect(Request request,\n                             && config.isStrict302Handling())) {\n                         nBuilder.setMethod(\"GET\");\n                     }\n-                    final boolean initialConnectionKeepAlive = future.getKeepAlive();\n+                    final boolean initialConnectionKeepAlive = future.isKeepAlive();\n                     final String initialPoolKey = getPoolKey(future);\n                     future.setURI(uri);\n                     String newUrl = uri.toString();\n@@ -2183,7 +2183,7 @@ public Object call() throws Exception {\n                             }\n                         };\n \n-                        if (future.getKeepAlive() && response.isChunked()) {\n+                        if (future.isKeepAlive() && response.isChunked()) {\n                             // We must make sure there is no bytes left before executing the next request.\n                             ctx.setAttachment(ac);\n                         } else {\n@@ -2231,7 +2231,7 @@ public Object call() throws Exception {\n \n                         log.debug(\"Connected to {}:{}\", proxyServer.getHost(), proxyServer.getPort());\n \n-                        if (future.getKeepAlive()) {\n+                        if (future.isKeepAlive()) {\n                             future.attachChannel(ctx.getChannel(), true);\n                         }\n ", "@@ -358,7 +358,7 @@ protected final void setNettyRequest(HttpRequest nettyRequest) {\n         return asyncHandler;\n     }\n \n-    protected final boolean getKeepAlive() {\n+    protected final boolean isKeepAlive() {\n         return keepAlive;\n     }\n "], "edit": ["-                if (future.getKeepAlive() && ctx.getChannel().isReadable() && connectionsPool.offer(getPoolKey(future), ctx.getChannel())) {", "+                if (future.isKeepAlive() && ctx.getChannel().isReadable() && connectionsPool.offer(getPoolKey(future), ctx.getChannel())) {", "-        if (!future.getKeepAlive() || !ctx.getChannel().isReadable()) {", "+        if (!future.isKeepAlive() || !ctx.getChannel().isReadable()) {", "-        if (lastValidChunk && future.getKeepAlive()) {", "+        if (lastValidChunk && future.isKeepAlive()) {", "-            if (future.getKeepAlive() && ctx.getChannel().isReadable() && connectionsPool.offer(getPoolKey(future), ctx.getChannel())) {", "+            if (future.isKeepAlive() && ctx.getChannel().isReadable() && connectionsPool.offer(getPoolKey(future), ctx.getChannel())) {", "-                    final boolean initialConnectionKeepAlive = future.getKeepAlive();", "+                    final boolean initialConnectionKeepAlive = future.isKeepAlive();", "-                        if (future.getKeepAlive() && response.isChunked()) {", "+                        if (future.isKeepAlive() && response.isChunked()) {", "-                        if (future.getKeepAlive()) {", "+                        if (future.isKeepAlive()) {", "-    protected final boolean getKeepAlive() {", "+    protected final boolean isKeepAlive() {"], "url": ["https://api.github.com/repos/AsyncHttpClient/async-http-client/commits/1a9f167e6c7d6ce6e1a78f85ce9af4cac1cc5893"]}