{"new_feature": "21402,4,205,3844,30,0.86", "commitmessage": "Misc Eclipse and FindBugs warnings\n\ngit-svn-id: https://svn.apache.org/repos/asf/tomcat/trunk@998168 13f79535-47bb-0310-9956-ffa450edef68", "patch": ["@@ -534,7 +534,8 @@ public void actionInternal(ActionCode actionCode, Object param) {\n                         request.setAttribute(AbstractEndpoint.CERTIFICATE_KEY, certs);\n                     }\n                     // User key size\n-                    sslO = new Integer(SSLSocket.getInfoI(socket, SSL.SSL_INFO_CIPHER_USEKEYSIZE));\n+                    sslO = Integer.valueOf(SSLSocket.getInfoI(socket,\n+                            SSL.SSL_INFO_CIPHER_USEKEYSIZE));\n                     request.setAttribute(AbstractEndpoint.KEY_SIZE_KEY, sslO);\n \n                     // SSL session ID", "@@ -378,7 +378,6 @@ private void expand(int newsize) {\n             byte[] tmp = new byte[newsize];\n             System.arraycopy(buf,0,tmp,0,buf.length);\n             buf = tmp;\n-            tmp = null;\n         }\n     }\n     ", "@@ -44,9 +44,6 @@\n \n \n     // ----------------------------------------------------------- Constructors\n-    int bbufLimit = 0;\n-    \n-    \n     /**\n      * Default constructor.\n      */\n@@ -65,13 +62,6 @@ public InternalNioOutputBuffer(Response response, int headerBufferSize) {\n \n         buf = new byte[headerBufferSize];\n         \n-        if (headerBufferSize < (8 * 1024)) {\n-            bbufLimit = 6 * 1500;    \n-        } else {\n-            bbufLimit = (headerBufferSize / 1500 + 1) * 1500;\n-        }\n-        //bbuf = ByteBuffer.allocateDirect(bbufLimit);\n-\n         outputStreamOutputBuffer = new SocketOutputBuffer();\n \n         filterLibrary = new OutputFilter[0];"], "edit": ["-                    sslO = new Integer(SSLSocket.getInfoI(socket, SSL.SSL_INFO_CIPHER_USEKEYSIZE));", "+                    sslO = Integer.valueOf(SSLSocket.getInfoI(socket,", "+                            SSL.SSL_INFO_CIPHER_USEKEYSIZE));", "-            tmp = null;", "-    int bbufLimit = 0;", "-", "-", "-        if (headerBufferSize < (8 * 1024)) {", "-            bbufLimit = 6 * 1500;", "-        } else {", "-            bbufLimit = (headerBufferSize / 1500 + 1) * 1500;", "-        }", "-        //bbuf = ByteBuffer.allocateDirect(bbufLimit);", "-"], "url": ["https://api.github.com/repos/apache/tomcat/commits/1aed38ebafac218bb259867355c290b5981331ef"]}