{"new_feature": "28824,27,0,14015,30,0.07", "commitmessage": "Merge pull request #3390 from MarkEWaite/fix-not-responding-log-message\n\nExpand contraction in message", "patch": ["@@ -26,7 +26,7 @@ DiskSpaceMonitor.MarkedOffline=Making {0} offline temporarily due to the lack of\n DiskSpaceMonitor.MarkedOnline=Putting {0} back online as there is enough disk space again\n DiskSpaceMonitor.DisplayName=Free Disk Space\n ResponseTimeMonitor.DisplayName=Response Time\n-ResponseTimeMonitor.MarkedOffline=Making {0} offline because it\\u2019s not responding\n+ResponseTimeMonitor.MarkedOffline=Making {0} offline because it is not responding\n ResponseTimeMonitor.TimeOut=Timed out for last {0} attempts\n SwapSpaceMonitor.DisplayName=Free Swap Space\n TemporarySpaceMonitor.DisplayName=Free Temp Space", "@@ -33,7 +33,7 @@ ResponseTimeMonitor.DisplayName=Tempo de resposta\n DiskSpaceMonitor.MarkedOffline=Temporariamente indispon\\u00edvel por falta de espa\\u00e7o em disco\n # Free Swap Space\n SwapSpaceMonitor.DisplayName=Espa\\u00e7o de swap livre\n-# Making {0} offline temporarily because it''s not responding\n+# Making {0} offline temporarily because it is not responding\n ResponseTimeMonitor.MarkedOffline= Indispon\\u00edvel temporariamente por que n\\u00e3o est\\u00e1 respondendo\n # Not yet\n AbstractNodeMonitorDescriptor.NoDataYet=Nada ainda"], "edit": ["-ResponseTimeMonitor.MarkedOffline=Making {0} offline because it\\u2019s not responding", "+ResponseTimeMonitor.MarkedOffline=Making {0} offline because it is not responding", "-# Making {0} offline temporarily because it''s not responding", "+# Making {0} offline temporarily because it is not responding"], "url": ["https://api.github.com/repos/jenkinsci/jenkins/commits/1bd19d6e37701ea44547a8594cc7f247a30754f7"]}