{"new_feature": "5684,5,115,970,30,0.64", "commitmessage": "Streamline code to not execute code when an attribute is not null\nWW-1959\n\ngit-svn-id: https://svn.apache.org/repos/asf/struts/struts2/trunk@556503 13f79535-47bb-0310-9956-ffa450edef68", "patch": ["@@ -63,24 +63,26 @@ public Object getAttribute(String s) {\n         ActionContext ctx = ActionContext.getContext();\n         Object attribute = super.getAttribute(s);\n \n-        boolean alreadyIn = false;\n-        Boolean b = (Boolean) ctx.get(\"__requestWrapper.getAttribute\");\n-        if (b != null) {\n-            alreadyIn = b.booleanValue();\n-        }\n+        if (attribute == null) {\n+            boolean alreadyIn = false;\n+            Boolean b = (Boolean) ctx.get(\"__requestWrapper.getAttribute\");\n+            if (b != null) {\n+                alreadyIn = b.booleanValue();\n+            }\n \n-        // note: we don't let # come through or else a request for\n-        // #attr.foo or #request.foo could cause an endless loop\n-        if (!alreadyIn && attribute == null && s.indexOf(\"#\") == -1) {\n-            try {\n-                // If not found, then try the ValueStack\n-                ctx.put(\"__requestWrapper.getAttribute\", Boolean.TRUE);\n-                ValueStack stack = ctx.getValueStack();\n-                if (stack != null) {\n-                    attribute = stack.findValue(s);\n+            // note: we don't let # come through or else a request for\n+            // #attr.foo or #request.foo could cause an endless loop\n+            if (!alreadyIn && s.indexOf(\"#\") == -1) {\n+                try {\n+                    // If not found, then try the ValueStack\n+                    ctx.put(\"__requestWrapper.getAttribute\", Boolean.TRUE);\n+                    ValueStack stack = ctx.getValueStack();\n+                    if (stack != null) {\n+                        attribute = stack.findValue(s);\n+                    }\n+                } finally {\n+                    ctx.put(\"__requestWrapper.getAttribute\", Boolean.FALSE);\n                 }\n-            } finally {\n-                ctx.put(\"__requestWrapper.getAttribute\", Boolean.FALSE);\n             }\n         }\n         return attribute;"], "edit": ["-        boolean alreadyIn = false;", "-        Boolean b = (Boolean) ctx.get(\"__requestWrapper.getAttribute\");", "-        if (b != null) {", "-            alreadyIn = b.booleanValue();", "-        }", "+        if (attribute == null) {", "+            boolean alreadyIn = false;", "+            Boolean b = (Boolean) ctx.get(\"__requestWrapper.getAttribute\");", "+            if (b != null) {", "+                alreadyIn = b.booleanValue();", "+            }", "-        // note: we don't let # come through or else a request for", "-        // #attr.foo or #request.foo could cause an endless loop", "-        if (!alreadyIn && attribute == null && s.indexOf(\"#\") == -1) {", "-            try {", "-                // If not found, then try the ValueStack", "-                ctx.put(\"__requestWrapper.getAttribute\", Boolean.TRUE);", "-                ValueStack stack = ctx.getValueStack();", "-                if (stack != null) {", "-                    attribute = stack.findValue(s);", "+            // note: we don't let # come through or else a request for", "+            // #attr.foo or #request.foo could cause an endless loop", "+            if (!alreadyIn && s.indexOf(\"#\") == -1) {", "+                try {", "+                    // If not found, then try the ValueStack", "+                    ctx.put(\"__requestWrapper.getAttribute\", Boolean.TRUE);", "+                    ValueStack stack = ctx.getValueStack();", "+                    if (stack != null) {", "+                        attribute = stack.findValue(s);", "+                    }", "+                } finally {", "+                    ctx.put(\"__requestWrapper.getAttribute\", Boolean.FALSE);", "-            } finally {", "-                ctx.put(\"__requestWrapper.getAttribute\", Boolean.FALSE);"], "url": ["https://api.github.com/repos/apache/struts/commits/1cec0e823ee53ca5e61606d059a7f1950c0aa7a5"]}