{"new_feature": "10276,15,64,1575,30,0.22", "commitmessage": "Enabled fanout test.\n\ngit-svn-id: https://svn.apache.org/repos/asf/incubator/activemq/trunk@379720 13f79535-47bb-0310-9956-ffa450edef68", "patch": ["@@ -341,8 +341,6 @@\n                 \n                 <!-- http://jira.activemq.org/jira/browse/AMQ-522 -->\n                 <exclude>**/ProxyConnectorTest.*</exclude>\n-                <!-- http://jira.activemq.org/jira/browse/AMQ-560 -->\n-                <exclude>**/FanoutTransportBrokerTest.*</exclude>\n             </excludes>\n         </unitTest>\n         <resources>"], "edit": ["-                <!-- http://jira.activemq.org/jira/browse/AMQ-560 -->", "-                <exclude>**/FanoutTransportBrokerTest.*</exclude>"], "url": ["https://api.github.com/repos/apache/activemq/commits/1d61be6ce2b9906a95e6742686ec8606387f182f"]}