{"new_feature": "184,3,0,87,8,0.54", "commitmessage": "Testing the comparison, and this works", "patch": ["@@ -472,4 +472,13 @@ Script1\\$_run_closure1.message\n             x ==~ /bla/\n         \"\"\")\n     }\n+\n+    void testNumericComparison() {\n+        assertIntercept(\n+        [\n+            'Integer.compareTo(Integer)'\n+        ],true,\"\"\"\n+            5 < 8;\n+        \"\"\")\n+    }\n }"], "edit": ["+", "+    void testNumericComparison() {", "+        assertIntercept(", "+        [", "+            'Integer.compareTo(Integer)'", "+        ],true,\"\"\"", "+            5 < 8;", "+        \"\"\")", "+    }"], "url": ["https://api.github.com/repos/jenkinsci/groovy-sandbox/commits/1e3d26757cbe04136c913f7574398c49a75743e1"]}