{"new_feature": "39907,34,149,2892,30,0.12", "commitmessage": "CAMEL-4012 updated the servicemix spec version to 1.8.0\n\ngit-svn-id: https://svn.apache.org/repos/asf/camel/trunk@1127410 13f79535-47bb-0310-9956-ffa450edef68", "patch": ["@@ -128,7 +128,7 @@\n     <saxon-version>9.1.0.8</saxon-version>\n     <scala-version>2.8.1</scala-version>\n     <scala-plugin-version>2.15.0</scala-plugin-version>\n-    <servicemix-specs-version>1.7.0</servicemix-specs-version>\n+    <servicemix-specs-version>1.8.0</servicemix-specs-version>\n     <shiro-bundle-version>1.1.0_1</shiro-bundle-version>\n     <slf4j-version>1.6.1</slf4j-version>\n     <smack-version>3.1.0</smack-version>"], "edit": ["-    <servicemix-specs-version>1.7.0</servicemix-specs-version>", "+    <servicemix-specs-version>1.8.0</servicemix-specs-version>"], "url": ["https://api.github.com/repos/apache/camel/commits/1eb7cc277c6aca9aaaa41f102bcc71f754300ec6"]}