{"new_feature": "4550,35,53,883,30,0.27", "commitmessage": "fix conflict", "patch": ["@@ -281,6 +281,10 @@\n           <groupId>joda-time</groupId>\n           <artifactId>joda-time</artifactId>\n         </exclusion>\n+        <exclusion>\n+          <groupId>org.codehaus.woodstox</groupId>\n+          <artifactId>stax2-api</artifactId>\n+        </exclusion>\n       </exclusions>\n     </dependency>\n     <dependency>"], "edit": ["+        <exclusion>", "+          <groupId>org.codehaus.woodstox</groupId>", "+          <artifactId>stax2-api</artifactId>", "+        </exclusion>"], "url": ["https://api.github.com/repos/apache/tika/commits/1f8f576f96d846d824ad4f8de013425b34d836dc"]}