{"new_feature": "536,2,0,59,30,0.11", "commitmessage": "[maven-release-plugin] rollback the release of jenkins-multijob-plugin-1.32", "patch": ["@@ -10,7 +10,7 @@\n \t\t<version>2.1.0</version> <relativePath>../pom.xml</relativePath> </parent -->\n \n \t<artifactId>jenkins-multijob-plugin</artifactId>\n-\t<version>1.33-SNAPSHOT</version>\n+\t<version>1.32-SNAPSHOT</version>\n \t<name>Jenkins Multijob plugin</name>\n \t<description>Enabling full hierarchy of Jenkins jobs</description>\n \t<url>http://wiki.jenkins-ci.org/display/JENKINS/Multijob+Plugin</url>"], "edit": ["-\t<version>1.33-SNAPSHOT</version>", "+\t<version>1.32-SNAPSHOT</version>"], "url": ["https://api.github.com/repos/jenkinsci/tikal-multijob-plugin/commits/207e5c81397a8fc7c51ddabe425ca3f54ee4e1b7"]}