{"new_feature": "19765,14,163,32708,30,0.14", "commitmessage": "Polish Javadoc for resource-based MessageSources", "patch": ["@@ -48,7 +48,7 @@\n \t * Set a single basename, following the basic ResourceBundle convention\n \t * of not specifying file extension or language codes. The resource location\n \t * format is up to the specific {@code MessageSource} implementation.\n-\t * <p>Regular and XMl properties files are supported: .g. \"messages\" will find\n+\t * <p>Regular and XMl properties files are supported: e.g. \"messages\" will find\n \t * a \"messages.properties\", \"messages_en.properties\" etc arrangement as well\n \t * as \"messages.xml\", \"messages_en.xml\" etc.\n \t * @param basename the single basename\n@@ -64,7 +64,7 @@ public void setBasename(String basename) {\n \t * Set an array of basenames, each following the basic ResourceBundle convention\n \t * of not specifying file extension or language codes. The resource location\n \t * format is up to the specific {@code MessageSource} implementation.\n-\t * <p>Regular and XMl properties files are supported: .g. \"messages\" will find\n+\t * <p>Regular and XMl properties files are supported: e.g. \"messages\" will find\n \t * a \"messages.properties\", \"messages_en.properties\" etc arrangement as well\n \t * as \"messages.xml\", \"messages_en.xml\" etc.\n \t * <p>The associated resource bundles will be checked sequentially when resolving\n@@ -138,7 +138,7 @@ protected String getDefaultEncoding() {\n \t * <p>Falling back to the system Locale is the default behavior of\n \t * {@code java.util.ResourceBundle}. However, this is often not desirable\n \t * in an application server environment, where the system Locale is not relevant\n-\t * to the application at all: Set this flag to \"false\" in such a scenario.\n+\t * to the application at all: set this flag to \"false\" in such a scenario.\n \t */\n \tpublic void setFallbackToSystemLocale(boolean fallbackToSystemLocale) {\n \t\tthis.fallbackToSystemLocale = fallbackToSystemLocale;", "@@ -57,14 +57,14 @@\n  * prefix, resources can still be loaded from the classpath, but \"cacheSeconds\" values\n  * other than \"-1\" (caching forever) might not work reliably in this case.\n  *\n- * <p>For a typical web application, message files could be placed into {@code WEB-INF}:\n- * e.g. a \"WEB-INF/messages\" basename would fine a \"WEB-INF/messages.properties\",\n+ * <p>For a typical web application, message files could be placed in {@code WEB-INF}:\n+ * e.g. a \"WEB-INF/messages\" basename would find a \"WEB-INF/messages.properties\",\n  * \"WEB-INF/messages_en.properties\" etc arrangement as well as \"WEB-INF/messages.xml\",\n  * \"WEB-INF/messages_en.xml\" etc. Note that message definitions in a <i>previous</i>\n  * resource bundle will override ones in a later bundle, due to sequential lookup.\n \n  * <p>This MessageSource can easily be used outside of an\n- * {@link org.springframework.context.ApplicationContext}: It will use a\n+ * {@link org.springframework.context.ApplicationContext}: it will use a\n  * {@link org.springframework.core.io.DefaultResourceLoader} as default,\n  * simply getting overridden with the ApplicationContext's resource loader\n  * if running in a context. It does not have any other specific dependencies.\n@@ -117,7 +117,7 @@\n \t * <p>Only applies to classic properties files, not to XML files.\n \t * @param fileEncodings Properties with filenames as keys and charset\n \t * names as values. Filenames have to match the basename syntax,\n-\t * with optional locale-specific appendices: e.g. \"WEB-INF/messages\"\n+\t * with optional locale-specific components: e.g. \"WEB-INF/messages\"\n \t * or \"WEB-INF/messages_en\".\n \t * @see #setBasenames\n \t * @see org.springframework.util.PropertiesPersister#load\n@@ -131,7 +131,7 @@ public void setFileEncodings(Properties fileEncodings) {\n \t * locked in a refresh attempt for a specific cached properties file whereas\n \t * other threads keep returning the old properties for the time being, until\n \t * the refresh attempt has completed.\n-\t * <p>Default is \"true\": This behavior is new as of Spring Framework 4.1,\n+\t * <p>Default is \"true\": this behavior is new as of Spring Framework 4.1,\n \t * minimizing contention between threads. If you prefer the old behavior,\n \t * i.e. to fully block on refresh, switch this flag to \"false\".\n \t * @since 4.1"], "edit": ["-\t * <p>Regular and XMl properties files are supported: .g. \"messages\" will find", "+\t * <p>Regular and XMl properties files are supported: e.g. \"messages\" will find", "-\t * <p>Regular and XMl properties files are supported: .g. \"messages\" will find", "+\t * <p>Regular and XMl properties files are supported: e.g. \"messages\" will find", "-\t * to the application at all: Set this flag to \"false\" in such a scenario.", "+\t * to the application at all: set this flag to \"false\" in such a scenario.", "- * <p>For a typical web application, message files could be placed into {@code WEB-INF}:", "- * e.g. a \"WEB-INF/messages\" basename would fine a \"WEB-INF/messages.properties\",", "+ * <p>For a typical web application, message files could be placed in {@code WEB-INF}:", "+ * e.g. a \"WEB-INF/messages\" basename would find a \"WEB-INF/messages.properties\",", "- * {@link org.springframework.context.ApplicationContext}: It will use a", "+ * {@link org.springframework.context.ApplicationContext}: it will use a", "-\t * with optional locale-specific appendices: e.g. \"WEB-INF/messages\"", "+\t * with optional locale-specific components: e.g. \"WEB-INF/messages\"", "-\t * <p>Default is \"true\": This behavior is new as of Spring Framework 4.1,", "+\t * <p>Default is \"true\": this behavior is new as of Spring Framework 4.1,"], "url": ["https://api.github.com/repos/spring-projects/spring-framework/commits/26edc674ed7eeab67bc25df764979ee552fb4689"]}