{"new_feature": "21402,4,205,3844,30,0.86", "commitmessage": "Fix a find bugs warning about String comparison\n\ngit-svn-id: https://svn.apache.org/repos/asf/tomcat/trunk@1550743 13f79535-47bb-0310-9956-ffa450edef68", "patch": ["@@ -177,7 +177,7 @@ public void setContextClass(String contextClass) {\n         String oldContextClass = this.contextClass;\n         this.contextClass = contextClass;\n \n-        if (oldContextClass != contextClass) {\n+        if (!oldContextClass.equals(contextClass)) {\n             synchronized (digesterLock) {\n                 digester = createDigester(getContextClass());\n             }"], "edit": ["-        if (oldContextClass != contextClass) {", "+        if (!oldContextClass.equals(contextClass)) {"], "url": ["https://api.github.com/repos/apache/tomcat/commits/288738a25d3b24ee4d1f6dd03ac393c09f0253c0"]}