{"new_feature": "1261,1,0,7411,30,0.03", "commitmessage": "Replaced the if-test with a return test.", "patch": ["@@ -162,9 +162,7 @@ public boolean equals(Object o) {\n         \n         Attributes that = (Attributes) o;\n         \n-        if (attributes != null ? !attributes.equals(that.attributes) : that.attributes != null) return false;\n-        \n-        return true;\n+        return !(attributes != null ? !attributes.equals(that.attributes) : that.attributes != null);\n     }\n     \n     @Override"], "edit": ["-        if (attributes != null ? !attributes.equals(that.attributes) : that.attributes != null) return false;", "-", "-        return true;", "+        return !(attributes != null ? !attributes.equals(that.attributes) : that.attributes != null);"], "url": ["https://api.github.com/repos/jhy/jsoup/commits/288b76eaf6c31bce34dd8afe180623051b91e338"]}