{"new_feature": "9910,22,88,841,12,0.38", "commitmessage": "#62831 Fix WorkbookFactory.create with a subclass of File, eg from JFileChooser\n\ngit-svn-id: https://svn.apache.org/repos/asf/poi/trunk@1844116 13f79535-47bb-0310-9956-ffa450edef68", "patch": ["@@ -296,6 +296,11 @@ private static Workbook createXSSFWorkbook(Object... args) throws IOException, E\n         return createWorkbook(\"org.apache.poi.xssf.usermodel.XSSFWorkbookFactory\", args);\n     }\n \n+    /**\n+     * Does the actual call to HSSF or XSSF to do the creation.\n+     * Uses reflection, so that this class can be in the Core non-OOXML\n+     *  POI jar without errors / broken references to the OOXML / XSSF code.\n+     */\n     private static Workbook createWorkbook(String factoryClass, Object args[]) throws IOException, EncryptedDocumentException {\n         try {\n             Class<?> clazz = WorkbookFactory.class.getClassLoader().loadClass(factoryClass);\n@@ -307,6 +312,8 @@ private static Workbook createWorkbook(String factoryClass, Object args[]) throw\n                     c = boolean.class;\n                 } else if (InputStream.class.isAssignableFrom(c)) {\n                     c = InputStream.class;\n+                } else if (File.class.isAssignableFrom(c)) {\n+                    c = File.class;\n                 }\n                 argsClz[i++] = c;\n             }", "@@ -17,29 +17,32 @@ Licensed to the Apache Software Foundation (ASF) under one or more\n \n package org.apache.poi.ss;\n \n-import static org.junit.Assert.*;\n+import static org.junit.Assert.assertArrayEquals;\n+import static org.junit.Assert.assertFalse;\n+import static org.junit.Assert.assertNotNull;\n+import static org.junit.Assert.assertTrue;\n+import static org.junit.Assert.fail;\n \n import java.io.ByteArrayInputStream;\n import java.io.File;\n+import java.io.FileNotFoundException;\n import java.io.IOException;\n import java.io.InputStream;\n-import java.io.FileNotFoundException;\n \n import org.apache.poi.EmptyFileException;\n import org.apache.poi.EncryptedDocumentException;\n-import org.apache.poi.hssf.usermodel.HSSFWorkbook;\n import org.apache.poi.hssf.HSSFTestDataSamples;\n+import org.apache.poi.hssf.usermodel.HSSFWorkbook;\n+import org.apache.poi.openxml4j.opc.OPCPackage;\n+import org.apache.poi.openxml4j.opc.PackageAccess;\n import org.apache.poi.poifs.filesystem.POIFSFileSystem;\n import org.apache.poi.ss.usermodel.Workbook;\n import org.apache.poi.ss.usermodel.WorkbookFactory;\n import org.apache.poi.util.POILogFactory;\n import org.apache.poi.util.POILogger;\n import org.apache.poi.util.TempFile;\n import org.apache.poi.xssf.usermodel.XSSFWorkbook;\n-import org.apache.poi.openxml4j.opc.OPCPackage;\n-import org.apache.poi.openxml4j.opc.PackageAccess;\n import org.apache.poi.xssf.usermodel.XSSFWorkbookFactory;\n-import org.junit.Ignore;\n import org.junit.Test;\n \n public final class TestWorkbookFactory {\n@@ -393,7 +396,6 @@ public void testNonExistingFile() throws Exception {\n      *  to work for sub-classes of File too, eg JFileChooser\n      */\n     @Test\n-    @Ignore\n     public void testFileSubclass() throws Exception {\n         Workbook wb;\n         "], "edit": ["+    /**", "+     * Does the actual call to HSSF or XSSF to do the creation.", "+     * Uses reflection, so that this class can be in the Core non-OOXML", "+     *  POI jar without errors / broken references to the OOXML / XSSF code.", "+     */", "+                } else if (File.class.isAssignableFrom(c)) {", "+                    c = File.class;", "-import static org.junit.Assert.*;", "+import static org.junit.Assert.assertArrayEquals;", "+import static org.junit.Assert.assertFalse;", "+import static org.junit.Assert.assertNotNull;", "+import static org.junit.Assert.assertTrue;", "+import static org.junit.Assert.fail;", "+import java.io.FileNotFoundException;", "-import java.io.FileNotFoundException;", "-import org.apache.poi.hssf.usermodel.HSSFWorkbook;", "+import org.apache.poi.hssf.usermodel.HSSFWorkbook;", "+import org.apache.poi.openxml4j.opc.OPCPackage;", "+import org.apache.poi.openxml4j.opc.PackageAccess;", "-import org.apache.poi.openxml4j.opc.OPCPackage;", "-import org.apache.poi.openxml4j.opc.PackageAccess;", "-import org.junit.Ignore;", "-    @Ignore"], "url": ["https://api.github.com/repos/apache/poi/commits/290e9c40873bb8cfa10c456524e39ea542731a0c"]}