{"new_feature": "7850,24,81,442,30,0.05", "commitmessage": "[KARAF-2516]log:tail | grep foo - throws interrupted exception when using ctrl + c\n\ngit-svn-id: https://svn.apache.org/repos/asf/karaf/trunk@1531784 13f79535-47bb-0310-9956-ffa450edef68", "patch": ["@@ -180,6 +180,8 @@ public void run() {\n             } catch (InterruptedIOException e) {\n                 //System.err.println(\"^C\");\n                 // TODO: interrupt current thread\n+            } catch (InterruptedException e) {\n+                //interrupt current thread\n             } catch (CloseShellException e) {\n                 break;\n             } catch (Throwable t) {"], "edit": ["+            } catch (InterruptedException e) {", "+                //interrupt current thread"], "url": ["https://api.github.com/repos/apache/karaf/commits/2999af5877cdf34334e7f4b658c052d7647df1d8"]}