{"new_feature": "5684,5,115,970,30,0.08", "commitmessage": "WW-1399 Rename iBATIS statement test suite.\n\ngit-svn-id: https://svn.apache.org/repos/asf/struts/struts2/trunk@426992 13f79535-47bb-0310-9956-ffa450edef68", "patch": ["@@ -6,7 +6,7 @@\n  * @author Ted Husted\r\n  * @version $Revision: 1.0 $ $Date: Jul 29, 2006 5:34:31 PM $\r\n  */\r\n-public class MailreaderTest extends BaseSqlMapTest {\r\n+public class SqlMapTest extends BaseSqlMapTest {\r\n \r\n     // DEFAULTS FROM SAMPLE SCRIPT\r\n \r"], "edit": ["-public class MailreaderTest extends BaseSqlMapTest {", "+public class SqlMapTest extends BaseSqlMapTest {"], "url": ["https://api.github.com/repos/apache/struts/commits/2b584b92309485ae1c47624ecd8df052eea0500a"]}