{"new_feature": "5658,20,124,2231,30,0.96", "commitmessage": "Added method on #1456 test to show that generic type resolution works when resolved through enclosing class", "patch": ["@@ -1,6 +1,5 @@\n package com.fasterxml.jackson.databind.deser.builder;\n \n-import com.fasterxml.jackson.core.JsonProcessingException;\n import com.fasterxml.jackson.databind.*;\n import com.fasterxml.jackson.databind.annotation.JsonDeserialize;\n import com.fasterxml.jackson.databind.exc.InvalidDefinitionException;", "@@ -1,16 +1,15 @@\n package com.fasterxml.jackson.failing;\n \n-\n-import com.fasterxml.jackson.databind.JavaType;\n-import com.fasterxml.jackson.databind.ObjectMapper;\n-import org.junit.Test;\n-\n import java.lang.reflect.Method;\n import java.lang.reflect.Type;\n \n-import static org.junit.Assert.assertEquals;\n+import com.fasterxml.jackson.databind.*;\n+import com.fasterxml.jackson.databind.introspect.AnnotatedClass;\n+import com.fasterxml.jackson.databind.introspect.AnnotatedMethod;\n+import com.fasterxml.jackson.databind.introspect.AnnotatedParameter;\n \n-public class GenericParameterTypeFactory1456Test {\n+public class GenericParameterTypeFactory1456Test extends BaseMapTest\n+{\n     public static class BaseController<Entity extends BaseEntity> {\n         public void process(Entity entity) {}\n     }\n@@ -21,12 +20,26 @@ public void process(Entity entity) {}\n \n     public static class ImplEntity extends BaseEntity {}\n \n-    @Test\n-    public void testGenericParameterHierarchy() throws NoSuchMethodException {\n+    private final ObjectMapper MAPPER = new ObjectMapper();\n+    \n+    public void testGenericParameterDirect() throws Exception\n+    {\n         Method proceed = BaseController.class.getMethod(\"process\", BaseEntity.class);\n         Type entityType = proceed.getGenericParameterTypes()[0];\n \n-        JavaType resolvedType = new ObjectMapper().getTypeFactory().constructType(entityType, ImplController.class);\n+        JavaType resolvedType = MAPPER.getTypeFactory().constructType(entityType, ImplController.class);\n         assertEquals(ImplEntity.class, resolvedType.getRawClass());\n     }\n+\n+    public void testGenericParameterViaClass() throws Exception\n+    {\n+        BeanDescription desc = MAPPER.getDeserializationConfig().introspect(\n+                MAPPER.constructType(ImplController.class));\n+        AnnotatedClass ac = desc.getClassInfo();\n+        AnnotatedMethod m = ac.findMethod(\"process\", new Class<?>[] { BaseEntity.class });\n+        assertNotNull(m);\n+        assertEquals(1, m.getParameterCount());\n+        AnnotatedParameter param = m.getParameter(0);\n+        assertEquals(ImplEntity.class, param.getType().getRawClass());\n+    }\n }"], "edit": ["-import com.fasterxml.jackson.core.JsonProcessingException;", "-", "-import com.fasterxml.jackson.databind.JavaType;", "-import com.fasterxml.jackson.databind.ObjectMapper;", "-import org.junit.Test;", "-", "-import static org.junit.Assert.assertEquals;", "+import com.fasterxml.jackson.databind.*;", "+import com.fasterxml.jackson.databind.introspect.AnnotatedClass;", "+import com.fasterxml.jackson.databind.introspect.AnnotatedMethod;", "+import com.fasterxml.jackson.databind.introspect.AnnotatedParameter;", "-public class GenericParameterTypeFactory1456Test {", "+public class GenericParameterTypeFactory1456Test extends BaseMapTest", "+{", "-    @Test", "-    public void testGenericParameterHierarchy() throws NoSuchMethodException {", "+    private final ObjectMapper MAPPER = new ObjectMapper();", "+", "+    public void testGenericParameterDirect() throws Exception", "+    {", "-        JavaType resolvedType = new ObjectMapper().getTypeFactory().constructType(entityType, ImplController.class);", "+        JavaType resolvedType = MAPPER.getTypeFactory().constructType(entityType, ImplController.class);", "+", "+    public void testGenericParameterViaClass() throws Exception", "+    {", "+        BeanDescription desc = MAPPER.getDeserializationConfig().introspect(", "+                MAPPER.constructType(ImplController.class));", "+        AnnotatedClass ac = desc.getClassInfo();", "+        AnnotatedMethod m = ac.findMethod(\"process\", new Class<?>[] { BaseEntity.class });", "+        assertNotNull(m);", "+        assertEquals(1, m.getParameterCount());", "+        AnnotatedParameter param = m.getParameter(0);", "+        assertEquals(ImplEntity.class, param.getType().getRawClass());", "+    }"], "url": ["https://api.github.com/repos/FasterXML/jackson-databind/commits/2c3cad39fc094b13c91c440795d86ce9d11bfb79"]}