{"new_feature": "20644,98,275,493,30,0.63", "commitmessage": "WICKET-5930 Upgrade Atmosphere to 2.2.7\n\njquery.atmosphere: 2.2.7\natmosphere-runtime: 2.2.3 (latest stable)\nguava: 18.0\njsr305: 3.0.0", "patch": ["@@ -27,8 +27,8 @@\n \t<version>0.24-SNAPSHOT</version>\n \t<packaging>jar</packaging>\n \t<properties>\n-\t\t<atmosphere.version>2.2.2</atmosphere.version>\n-\t\t<jquery.atmosphere.version>2.2.3</jquery.atmosphere.version>\n+\t\t<atmosphere.version>2.2.3</atmosphere.version>\n+\t\t<jquery.atmosphere.version>2.2.7</jquery.atmosphere.version>\n \t</properties>\n \t<name>Wicket-Atmosphere</name>\n \t<description>Wicket-Atmosphere provides integration of the Atmosphere Framework in Wicket.</description>\n@@ -40,7 +40,7 @@\n \t\t<dependency>\n \t\t\t<groupId>com.google.guava</groupId>\n \t\t\t<artifactId>guava</artifactId>\n-\t\t\t<version>17.0</version>\n+\t\t\t<version>18.0</version>\n \t\t</dependency>\n \t\t<dependency>\n \t\t\t<groupId>org.atmosphere</groupId>\n@@ -67,12 +67,12 @@\n \t\t<dependency>\n \t\t\t<groupId>de.agilecoders.wicket.webjars</groupId>\n \t\t\t<artifactId>wicket-webjars</artifactId>\n-\t\t\t<version>0.4.3</version>\n+\t\t\t<version>0.4.6</version>\n \t\t</dependency>\n \t\t<dependency>\n \t\t\t<groupId>com.google.code.findbugs</groupId>\n \t\t\t<artifactId>jsr305</artifactId>\n-\t\t\t<version>1.3.9</version>\n+\t\t\t<version>3.0.0</version>\n \t\t\t<scope>provided</scope>\n \t\t</dependency>\n \t</dependencies>"], "edit": ["-\t\t<atmosphere.version>2.2.2</atmosphere.version>", "-\t\t<jquery.atmosphere.version>2.2.3</jquery.atmosphere.version>", "+\t\t<atmosphere.version>2.2.3</atmosphere.version>", "+\t\t<jquery.atmosphere.version>2.2.7</jquery.atmosphere.version>", "-\t\t\t<version>17.0</version>", "+\t\t\t<version>18.0</version>", "-\t\t\t<version>0.4.3</version>", "+\t\t\t<version>0.4.6</version>", "-\t\t\t<version>1.3.9</version>", "+\t\t\t<version>3.0.0</version>"], "url": ["https://api.github.com/repos/apache/wicket/commits/2c413314532a2ec9e55661d76669f3514751fbd3"]}