{"new_feature": "39907,34,149,2892,30,0.12", "commitmessage": "Finally fixed the test error of CxfRawMessageRouterTest, I should go to sleep now\n\ngit-svn-id: https://svn.apache.org/repos/asf/camel/trunk@802816 13f79535-47bb-0310-9956-ffa450edef68", "patch": ["@@ -48,8 +48,8 @@ public void testTheContentType() throws Exception {\n         Map context = (Map)result.assertExchangeReceived(0).getIn().getHeaders().get(\"ResponseContext\");\n         Map protocalHeaders = (Map) context.get(\"org.apache.cxf.message.Message.PROTOCOL_HEADERS\");\n         assertTrue(\"Should get the content type\", protocalHeaders.get(\"content-type\").toString().startsWith(\"[text/xml; charset=\"));\n-        assertEquals(\"Should get the response code \", context.get(\"org.apache.cxf.message.Message.RESPONSE_CODE\"), 200);        \n-        assertEquals(\"Should get the content type\", result.assertExchangeReceived(0).getIn().getHeaders().get(\"content-type\").toString().startsWith(\"[text/xml; charset=\"));        \n+        assertEquals(\"Should get the response code \", context.get(\"org.apache.cxf.message.Message.RESPONSE_CODE\"), 200);\n+        assertTrue(\"Should get the content type\", result.assertExchangeReceived(0).getIn().getHeaders().get(\"content-type\").toString().startsWith(\"text/xml; charset=\"));        \n     }\n     \n     @Test"], "edit": ["-        assertEquals(\"Should get the response code \", context.get(\"org.apache.cxf.message.Message.RESPONSE_CODE\"), 200);", "-        assertEquals(\"Should get the content type\", result.assertExchangeReceived(0).getIn().getHeaders().get(\"content-type\").toString().startsWith(\"[text/xml; charset=\"));", "+        assertEquals(\"Should get the response code \", context.get(\"org.apache.cxf.message.Message.RESPONSE_CODE\"), 200);", "+        assertTrue(\"Should get the content type\", result.assertExchangeReceived(0).getIn().getHeaders().get(\"content-type\").toString().startsWith(\"text/xml; charset=\"));"], "url": ["https://api.github.com/repos/apache/camel/commits/2e1ea1c53eed30e0a94787fa9025397aadb23fe6"]}