{"new_feature": "139,2,0,8,17,0.02", "commitmessage": "[maven-release-plugin] prepare release favorite-2.3.2", "patch": ["@@ -10,7 +10,7 @@\n \n     <groupId>org.jvnet.hudson.plugins</groupId>\n     <artifactId>favorite</artifactId>\n-    <version>2.3.2-SNAPSHOT</version>\n+    <version>2.3.2</version>\n     <packaging>hpi</packaging>\n \n     <name>Favorite</name>\n@@ -46,7 +46,7 @@\n         <connection>scm:git:git@github.com:jenkinsci/favorite-plugin.git</connection>\n         <developerConnection>scm:git:git@github.com:jenkinsci/favorite-plugin.git</developerConnection>\n         <url>https://github.com/jenkinsci/favorite-plugin</url>\n-      <tag>HEAD</tag>\n+      <tag>favorite-2.3.2</tag>\n   </scm>\n \n     <repositories>"], "edit": ["-    <version>2.3.2-SNAPSHOT</version>", "+    <version>2.3.2</version>", "-      <tag>HEAD</tag>", "+      <tag>favorite-2.3.2</tag>"], "url": ["https://api.github.com/repos/jenkinsci/favorite-plugin/commits/2e541864e055a8d471b5dfc5f83eceefc1770b9f"]}