{"new_feature": "19765,14,163,32708,30,0.14", "commitmessage": "Dispel myth that Spring MVC Test requires JUnit\n\nIssue: SPR-13552", "patch": ["@@ -3755,8 +3755,9 @@ instrumenting your test class with a `TestContextManager`. See the source code o\n [[spring-mvc-test-framework]]\n === Spring MVC Test Framework\n \n-The __Spring MVC Test framework__ provides first class JUnit support for testing\n-Spring MVC code using a fluent API. It's built on the\n+The __Spring MVC Test framework__ provides first class support for testing Spring MVC\n+code using a fluent API that can be used with JUnit, TestNG, or any other testing\n+framework. It's built on the\n http://docs.spring.io/spring-framework/docs/current/javadoc-api/org/springframework/mock/web/package-summary.html[Servlet API mock objects]\n from the `spring-test` module and hence does not require a running Servlet container,\n it uses the `DispatcherServlet` thus providing full Spring MVC support, and\n@@ -3781,13 +3782,13 @@ For more on the difference with end-to-end integration tests see\n \n [[spring-mvc-test-server]]\n ==== Server-Side Tests\n-It's easy to write a plain JUnit test for a Spring MVC controller. Simply instantiate\n-the controller, inject it with mock or stub dependencies, and call its methods\n-passing `MockHttpServletRequest`, `MockHttpServletResponse`, etc. if necessary.\n-However much remains untested, e.g. request mappings, data binding, type conversion,\n-validation and much more. Furthermore other controller methods such as `@InitBinder`,\n-`@ModelAttribute`, and `@ExceptionHandler` may also be invoked as part of the request\n-processing lifecycle.\n+It's easy to write a plain unit test for a Spring MVC controller using JUnit or TestNG:\n+simply instantiate the controller, inject it with mocked or stubbed dependencies, and call\n+its methods passing `MockHttpServletRequest`, `MockHttpServletResponse`, etc., as necessary.\n+However, when writing such a unit test, much remains untested: for example, request\n+mappings, data binding, type conversion, validation, and much more. Furthermore, other\n+controller methods such as `@InitBinder`, `@ModelAttribute`, and `@ExceptionHandler` may\n+also be invoked as part of the request processing lifecycle.\n \n The goal of __Spring MVC Test__ is to provide an effective way of testing controllers\n by performing requests and generating responses through the `DispatcherServlet`.\n@@ -3796,8 +3797,8 @@ __Spring MVC Test__ builds on the familiar <<mock-objects-servlet,\"mock\" impleme\n of the Servlet API>> available in the `spring-test` module. This allows performing\n requests and generating responses without the need for running in a Servlet container.\n For the most part everything should work as it does at runtime with a few notable\n-exceptions as explained in <<spring-mvc-test-vs-end-to-end-integration-tests>>. Here is\n-an example of using Spring MVC Test:\n+exceptions as explained in <<spring-mvc-test-vs-end-to-end-integration-tests>>. Here is a\n+JUnit-based example of using Spring MVC Test:\n \n [source,java,indent=0]\n ----"], "edit": ["-The __Spring MVC Test framework__ provides first class JUnit support for testing", "-Spring MVC code using a fluent API. It's built on the", "+The __Spring MVC Test framework__ provides first class support for testing Spring MVC", "+code using a fluent API that can be used with JUnit, TestNG, or any other testing", "+framework. It's built on the", "-It's easy to write a plain JUnit test for a Spring MVC controller. Simply instantiate", "-the controller, inject it with mock or stub dependencies, and call its methods", "-passing `MockHttpServletRequest`, `MockHttpServletResponse`, etc. if necessary.", "-However much remains untested, e.g. request mappings, data binding, type conversion,", "-validation and much more. Furthermore other controller methods such as `@InitBinder`,", "-`@ModelAttribute`, and `@ExceptionHandler` may also be invoked as part of the request", "-processing lifecycle.", "+It's easy to write a plain unit test for a Spring MVC controller using JUnit or TestNG:", "+simply instantiate the controller, inject it with mocked or stubbed dependencies, and call", "+its methods passing `MockHttpServletRequest`, `MockHttpServletResponse`, etc., as necessary.", "+However, when writing such a unit test, much remains untested: for example, request", "+mappings, data binding, type conversion, validation, and much more. Furthermore, other", "+controller methods such as `@InitBinder`, `@ModelAttribute`, and `@ExceptionHandler` may", "+also be invoked as part of the request processing lifecycle.", "-exceptions as explained in <<spring-mvc-test-vs-end-to-end-integration-tests>>. Here is", "-an example of using Spring MVC Test:", "+exceptions as explained in <<spring-mvc-test-vs-end-to-end-integration-tests>>. Here is a", "+JUnit-based example of using Spring MVC Test:", "----"], "url": ["https://api.github.com/repos/spring-projects/spring-framework/commits/2f4c0036cbfaaa422cf22f4124201b8b1bcf293f"]}