{"new_feature": "8289,1,76,313,30,0.23", "commitmessage": "Checking in support for UDP broadcast special constants, including INADDR_ANY and INADDR_BROADCAST. See this bug for details\nhttp://bugs.jython.org/issue1043\n\n--HG--\nextra : convert_revision : svn%3A79b11f02-f210-0410-99aa-fb189b3d1ac4/jython/trunk%405782", "patch": ["@@ -148,17 +148,6 @@ def _map_exception(exc, circumstance=ALL):\n SHUT_WR   = 1\n SHUT_RDWR = 2\n \n-__all__ = ['AF_UNSPEC', 'AF_INET', 'AF_INET6', 'AI_PASSIVE', 'SOCK_DGRAM',\n-        'SOCK_RAW', 'SOCK_RDM', 'SOCK_SEQPACKET', 'SOCK_STREAM', 'SOL_SOCKET',\n-        'SO_BROADCAST', 'SO_ERROR', 'SO_KEEPALIVE', 'SO_LINGER', 'SO_OOBINLINE',\n-        'SO_RCVBUF', 'SO_REUSEADDR', 'SO_SNDBUF', 'SO_TIMEOUT', 'TCP_NODELAY',\n-        'SocketType', 'error', 'herror', 'gaierror', 'timeout',\n-        'getfqdn', 'gethostbyaddr', 'gethostbyname', 'gethostname',\n-        'socket', 'getaddrinfo', 'getdefaulttimeout', 'setdefaulttimeout',\n-        'has_ipv6', 'htons', 'htonl', 'ntohs', 'ntohl',\n-        'SHUT_RD', 'SHUT_WR', 'SHUT_RDWR',\n-        ]\n-\n AF_UNSPEC = 0\n AF_INET = 2\n AF_INET6 = 23\n@@ -183,6 +172,9 @@ def _map_exception(exc, circumstance=ALL):\n SO_TIMEOUT     = 128\n \n TCP_NODELAY    = 256\n+\r\n+INADDR_ANY = \"0.0.0.0\"\r\n+INADDR_BROADCAST = \"255.255.255.255\"\r\n \n # Options with negative constants are not supported\n # They are being added here so that code that refers to them\n@@ -201,6 +193,18 @@ def _map_exception(exc, circumstance=ALL):\n SO_TYPE             = -1024\n SO_USELOOPBACK      = -2048\n \n+__all__ = ['AF_UNSPEC', 'AF_INET', 'AF_INET6', 'AI_PASSIVE', 'SOCK_DGRAM',\n+        'SOCK_RAW', 'SOCK_RDM', 'SOCK_SEQPACKET', 'SOCK_STREAM', 'SOL_SOCKET',\n+        'SO_BROADCAST', 'SO_ERROR', 'SO_KEEPALIVE', 'SO_LINGER', 'SO_OOBINLINE',\n+        'SO_RCVBUF', 'SO_REUSEADDR', 'SO_SNDBUF', 'SO_TIMEOUT', 'TCP_NODELAY',\r\n+        'INADDR_ANY', 'INADDR_BROADCAST',\n+        'SocketType', 'error', 'herror', 'gaierror', 'timeout',\n+        'getfqdn', 'gethostbyaddr', 'gethostbyname', 'gethostname',\n+        'socket', 'getaddrinfo', 'getdefaulttimeout', 'setdefaulttimeout',\n+        'has_ipv6', 'htons', 'htonl', 'ntohs', 'ntohl',\n+        'SHUT_RD', 'SHUT_WR', 'SHUT_RDWR',\n+        ]\n+\n class _nio_impl:\n \n     timeout = None\n@@ -685,7 +689,7 @@ def fileno(self):\n     def _get_jsocket(self):\n         return self.sock_impl.jsocket\n \n-def _unpack_address_tuple(address_tuple, for_tx=False):\n+def _unpack_address_tuple(address_tuple):\n     # TODO: Upgrade to support the 4-tuples used for IPv6 addresses\n     # which include flowinfo and scope_id.\n     # To be upgraded in synch with getaddrinfo\n@@ -701,11 +705,6 @@ def _unpack_address_tuple(address_tuple, for_tx=False):\n         # currently broken\n         hostname = hostname.encode()\n     hostname = hostname.strip()\n-    if hostname == \"<broadcast>\":\n-        if for_tx:\n-            hostname = \"255.255.255.255\"\n-        else:\n-            hostname = \"0.0.0.0\"\n     return hostname, address_tuple[1]\n \n class _tcpsocket(_nonblocking_api_mixin):\n@@ -888,7 +887,9 @@ def __init__(self):\n     def bind(self, addr):\n         try:\n             assert not self.sock_impl\n-            host, port = _unpack_address_tuple(addr)\n+            host, port = _unpack_address_tuple(addr)\r\n+            if host == \"\":\r\n+                host = INADDR_ANY\n             host_address = java.net.InetAddress.getByName(host)\n             self.sock_impl = _datagram_socket_impl(port, host_address, self.pending_options[SO_REUSEADDR])\n             self._config()\n@@ -928,7 +929,9 @@ def sendto(self, data, p1, p2=None):\n             if not self.sock_impl:\n                 self.sock_impl = _datagram_socket_impl()\n                 self._config()\n-            host, port = _unpack_address_tuple(addr, True)\n+            host, port = _unpack_address_tuple(addr)\r\n+            if host == \"<broadcast>\":\r\n+                host = INADDR_BROADCAST\n             byte_array = java.lang.String(data).getBytes('iso-8859-1')\n             result = self.sock_impl.sendto(byte_array, host, port, flags)\n             return result", "@@ -873,7 +873,7 @@ def setUp(self):\n         self.serv.setsockopt(socket.SOL_SOCKET, socket.SO_REUSEADDR, 1)\n \n     def testBroadcast(self):\n-        self.serv.bind( (\"<broadcast>\", self.PORT) )\n+        self.serv.bind( (\"\", self.PORT) )\n         msg = self.serv.recv(len(EIGHT_BIT_MSG))\n         self.assertEqual(msg, EIGHT_BIT_MSG)\n "], "edit": ["-__all__ = ['AF_UNSPEC', 'AF_INET', 'AF_INET6', 'AI_PASSIVE', 'SOCK_DGRAM',", "-        'SOCK_RAW', 'SOCK_RDM', 'SOCK_SEQPACKET', 'SOCK_STREAM', 'SOL_SOCKET',", "-        'SO_BROADCAST', 'SO_ERROR', 'SO_KEEPALIVE', 'SO_LINGER', 'SO_OOBINLINE',", "-        'SO_RCVBUF', 'SO_REUSEADDR', 'SO_SNDBUF', 'SO_TIMEOUT', 'TCP_NODELAY',", "-        'SocketType', 'error', 'herror', 'gaierror', 'timeout',", "-        'getfqdn', 'gethostbyaddr', 'gethostbyname', 'gethostname',", "-        'socket', 'getaddrinfo', 'getdefaulttimeout', 'setdefaulttimeout',", "-        'has_ipv6', 'htons', 'htonl', 'ntohs', 'ntohl',", "-        'SHUT_RD', 'SHUT_WR', 'SHUT_RDWR',", "-        ]", "-", "+", "+INADDR_ANY = \"0.0.0.0\"", "+INADDR_BROADCAST = \"255.255.255.255\"", "+__all__ = ['AF_UNSPEC', 'AF_INET', 'AF_INET6', 'AI_PASSIVE', 'SOCK_DGRAM',", "+        'SOCK_RAW', 'SOCK_RDM', 'SOCK_SEQPACKET', 'SOCK_STREAM', 'SOL_SOCKET',", "+        'SO_BROADCAST', 'SO_ERROR', 'SO_KEEPALIVE', 'SO_LINGER', 'SO_OOBINLINE',", "+        'SO_RCVBUF', 'SO_REUSEADDR', 'SO_SNDBUF', 'SO_TIMEOUT', 'TCP_NODELAY',", "+        'INADDR_ANY', 'INADDR_BROADCAST',", "+        'SocketType', 'error', 'herror', 'gaierror', 'timeout',", "+        'getfqdn', 'gethostbyaddr', 'gethostbyname', 'gethostname',", "+        'socket', 'getaddrinfo', 'getdefaulttimeout', 'setdefaulttimeout',", "+        'has_ipv6', 'htons', 'htonl', 'ntohs', 'ntohl',", "+        'SHUT_RD', 'SHUT_WR', 'SHUT_RDWR',", "+        ]", "+", "-def _unpack_address_tuple(address_tuple, for_tx=False):", "+def _unpack_address_tuple(address_tuple):", "-    if hostname == \"<broadcast>\":", "-        if for_tx:", "-            hostname = \"255.255.255.255\"", "-        else:", "-            hostname = \"0.0.0.0\"", "-            host, port = _unpack_address_tuple(addr)", "+            host, port = _unpack_address_tuple(addr)", "+            if host == \"\":", "+                host = INADDR_ANY", "-            host, port = _unpack_address_tuple(addr, True)", "+            host, port = _unpack_address_tuple(addr)", "+            if host == \"<broadcast>\":", "+                host = INADDR_BROADCAST", "-        self.serv.bind( (\"<broadcast>\", self.PORT) )", "+        self.serv.bind( (\"\", self.PORT) )"], "url": ["https://api.github.com/repos/jythontools/jython/commits/3060119884f285d734797272d88b69b9cd8aed76"]}