{"new_feature": "4028,6,274,5148,30,0.39", "commitmessage": "Fixes #317", "patch": ["@@ -2277,11 +2277,11 @@ public void handle(ChannelHandlerContext ctx, MessageEvent e) throws Exception {\n                     throw new IOException(String.format(\"Invalid challenge. Actual: %s. Expected: %s\", accept, key));\n                 }\n \n-                ctx.getPipeline().get(HttpResponseDecoder.class).replace(\"ws-decoder\", new WebSocket08FrameDecoder(false, false));\n-                ctx.getPipeline().replace(\"http-encoder\", \"ws-encoder\", new WebSocket08FrameEncoder(true));\n                 if (h.onHeadersReceived(responseHeaders) == STATE.CONTINUE) {\n                     h.onSuccess(new NettyWebSocket(ctx.getChannel()));\n                 }\n+                ctx.getPipeline().get(HttpResponseDecoder.class).replace(\"ws-decoder\", new WebSocket08FrameDecoder(false, false));\n+                ctx.getPipeline().replace(\"http-encoder\", \"ws-encoder\", new WebSocket08FrameEncoder(true));\n                 future.done(null);\n             } else if (e.getMessage() instanceof WebSocketFrame) {\n                 final WebSocketFrame frame = (WebSocketFrame) e.getMessage();"], "edit": ["-                ctx.getPipeline().get(HttpResponseDecoder.class).replace(\"ws-decoder\", new WebSocket08FrameDecoder(false, false));", "-                ctx.getPipeline().replace(\"http-encoder\", \"ws-encoder\", new WebSocket08FrameEncoder(true));", "+                ctx.getPipeline().get(HttpResponseDecoder.class).replace(\"ws-decoder\", new WebSocket08FrameDecoder(false, false));", "+                ctx.getPipeline().replace(\"http-encoder\", \"ws-encoder\", new WebSocket08FrameEncoder(true));"], "url": ["https://api.github.com/repos/AsyncHttpClient/async-http-client/commits/31a35f901cfdd029f59d7eebe2134f5275f5d026"]}