{"new_feature": "1609,18,0,647,30,0.92", "commitmessage": "Updated version number to 1.2.2", "patch": ["@@ -25,10 +25,10 @@\n  */\n public final class Version {\n \n-    private static final String VERSION = \"1.2.1\";\n+    private static final String VERSION = \"1.2.2\";\n \n     // Major.Minor version of protocol\n-    private static final String PROTOCOL = \"7.1\";\n+    private static final String PROTOCOL = \"7.2\";\n \n     private Version() {}\n ", "@@ -23,7 +23,7 @@\n (function () {\n     var builder = function (cubism,Jolokia) {\n         \n-        var VERSION = \"1.2.1\";\n+        var VERSION = \"1.2.2\";\n         \n         var ctx_jolokia = function (url, opts) {\n             var source = {},", "@@ -66,7 +66,7 @@\n             }\n \n             // Jolokia Javascript Client version\n-            this.CLIENT_VERSION = \"1.2.1\";\n+            this.CLIENT_VERSION = \"1.2.2\";\n \n             // Registered requests for fetching periodically\n             var jobs = [];\n@@ -609,14 +609,15 @@\n             var extractor = GET_URL_EXTRACTORS[type];\n             assertNotNull(extractor, \"Unknown request type \" + type);\n             var result = extractor(request);\n-            var parts = result.parts || {};\n+            var parts = result.parts || [];\n             var url = type;\n             $.each(parts, function (i, v) {\n                 url += \"/\" + Jolokia.escape(v)\n             });\n             if (result.path) {\n                 url += (result.path[0] == '/' ? \"\" : \"/\") + result.path;\n             }\n+            console.log(url);\n             return url;\n         }\n \n@@ -638,7 +639,7 @@\n             \"read\":function (request) {\n                 if (request.attribute == null) {\n                     // Path gets ignored for multiple attribute fetch\n-                    return { parts:[ request.mbean ] };\n+                    return { parts:[ request.mbean, '*' ], path:request.path };\n                 } else {\n                     return { parts:[ request.mbean, request.attribute ], path:request.path };\n                 }", "@@ -20,15 +20,15 @@\n \n   <groupId>org.jolokia</groupId>\n   <artifactId>jolokia-client-javascript-test-app</artifactId>\n-  <version>1.2.1-SNAPSHOT</version>\n+  <version>1.2.2-SNAPSHOT</version>\n   <name>jolokia-client-javascript-test-app</name>\n   <packaging>war</packaging>\n   <description>Test application for Jolokia's JavaScript client library</description>\n \n   <parent>\n     <groupId>org.jolokia</groupId>\n     <artifactId>jolokia-client-parent</artifactId>\n-    <version>1.2.1-SNAPSHOT</version>\n+    <version>1.2.2-SNAPSHOT</version>\n     <relativePath>../../pom.xml</relativePath>\n   </parent>\n   ", "@@ -445,8 +445,8 @@\n \n   <properties>\n     <project.build.sourceEncoding>UTF-8</project.build.sourceEncoding>\n-    <currentStableVersion>1.2.1</currentStableVersion>\n-    <currentSnapshotVersion>1.2.2-SNAPSHOT</currentSnapshotVersion>\n+    <currentStableVersion>1.2.2</currentStableVersion>\n+    <currentSnapshotVersion>1.2.3-SNAPSHOT</currentSnapshotVersion>\n     <sonar.host.url>http://labs.consol.de/sonar</sonar.host.url>\n     <sonar.core.codeCoveragePlugin>jacoco</sonar.core.codeCoveragePlugin>\n ", "@@ -22,15 +22,15 @@\n       <inlinegraphic align=\"right\" fileref=\"jolokia_logo.png\"/>\n       Jolokia - Reference Documentation\n     </title>\n-    <releaseinfo>1.2.1</releaseinfo>\n+    <releaseinfo>1.2.2</releaseinfo>\n     <authorgroup>\n       <author>\n         <firstname>Roland</firstname>\n         <surname>Hu\ufffd</surname>\n       </author>\n     </authorgroup>\n     <copyright>\n-      <year>2010 - 2013</year>\n+      <year>2010 - 2014</year>\n       <holder>Roland Hu\ufffd</holder>\n     </copyright>\n   </bookinfo>", "@@ -65,7 +65,7 @@\n             }\n \n             // Jolokia Javascript Client version\n-            this.CLIENT_VERSION = \"1.1.1\";\n+            this.CLIENT_VERSION = \"1.2.2\";\n \n             // Registered requests for fetching periodically\n             var jobs = [];\n@@ -612,12 +612,7 @@\n         // each part gets escaped and a 'path' which is appended literally\n         var GET_URL_EXTRACTORS = {\n             \"read\":function (request) {\n-                if (request.attribute == null) {\n-                    // Path gets ignored for multiple attribute fetch\n-                    return { parts:[ request.mbean ] };\n-                } else {\n-                    return { parts:[ request.mbean, request.attribute ], path:request.path };\n-                }\n+                return { parts:[ request.mbean, request.attribute ], path:request.path };\n             },\n             \"write\":function (request) {\n                 return { parts:[request.mbean, request.attribute, valueToString(request.value)], path:request.path};"], "edit": ["-    private static final String VERSION = \"1.2.1\";", "+    private static final String VERSION = \"1.2.2\";", "-    private static final String PROTOCOL = \"7.1\";", "+    private static final String PROTOCOL = \"7.2\";", "-        var VERSION = \"1.2.1\";", "+        var VERSION = \"1.2.2\";", "-            this.CLIENT_VERSION = \"1.2.1\";", "+            this.CLIENT_VERSION = \"1.2.2\";", "-            var parts = result.parts || {};", "+            var parts = result.parts || [];", "+            console.log(url);", "-                    return { parts:[ request.mbean ] };", "+                    return { parts:[ request.mbean, '*' ], path:request.path };", "-  <version>1.2.1-SNAPSHOT</version>", "+  <version>1.2.2-SNAPSHOT</version>", "-    <version>1.2.1-SNAPSHOT</version>", "+    <version>1.2.2-SNAPSHOT</version>", "-    <currentStableVersion>1.2.1</currentStableVersion>", "-    <currentSnapshotVersion>1.2.2-SNAPSHOT</currentSnapshotVersion>", "+    <currentStableVersion>1.2.2</currentStableVersion>", "+    <currentSnapshotVersion>1.2.3-SNAPSHOT</currentSnapshotVersion>", "-    <releaseinfo>1.2.1</releaseinfo>", "+    <releaseinfo>1.2.2</releaseinfo>", "-      <year>2010 - 2013</year>", "+      <year>2010 - 2014</year>", "-            this.CLIENT_VERSION = \"1.1.1\";", "+            this.CLIENT_VERSION = \"1.2.2\";", "-                if (request.attribute == null) {", "-                    // Path gets ignored for multiple attribute fetch", "-                    return { parts:[ request.mbean ] };", "-                } else {", "-                    return { parts:[ request.mbean, request.attribute ], path:request.path };", "-                }", "+                return { parts:[ request.mbean, request.attribute ], path:request.path };"], "url": ["https://api.github.com/repos/rhuss/jolokia/commits/3428f218e5ea55b40802846ff04c558880f43997"]}