{"new_feature": "2779,5,66,129,30,0.04", "commitmessage": "added conventions page\n\ngit-svn-id: https://svn.apache.org/repos/asf/commons/proper/compress/trunk@763741 13f79535-47bb-0310-9956-ffa450edef68", "patch": ["@@ -29,6 +29,7 @@\n     <menu name=\"Compress\">\n       <item name=\"Overview\"    href=\"/index.html\"/>\n       <item name=\"Examples\"    href=\"/examples.html\"/>\n+      <item name=\"Conventions\"    href=\"/conventions.html\"/>\n       <item name=\"Issue Tracking\" href=\"/issue-tracking.html\"/>\n       <item name=\"Download\"    href=\"/downloads.html\"/>\n       <item name=\"Wiki\"        href=\"http://wiki.apache.org/commons/Compress\"/>", "@@ -0,0 +1,69 @@\n+<?xml version=\"1.0\"?>\n+<!--\n+   Licensed to the Apache Software Foundation (ASF) under one or more\n+   contributor license agreements.  See the NOTICE file distributed with\n+   this work for additional information regarding copyright ownership.\n+   The ASF licenses this file to You under the Apache License, Version 2.0\n+   (the \"License\"); you may not use this file except in compliance with\n+   the License.  You may obtain a copy of the License at\n+\n+       http://www.apache.org/licenses/LICENSE-2.0\n+\n+   Unless required by applicable law or agreed to in writing, software\n+   distributed under the License is distributed on an \"AS IS\" BASIS,\n+   WITHOUT WARRANTIES OR CONDITIONS OF ANY KIND, either express or implied.\n+   See the License for the specific language governing permissions and\n+   limitations under the License.\n+-->\n+<document>\n+   <properties>\n+      <title>Conventions</title>\n+   </properties>\n+\n+   <body>\n+      <section name=\"Code Style\">\n+            <p>\n+            The developers of this component decided to follow the recommended standards\n+            but not to include Checkstyle (or similar tools) into Commons Compress.\n+            </p>\n+      </section>\n+      <section name=\"Multithreading\">\n+            <p>\n+            Commons Compress does not aim to be threadsafe at the moment. But the developers\n+            agreed to document multithreading behaviour in the javadocs.\n+            </p>\n+            <p>\n+            We use some of the annotations from \n+            <a href=\"http://jcip.net/annotations/doc/net/jcip/annotations/package-summary.html\">JCIP</a>\n+            as JavaDoc tags. The used tags are: \n+    \n+            <ul>\n+                <li>@GuardedBy (field or method)</li>\n+                <li>@Immutable (class)</li>\n+                <li>@NotThreadSafe (class)</li>\n+                <li>@ThreadSafe (class)</li>\n+            </ul>\n+\n+            For example:\n+            <source>\n+/**\n+ * Utility class that represents a four byte integer with conversion\n+ * rules for the big endian byte order of ZIP files.\n+ *\n+ * @Immutable\n+ */\n+public final class ZipLong implements Cloneable {\n+            </source> \n+            \n+            and:\n+            \n+            <source> \n+private final char [] highChars;\n+//@GuardedBy(\"this\")\n+private Simple8BitZipEncoding encoding;\n+            </source>\n+            </p>\n+      </section>\n+\n+   </body>\n+</document>"], "edit": ["+      <item name=\"Conventions\"    href=\"/conventions.html\"/>", "+<?xml version=\"1.0\"?>", "+<!--", "+   Licensed to the Apache Software Foundation (ASF) under one or more", "+   contributor license agreements.  See the NOTICE file distributed with", "+   this work for additional information regarding copyright ownership.", "+   The ASF licenses this file to You under the Apache License, Version 2.0", "+   (the \"License\"); you may not use this file except in compliance with", "+   the License.  You may obtain a copy of the License at", "+", "+       http://www.apache.org/licenses/LICENSE-2.0", "+", "+   Unless required by applicable law or agreed to in writing, software", "+   distributed under the License is distributed on an \"AS IS\" BASIS,", "+   WITHOUT WARRANTIES OR CONDITIONS OF ANY KIND, either express or implied.", "+   See the License for the specific language governing permissions and", "+   limitations under the License.", "+-->", "+<document>", "+   <properties>", "+      <title>Conventions</title>", "+   </properties>", "+", "+   <body>", "+      <section name=\"Code Style\">", "+            <p>", "+            The developers of this component decided to follow the recommended standards", "+            but not to include Checkstyle (or similar tools) into Commons Compress.", "+            </p>", "+      </section>", "+      <section name=\"Multithreading\">", "+            <p>", "+            Commons Compress does not aim to be threadsafe at the moment. But the developers", "+            agreed to document multithreading behaviour in the javadocs.", "+            </p>", "+            <p>", "+            We use some of the annotations from", "+            <a href=\"http://jcip.net/annotations/doc/net/jcip/annotations/package-summary.html\">JCIP</a>", "+            as JavaDoc tags. The used tags are:", "+", "+            <ul>", "+                <li>@GuardedBy (field or method)</li>", "+                <li>@Immutable (class)</li>", "+                <li>@NotThreadSafe (class)</li>", "+                <li>@ThreadSafe (class)</li>", "+            </ul>", "+", "+            For example:", "+            <source>", "+/**", "+ * Utility class that represents a four byte integer with conversion", "+ * rules for the big endian byte order of ZIP files.", "+ *", "+ * @Immutable", "+ */", "+public final class ZipLong implements Cloneable {", "+            </source>", "+", "+            and:", "+", "+            <source>", "+private final char [] highChars;", "+//@GuardedBy(\"this\")", "+private Simple8BitZipEncoding encoding;", "+            </source>", "+            </p>", "+      </section>", "+", "+   </body>", "+</document>"], "url": ["https://api.github.com/repos/apache/commons-compress/commits/34bcc4f123a3f11d0554e02279ce56f0bc80e882"]}