{"new_feature": "3162,8,49,377,30,0.49", "commitmessage": "Make ListOrderedMap implement OrderedMap\nImprove associated tests\n\n\ngit-svn-id: https://svn.apache.org/repos/asf/jakarta/commons/proper/collections/trunk@131355 13f79535-47bb-0310-9956-ffa450edef68", "patch": ["@@ -1,5 +1,5 @@\n /*\n- * $Header: /home/jerenkrantz/tmp/commons/commons-convert/cvs/home/cvs/jakarta-commons//collections/src/java/org/apache/commons/collections/map/ListOrderedMap.java,v 1.1 2003/11/16 00:05:45 scolebourne Exp $\n+ * $Header: /home/jerenkrantz/tmp/commons/commons-convert/cvs/home/cvs/jakarta-commons//collections/src/java/org/apache/commons/collections/map/ListOrderedMap.java,v 1.2 2003/11/20 00:03:05 scolebourne Exp $\n  * ====================================================================\n  *\n  * The Apache Software License, Version 1.1\n@@ -63,30 +63,35 @@\n import java.util.Collection;\n import java.util.Iterator;\n import java.util.List;\n+import java.util.ListIterator;\n import java.util.Map;\n+import java.util.NoSuchElementException;\n import java.util.Set;\n \n import org.apache.commons.collections.iterators.AbstractIteratorDecorator;\n-import org.apache.commons.collections.iterators.EntrySetMapIterator;\n import org.apache.commons.collections.iterators.MapIterator;\n+import org.apache.commons.collections.iterators.OrderedMapIterator;\n+import org.apache.commons.collections.iterators.ResettableIterator;\n import org.apache.commons.collections.pairs.AbstractMapEntry;\n \n /**\n  * Decorates a <code>Map</code> to ensure that the order of addition is retained.\n  * <p>\n  * The order will be used via the iterators and toArray methods on the views.\n  * The order is also returned by the <code>MapIterator</code>.\n+ * The <code>orderedMapIterator()</code> method accesses an iterator that can\n+ * iterate both forwards and backwards through the map.\n  * <p>\n  * If an object is added to the Map for a second time, it will remain in the\n  * original position in the iteration.\n  *\n  * @since Commons Collections 3.0\n- * @version $Revision: 1.1 $ $Date: 2003/11/16 00:05:45 $\n+ * @version $Revision: 1.2 $ $Date: 2003/11/20 00:03:05 $\n  * \n  * @author Henri Yandell\n  * @author Stephen Colebourne\n  */\n-public class ListOrderedMap extends AbstractMapDecorator implements Map {\n+public class ListOrderedMap extends AbstractMapDecorator implements OrderedMap {\n \n     /** Internal list to hold the sequence of objects */\n     protected final List insertOrder = new ArrayList();\n@@ -115,6 +120,72 @@ protected ListOrderedMap(Map map) {\n         insertOrder.addAll(getMap().keySet());\n     }\n \n+    // Implement OrderedMap\n+    //-----------------------------------------------------------------------\n+    public MapIterator mapIterator() {\n+        return orderedMapIterator();\n+    }\n+\n+    public OrderedMapIterator orderedMapIterator() {\n+        return new ListOrderedMapIterator(this);\n+    }\n+\n+    /**\n+     * Gets the first key in this map by insert order.\n+     *\n+     * @return the first key currently in this map\n+     * @throws NoSuchElementException if this map is empty\n+     */\n+    public Object firstKey() {\n+        if (size() == 0) {\n+            throw new NoSuchElementException(\"Map is empty\");\n+        }\n+        return insertOrder.get(0);\n+    }\n+\n+    /**\n+     * Gets the last key in this map by insert order.\n+     *\n+     * @return the last key currently in this map\n+     * @throws NoSuchElementException if this map is empty\n+     */\n+    public Object lastKey() {\n+        if (size() == 0) {\n+            throw new NoSuchElementException(\"Map is empty\");\n+        }\n+        return insertOrder.get(size() - 1);\n+    }\n+    \n+    /**\n+     * Gets the next key to the one specified using insert order.\n+     * This method performs a list search to find the key and is O(n).\n+     * \n+     * @param key  the key to find previous for\n+     * @return the next key, null if no match or at start\n+     */\n+    public Object nextKey(Object key) {\n+        int index = insertOrder.indexOf(key);\n+        if (index >= 0 && index < size() - 1) {\n+            return insertOrder.get(index + 1);\n+        }\n+        return null;\n+    }\n+\n+    /**\n+     * Gets the previous key to the one specified using insert order.\n+     * This method performs a list search to find the key and is O(n).\n+     * \n+     * @param key  the key to find previous for\n+     * @return the previous key, null if no match or at start\n+     */\n+    public Object previousKey(Object key) {\n+        int index = insertOrder.indexOf(key);\n+        if (index > 0) {\n+            return insertOrder.get(index - 1);\n+        }\n+        return null;\n+    }\n+\n     //-----------------------------------------------------------------------\n     public Object put(Object key, Object value) {\n         if (getMap().containsKey(key)) {\n@@ -147,10 +218,6 @@ public void clear() {\n     }\n \n     //-----------------------------------------------------------------------\n-    public MapIterator mapIterator() {\n-        return new EntrySetMapIterator(this);\n-    }\n-    \n     public Set keySet() {\n         return new KeySetView(this);\n     }\n@@ -181,14 +248,14 @@ public String toString() {\n             Map.Entry entry = (Map.Entry) it.next();\n             Object key = entry.getKey();\n             Object value = entry.getValue();\n-            buf.append(key == this ? \"(this Map)\" : key);\n-            buf.append('=');\n-            buf.append(value == this ? \"(this Map)\" : value);\n             if (first) {\n                 first = false;\n             } else {\n                 buf.append(\", \");\n             }\n+            buf.append(key == this ? \"(this Map)\" : key);\n+            buf.append('=');\n+            buf.append(value == this ? \"(this Map)\" : value);\n         }\n         buf.append('}');\n         return buf.toString();\n@@ -320,22 +387,23 @@ public String toString() {\n         }\n         \n         public Iterator iterator() {\n-            return new OrderedIterator(parent, insertOrder);\n+            return new ListOrderedIterator(parent, insertOrder);\n         }\n     }\n     \n-    static class OrderedIterator extends AbstractIteratorDecorator {\n+    //-----------------------------------------------------------------------\n+    static class ListOrderedIterator extends AbstractIteratorDecorator {\n         private final ListOrderedMap parent;\n         private Object last = null;\n         \n-        OrderedIterator(ListOrderedMap parent, List insertOrder) {\n+        ListOrderedIterator(ListOrderedMap parent, List insertOrder) {\n             super(insertOrder.iterator());\n             this.parent = parent;\n         }\n         \n         public Object next() {\n             last = super.next();\n-            return new OrderedMapEntry(parent, last);\n+            return new ListOrderedMapEntry(parent, last);\n         }\n \n         public void remove() {\n@@ -344,10 +412,11 @@ public void remove() {\n         }\n     }\n     \n-    static class OrderedMapEntry extends AbstractMapEntry {\n+    //-----------------------------------------------------------------------\n+    static class ListOrderedMapEntry extends AbstractMapEntry {\n         private final ListOrderedMap parent;\n         \n-        OrderedMapEntry(ListOrderedMap parent, Object key) {\n+        ListOrderedMapEntry(ListOrderedMap parent, Object key) {\n             super(key, null);\n             this.parent = parent;\n         }\n@@ -361,4 +430,82 @@ public Object setValue(Object value) {\n         }\n     }\n \n+    //-----------------------------------------------------------------------\n+    static class ListOrderedMapIterator implements OrderedMapIterator, ResettableIterator {\n+        private final ListOrderedMap parent;\n+        private ListIterator iterator;\n+        private Object last = null;\n+        private boolean readable = false;\n+        \n+        ListOrderedMapIterator(ListOrderedMap parent) {\n+            super();\n+            this.parent = parent;\n+            this.iterator = parent.insertOrder.listIterator();\n+        }\n+        \n+        public boolean hasNext() {\n+            return iterator.hasNext();\n+        }\n+        \n+        public Object next() {\n+            last = iterator.next();\n+            readable = true;\n+            return last;\n+        }\n+        \n+        public boolean hasPrevious() {\n+            return iterator.hasPrevious();\n+        }\n+        \n+        public Object previous() {\n+            last = iterator.previous();\n+            readable = true;\n+            return last;\n+        }\n+        \n+        public void remove() {\n+            if (readable == false) {\n+                throw new IllegalStateException(\"Iterator remove() can only be called after next() and before remove()\");\n+            }\n+            iterator.remove();\n+            parent.map.remove(last);\n+            readable = false;\n+        }\n+        \n+        public Object getKey() {\n+            if (readable == false) {\n+                throw new IllegalStateException(\"Iterator getKey() can only be called after next() and before remove()\");\n+            }\n+            return last;\n+        }\n+\n+        public Object getValue() {\n+            if (readable == false) {\n+                throw new IllegalStateException(\"Iterator getValue() can only be called after next() and before remove()\");\n+            }\n+            return parent.get(last);\n+        }\n+        \n+        public Object setValue(Object value) {\n+            if (readable == false) {\n+                throw new IllegalStateException(\"Iterator setValue() can only be called after next() and before remove()\");\n+            }\n+            return parent.map.put(last, value);\n+        }\n+        \n+        public void reset() {\n+            iterator = parent.insertOrder.listIterator();\n+            last = null;\n+            readable = false;\n+        }\n+        \n+        public String toString() {\n+            if (readable == true) {\n+                return \"MapIterator[\" + getKey() + \"=\" + getValue() + \"]\";\n+            } else {\n+                return \"MapIterator[]\";\n+            }\n+        }\n+    }\n+    \n }", "@@ -1,5 +1,5 @@\n /*\n- * $Header: /home/jerenkrantz/tmp/commons/commons-convert/cvs/home/cvs/jakarta-commons//collections/src/test/org/apache/commons/collections/iterators/AbstractTestMapIterator.java,v 1.4 2003/11/18 22:37:14 scolebourne Exp $\n+ * $Header: /home/jerenkrantz/tmp/commons/commons-convert/cvs/home/cvs/jakarta-commons//collections/src/test/org/apache/commons/collections/iterators/AbstractTestMapIterator.java,v 1.5 2003/11/20 00:03:05 scolebourne Exp $\n  * ====================================================================\n  *\n  * The Apache Software License, Version 1.1\n@@ -72,7 +72,7 @@\n  * overriding the supportsXxx() methods if necessary.\n  * \n  * @since Commons Collections 3.0\n- * @version $Revision: 1.4 $ $Date: 2003/11/18 22:37:14 $\n+ * @version $Revision: 1.5 $ $Date: 2003/11/20 00:03:05 $\n  * \n  * @author Stephen Colebourne\n  */\n@@ -261,6 +261,9 @@ public void testMapIteratorSet() {\n         assertSame(\"Key must not change after setValue\", key, it.getKey());\n         assertSame(\"Value must be changed after setValue\", newValue, it.getValue());\n         assertSame(\"setValue must return old value\", value, old);\n+        assertEquals(\"Map must contain key\", true, map.containsKey(key));\n+        assertEquals(\"Map must not contain old value\", false, map.containsValue(old));\n+        assertEquals(\"Map must contain old value\", true, map.containsValue(newValue));\n         verify();\n         \n         it.setValue(newValue);  // same value - should be OK", "@@ -0,0 +1,195 @@\n+/*\n+ * $Header: /home/jerenkrantz/tmp/commons/commons-convert/cvs/home/cvs/jakarta-commons//collections/src/test/org/apache/commons/collections/iterators/AbstractTestOrderedMapIterator.java,v 1.1 2003/11/20 00:03:05 scolebourne Exp $\n+ * ====================================================================\n+ *\n+ * The Apache Software License, Version 1.1\n+ *\n+ * Copyright (c) 2001-2003 The Apache Software Foundation.  All rights\n+ * reserved.\n+ *\n+ * Redistribution and use in source and binary forms, with or without\n+ * modification, are permitted provided that the following conditions\n+ * are met:\n+ *\n+ * 1. Redistributions of source code must retain the above copyright\n+ *    notice, this list of conditions and the following disclaimer.\n+ *\n+ * 2. Redistributions in binary form must reproduce the above copyright\n+ *    notice, this list of conditions and the following disclaimer in\n+ *    the documentation and/or other materials provided with the\n+ *    distribution.\n+ *\n+ * 3. The end-user documentation included with the redistribution, if\n+ *    any, must include the following acknowledgement:\n+ *       \"This product includes software developed by the\n+ *        Apache Software Foundation (http://www.apache.org/).\"\n+ *    Alternately, this acknowledgement may appear in the software itself,\n+ *    if and wherever such third-party acknowledgements normally appear.\n+ *\n+ * 4. The names \"The Jakarta Project\", \"Commons\", and \"Apache Software\n+ *    Foundation\" must not be used to endorse or promote products derived\n+ *    from this software without prior written permission. For written\n+ *    permission, please contact apache@apache.org.\n+ *\n+ * 5. Products derived from this software may not be called \"Apache\"\n+ *    nor may \"Apache\" appear in their names without prior written\n+ *    permission of the Apache Software Foundation.\n+ *\n+ * THIS SOFTWARE IS PROVIDED ``AS IS'' AND ANY EXPRESSED OR IMPLIED\n+ * WARRANTIES, INCLUDING, BUT NOT LIMITED TO, THE IMPLIED WARRANTIES\n+ * OF MERCHANTABILITY AND FITNESS FOR A PARTICULAR PURPOSE ARE\n+ * DISCLAIMED.  IN NO EVENT SHALL THE APACHE SOFTWARE FOUNDATION OR\n+ * ITS CONTRIBUTORS BE LIABLE FOR ANY DIRECT, INDIRECT, INCIDENTAL,\n+ * SPECIAL, EXEMPLARY, OR CONSEQUENTIAL DAMAGES (INCLUDING, BUT NOT\n+ * LIMITED TO, PROCUREMENT OF SUBSTITUTE GOODS OR SERVICES; LOSS OF\n+ * USE, DATA, OR PROFITS; OR BUSINESS INTERRUPTION) HOWEVER CAUSED AND\n+ * ON ANY THEORY OF LIABILITY, WHETHER IN CONTRACT, STRICT LIABILITY,\n+ * OR TORT (INCLUDING NEGLIGENCE OR OTHERWISE) ARISING IN ANY WAY OUT\n+ * OF THE USE OF THIS SOFTWARE, EVEN IF ADVISED OF THE POSSIBILITY OF\n+ * SUCH DAMAGE.\n+ * ====================================================================\n+ *\n+ * This software consists of voluntary contributions made by many\n+ * individuals on behalf of the Apache Software Foundation.  For more\n+ * information on the Apache Software Foundation, please see\n+ * <http://www.apache.org/>.\n+ *\n+ */\n+package org.apache.commons.collections.iterators;\n+\n+import java.util.ArrayList;\n+import java.util.HashSet;\n+import java.util.Iterator;\n+import java.util.List;\n+import java.util.Map;\n+import java.util.NoSuchElementException;\n+import java.util.Set;\n+\n+/**\n+ * Abstract class for testing the OrderedMapIterator interface.\n+ * <p>\n+ * This class provides a framework for testing an implementation of MapIterator.\n+ * Concrete subclasses must provide the list iterator to be tested.\n+ * They must also specify certain details of how the list iterator operates by\n+ * overriding the supportsXxx() methods if necessary.\n+ * \n+ * @since Commons Collections 3.0\n+ * @version $Revision: 1.1 $ $Date: 2003/11/20 00:03:05 $\n+ * \n+ * @author Stephen Colebourne\n+ */\n+public abstract class AbstractTestOrderedMapIterator extends AbstractTestMapIterator {\n+\n+    /**\n+     * JUnit constructor.\n+     * \n+     * @param testName  the test class name\n+     */\n+    public AbstractTestOrderedMapIterator(String testName) {\n+        super(testName);\n+    }\n+\n+    //-----------------------------------------------------------------------\n+    /**\n+     * Test that the empty list iterator contract is correct.\n+     */\n+    public void testEmptyMapIterator() {\n+        if (supportsEmptyIterator() == false) {\n+            return;\n+        }\n+\n+        super.testEmptyMapIterator();\n+        \n+        OrderedMapIterator it = (OrderedMapIterator) makeEmptyMapIterator();\n+        Map map = getMap();\n+        assertEquals(false, it.hasPrevious());\n+        try {\n+            it.previous();\n+            fail();\n+        } catch (NoSuchElementException ex) {}\n+    }\n+\n+    //-----------------------------------------------------------------------\n+    /**\n+     * Test that the full list iterator contract is correct.\n+     */\n+    public void testFullMapIterator() {\n+        if (supportsFullIterator() == false) {\n+            return;\n+        }\n+\n+        super.testFullMapIterator();\n+        \n+        OrderedMapIterator it = (OrderedMapIterator) makeFullMapIterator();\n+        Map map = getMap();\n+        \n+        assertEquals(true, it.hasNext());\n+        assertEquals(false, it.hasPrevious());\n+        Set set = new HashSet();\n+        while (it.hasNext()) {\n+            // getKey\n+            Object key = it.next();\n+            assertSame(\"it.next() should equals getKey()\", key, it.getKey());\n+            assertTrue(\"Key must be in map\",  map.containsKey(key));\n+            assertTrue(\"Key must be unique\", set.add(key));\n+            \n+            // getValue\n+            Object value = it.getValue();\n+            assertSame(\"Value must be mapped to key\", map.get(key), value);\n+            assertTrue(\"Value must be in map\",  map.containsValue(value));\n+            assertSame(\"Value must be mapped to key\", map.get(key), value);\n+\n+            assertEquals(true, it.hasPrevious());\n+            \n+            verify();\n+        }\n+        while (it.hasPrevious()) {\n+            // getKey\n+            Object key = it.previous();\n+            assertSame(\"it.previous() should equals getKey()\", key, it.getKey());\n+            assertTrue(\"Key must be in map\",  map.containsKey(key));\n+            assertTrue(\"Key must be unique\", set.remove(key));\n+            \n+            // getValue\n+            Object value = it.getValue();\n+            assertSame(\"Value must be mapped to key\", map.get(key), value);\n+            assertTrue(\"Value must be in map\",  map.containsValue(value));\n+            assertSame(\"Value must be mapped to key\", map.get(key), value);\n+\n+            assertEquals(true, it.hasNext());\n+            \n+            verify();\n+        }\n+    }\n+    \n+    //-----------------------------------------------------------------------\n+    /**\n+     * Test that the iterator order matches the keySet order.\n+     */\n+    public void testMapIteratorOrder() {\n+        if (supportsFullIterator() == false) {\n+            return;\n+        }\n+\n+        OrderedMapIterator it = (OrderedMapIterator) makeFullMapIterator();\n+        Map map = getMap();\n+        \n+        assertEquals(\"keySet() not consistent\", new ArrayList(map.keySet()), new ArrayList(map.keySet()));\n+        \n+        Iterator it2 = map.keySet().iterator();\n+        assertEquals(true, it.hasNext());\n+        assertEquals(true, it2.hasNext());\n+        List list = new ArrayList();\n+        while (it.hasNext()) {\n+            Object key = it.next();\n+            assertEquals(it2.next(), key);\n+            list.add(key);\n+        }\n+        while (it.hasPrevious()) {\n+            Object key = it.previous();\n+            assertEquals(list.get(list.size() - 1), key);\n+            list.remove(list.size() - 1);\n+        }\n+    }\n+    \n+}", "@@ -1,5 +1,5 @@\n /*\n- * $Header: /home/jerenkrantz/tmp/commons/commons-convert/cvs/home/cvs/jakarta-commons//collections/src/test/org/apache/commons/collections/map/TestListOrderedMap.java,v 1.3 2003/11/18 22:37:17 scolebourne Exp $\n+ * $Header: /home/jerenkrantz/tmp/commons/commons-convert/cvs/home/cvs/jakarta-commons//collections/src/test/org/apache/commons/collections/map/TestListOrderedMap.java,v 1.4 2003/11/20 00:03:06 scolebourne Exp $\n  * ====================================================================\n  *\n  * The Apache Software License, Version 1.1\n@@ -67,15 +67,15 @@\n import junit.framework.Test;\n \n import org.apache.commons.collections.BulkTest;\n-import org.apache.commons.collections.iterators.AbstractTestMapIterator;\n+import org.apache.commons.collections.iterators.AbstractTestOrderedMapIterator;\n import org.apache.commons.collections.iterators.MapIterator;\n \n /**\n  * Extension of {@link TestMap} for exercising the {@link ListOrderedMap}\n  * implementation.\n  *\n  * @since Commons Collections 3.0\n- * @version $Revision: 1.3 $ $Date: 2003/11/18 22:37:17 $\n+ * @version $Revision: 1.4 $ $Date: 2003/11/20 00:03:06 $\n  * \n  * @author Henri Yandell\n  * @author Stephen Colebourne\n@@ -101,12 +101,13 @@ public Map makeEmptyMap() {\n \n     //-----------------------------------------------------------------------\n     public BulkTest bulkTestMapIterator() {\n-        return new TestOrderedMapIterator();\n+        return new TestListOrderedMapIterator();\n     }\n     \n-    public class TestOrderedMapIterator extends AbstractTestMapIterator {\n-        public TestOrderedMapIterator() {\n-            super(\"TestOrderedMapIterator\");\n+    // TODO: Test mapIterator() and orderedMapIterator() separately\n+    public class TestListOrderedMapIterator extends AbstractTestOrderedMapIterator {\n+        public TestListOrderedMapIterator() {\n+            super(\"TestListOrderedMapIterator\");\n         }\n         \n         public boolean supportsRemove() {\n@@ -143,84 +144,6 @@ public void verify() {\n         }\n     }\n     \n-    //-----------------------------------------------------------------------\n-    public void testMapIteratorRemove() {\n-        resetFull();\n-        ListOrderedMap testMap = (ListOrderedMap) map;\n-        MapIterator it = testMap.mapIterator();\n-        assertEquals(true, it.hasNext());\n-        Object key = it.next();\n-        \n-        if (isRemoveSupported() == false) {\n-            try {\n-                it.remove();\n-                fail();\n-            } catch (UnsupportedOperationException ex) {\n-            }\n-            return;\n-        }\n-        \n-        it.remove();\n-        confirmed.remove(key);\n-        assertEquals(false, testMap.containsKey(key));\n-        verify();\n-        \n-        try {\n-            it.remove();  // second remove fails\n-        } catch (IllegalStateException ex) {\n-        }\n-        verify();\n-    }\n-\n-    //-----------------------------------------------------------------------\n-    public void testMapIteratorSet() {\n-        Object newValue1 = getOtherValues()[0];\n-        Object newValue2 = getOtherValues()[1];\n-        \n-        resetFull();\n-        ListOrderedMap testMap = (ListOrderedMap) map;\n-        MapIterator it = testMap.mapIterator();\n-        assertEquals(true, it.hasNext());\n-        Object key1 = it.next();\n-        \n-        if (isSetValueSupported() == false) {\n-            try {\n-                it.setValue(newValue1);\n-                fail();\n-            } catch (UnsupportedOperationException ex) {\n-            }\n-            return;\n-        }\n-        \n-        it.setValue(newValue1);\n-        confirmed.put(key1, newValue1);\n-        assertSame(key1, it.getKey());\n-        assertSame(newValue1, it.getValue());\n-        assertEquals(true, testMap.containsKey(key1));\n-        assertEquals(true, testMap.containsValue(newValue1));\n-        assertEquals(newValue1, testMap.get(key1));\n-        verify();\n-        \n-        it.setValue(newValue1);  // same value - should be OK\n-        confirmed.put(key1, newValue1);\n-        assertSame(key1, it.getKey());\n-        assertSame(newValue1, it.getValue());\n-        assertEquals(true, testMap.containsKey(key1));\n-        assertEquals(true, testMap.containsValue(newValue1));\n-        assertEquals(newValue1, testMap.get(key1));\n-        verify();\n-        \n-        Object key2 = it.next();\n-        it.setValue(newValue2);\n-        confirmed.put(key2, newValue2);\n-        assertSame(key2, it.getKey());\n-        assertSame(newValue2, it.getValue());\n-        assertEquals(true, testMap.containsKey(key2));\n-        assertEquals(true, testMap.containsValue(newValue2));\n-        assertEquals(newValue2, testMap.get(key2));\n-        verify();\n-    }\n-\n     //-----------------------------------------------------------------------\n     // Creates a known series of Objects, puts them in \n     // an OrderedMap and ensures that all three Collection "], "edit": ["- * $Header: /home/jerenkrantz/tmp/commons/commons-convert/cvs/home/cvs/jakarta-commons//collections/src/java/org/apache/commons/collections/map/ListOrderedMap.java,v 1.1 2003/11/16 00:05:45 scolebourne Exp $", "+ * $Header: /home/jerenkrantz/tmp/commons/commons-convert/cvs/home/cvs/jakarta-commons//collections/src/java/org/apache/commons/collections/map/ListOrderedMap.java,v 1.2 2003/11/20 00:03:05 scolebourne Exp $", "+import java.util.ListIterator;", "+import java.util.NoSuchElementException;", "-import org.apache.commons.collections.iterators.EntrySetMapIterator;", "+import org.apache.commons.collections.iterators.OrderedMapIterator;", "+import org.apache.commons.collections.iterators.ResettableIterator;", "+ * The <code>orderedMapIterator()</code> method accesses an iterator that can", "+ * iterate both forwards and backwards through the map.", "- * @version $Revision: 1.1 $ $Date: 2003/11/16 00:05:45 $", "+ * @version $Revision: 1.2 $ $Date: 2003/11/20 00:03:05 $", "-public class ListOrderedMap extends AbstractMapDecorator implements Map {", "+public class ListOrderedMap extends AbstractMapDecorator implements OrderedMap {", "+    // Implement OrderedMap", "+    //-----------------------------------------------------------------------", "+    public MapIterator mapIterator() {", "+        return orderedMapIterator();", "+    }", "+", "+    public OrderedMapIterator orderedMapIterator() {", "+        return new ListOrderedMapIterator(this);", "+    }", "+", "+    /**", "+     * Gets the first key in this map by insert order.", "+     *", "+     * @return the first key currently in this map", "+     * @throws NoSuchElementException if this map is empty", "+     */", "+    public Object firstKey() {", "+        if (size() == 0) {", "+            throw new NoSuchElementException(\"Map is empty\");", "+        }", "+        return insertOrder.get(0);", "+    }", "+", "+    /**", "+     * Gets the last key in this map by insert order.", "+     *", "+     * @return the last key currently in this map", "+     * @throws NoSuchElementException if this map is empty", "+     */", "+    public Object lastKey() {", "+        if (size() == 0) {", "+            throw new NoSuchElementException(\"Map is empty\");", "+        }", "+        return insertOrder.get(size() - 1);", "+    }", "+", "+    /**", "+     * Gets the next key to the one specified using insert order.", "+     * This method performs a list search to find the key and is O(n).", "+     *", "+     * @param key  the key to find previous for", "+     * @return the next key, null if no match or at start", "+     */", "+    public Object nextKey(Object key) {", "+        int index = insertOrder.indexOf(key);", "+        if (index >= 0 && index < size() - 1) {", "+            return insertOrder.get(index + 1);", "+        }", "+        return null;", "+    }", "+", "+    /**", "+     * Gets the previous key to the one specified using insert order.", "+     * This method performs a list search to find the key and is O(n).", "+     *", "+     * @param key  the key to find previous for", "+     * @return the previous key, null if no match or at start", "+     */", "+    public Object previousKey(Object key) {", "+        int index = insertOrder.indexOf(key);", "+        if (index > 0) {", "+            return insertOrder.get(index - 1);", "+        }", "+        return null;", "+    }", "+", "-    public MapIterator mapIterator() {", "-        return new EntrySetMapIterator(this);", "-    }", "-", "-            buf.append(key == this ? \"(this Map)\" : key);", "-            buf.append('=');", "-            buf.append(value == this ? \"(this Map)\" : value);", "+            buf.append(key == this ? \"(this Map)\" : key);", "+            buf.append('=');", "+            buf.append(value == this ? \"(this Map)\" : value);", "-            return new OrderedIterator(parent, insertOrder);", "+            return new ListOrderedIterator(parent, insertOrder);", "-    static class OrderedIterator extends AbstractIteratorDecorator {", "+    //-----------------------------------------------------------------------", "+    static class ListOrderedIterator extends AbstractIteratorDecorator {", "-        OrderedIterator(ListOrderedMap parent, List insertOrder) {", "+        ListOrderedIterator(ListOrderedMap parent, List insertOrder) {", "-            return new OrderedMapEntry(parent, last);", "+            return new ListOrderedMapEntry(parent, last);", "-    static class OrderedMapEntry extends AbstractMapEntry {", "+    //-----------------------------------------------------------------------", "+    static class ListOrderedMapEntry extends AbstractMapEntry {", "-        OrderedMapEntry(ListOrderedMap parent, Object key) {", "+        ListOrderedMapEntry(ListOrderedMap parent, Object key) {", "+    //-----------------------------------------------------------------------", "+    static class ListOrderedMapIterator implements OrderedMapIterator, ResettableIterator {", "+        private final ListOrderedMap parent;", "+        private ListIterator iterator;", "+        private Object last = null;", "+        private boolean readable = false;", "+", "+        ListOrderedMapIterator(ListOrderedMap parent) {", "+            super();", "+            this.parent = parent;", "+            this.iterator = parent.insertOrder.listIterator();", "+        }", "+", "+        public boolean hasNext() {", "+            return iterator.hasNext();", "+        }", "+", "+        public Object next() {", "+            last = iterator.next();", "+            readable = true;", "+            return last;", "+        }", "+", "+        public boolean hasPrevious() {", "+            return iterator.hasPrevious();", "+        }", "+", "+        public Object previous() {", "+            last = iterator.previous();", "+            readable = true;", "+            return last;", "+        }", "+", "+        public void remove() {", "+            if (readable == false) {", "+                throw new IllegalStateException(\"Iterator remove() can only be called after next() and before remove()\");", "+            }", "+            iterator.remove();", "+            parent.map.remove(last);", "+            readable = false;", "+        }", "+", "+        public Object getKey() {", "+            if (readable == false) {", "+                throw new IllegalStateException(\"Iterator getKey() can only be called after next() and before remove()\");", "+            }", "+            return last;", "+        }", "+", "+        public Object getValue() {", "+            if (readable == false) {", "+                throw new IllegalStateException(\"Iterator getValue() can only be called after next() and before remove()\");", "+            }", "+            return parent.get(last);", "+        }", "+", "+        public Object setValue(Object value) {", "+            if (readable == false) {", "+                throw new IllegalStateException(\"Iterator setValue() can only be called after next() and before remove()\");", "+            }", "+            return parent.map.put(last, value);", "+        }", "+", "+        public void reset() {", "+            iterator = parent.insertOrder.listIterator();", "+            last = null;", "+            readable = false;", "+        }", "+", "+        public String toString() {", "+            if (readable == true) {", "+                return \"MapIterator[\" + getKey() + \"=\" + getValue() + \"]\";", "+            } else {", "+                return \"MapIterator[]\";", "+            }", "+        }", "+    }", "+", "- * $Header: /home/jerenkrantz/tmp/commons/commons-convert/cvs/home/cvs/jakarta-commons//collections/src/test/org/apache/commons/collections/iterators/AbstractTestMapIterator.java,v 1.4 2003/11/18 22:37:14 scolebourne Exp $", "+ * $Header: /home/jerenkrantz/tmp/commons/commons-convert/cvs/home/cvs/jakarta-commons//collections/src/test/org/apache/commons/collections/iterators/AbstractTestMapIterator.java,v 1.5 2003/11/20 00:03:05 scolebourne Exp $", "- * @version $Revision: 1.4 $ $Date: 2003/11/18 22:37:14 $", "+ * @version $Revision: 1.5 $ $Date: 2003/11/20 00:03:05 $", "+        assertEquals(\"Map must contain key\", true, map.containsKey(key));", "+        assertEquals(\"Map must not contain old value\", false, map.containsValue(old));", "+        assertEquals(\"Map must contain old value\", true, map.containsValue(newValue));", "+/*", "+ * $Header: /home/jerenkrantz/tmp/commons/commons-convert/cvs/home/cvs/jakarta-commons//collections/src/test/org/apache/commons/collections/iterators/AbstractTestOrderedMapIterator.java,v 1.1 2003/11/20 00:03:05 scolebourne Exp $", "+ * ====================================================================", "+ *", "+ * The Apache Software License, Version 1.1", "+ *", "+ * Copyright (c) 2001-2003 The Apache Software Foundation.  All rights", "+ * reserved.", "+ *", "+ * Redistribution and use in source and binary forms, with or without", "+ * modification, are permitted provided that the following conditions", "+ * are met:", "+ *", "+ * 1. Redistributions of source code must retain the above copyright", "+ *    notice, this list of conditions and the following disclaimer.", "+ *", "+ * 2. Redistributions in binary form must reproduce the above copyright", "+ *    notice, this list of conditions and the following disclaimer in", "+ *    the documentation and/or other materials provided with the", "+ *    distribution.", "+ *", "+ * 3. The end-user documentation included with the redistribution, if", "+ *    any, must include the following acknowledgement:", "+ *       \"This product includes software developed by the", "+ *        Apache Software Foundation (http://www.apache.org/).\"", "+ *    Alternately, this acknowledgement may appear in the software itself,", "+ *    if and wherever such third-party acknowledgements normally appear.", "+ *", "+ * 4. The names \"The Jakarta Project\", \"Commons\", and \"Apache Software", "+ *    Foundation\" must not be used to endorse or promote products derived", "+ *    from this software without prior written permission. For written", "+ *    permission, please contact apache@apache.org.", "+ *", "+ * 5. Products derived from this software may not be called \"Apache\"", "+ *    nor may \"Apache\" appear in their names without prior written", "+ *    permission of the Apache Software Foundation.", "+ *", "+ * THIS SOFTWARE IS PROVIDED ``AS IS'' AND ANY EXPRESSED OR IMPLIED", "+ * WARRANTIES, INCLUDING, BUT NOT LIMITED TO, THE IMPLIED WARRANTIES", "+ * OF MERCHANTABILITY AND FITNESS FOR A PARTICULAR PURPOSE ARE", "+ * DISCLAIMED.  IN NO EVENT SHALL THE APACHE SOFTWARE FOUNDATION OR", "+ * ITS CONTRIBUTORS BE LIABLE FOR ANY DIRECT, INDIRECT, INCIDENTAL,", "+ * SPECIAL, EXEMPLARY, OR CONSEQUENTIAL DAMAGES (INCLUDING, BUT NOT", "+ * LIMITED TO, PROCUREMENT OF SUBSTITUTE GOODS OR SERVICES; LOSS OF", "+ * USE, DATA, OR PROFITS; OR BUSINESS INTERRUPTION) HOWEVER CAUSED AND", "+ * ON ANY THEORY OF LIABILITY, WHETHER IN CONTRACT, STRICT LIABILITY,", "+ * OR TORT (INCLUDING NEGLIGENCE OR OTHERWISE) ARISING IN ANY WAY OUT", "+ * OF THE USE OF THIS SOFTWARE, EVEN IF ADVISED OF THE POSSIBILITY OF", "+ * SUCH DAMAGE.", "+ * ====================================================================", "+ *", "+ * This software consists of voluntary contributions made by many", "+ * individuals on behalf of the Apache Software Foundation.  For more", "+ * information on the Apache Software Foundation, please see", "+ * <http://www.apache.org/>.", "+ *", "+ */", "+package org.apache.commons.collections.iterators;", "+", "+import java.util.ArrayList;", "+import java.util.HashSet;", "+import java.util.Iterator;", "+import java.util.List;", "+import java.util.Map;", "+import java.util.NoSuchElementException;", "+import java.util.Set;", "+", "+/**", "+ * Abstract class for testing the OrderedMapIterator interface.", "+ * <p>", "+ * This class provides a framework for testing an implementation of MapIterator.", "+ * Concrete subclasses must provide the list iterator to be tested.", "+ * They must also specify certain details of how the list iterator operates by", "+ * overriding the supportsXxx() methods if necessary.", "+ *", "+ * @since Commons Collections 3.0", "+ * @version $Revision: 1.1 $ $Date: 2003/11/20 00:03:05 $", "+ *", "+ * @author Stephen Colebourne", "+ */", "+public abstract class AbstractTestOrderedMapIterator extends AbstractTestMapIterator {", "+", "+    /**", "+     * JUnit constructor.", "+     *", "+     * @param testName  the test class name", "+     */", "+    public AbstractTestOrderedMapIterator(String testName) {", "+        super(testName);", "+    }", "+", "+    //-----------------------------------------------------------------------", "+    /**", "+     * Test that the empty list iterator contract is correct.", "+     */", "+    public void testEmptyMapIterator() {", "+        if (supportsEmptyIterator() == false) {", "+            return;", "+        }", "+", "+        super.testEmptyMapIterator();", "+", "+        OrderedMapIterator it = (OrderedMapIterator) makeEmptyMapIterator();", "+        Map map = getMap();", "+        assertEquals(false, it.hasPrevious());", "+        try {", "+            it.previous();", "+            fail();", "+        } catch (NoSuchElementException ex) {}", "+    }", "+", "+    //-----------------------------------------------------------------------", "+    /**", "+     * Test that the full list iterator contract is correct.", "+     */", "+    public void testFullMapIterator() {", "+        if (supportsFullIterator() == false) {", "+            return;", "+        }", "+", "+        super.testFullMapIterator();", "+", "+        OrderedMapIterator it = (OrderedMapIterator) makeFullMapIterator();", "+        Map map = getMap();", "+", "+        assertEquals(true, it.hasNext());", "+        assertEquals(false, it.hasPrevious());", "+        Set set = new HashSet();", "+        while (it.hasNext()) {", "+            // getKey", "+            Object key = it.next();", "+            assertSame(\"it.next() should equals getKey()\", key, it.getKey());", "+            assertTrue(\"Key must be in map\",  map.containsKey(key));", "+            assertTrue(\"Key must be unique\", set.add(key));", "+", "+            // getValue", "+            Object value = it.getValue();", "+            assertSame(\"Value must be mapped to key\", map.get(key), value);", "+            assertTrue(\"Value must be in map\",  map.containsValue(value));", "+            assertSame(\"Value must be mapped to key\", map.get(key), value);", "+", "+            assertEquals(true, it.hasPrevious());", "+", "+            verify();", "+        }", "+        while (it.hasPrevious()) {", "+            // getKey", "+            Object key = it.previous();", "+            assertSame(\"it.previous() should equals getKey()\", key, it.getKey());", "+            assertTrue(\"Key must be in map\",  map.containsKey(key));", "+            assertTrue(\"Key must be unique\", set.remove(key));", "+", "+            // getValue", "+            Object value = it.getValue();", "+            assertSame(\"Value must be mapped to key\", map.get(key), value);", "+            assertTrue(\"Value must be in map\",  map.containsValue(value));", "+            assertSame(\"Value must be mapped to key\", map.get(key), value);", "+", "+            assertEquals(true, it.hasNext());", "+", "+            verify();", "+        }", "+    }", "+", "+    //-----------------------------------------------------------------------", "+    /**", "+     * Test that the iterator order matches the keySet order.", "+     */", "+    public void testMapIteratorOrder() {", "+        if (supportsFullIterator() == false) {", "+            return;", "+        }", "+", "+        OrderedMapIterator it = (OrderedMapIterator) makeFullMapIterator();", "+        Map map = getMap();", "+", "+        assertEquals(\"keySet() not consistent\", new ArrayList(map.keySet()), new ArrayList(map.keySet()));", "+", "+        Iterator it2 = map.keySet().iterator();", "+        assertEquals(true, it.hasNext());", "+        assertEquals(true, it2.hasNext());", "+        List list = new ArrayList();", "+        while (it.hasNext()) {", "+            Object key = it.next();", "+            assertEquals(it2.next(), key);", "+            list.add(key);", "+        }", "+        while (it.hasPrevious()) {", "+            Object key = it.previous();", "+            assertEquals(list.get(list.size() - 1), key);", "+            list.remove(list.size() - 1);", "+        }", "+    }", "+", "+}", "- * $Header: /home/jerenkrantz/tmp/commons/commons-convert/cvs/home/cvs/jakarta-commons//collections/src/test/org/apache/commons/collections/map/TestListOrderedMap.java,v 1.3 2003/11/18 22:37:17 scolebourne Exp $", "+ * $Header: /home/jerenkrantz/tmp/commons/commons-convert/cvs/home/cvs/jakarta-commons//collections/src/test/org/apache/commons/collections/map/TestListOrderedMap.java,v 1.4 2003/11/20 00:03:06 scolebourne Exp $", "-import org.apache.commons.collections.iterators.AbstractTestMapIterator;", "+import org.apache.commons.collections.iterators.AbstractTestOrderedMapIterator;", "- * @version $Revision: 1.3 $ $Date: 2003/11/18 22:37:17 $", "+ * @version $Revision: 1.4 $ $Date: 2003/11/20 00:03:06 $", "-        return new TestOrderedMapIterator();", "+        return new TestListOrderedMapIterator();", "-    public class TestOrderedMapIterator extends AbstractTestMapIterator {", "-        public TestOrderedMapIterator() {", "-            super(\"TestOrderedMapIterator\");", "+    // TODO: Test mapIterator() and orderedMapIterator() separately", "+    public class TestListOrderedMapIterator extends AbstractTestOrderedMapIterator {", "+        public TestListOrderedMapIterator() {", "+            super(\"TestListOrderedMapIterator\");", "-    //-----------------------------------------------------------------------", "-    public void testMapIteratorRemove() {", "-        resetFull();", "-        ListOrderedMap testMap = (ListOrderedMap) map;", "-        MapIterator it = testMap.mapIterator();", "-        assertEquals(true, it.hasNext());", "-        Object key = it.next();", "-", "-        if (isRemoveSupported() == false) {", "-            try {", "-                it.remove();", "-                fail();", "-            } catch (UnsupportedOperationException ex) {", "-            }", "-            return;", "-        }", "-", "-        it.remove();", "-        confirmed.remove(key);", "-        assertEquals(false, testMap.containsKey(key));", "-        verify();", "-", "-        try {", "-            it.remove();  // second remove fails", "-        } catch (IllegalStateException ex) {", "-        }", "-        verify();", "-    }", "-", "-    //-----------------------------------------------------------------------", "-    public void testMapIteratorSet() {", "-        Object newValue1 = getOtherValues()[0];", "-        Object newValue2 = getOtherValues()[1];", "-", "-        resetFull();", "-        ListOrderedMap testMap = (ListOrderedMap) map;", "-        MapIterator it = testMap.mapIterator();", "-        assertEquals(true, it.hasNext());", "-        Object key1 = it.next();", "-", "-        if (isSetValueSupported() == false) {", "-            try {", "-                it.setValue(newValue1);", "-                fail();", "-            } catch (UnsupportedOperationException ex) {", "-            }", "-            return;", "-        }", "-", "-        it.setValue(newValue1);", "-        confirmed.put(key1, newValue1);", "-        assertSame(key1, it.getKey());", "-        assertSame(newValue1, it.getValue());", "-        assertEquals(true, testMap.containsKey(key1));", "-        assertEquals(true, testMap.containsValue(newValue1));", "-        assertEquals(newValue1, testMap.get(key1));", "-        verify();", "-", "-        it.setValue(newValue1);  // same value - should be OK", "-        confirmed.put(key1, newValue1);", "-        assertSame(key1, it.getKey());", "-        assertSame(newValue1, it.getValue());", "-        assertEquals(true, testMap.containsKey(key1));", "-        assertEquals(true, testMap.containsValue(newValue1));", "-        assertEquals(newValue1, testMap.get(key1));", "-        verify();", "-", "-        Object key2 = it.next();", "-        it.setValue(newValue2);", "-        confirmed.put(key2, newValue2);", "-        assertSame(key2, it.getKey());", "-        assertSame(newValue2, it.getValue());", "-        assertEquals(true, testMap.containsKey(key2));", "-        assertEquals(true, testMap.containsValue(newValue2));", "-        assertEquals(newValue2, testMap.get(key2));", "-        verify();", "-    }", "-"], "url": ["https://api.github.com/repos/apache/commons-collections/commits/367f8710b058fc40f79392997a63ec467d329ca7"]}