{"new_feature": "10276,15,64,1575,30,0.13", "commitmessage": "give FailoverClusterTest a bit more time to reconnect\n\ngit-svn-id: https://svn.apache.org/repos/asf/activemq/trunk@1079324 13f79535-47bb-0310-9956-ffa450edef68", "patch": ["@@ -52,7 +52,7 @@ public void testClusterConnectedAfterClients() throws Exception {\n         if (brokerB == null) {\n             brokerB = createBrokerB(BROKER_B_BIND_ADDRESS);\n         }\n-        Thread.sleep(3000);\n+        Thread.sleep(5000);\n         Set<String> set = new HashSet<String>();\n         for (ActiveMQConnection c : connections) {\n             set.add(c.getTransportChannel().getRemoteAddress());\n@@ -66,7 +66,7 @@ public void testClusterURIOptionsStrip() throws Exception {\n             // add in server side only url param, should not be propagated\n             brokerB = createBrokerB(BROKER_B_BIND_ADDRESS + \"?transport.closeAsync=false\");\n         }\n-        Thread.sleep(3000);\n+        Thread.sleep(5000);\n         Set<String> set = new HashSet<String>();\n         for (ActiveMQConnection c : connections) {\n             set.add(c.getTransportChannel().getRemoteAddress());"], "edit": ["-        Thread.sleep(3000);", "+        Thread.sleep(5000);", "-        Thread.sleep(3000);", "+        Thread.sleep(5000);"], "url": ["https://api.github.com/repos/apache/activemq/commits/373417c0df0a2d96b204226eb971360ac39ad558"]}