{"new_feature": "9910,22,88,841,12,0.38", "commitmessage": "Fixed POIFSFileSystem to set CLSID of root when constructing instances from InputStream, see bugzilla 39056\n\ngit-svn-id: https://svn.apache.org/repos/asf/poi/trunk@766757 13f79535-47bb-0310-9956-ffa450edef68", "patch": ["@@ -37,6 +37,8 @@\n \n \t\t<!-- Don't forget to update status.xml too! -->\n         <release version=\"3.5-beta6\" date=\"2009-??-??\">\n+           <action dev=\"POI-DEVELOPERS\" type=\"fix\">39056 - Fixed POIFSFileSystem to set CLSID of root when constructing instances from InputStream</action>\n+           <action dev=\"POI-DEVELOPERS\" type=\"fix\">47054 - Fixed cloneStyleFrom to avoid exception when cloning styles of the same family</action>\n            <action dev=\"POI-DEVELOPERS\" type=\"fix\">46186 - Fixed Sheet to read GutsRecord in the Sheet(RecordStream rs)</action>\n            <action dev=\"POI-DEVELOPERS\" type=\"fix\">46714 - Automatically call sheet.setAlternativeExpression when sheet.setRowSumsBelow is called </action>\n            <action dev=\"POI-DEVELOPERS\" type=\"fix\">46279 - Allow 255 arguments for excel functions in XSSF </action>", "@@ -34,6 +34,8 @@\n \t<!-- Don't forget to update changes.xml too! -->\n     <changes>\n         <release version=\"3.5-beta6\" date=\"2009-??-??\">\n+           <action dev=\"POI-DEVELOPERS\" type=\"fix\">39056 - Fixed POIFSFileSystem to set CLSID of root when constructing instances from InputStream</action>\n+           <action dev=\"POI-DEVELOPERS\" type=\"fix\">47054 - Fixed cloneStyleFrom to avoid exception when cloning styles of the same family</action>\n            <action dev=\"POI-DEVELOPERS\" type=\"fix\">46186 - Fixed Sheet to read GutsRecord in the Sheet(RecordStream rs)</action>\n            <action dev=\"POI-DEVELOPERS\" type=\"fix\">46714 - Automatically call sheet.setAlternativeExpression when sheet.setRowSumsBelow is called </action>\n            <action dev=\"POI-DEVELOPERS\" type=\"fix\">46279 - Allow 255 arguments for excel functions in XSSF </action>", "@@ -183,6 +183,9 @@ public POIFSFileSystem(InputStream stream)\n         \t\tnull,\n         \t\theader_block_reader.getPropertyStart()\n         );\n+\n+        // For whatever reason CLSID of root is always 0.\n+        getRoot().setStorageClsid(properties.getRoot().getStorageClsid());\n     }\n     /**\n      * @param stream the stream to be closed"], "edit": ["+           <action dev=\"POI-DEVELOPERS\" type=\"fix\">39056 - Fixed POIFSFileSystem to set CLSID of root when constructing instances from InputStream</action>", "+           <action dev=\"POI-DEVELOPERS\" type=\"fix\">47054 - Fixed cloneStyleFrom to avoid exception when cloning styles of the same family</action>", "+           <action dev=\"POI-DEVELOPERS\" type=\"fix\">39056 - Fixed POIFSFileSystem to set CLSID of root when constructing instances from InputStream</action>", "+           <action dev=\"POI-DEVELOPERS\" type=\"fix\">47054 - Fixed cloneStyleFrom to avoid exception when cloning styles of the same family</action>", "+", "+        // For whatever reason CLSID of root is always 0.", "+        getRoot().setStorageClsid(properties.getRoot().getStorageClsid());"], "url": ["https://api.github.com/repos/apache/poi/commits/3842f1ff22af5ebf214e2eb5447e96faa134361f"]}