{"new_feature": "5684,5,115,970,30,0.02", "commitmessage": "change tabs into spaces (formatting)", "patch": ["@@ -883,7 +883,7 @@ public void evaluateParams() {\n         evaluateExtraParams();\n     }\n \n-\tprotected String escape(String name) {\n+    protected String escape(String name) {\n         // escape any possible values that can make the ID painful to work with in JavaScript\n         if (name != null) {\n             return name.replaceAll(\"[\\\\/\\\\.\\\\[\\\\]]\", \"_\");\n@@ -930,7 +930,7 @@ protected void enableAncestorFormCustomOnsubmit() {\n             form.addParameter(\"customOnsubmitEnabled\", Boolean.TRUE);\n         } else {\n             if (LOG.isWarnEnabled()) {\n-        \tLOG.warn(\"Cannot find an Ancestor form, custom onsubmit is NOT enabled\");\n+                LOG.warn(\"Cannot find an Ancestor form, custom onsubmit is NOT enabled\");\n             }\n         }\n     }\n@@ -1240,7 +1240,7 @@ public void setTooltipIconPath(String tooltipIconPath) {\n         this.tooltipIconPath = tooltipIconPath;\n     }\n \n-\tpublic void setDynamicAttributes(Map<String, Object> tagDynamicAttributes) {\n+    public void setDynamicAttributes(Map<String, Object> tagDynamicAttributes) {\n         for (Map.Entry<String, Object> entry : tagDynamicAttributes.entrySet()) {\n             String key = entry.getKey();\n \n@@ -1250,12 +1250,12 @@ public void setDynamicAttributes(Map<String, Object> tagDynamicAttributes) {\n         }\n     }\n \n-\t@Override\n-\t/**\n-\t * supports dynamic attributes for freemarker ui tags\n-\t * @see https://issues.apache.org/jira/browse/WW-3174\n+    @Override\n+    /**\n+     * supports dynamic attributes for freemarker ui tags\n+     * @see https://issues.apache.org/jira/browse/WW-3174\n      * @see https://issues.apache.org/jira/browse/WW-4166\n-\t */\n+     */\n     public void copyParams(Map params) {\n         super.copyParams(params);\n         for (Object o : params.entrySet()) {"], "edit": ["-\tprotected String escape(String name) {", "+    protected String escape(String name) {", "-        \tLOG.warn(\"Cannot find an Ancestor form, custom onsubmit is NOT enabled\");", "+                LOG.warn(\"Cannot find an Ancestor form, custom onsubmit is NOT enabled\");", "-\tpublic void setDynamicAttributes(Map<String, Object> tagDynamicAttributes) {", "+    public void setDynamicAttributes(Map<String, Object> tagDynamicAttributes) {", "-\t@Override", "-\t/**", "-\t * supports dynamic attributes for freemarker ui tags", "-\t * @see https://issues.apache.org/jira/browse/WW-3174", "+    @Override", "+    /**", "+     * supports dynamic attributes for freemarker ui tags", "+     * @see https://issues.apache.org/jira/browse/WW-3174", "-\t */", "+     */"], "url": ["https://api.github.com/repos/apache/struts/commits/38e3734930f0ebbb844cc62f38e08f5097947c6e"]}