{"new_feature": "6668,21,114,13751,30,0.02", "commitmessage": "MINOR: Fix hard coded strings in ProduceResponse\n\nAuthor: Grant Henke <granthenke@gmail.com>\n\nReviewers: Ismael Juma, Ewen Cheslack-Postava and Guozhang Wang\n\nCloses #131 from granthenke/minor-string and squashes the following commits:\n\n3c6250d [Grant Henke] MINOR: Fix hard coded strings in ProduceResponse", "patch": ["@@ -76,14 +76,14 @@ public ProduceResponse(Map<TopicPartition, PartitionResponse> responses) {\n     public ProduceResponse(Struct struct) {\n         super(struct);\n         responses = new HashMap<TopicPartition, PartitionResponse>();\n-        for (Object topicResponse : struct.getArray(\"responses\")) {\n+        for (Object topicResponse : struct.getArray(RESPONSES_KEY_NAME)) {\n             Struct topicRespStruct = (Struct) topicResponse;\n-            String topic = topicRespStruct.getString(\"topic\");\n-            for (Object partResponse : topicRespStruct.getArray(\"partition_responses\")) {\n+            String topic = topicRespStruct.getString(TOPIC_KEY_NAME);\n+            for (Object partResponse : topicRespStruct.getArray(PARTITION_RESPONSES_KEY_NAME)) {\n                 Struct partRespStruct = (Struct) partResponse;\n-                int partition = partRespStruct.getInt(\"partition\");\n-                short errorCode = partRespStruct.getShort(\"error_code\");\n-                long offset = partRespStruct.getLong(\"base_offset\");\n+                int partition = partRespStruct.getInt(PARTITION_KEY_NAME);\n+                short errorCode = partRespStruct.getShort(ERROR_CODE_KEY_NAME);\n+                long offset = partRespStruct.getLong(BASE_OFFSET_KEY_NAME);\n                 TopicPartition tp = new TopicPartition(topic, partition);\n                 responses.put(tp, new PartitionResponse(errorCode, offset));\n             }"], "edit": ["-        for (Object topicResponse : struct.getArray(\"responses\")) {", "+        for (Object topicResponse : struct.getArray(RESPONSES_KEY_NAME)) {", "-            String topic = topicRespStruct.getString(\"topic\");", "-            for (Object partResponse : topicRespStruct.getArray(\"partition_responses\")) {", "+            String topic = topicRespStruct.getString(TOPIC_KEY_NAME);", "+            for (Object partResponse : topicRespStruct.getArray(PARTITION_RESPONSES_KEY_NAME)) {", "-                int partition = partRespStruct.getInt(\"partition\");", "-                short errorCode = partRespStruct.getShort(\"error_code\");", "-                long offset = partRespStruct.getLong(\"base_offset\");", "+                int partition = partRespStruct.getInt(PARTITION_KEY_NAME);", "+                short errorCode = partRespStruct.getShort(ERROR_CODE_KEY_NAME);", "+                long offset = partRespStruct.getLong(BASE_OFFSET_KEY_NAME);"], "url": ["https://api.github.com/repos/apache/kafka/commits/3902dc024595baf715cdfc8fa4b66aacbeca72d1"]}