{"new_feature": "28824,27,0,14015,30,0.22", "commitmessage": "e.setAttribute('a', v) is apparently different from e.a=v.", "patch": ["@@ -73,7 +73,7 @@ THE SOFTWARE.\n                   r.appendChild(d);\n \n                   d = document.createElement('td');\n-                  d.data = e.timeSortKey;\n+                  d.setAttribute('data', e.timeSortKey);\n                   d.appendChild(document.createTextNode(e.lastChangeTimeString));\n                   r.appendChild(d);\n "], "edit": ["-                  d.data = e.timeSortKey;", "+                  d.setAttribute('data', e.timeSortKey);"], "url": ["https://api.github.com/repos/jenkinsci/jenkins/commits/3a603cf5786f6ecc41ee077015295685530e3a97"]}