{"new_feature": "15944,1,65,106,13,0.88", "commitmessage": "Add some Javadoc\n\ngit-svn-id: https://svn.apache.org/repos/asf/tomcat/trunk@1416262 13f79535-47bb-0310-9956-ffa450edef68", "patch": ["@@ -16,6 +16,9 @@\n  */\n package org.apache.tomcat.websocket;\n \n+/**\n+ * Internal implementation constants.\n+ */\n public class Constants {\n \n     protected static final String PACKAGE_NAME = \"org.apache.tomcat.websocket\";", "@@ -16,6 +16,13 @@\n  */\n package org.apache.tomcat.websocket;\n \n+/**\n+ * Stores the parameter type and name for a parameter that needs to be passed to\n+ * an onXxx method of {@link javax.websocket.Endpoint}. The name is only present\n+ * for parameters annotated with {@link javax.websocket.WebSocketPathParam}. For\n+ * the {@link javax.websocket.Session} and {@link java.lang.Throwable}\n+ * parameters, {@link #getName()} will always return <code>null</code>.\n+ */\n public class PathParam {\n     private final Class<?> type;\n     private final String name;", "@@ -26,6 +26,11 @@\n import javax.websocket.WebSocketOpen;\n import javax.websocket.WebSocketPathParam;\n \n+/**\n+ * For a POJO class annotated with {@link javax.websocket.WebSocketEndpoint}, an\n+ * instance of this class caches the method and parameter information for the\n+ * onXXX calls.\n+ */\n public class PojoMethodMapping {\n \n     private final Method onOpen;", "@@ -23,6 +23,10 @@\n import java.util.regex.Matcher;\n import java.util.regex.Pattern;\n \n+/**\n+ * Extracts path parameters from URIs used to create web socket connections\n+ * using the URI template defined for the associated Endpoint.\n+ */\n public class UriTemplate {\n \n     private final Pattern pattern;", "@@ -24,6 +24,11 @@\n import javax.websocket.EndpointConfiguration;\n import javax.websocket.Session;\n \n+/**\n+ * Wrapper class for instances of POJOs annotated with\n+ * {@link javax.websocket.WebSocketEndpoint} so they appear as standard\n+ * {@link Endpoint} instances.\n+ */\n public class WsEndpointPojo extends Endpoint {\n \n     private final Object pojo;", "@@ -20,6 +20,9 @@\n import javax.servlet.http.WebConnection;\n import javax.websocket.Endpoint;\n \n+/**\n+ * Servlet 3.1 HTTP upgrade handler for WebSocket connections.\n+ */\n public class WsProtocolHandler implements ProtocolHandler {\n \n     private final Endpoint ep;", "@@ -37,7 +37,9 @@\n import javax.websocket.ServerEndpointConfiguration;\n import javax.xml.bind.DatatypeConverter;\n \n-\n+/**\n+ * Handles the initial HTTP connection for WebSocket connections.\n+ */\n public class WsServlet extends HttpServlet {\n \n     private static final long serialVersionUID = 1L;"], "edit": ["+/**", "+ * Internal implementation constants.", "+ */", "+/**", "+ * Stores the parameter type and name for a parameter that needs to be passed to", "+ * an onXxx method of {@link javax.websocket.Endpoint}. The name is only present", "+ * for parameters annotated with {@link javax.websocket.WebSocketPathParam}. For", "+ * the {@link javax.websocket.Session} and {@link java.lang.Throwable}", "+ * parameters, {@link #getName()} will always return <code>null</code>.", "+ */", "+/**", "+ * For a POJO class annotated with {@link javax.websocket.WebSocketEndpoint}, an", "+ * instance of this class caches the method and parameter information for the", "+ * onXXX calls.", "+ */", "+/**", "+ * Extracts path parameters from URIs used to create web socket connections", "+ * using the URI template defined for the associated Endpoint.", "+ */", "+/**", "+ * Wrapper class for instances of POJOs annotated with", "+ * {@link javax.websocket.WebSocketEndpoint} so they appear as standard", "+ * {@link Endpoint} instances.", "+ */", "+/**", "+ * Servlet 3.1 HTTP upgrade handler for WebSocket connections.", "+ */", "-", "+/**", "+ * Handles the initial HTTP connection for WebSocket connections.", "+ */"], "url": ["https://api.github.com/repos/apache/tomcat80/commits/3d559fcfdd4e8c55a6a09c58cb92274bed5b98a2"]}