{"new_feature": "28824,27,0,14015,30,0.36", "commitmessage": "the trunk is toward 1.517-SNAPSHOT", "patch": ["@@ -5,7 +5,7 @@\n   <parent>\n     <artifactId>pom</artifactId>\n     <groupId>org.jenkins-ci.main</groupId>\n-    <version>1.516-SNAPSHOT</version>\n+    <version>1.517-SNAPSHOT</version>\n   </parent>\n \n   <artifactId>cli</artifactId>", "@@ -29,7 +29,7 @@ THE SOFTWARE.\n   <parent>\n     <groupId>org.jenkins-ci.main</groupId>\n     <artifactId>pom</artifactId>\n-    <version>1.516-SNAPSHOT</version>\n+    <version>1.517-SNAPSHOT</version>\n     <relativePath>../pom.xml</relativePath>\n   </parent>\n ", "@@ -29,7 +29,7 @@ THE SOFTWARE.\n   <parent>\n     <groupId>org.jenkins-ci.main</groupId>\n     <artifactId>pom</artifactId>\n-    <version>1.516-SNAPSHOT</version>\n+    <version>1.517-SNAPSHOT</version>\n   </parent>\n \n   <artifactId>maven-plugin</artifactId>", "@@ -11,7 +11,7 @@\n   <groupId>org.jenkins-ci.plugins</groupId>\n   <artifactId>plugin</artifactId>\n   <name>Jenkins plugin POM</name>\n-  <version>1.516-SNAPSHOT</version>\n+  <version>1.517-SNAPSHOT</version>\n   <packaging>pom</packaging>\n \n   <!--\n@@ -38,7 +38,7 @@\n       <dependency><!-- if a plugin wants to depend on the maven plugin, choose the right version automatically -->\n         <groupId>org.jenkins-ci.main</groupId>\n         <artifactId>maven-plugin</artifactId>\n-        <version>1.516-SNAPSHOT</version>\n+        <version>1.517-SNAPSHOT</version>\n       </dependency>\n     </dependencies>\n   </dependencyManagement>\n@@ -48,25 +48,25 @@\n       <groupId>org.jenkins-ci.main</groupId>\n       <artifactId>jenkins-war</artifactId>\n       <type>war</type>\n-      <version>1.516-SNAPSHOT</version>\n+      <version>1.517-SNAPSHOT</version>\n       <scope>test</scope>\n     </dependency>\n     <dependency>\n       <groupId>org.jenkins-ci.main</groupId>\n       <artifactId>jenkins-core</artifactId>\n-      <version>1.516-SNAPSHOT</version>\n+      <version>1.517-SNAPSHOT</version>\n       <scope>provided</scope>\n     </dependency>\n     <dependency>\n       <groupId>org.jenkins-ci.main</groupId>\n       <artifactId>jenkins-test-harness</artifactId>\n-      <version>1.516-SNAPSHOT</version>\n+      <version>1.517-SNAPSHOT</version>\n       <scope>test</scope>\n     </dependency>\n     <dependency>\n       <groupId>org.jenkins-ci.main</groupId>\n       <artifactId>ui-samples-plugin</artifactId>\n-      <version>1.516-SNAPSHOT</version>\n+      <version>1.517-SNAPSHOT</version>\n       <scope>test</scope>\n     </dependency>\n     <!--", "@@ -33,7 +33,7 @@ THE SOFTWARE.\n \n   <groupId>org.jenkins-ci.main</groupId>\n   <artifactId>pom</artifactId>\n-  <version>1.516-SNAPSHOT</version>\n+  <version>1.517-SNAPSHOT</version>\n   <packaging>pom</packaging>\n \n   <name>Jenkins main module</name>", "@@ -29,7 +29,7 @@ THE SOFTWARE.\n   <parent>\n     <artifactId>pom</artifactId>\n     <groupId>org.jenkins-ci.main</groupId>\n-    <version>1.516-SNAPSHOT</version>\n+    <version>1.517-SNAPSHOT</version>\n   </parent>\n   <groupId>org.jenkins-ci.main</groupId>\n   <artifactId>jenkins-test-harness</artifactId>", "@@ -29,7 +29,7 @@ THE SOFTWARE.\n   <parent>\n     <groupId>org.jenkins-ci.main</groupId>\n     <artifactId>pom</artifactId>\n-    <version>1.516-SNAPSHOT</version>\n+    <version>1.517-SNAPSHOT</version>\n   </parent>\n \n   <artifactId>ui-samples-plugin</artifactId>", "@@ -28,7 +28,7 @@ THE SOFTWARE.\n   <parent>\n     <groupId>org.jenkins-ci.main</groupId>\n     <artifactId>pom</artifactId>\n-    <version>1.516-SNAPSHOT</version>\n+    <version>1.517-SNAPSHOT</version>\n     <relativePath>../pom.xml</relativePath>\n   </parent>\n "], "edit": ["-    <version>1.516-SNAPSHOT</version>", "+    <version>1.517-SNAPSHOT</version>", "-    <version>1.516-SNAPSHOT</version>", "+    <version>1.517-SNAPSHOT</version>", "-    <version>1.516-SNAPSHOT</version>", "+    <version>1.517-SNAPSHOT</version>", "-  <version>1.516-SNAPSHOT</version>", "+  <version>1.517-SNAPSHOT</version>", "-        <version>1.516-SNAPSHOT</version>", "+        <version>1.517-SNAPSHOT</version>", "-      <version>1.516-SNAPSHOT</version>", "+      <version>1.517-SNAPSHOT</version>", "-      <version>1.516-SNAPSHOT</version>", "+      <version>1.517-SNAPSHOT</version>", "-      <version>1.516-SNAPSHOT</version>", "+      <version>1.517-SNAPSHOT</version>", "-      <version>1.516-SNAPSHOT</version>", "+      <version>1.517-SNAPSHOT</version>", "-  <version>1.516-SNAPSHOT</version>", "+  <version>1.517-SNAPSHOT</version>", "-    <version>1.516-SNAPSHOT</version>", "+    <version>1.517-SNAPSHOT</version>", "-    <version>1.516-SNAPSHOT</version>", "+    <version>1.517-SNAPSHOT</version>", "-    <version>1.516-SNAPSHOT</version>", "+    <version>1.517-SNAPSHOT</version>"], "url": ["https://api.github.com/repos/jenkinsci/jenkins/commits/3e66acc7eb7020a9dad2fe33d782b1d1b5a6414f"]}