{"new_feature": "25386,19,108,23719,30,0.03", "commitmessage": "[SPARK-25727][SQL] Add outputOrdering to otherCopyArgs in InMemoryRelation\n\n## What changes were proposed in this pull request?\nAdd `outputOrdering ` to `otherCopyArgs` in InMemoryRelation so that this field will be copied when we doing the tree transformation.\n\n```\n    val data = Seq(100).toDF(\"count\").cache()\n    data.queryExecution.optimizedPlan.toJSON\n```\n\nThe above code can generate the following error:\n\n```\nassertion failed: InMemoryRelation fields: output, cacheBuilder, statsOfPlanToCache, outputOrdering, values: List(count#178), CachedRDDBuilder(true,10000,StorageLevel(disk, memory, deserialized, 1 replicas),*(1) Project [value#176 AS count#178]\n+- LocalTableScan [value#176]\n,None), Statistics(sizeInBytes=12.0 B, hints=none)\njava.lang.AssertionError: assertion failed: InMemoryRelation fields: output, cacheBuilder, statsOfPlanToCache, outputOrdering, values: List(count#178), CachedRDDBuilder(true,10000,StorageLevel(disk, memory, deserialized, 1 replicas),*(1) Project [value#176 AS count#178]\n+- LocalTableScan [value#176]\n,None), Statistics(sizeInBytes=12.0 B, hints=none)\n\tat scala.Predef$.assert(Predef.scala:170)\n\tat org.apache.spark.sql.catalyst.trees.TreeNode.jsonFields(TreeNode.scala:611)\n\tat org.apache.spark.sql.catalyst.trees.TreeNode.org$apache$spark$sql$catalyst$trees$TreeNode$$collectJsonValue$1(TreeNode.scala:599)\n\tat org.apache.spark.sql.catalyst.trees.TreeNode.jsonValue(TreeNode.scala:604)\n\tat org.apache.spark.sql.catalyst.trees.TreeNode.toJSON(TreeNode.scala:590)\n```\n\n## How was this patch tested?\n\nAdded a test\n\nCloses #22715 from gatorsmile/copyArgs1.\n\nAuthored-by: gatorsmile <gatorsmile@gmail.com>\nSigned-off-by: Dongjoon Hyun <dongjoon@apache.org>\n(cherry picked from commit 6c3f2c6a6aa69f80de5504961cfd61b9a61ea7ce)\nSigned-off-by: Dongjoon Hyun <dongjoon@apache.org>", "patch": ["@@ -206,7 +206,7 @@ case class InMemoryRelation(\n         outputOrdering).asInstanceOf[this.type]\n   }\n \n-  override protected def otherCopyArgs: Seq[AnyRef] = Seq(statsOfPlanToCache)\n+  override protected def otherCopyArgs: Seq[AnyRef] = Seq(statsOfPlanToCache, outputOrdering)\n \n   override def simpleString: String =\n     s\"InMemoryRelation [${Utils.truncatedString(output, \", \")}], ${cacheBuilder.storageLevel}\"", "@@ -488,6 +488,12 @@ class InMemoryColumnarQuerySuite extends QueryTest with SharedSQLContext {\n     }\n   }\n \n+  test(\"SPARK-25727 - otherCopyArgs in InMemoryRelation does not include outputOrdering\") {\n+    val data = Seq(100).toDF(\"count\").cache()\n+    val json = data.queryExecution.optimizedPlan.toJSON\n+    assert(json.contains(\"outputOrdering\") && json.contains(\"statsOfPlanToCache\"))\n+  }\n+\n   test(\"SPARK-22673: InMemoryRelation should utilize existing stats of the plan to be cached\") {\n     // This test case depends on the size of parquet in statistics.\n     withSQLConf("], "edit": ["-  override protected def otherCopyArgs: Seq[AnyRef] = Seq(statsOfPlanToCache)", "+  override protected def otherCopyArgs: Seq[AnyRef] = Seq(statsOfPlanToCache, outputOrdering)", "+  test(\"SPARK-25727 - otherCopyArgs in InMemoryRelation does not include outputOrdering\") {", "+    val data = Seq(100).toDF(\"count\").cache()", "+    val json = data.queryExecution.optimizedPlan.toJSON", "+    assert(json.contains(\"outputOrdering\") && json.contains(\"statsOfPlanToCache\"))", "+  }", "+"], "url": ["https://api.github.com/repos/apache/spark/commits/3e776d73b87b8dd7cda603e409dbc4eb258748bb"]}