{"new_feature": "1272,5,101,84,9,0.06", "commitmessage": "Allow using custom values as identifier for Sortable items\n\nChange the type of SortableEvent#hash to String and move the casting to int in SortableBehavior#findItem()/Sortable#findItem().\nThis way a specialization of Sortable(Behavior) could use something else than the hashCode if needed.", "patch": ["@@ -269,9 +269,20 @@ public void onRemove(AjaxRequestTarget target, T item)\n \t\t\t{\n \t\t\t\tSortable.this.onRemove(target, item);\n \t\t\t}\n+\n+\t\t\t@Override\n+\t\t\tprotected T findItem(String hash, List<T> list)\n+\t\t\t{\n+\t\t\t\treturn Sortable.this.findItem(hash, list);\n+\t\t\t}\n \t\t};\n \t}\n \n+\tprotected T findItem(String hash, List<T> list)\n+\t{\n+\t\treturn ListUtils.fromHash(Integer.parseInt(hash, 10), list);\n+\t}\n+\n \t/**\n \t * Gets a new {@link HashListView}\n \t *", "@@ -134,7 +134,7 @@ public void onAjax(AjaxRequestTarget target, JQueryEvent event)\n \t\tif (event instanceof SortableEvent)\n \t\t{\n \t\t\tSortableEvent ev = (SortableEvent) event;\n-\t\t\tint hash = ev.getHash();\n+\t\t\tString hash = ev.getHash();\n \t\t\tint index = ev.getIndex();\n \n \t\t\tif (event instanceof UpdateEvent)\n@@ -143,7 +143,7 @@ public void onAjax(AjaxRequestTarget target, JQueryEvent event)\n \n \t\t\t\tif (list != null)\n \t\t\t\t{\n-\t\t\t\t\tthis.onUpdate(target, ListUtils.fromHash(hash, list), index);\n+\t\t\t\t\tthis.onUpdate(target, findItem(hash, list), index);\n \t\t\t\t}\n \t\t\t}\n \n@@ -153,7 +153,7 @@ public void onAjax(AjaxRequestTarget target, JQueryEvent event)\n \n \t\t\t\tif (!list.isEmpty())\n \t\t\t\t{\n-\t\t\t\t\tthis.onReceive(target, ListUtils.fromHash(hash, list), index);\n+\t\t\t\t\tthis.onReceive(target, findItem(hash, list), index);\n \t\t\t\t}\n \t\t\t}\n \n@@ -163,12 +163,17 @@ public void onAjax(AjaxRequestTarget target, JQueryEvent event)\n \n \t\t\t\tif (list != null)\n \t\t\t\t{\n-\t\t\t\t\tthis.onRemove(target, ListUtils.fromHash(hash, list));\n+\t\t\t\t\tthis.onRemove(target, findItem(hash, list));\n \t\t\t\t}\n \t\t\t}\n \t\t}\n \t}\n \n+\tprotected T findItem(String hash, List<T> list)\n+\t{\n+\t\treturn ListUtils.fromHash(Integer.parseInt(hash, 10), list);\n+\t}\n+\n \t// Factories //\n \n \t/**\n@@ -253,12 +258,12 @@ protected JQueryEvent newEvent()\n \t */\n \tprotected static class SortableEvent extends JQueryEvent\n \t{\n-\t\tprivate final int hash;\n+\t\tprivate final String hash;\n \t\tprivate final int index;\n \n \t\tpublic SortableEvent()\n \t\t{\n-\t\t\tthis.hash = RequestCycleUtils.getQueryParameterValue(\"hash\").toInt(0);\n+\t\t\tthis.hash = RequestCycleUtils.getQueryParameterValue(\"hash\").toString();\n \t\t\tthis.index = RequestCycleUtils.getQueryParameterValue(\"index\").toInt(-1); // remove-behavior will default to -1\n \t\t}\n \n@@ -267,7 +272,7 @@ public SortableEvent()\n \t\t *\n \t\t * @return the hash\n \t\t */\n-\t\tpublic int getHash()\n+\t\tpublic String getHash()\n \t\t{\n \t\t\treturn this.hash;\n \t\t}"], "edit": ["+", "+\t\t\t@Override", "+\t\t\tprotected T findItem(String hash, List<T> list)", "+\t\t\t{", "+\t\t\t\treturn Sortable.this.findItem(hash, list);", "+\t\t\t}", "+\tprotected T findItem(String hash, List<T> list)", "+\t{", "+\t\treturn ListUtils.fromHash(Integer.parseInt(hash, 10), list);", "+\t}", "+", "-\t\t\tint hash = ev.getHash();", "+\t\t\tString hash = ev.getHash();", "-\t\t\t\t\tthis.onUpdate(target, ListUtils.fromHash(hash, list), index);", "+\t\t\t\t\tthis.onUpdate(target, findItem(hash, list), index);", "-\t\t\t\t\tthis.onReceive(target, ListUtils.fromHash(hash, list), index);", "+\t\t\t\t\tthis.onReceive(target, findItem(hash, list), index);", "-\t\t\t\t\tthis.onRemove(target, ListUtils.fromHash(hash, list));", "+\t\t\t\t\tthis.onRemove(target, findItem(hash, list));", "+\tprotected T findItem(String hash, List<T> list)", "+\t{", "+\t\treturn ListUtils.fromHash(Integer.parseInt(hash, 10), list);", "+\t}", "+", "-\t\tprivate final int hash;", "+\t\tprivate final String hash;", "-\t\t\tthis.hash = RequestCycleUtils.getQueryParameterValue(\"hash\").toInt(0);", "+\t\t\tthis.hash = RequestCycleUtils.getQueryParameterValue(\"hash\").toString();", "-\t\tpublic int getHash()", "+\t\tpublic String getHash()"], "url": ["https://api.github.com/repos/sebfz1/wicket-jquery-ui/commits/3f7edbe64206de9a5dfbb607c5820addff6a1594"]}