{"new_feature": "8840,23,90,602,30,0.70", "commitmessage": "", "patch": ["@@ -23,6 +23,7 @@\n package com.noelios.restlet;\r\n \r\n import java.io.IOException;\r\n+import java.util.ArrayList;\r\n import java.util.List;\r\n import java.util.logging.Level;\r\n import java.util.logging.Logger;\r\n@@ -32,9 +33,12 @@\n import org.restlet.Restlet;\r\n import org.restlet.component.Component;\r\n import org.restlet.connector.Client;\r\n+import org.restlet.data.MediaTypes;\r\n+import org.restlet.data.Reference;\r\n import org.restlet.data.ReferenceList;\r\n import org.restlet.data.Representation;\r\n \r\n+import com.noelios.restlet.data.StringRepresentation;\r\n import com.noelios.restlet.impl.ContextClient;\r\n import com.noelios.restlet.impl.DirectoryResource;\r\n \r\n@@ -180,15 +184,26 @@ public void setDeeply(boolean deeply)\n    }\r\n    \r\n    /**\r\n-    * Returns the variant representations of a directory.\r\n+    * Returns the variant representations of a directory. This method can be subclassed in order to provide\r\n+    * alternative representations.\r\n     * @param directoryContent The list of references contained in the directory.\r\n     * @return The variant representations of a directory.\r\n     */\r\n    public List<Representation> getDirectoryVariants(ReferenceList directoryContent)\r\n    {\r\n-   \t\r\n-   \t\r\n-   \treturn null;\r\n+   \t// Create a simple HTML list\r\n+   \tStringBuilder sb = new StringBuilder();\r\n+   \tsb.append(\"<html><body>\\n\");\r\n+   \tfor(Reference ref : directoryContent)\r\n+   \t{\r\n+   \t\tsb.append(\"<a href=\\\"\" + ref.toString() + \"\\\">\" + ref.toString() + \"</a>\\n\");\r\n+   \t}\r\n+   \tsb.append(\"</body></html>\\n\");\r\n+\r\n+   \t// Create the variants list\r\n+   \tList<Representation> result = new ArrayList<Representation>();\r\n+   \tresult.add(new StringRepresentation(sb.toString(), MediaTypes.TEXT_HTML));\r\n+   \treturn result;\r\n    }\r\n \r\n }\r"], "edit": ["+import java.util.ArrayList;", "+import org.restlet.data.MediaTypes;", "+import org.restlet.data.Reference;", "+import com.noelios.restlet.data.StringRepresentation;", "-    * Returns the variant representations of a directory.", "+    * Returns the variant representations of a directory. This method can be subclassed in order to provide", "+    * alternative representations.", "-", "-", "-   \treturn null;", "+   \t// Create a simple HTML list", "+   \tStringBuilder sb = new StringBuilder();", "+   \tsb.append(\"<html><body>\\n\");", "+   \tfor(Reference ref : directoryContent)", "+   \t{", "+   \t\tsb.append(\"<a href=\\\"\" + ref.toString() + \"\\\">\" + ref.toString() + \"</a>\\n\");", "+   \t}", "+   \tsb.append(\"</body></html>\\n\");", "+", "+   \t// Create the variants list", "+   \tList<Representation> result = new ArrayList<Representation>();", "+   \tresult.add(new StringRepresentation(sb.toString(), MediaTypes.TEXT_HTML));", "+   \treturn result;"], "url": ["https://api.github.com/repos/restlet/restlet-framework-java/commits/400cb5b8debd7b3ae02a90c40620f8378fe5e4d4"]}