{"new_feature": "4550,35,53,883,30,0.21", "commitmessage": "TIKA-1772 More WebVTT unit tests", "patch": ["@@ -1018,8 +1018,17 @@ public void testCodeFormats() throws Exception {\n \n     @Test\n     public void testWebVTT() throws Exception {\n+        // With the most common text header\n         assertType(\"text/vtt\", \"testWebVTT.vtt\");\n         assertTypeByData(\"text/vtt\", \"testWebVTT.vtt\");\n+\n+        // With no text header, just plain WebVTT one\n+        assertType(\"text/vtt\", \"testWebVTT_simple.vtt\");\n+        assertTypeByData(\"text/vtt\", \"testWebVTT_simple.vtt\");\n+\n+        // With a custom text header\n+        assertType(\"text/vtt\", \"testWebVTT_header.vtt\");\n+        assertTypeByData(\"text/vtt\", \"testWebVTT_header.vtt\");\n     }\n     \n     @Test"], "edit": ["+        // With the most common text header", "+", "+        // With no text header, just plain WebVTT one", "+        assertType(\"text/vtt\", \"testWebVTT_simple.vtt\");", "+        assertTypeByData(\"text/vtt\", \"testWebVTT_simple.vtt\");", "+", "+        // With a custom text header", "+        assertType(\"text/vtt\", \"testWebVTT_header.vtt\");", "+        assertTypeByData(\"text/vtt\", \"testWebVTT_header.vtt\");"], "url": ["https://api.github.com/repos/apache/tika/commits/40647ea4e929683ae41422bdd3144cf84f24d0e0"]}