{"new_feature": "15206,20,149,587,30,0.37", "commitmessage": "[CXF-4819] Don't actually remove the attributes as SoapHandlers or Provider<SOAPMessage> or similar may need/expect them.   Instead, ignore those attributes for the purpose of validation.\n\ngit-svn-id: https://svn.apache.org/repos/asf/cxf/trunk@1447876 13f79535-47bb-0310-9956-ffa450edef68", "patch": ["@@ -229,12 +229,8 @@ public void handleMessage(SoapMessage message) {\n                                                            dataBinding);\n                         String mu = hel.getAttributeNS(soapVersion.getNamespace(),\n                                                       soapVersion.getAttrNameMustUnderstand());\n-                        hel.removeAttributeNS(soapVersion.getNamespace(),\n-                                           soapVersion.getAttrNameMustUnderstand());\n                         String act = hel.getAttributeNS(soapVersion.getNamespace(),\n                                                         soapVersion.getAttrNameRole());\n-                        hel.removeAttributeNS(soapVersion.getNamespace(),\n-                                              soapVersion.getAttrNameRole());\n \n                         if (!StringUtils.isEmpty(act)) {\n                             shead.setActor(act);", "@@ -27,11 +27,14 @@\n import javax.xml.stream.XMLStreamReader;\n import javax.xml.transform.dom.DOMSource;\n import javax.xml.validation.Schema;\n+import javax.xml.validation.Validator;\n \n import org.w3c.dom.Element;\n import org.w3c.dom.Node;\n \n+import org.xml.sax.ErrorHandler;\n import org.xml.sax.SAXException;\n+import org.xml.sax.SAXParseException;\n \n import org.apache.cxf.annotations.SchemaValidation.SchemaValidationType;\n import org.apache.cxf.binding.soap.SoapMessage;\n@@ -162,21 +165,38 @@ public void handleMessage(Message m) throws Fault {\n         }\n     }\n \n-    private void validateHeader(SoapMessage message, MessagePartInfo mpi, Schema schema) {\n+    private void validateHeader(final SoapMessage message, MessagePartInfo mpi, Schema schema) {\n         Header param = findHeader(message, mpi);\n-        Element el = null;\n         if (param != null\n             && param.getDataBinding() == null) {\n             Node source = (Node)param.getObject();\n-            if (source instanceof Element) {\n-                el = (Element)source;\n-            } else {\n+            if (!(source instanceof Element)) {\n                 return;\n             }\n             if (schema != null) {\n+                final Element el = (Element)source;\n                 DOMSource ds = new DOMSource(el);\n                 try {\n-                    schema.newValidator().validate(ds);\n+                    Validator v = schema.newValidator();\n+                    ErrorHandler errorHandler = new ErrorHandler() {\n+                        public void warning(SAXParseException exception) throws SAXException {\n+                        }\n+                        public void error(SAXParseException exception) throws SAXException {\n+                            String msg = exception.getMessage();\n+                            if (msg.contains(el.getLocalName())\n+                                && (msg.contains(\":\" + message.getVersion().getAttrNameRole())\n+                                    || msg.contains(\":\" + message.getVersion().getAttrNameMustUnderstand()))) {\n+                                return;\n+                            }\n+                            System.out.println(\"2\");\n+                            throw exception;\n+                        }\n+                        public void fatalError(SAXParseException exception) throws SAXException {\n+                            throw exception;\n+                        }\n+                    };\n+                    v.setErrorHandler(errorHandler);\n+                    v.validate(ds);\n                 } catch (SAXException e) {\n                     throw new Fault(\"COULD_NOT_VALIDATE_SOAP_HEADER_CAUSED_BY\", LOG, e, e.getClass()\n                         .getCanonicalName(), e.getMessage());"], "edit": ["-                        hel.removeAttributeNS(soapVersion.getNamespace(),", "-                                           soapVersion.getAttrNameMustUnderstand());", "-                        hel.removeAttributeNS(soapVersion.getNamespace(),", "-                                              soapVersion.getAttrNameRole());", "+import javax.xml.validation.Validator;", "+import org.xml.sax.ErrorHandler;", "+import org.xml.sax.SAXParseException;", "-    private void validateHeader(SoapMessage message, MessagePartInfo mpi, Schema schema) {", "+    private void validateHeader(final SoapMessage message, MessagePartInfo mpi, Schema schema) {", "-        Element el = null;", "-            if (source instanceof Element) {", "-                el = (Element)source;", "-            } else {", "+            if (!(source instanceof Element)) {", "+                final Element el = (Element)source;", "-                    schema.newValidator().validate(ds);", "+                    Validator v = schema.newValidator();", "+                    ErrorHandler errorHandler = new ErrorHandler() {", "+                        public void warning(SAXParseException exception) throws SAXException {", "+                        }", "+                        public void error(SAXParseException exception) throws SAXException {", "+                            String msg = exception.getMessage();", "+                            if (msg.contains(el.getLocalName())", "+                                && (msg.contains(\":\" + message.getVersion().getAttrNameRole())", "+                                    || msg.contains(\":\" + message.getVersion().getAttrNameMustUnderstand()))) {", "+                                return;", "+                            }", "+                            System.out.println(\"2\");", "+                            throw exception;", "+                        }", "+                        public void fatalError(SAXParseException exception) throws SAXException {", "+                            throw exception;", "+                        }", "+                    };", "+                    v.setErrorHandler(errorHandler);", "+                    v.validate(ds);"], "url": ["https://api.github.com/repos/apache/cxf/commits/406467961cf47f7d01c591a94d993cc234db4448"]}