{"new_feature": "14508,22,0,705,30,0.00", "commitmessage": "[LION] update korean - App and Network properties\n\nChange-Id: I20a2a8ecb307a7fbc2ff739b7aaa90624c4ac252", "patch": ["@@ -30,7 +30,7 @@ port=\ud3ec\ud2b8\n # --- Elements (Plural)\n nodes=\ub178\ub4dc\n topologies=\ud1a0\ud3f4\ub85c\uc9c0\n-topology_sccs=\ud1a0\ud3f4\ub85c\uc9c0 \uac15\ud55c \uc5f0\uacb0 \uc694\uc18c\n+topology_sccs=\ud1a0\ud3f4\ub85c\uc9c0 SCCs\n networks=\ub124\ud2b8\uc6cc\ud06c\n regions=\ub9ac\uc83c\n devices=\uc7a5\uce58", "@@ -16,26 +16,26 @@\n #\n \n # Text that appears in the navigation panel\n-nav_item_app=\uc5b4\ud50c\ub9ac\ucf00\uc774\uc158\n+nav_item_app=\uc560\ud50c\ub9ac\ucf00\uc774\uc158\n \n # View title\n-title_apps=\uc5b4\ud50c\ub9ac\ucf00\uc774\uc158\n+title_apps=\uc560\ud50c\ub9ac\ucf00\uc774\uc158\n \n # Control button tooltips\n-tt_ctl_upload=\uc5b4\ud50c\ub9ac\ucf00\uc774\uc158 \uc5c5\ub85c\ub4dc (.oar \ud30c\uc77c)\n-tt_ctl_activate=\uc120\ud0dd\ub41c \uc5b4\ud50c\ub9ac\ucf00\uc774\uc158 \ud65c\uc131\ud654\n-tt_ctl_deactivate=\uc120\ud0dd\ub41c \uc5b4\ud50c\ub9ac\ucf00\uc774\uc158 \ube44\ud65c\uc131\ud654\n-tt_ctl_uninstall=\uc120\ud0dd\ub41c \uc5b4\ud50c\ub9ac\ucf00\uc774\uc158 \uc0ad\uc81c\n-tt_ctl_download=Download selected application (.oar file) (ko)\n+tt_ctl_upload=\uc560\ud50c\ub9ac\ucf00\uc774\uc158 \uc5c5\ub85c\ub4dc (.oar \ud30c\uc77c)\n+tt_ctl_activate=\uc120\ud0dd\ub41c \uc560\ud50c\ub9ac\ucf00\uc774\uc158 \ud65c\uc131\ud654\n+tt_ctl_deactivate=\uc120\ud0dd\ub41c \uc560\ud50c\ub9ac\ucf00\uc774\uc158 \ube44\ud65c\uc131\ud654\n+tt_ctl_uninstall=\uc120\ud0dd\ub41c \uc560\ud50c\ub9ac\ucf00\uc774\uc158 \uc0ad\uc81c\n+tt_ctl_download=\uc120\ud0dd\ub41c \uc560\ud50c\ub9ac\ucf00\uc774\uc158 \ub2e4\uc6b4\ub85c\ub4dc (.oar \ud30c\uc77c)\n \n # Quick-Help panel\n-qh_hint_esc=\uc5b4\ud50c\ub9ac\ucf00\uc774\uc158 \uc120\ud0dd \ucde8\uc18c\n-qh_hint_click_row=\uc5b4\ud50c\ub9ac\ucf00\uc774\uc158 \uc120\ud0dd / \uc120\ud0dd \ucde8\uc18c\n-qh_hint_scroll_down=\uc5b4\ud50c\ub9ac\ucf00\uc774\uc158 \ub354\ubcf4\uae30\n+qh_hint_esc=\uc560\ud50c\ub9ac\ucf00\uc774\uc158 \uc120\ud0dd \ucde8\uc18c\n+qh_hint_click_row=\uc560\ud50c\ub9ac\ucf00\uc774\uc158 \uc120\ud0dd / \uc120\ud0dd \ucde8\uc18c\n+qh_hint_scroll_down=\uc560\ud50c\ub9ac\ucf00\uc774\uc158 \ub354\ubcf4\uae30\n \n # App details panel\n dp_features=\uae30\ub2a5\n-dp_required_apps=\ud544\uc218 \uc5b4\ud50c\ub9ac\ucf00\uc774\uc158\n+dp_required_apps=\ud544\uc218 \uc560\ud50c\ub9ac\ucf00\uc774\uc158\n dp_permissions=\uad8c\ud55c\n \n # App dialog panel"], "edit": ["-topology_sccs=\ud1a0\ud3f4\ub85c\uc9c0 \uac15\ud55c \uc5f0\uacb0 \uc694\uc18c", "+topology_sccs=\ud1a0\ud3f4\ub85c\uc9c0 SCCs", "-nav_item_app=\uc5b4\ud50c\ub9ac\ucf00\uc774\uc158", "+nav_item_app=\uc560\ud50c\ub9ac\ucf00\uc774\uc158", "-title_apps=\uc5b4\ud50c\ub9ac\ucf00\uc774\uc158", "+title_apps=\uc560\ud50c\ub9ac\ucf00\uc774\uc158", "-tt_ctl_upload=\uc5b4\ud50c\ub9ac\ucf00\uc774\uc158 \uc5c5\ub85c\ub4dc (.oar \ud30c\uc77c)", "-tt_ctl_activate=\uc120\ud0dd\ub41c \uc5b4\ud50c\ub9ac\ucf00\uc774\uc158 \ud65c\uc131\ud654", "-tt_ctl_deactivate=\uc120\ud0dd\ub41c \uc5b4\ud50c\ub9ac\ucf00\uc774\uc158 \ube44\ud65c\uc131\ud654", "-tt_ctl_uninstall=\uc120\ud0dd\ub41c \uc5b4\ud50c\ub9ac\ucf00\uc774\uc158 \uc0ad\uc81c", "-tt_ctl_download=Download selected application (.oar file) (ko)", "+tt_ctl_upload=\uc560\ud50c\ub9ac\ucf00\uc774\uc158 \uc5c5\ub85c\ub4dc (.oar \ud30c\uc77c)", "+tt_ctl_activate=\uc120\ud0dd\ub41c \uc560\ud50c\ub9ac\ucf00\uc774\uc158 \ud65c\uc131\ud654", "+tt_ctl_deactivate=\uc120\ud0dd\ub41c \uc560\ud50c\ub9ac\ucf00\uc774\uc158 \ube44\ud65c\uc131\ud654", "+tt_ctl_uninstall=\uc120\ud0dd\ub41c \uc560\ud50c\ub9ac\ucf00\uc774\uc158 \uc0ad\uc81c", "+tt_ctl_download=\uc120\ud0dd\ub41c \uc560\ud50c\ub9ac\ucf00\uc774\uc158 \ub2e4\uc6b4\ub85c\ub4dc (.oar \ud30c\uc77c)", "-qh_hint_esc=\uc5b4\ud50c\ub9ac\ucf00\uc774\uc158 \uc120\ud0dd \ucde8\uc18c", "-qh_hint_click_row=\uc5b4\ud50c\ub9ac\ucf00\uc774\uc158 \uc120\ud0dd / \uc120\ud0dd \ucde8\uc18c", "-qh_hint_scroll_down=\uc5b4\ud50c\ub9ac\ucf00\uc774\uc158 \ub354\ubcf4\uae30", "+qh_hint_esc=\uc560\ud50c\ub9ac\ucf00\uc774\uc158 \uc120\ud0dd \ucde8\uc18c", "+qh_hint_click_row=\uc560\ud50c\ub9ac\ucf00\uc774\uc158 \uc120\ud0dd / \uc120\ud0dd \ucde8\uc18c", "+qh_hint_scroll_down=\uc560\ud50c\ub9ac\ucf00\uc774\uc158 \ub354\ubcf4\uae30", "-dp_required_apps=\ud544\uc218 \uc5b4\ud50c\ub9ac\ucf00\uc774\uc158", "+dp_required_apps=\ud544\uc218 \uc560\ud50c\ub9ac\ucf00\uc774\uc158"], "url": ["https://api.github.com/repos/opennetworkinglab/onos/commits/40e2dce96c74b40308548b7d119f416a29302ec6"]}