{"new_feature": "21402,4,205,3844,30,0.86", "commitmessage": "Format\nNo functional change\n\ngit-svn-id: https://svn.apache.org/repos/asf/tomcat/trunk@1793777 13f79535-47bb-0310-9956-ffa450edef68", "patch": ["@@ -173,10 +173,12 @@\n         }\n     }\n \n+\n     protected PingManager getPingManager() {\n         return new PingManager();\n     }\n \n+\n     @Override\n     public void init(WebConnection webConnection) {\n         if (log.isDebugEnabled()) {\n@@ -254,6 +256,7 @@ public void init(WebConnection webConnection) {\n         }\n     }\n \n+\n     private void processStreamOnContainerThread(Stream stream) {\n         StreamProcessor streamProcessor = new StreamProcessor(this, stream, adapter, socketWrapper);\n         streamProcessor.setSslSupport(sslSupport);"], "edit": ["+", "+", "+"], "url": ["https://api.github.com/repos/apache/tomcat/commits/43bf93f94ec1bbf5efde6007f70b911b9322825d"]}