{"new_feature": "7969,115,246,1043,30,0.02", "commitmessage": "add scim authorities to admin, refix default vmc client\n\n[fixes #43611117]", "patch": ["@@ -47,15 +47,15 @@\n \t\t\t\t\t\t\t<entry key=\"id\" value=\"admin\" />\n \t\t\t\t\t\t\t<entry key=\"authorized-grant-types\" value=\"client_credentials\" />\n \t\t\t\t\t\t\t<entry key=\"scope\" value=\"uaa.none\" />\n-\t\t\t\t\t\t\t<entry key=\"authorities\" value=\"uaa.admin,clients.read,clients.write,clients.secret\" />\n+\t\t\t\t\t\t\t<entry key=\"authorities\" value=\"uaa.admin,clients.read,clients.write,clients.secret,scim.read,scim.write\" />\n \t\t\t\t\t\t\t<entry key=\"secret\" value=\"adminsecret\" />\n \t\t\t\t\t\t</map>\n \t\t\t\t\t</entry>\n \t\t\t\t\t<entry key=\"vmc\">\n \t\t\t\t\t\t<map>\n \t\t\t\t\t\t\t<entry key=\"id\" value=\"vmc\" />\n \t\t\t\t\t\t\t<entry key=\"authorized-grant-types\" value=\"implicit,password,refresh_token\" />\n-\t\t\t\t\t\t\t<entry key=\"scope\" value=\"cloud_controller.read,cloud_controller.write,openid,password.write,scim.userids\" />\n+\t\t\t\t\t\t\t<entry key=\"scope\" value=\"cloud_controller.read,cloud_controller.write,openid,password.write,scim.userids,cloud_controller.admin,scim.read,scim.write\" />\n \t\t\t\t\t\t\t<entry key=\"authorities\" value=\"uaa.none\" />\n \t\t\t\t\t\t\t<entry key=\"autoapprove\" value=\"true\" />\n \t\t\t\t\t\t</map>\n@@ -64,7 +64,7 @@\n \t\t\t\t\t\t<map>\n \t\t\t\t\t\t\t<entry key=\"id\" value=\"app\" />\n \t\t\t\t\t\t\t<entry key=\"secret\" value=\"appclientsecret\" />\n-\t\t\t\t\t\t\t<entry key=\"authorized-grant-types\" value=\"password,authorization_code,refresh_token,client_credentials\" />\n+\t\t\t\t\t\t\t<entry key=\"authorized-grant-types\" value=\"password,authorization_code,client_credentials\" />\n \t\t\t\t\t\t\t<entry key=\"scope\" value=\"cloud_controller.read,cloud_controller.write,openid,password.write,scim.userids\" />\n \t\t\t\t\t\t\t<entry key=\"authorities\" value=\"uaa.resource\" />\n \t\t\t\t\t\t\t<entry key=\"autoapprove\">"], "edit": ["-\t\t\t\t\t\t\t<entry key=\"authorities\" value=\"uaa.admin,clients.read,clients.write,clients.secret\" />", "+\t\t\t\t\t\t\t<entry key=\"authorities\" value=\"uaa.admin,clients.read,clients.write,clients.secret,scim.read,scim.write\" />", "-\t\t\t\t\t\t\t<entry key=\"scope\" value=\"cloud_controller.read,cloud_controller.write,openid,password.write,scim.userids\" />", "+\t\t\t\t\t\t\t<entry key=\"scope\" value=\"cloud_controller.read,cloud_controller.write,openid,password.write,scim.userids,cloud_controller.admin,scim.read,scim.write\" />", "-\t\t\t\t\t\t\t<entry key=\"authorized-grant-types\" value=\"password,authorization_code,refresh_token,client_credentials\" />", "+\t\t\t\t\t\t\t<entry key=\"authorized-grant-types\" value=\"password,authorization_code,client_credentials\" />"], "url": ["https://api.github.com/repos/cloudfoundry/uaa/commits/45072bc7de6c6b1268be95d79a9baa8efc49f3e4"]}