{"new_feature": "15944,1,65,106,13,0.88", "commitmessage": "Make rules on settng path clearer\n\ngit-svn-id: https://svn.apache.org/repos/asf/tomcat/trunk@1150070 13f79535-47bb-0310-9956-ffa450edef68", "patch": ["@@ -129,6 +129,11 @@\n         if the connector is also configured with\n         <code>URIEncoding=&quot;UTF-8&quot;</code>.(markt)  \n       </update>\n+      <update>\n+        Update the documentation web application to be even more explicit about\n+        the implications of setting the path attribute on a Context element in\n+        server.xml. (markt)\n+      </update>\n     </changelog>\n   </subsection>\n   <subsection name=\"Other\">", "@@ -307,9 +307,15 @@\n         If you specify a context path of an empty string (\"\"), you are\n         defining the <em>default</em> web application for this Host, which\n         will process all requests not assigned to other Contexts.</p>\n-        <p>The value of this field must not be set except when statically\n-        defining a Context in server.xml, as it will be inferred from the\n-        filenames used for either the .xml context file or the docBase.</p>\n+        <p>This attribute must only be used when statically defining a Context\n+        in server.xml. In all other circumstances, the path will be inferred\n+        from the filenames used for either the .xml context file or the docBase.\n+        </p>\n+        <p>Even when statically defining a Context in server.xml, this attribute\n+        must not be set unless either the docBase is not located under the\n+        <a href=\"host.html\">Host</a>&apos;s <code>appBase</code> or both\n+        <code>deployOnStartup</code> and <code>autoDeploy</code> are false. If\n+        this rule is not followed, double deployment is likely to result.</p>\n       </attribute>\n \n       <attribute name=\"preemptiveAuthentication\" required=\"false\">"], "edit": ["+      <update>", "+        Update the documentation web application to be even more explicit about", "+        the implications of setting the path attribute on a Context element in", "+        server.xml. (markt)", "+      </update>", "-        <p>The value of this field must not be set except when statically", "-        defining a Context in server.xml, as it will be inferred from the", "-        filenames used for either the .xml context file or the docBase.</p>", "+        <p>This attribute must only be used when statically defining a Context", "+        in server.xml. In all other circumstances, the path will be inferred", "+        from the filenames used for either the .xml context file or the docBase.", "+        </p>", "+        <p>Even when statically defining a Context in server.xml, this attribute", "+        must not be set unless either the docBase is not located under the", "+        <a href=\"host.html\">Host</a>&apos;s <code>appBase</code> or both", "+        <code>deployOnStartup</code> and <code>autoDeploy</code> are false. If", "+        this rule is not followed, double deployment is likely to result.</p>"], "url": ["https://api.github.com/repos/apache/tomcat80/commits/45301f5f8a0bb55ffa9c7c0e6c252d84550df99a"]}