{"new_feature": "6079,2,17,1026,30,0.43", "commitmessage": "Fix javadoc", "patch": ["@@ -118,7 +118,7 @@ private static boolean isMaskValue(String component, int size)\n      *\n      * @param address the IP address as a String.\n      *\n-     * @return true if a valid IPv4 address, false otherwise\n+     * @return true if a valid IPv6 address, false otherwise\n      */\n     public static boolean isValidIPv6(\n         String address)"], "edit": ["-     * @return true if a valid IPv4 address, false otherwise", "+     * @return true if a valid IPv6 address, false otherwise"], "url": ["https://api.github.com/repos/bcgit/bc-java/commits/459c61b93a7cfea04cebc8fddd1bbcaf9bb7013b"]}