{"new_feature": "7969,115,246,1043,30,0.01", "commitmessage": "Return unprocessable entity from /password_resets when the user's password cannot be reset\n\n[#74160792] https://www.pivotaltracker.com/story/show/74160792R\n\nSigned-off-by: Rob Gallagher <rgallagher@pivotallabs.com>", "patch": ["@@ -18,6 +18,7 @@\n import static org.springframework.http.HttpStatus.NOT_FOUND;\n import static org.springframework.http.HttpStatus.OK;\n import static org.springframework.http.HttpStatus.UNAUTHORIZED;\n+import static org.springframework.http.HttpStatus.UNPROCESSABLE_ENTITY;\n \n import org.cloudfoundry.identity.uaa.authentication.Origin;\n import org.cloudfoundry.identity.uaa.codestore.ExpiringCode;\n@@ -68,12 +69,17 @@ public void setApplicationEventPublisher(ApplicationEventPublisher publisher) {\n     public ResponseEntity<String> resetPassword(@RequestBody String email) {\n         List<ScimUser> results = scimUserProvisioning.query(\"email eq \\\"\" + email + \"\\\" and origin eq \\\"\" + Origin.UAA + \"\\\"\");\n         if (results.isEmpty()) {\n-            return new ResponseEntity<>(BAD_REQUEST);\n+            results = scimUserProvisioning.query(\"email eq \\\"\" + email + \"\\\"\");\n+            if (results.isEmpty()) {\n+                return new ResponseEntity<>(BAD_REQUEST);\n+            } else {\n+                return new ResponseEntity<>(UNPROCESSABLE_ENTITY);\n+            }\n         }\n         ScimUser scimUser = results.get(0);\n         String code = expiringCodeStore.generateCode(scimUser.getId(), new Timestamp(System.currentTimeMillis() + PASSWORD_RESET_LIFETIME)).getCode();\n         publish(new ResetPasswordRequestEvent(email, code, SecurityContextHolder.getContext().getAuthentication()));\n-        return new ResponseEntity<String>(code, CREATED);\n+        return new ResponseEntity<>(code, CREATED);\n     }\n \n     @RequestMapping(value = \"/password_change\", method = RequestMethod.POST)", "@@ -84,6 +84,26 @@ public void testCreatingAPasswordResetWhenTheUserDoesNotExist() throws Exception\n                 .andExpect(status().isBadRequest());\n     }\n \n+    @Test\n+    public void testCreatingAPasswordResetWhenTheUserHasNonUaaOrigin() throws Exception {\n+        Mockito.when(scimUserProvisioning.query(\"email eq \\\"user@example.com\\\" and origin eq \\\"\" + Origin.UAA + \"\\\"\"))\n+            .thenReturn(Arrays.<ScimUser>asList());\n+\n+        ScimUser user = new ScimUser(\"id001\", \"userman\", null, null);\n+        user.addEmail(\"user@example.com\");\n+        user.setOrigin(Origin.LDAP);\n+        Mockito.when(scimUserProvisioning.query(\"email eq \\\"user@example.com\\\"\"))\n+            .thenReturn(Arrays.<ScimUser>asList(user));\n+\n+        MockHttpServletRequestBuilder post = post(\"/password_resets\")\n+            .contentType(APPLICATION_JSON)\n+            .content(\"user@example.com\")\n+            .accept(APPLICATION_JSON);\n+\n+        mockMvc.perform(post)\n+            .andExpect(status().isUnprocessableEntity());\n+    }\n+\n     @Test\n     public void testChangingAPasswordWithAValidCode() throws Exception {\n         Mockito.when(expiringCodeStore.retrieveCode(\"secret_code\"))"], "edit": ["+import static org.springframework.http.HttpStatus.UNPROCESSABLE_ENTITY;", "-            return new ResponseEntity<>(BAD_REQUEST);", "+            results = scimUserProvisioning.query(\"email eq \\\"\" + email + \"\\\"\");", "+            if (results.isEmpty()) {", "+                return new ResponseEntity<>(BAD_REQUEST);", "+            } else {", "+                return new ResponseEntity<>(UNPROCESSABLE_ENTITY);", "+            }", "-        return new ResponseEntity<String>(code, CREATED);", "+        return new ResponseEntity<>(code, CREATED);", "+    @Test", "+    public void testCreatingAPasswordResetWhenTheUserHasNonUaaOrigin() throws Exception {", "+        Mockito.when(scimUserProvisioning.query(\"email eq \\\"user@example.com\\\" and origin eq \\\"\" + Origin.UAA + \"\\\"\"))", "+            .thenReturn(Arrays.<ScimUser>asList());", "+", "+        ScimUser user = new ScimUser(\"id001\", \"userman\", null, null);", "+        user.addEmail(\"user@example.com\");", "+        user.setOrigin(Origin.LDAP);", "+        Mockito.when(scimUserProvisioning.query(\"email eq \\\"user@example.com\\\"\"))", "+            .thenReturn(Arrays.<ScimUser>asList(user));", "+", "+        MockHttpServletRequestBuilder post = post(\"/password_resets\")", "+            .contentType(APPLICATION_JSON)", "+            .content(\"user@example.com\")", "+            .accept(APPLICATION_JSON);", "+", "+        mockMvc.perform(post)", "+            .andExpect(status().isUnprocessableEntity());", "+    }", "+"], "url": ["https://api.github.com/repos/cloudfoundry/uaa/commits/45b0b7606b149dc125678c70218d8b43b73026f2"]}