{"new_feature": "10746,37,67,815,30,0.52", "commitmessage": "Fix compiler warning.", "patch": ["@@ -48,7 +48,7 @@\n \n     @Before\n     public void setUp() throws Exception {\n-        this.logger = this.init.getLogger(RollingRandomAccessFileManagerHeaderFooterTest.class.getName());\n+        this.logger = init.getLogger(RollingRandomAccessFileManagerHeaderFooterTest.class.getName());\n         deleteDir();\n     }\n "], "edit": ["-        this.logger = this.init.getLogger(RollingRandomAccessFileManagerHeaderFooterTest.class.getName());", "+        this.logger = init.getLogger(RollingRandomAccessFileManagerHeaderFooterTest.class.getName());"], "url": ["https://api.github.com/repos/apache/logging-log4j2/commits/47302ead2f0ede333be1947eab05b2f75ea5f34d"]}