{"new_feature": "361,3,6,656,4,0.96", "commitmessage": "Render Lines using drawPath rather than drawLine. Change made to be consistent with other elements and in preparation for further changes.", "patch": ["@@ -46,6 +46,7 @@\n import com.caverock.androidsvg.SVG.GradientElement;\r\n import com.caverock.androidsvg.SVG.GradientSpread;\r\n import com.caverock.androidsvg.SVG.Length;\r\n+import com.caverock.androidsvg.SVG.Line;\r\n import com.caverock.androidsvg.SVG.Marker;\r\n import com.caverock.androidsvg.SVG.NotDirectlyRendered;\r\n import com.caverock.androidsvg.SVG.PaintReference;\r\n@@ -56,11 +57,9 @@\n import com.caverock.androidsvg.SVG.SolidColor;\r\n import com.caverock.androidsvg.SVG.Stop;\r\n import com.caverock.androidsvg.SVG.Style;\r\n-import com.caverock.androidsvg.SVG.SvgPreserveAspectRatioContainer;\r\n import com.caverock.androidsvg.SVG.Style.FontStyle;\r\n import com.caverock.androidsvg.SVG.Style.TextDecoration;\r\n import com.caverock.androidsvg.SVG.Style.VectorEffect;\r\n-import com.caverock.androidsvg.SVG.Svg;\r\n import com.caverock.androidsvg.SVG.SvgContainer;\r\n import com.caverock.androidsvg.SVG.SvgElement;\r\n import com.caverock.androidsvg.SVG.SvgElementBase;\r\n@@ -991,26 +990,15 @@ private void render(SVG.Line obj)\n       if (obj.transform != null)\r\n          canvas.concat(obj.transform);\r\n \r\n-      float _x1, _y1, _x2, _y2;\r\n-      _x1 = (obj.x1 != null) ? obj.x1.floatValueX(this) : 0f;\r\n-      _y1 = (obj.y1 != null) ? obj.y1.floatValueY(this) : 0f;\r\n-      _x2 = (obj.x2 != null) ? obj.x2.floatValueX(this) : 0f;\r\n-      _y2 = (obj.y2 != null) ? obj.y2.floatValueY(this) : 0f;\r\n-\r\n-      if (obj.boundingBox == null) {\r\n-         obj.boundingBox = Box.fromLimits(Math.min(_x1, _x2), Math.min(_y1, _y2), Math.max(_x1, _x2), Math.max(_y1, _y2));\r\n-      }\r\n+      Path  path = makePathAndBoundingBox(obj);\r\n       updateParentBoundingBox(obj);\r\n \r\n       checkForGradiantsAndPatterns(obj);      \r\n       checkForClipPath(obj);\r\n \r\n       boolean  compositing = pushLayer();\r\n \r\n-      if ((_x1 != _x2) || (_y1 != _y2))\r\n-         canvas.drawLine(_x1, _y1, _x2, _y2, state.strokePaint);\r\n-      else\r\n-         canvas.drawPoint(_x1, _y1, state.strokePaint);  // Workaround for Android bug 40780\r\n+      canvas.drawPath(path, state.strokePaint);\r\n \r\n       renderMarkers(obj);\r\n \r\n@@ -3583,6 +3571,24 @@ public void processText(String text)\n    //==============================================================================\r\n \r\n \r\n+   private Path  makePathAndBoundingBox(Line obj)\r\n+   {\r\n+      float x1 = (obj.x1 == null) ? 0 : obj.x1.floatValue(this);\r\n+      float y1 = (obj.y1 == null) ? 0 : obj.y1.floatValue(this);\r\n+      float x2 = (obj.x2 == null) ? 0 : obj.x2.floatValue(this);\r\n+      float y2 = (obj.y2 == null) ? 0 : obj.y2.floatValue(this);\r\n+\r\n+      if (obj.boundingBox == null) {\r\n+         obj.boundingBox = new Box(Math.min(x1, y1), Math.min(y1, y2), Math.abs(x2-x1), Math.abs(y2-y1));\r\n+      }\r\n+\r\n+      Path  p = new Path();\r\n+      p.moveTo(x1, y1);\r\n+      p.lineTo(x2, y2);\r\n+      return p;\r\n+   }\r\n+\r\n+\r\n    private Path  makePathAndBoundingBox(Rect obj)\r\n    {\r\n       float x, y, w, h, rx, ry;\r"], "edit": ["+import com.caverock.androidsvg.SVG.Line;", "-import com.caverock.androidsvg.SVG.SvgPreserveAspectRatioContainer;", "-import com.caverock.androidsvg.SVG.Svg;", "-      float _x1, _y1, _x2, _y2;", "-      _x1 = (obj.x1 != null) ? obj.x1.floatValueX(this) : 0f;", "-      _y1 = (obj.y1 != null) ? obj.y1.floatValueY(this) : 0f;", "-      _x2 = (obj.x2 != null) ? obj.x2.floatValueX(this) : 0f;", "-      _y2 = (obj.y2 != null) ? obj.y2.floatValueY(this) : 0f;", "-", "-      if (obj.boundingBox == null) {", "-         obj.boundingBox = Box.fromLimits(Math.min(_x1, _x2), Math.min(_y1, _y2), Math.max(_x1, _x2), Math.max(_y1, _y2));", "-      }", "+      Path  path = makePathAndBoundingBox(obj);", "-      if ((_x1 != _x2) || (_y1 != _y2))", "-         canvas.drawLine(_x1, _y1, _x2, _y2, state.strokePaint);", "-      else", "-         canvas.drawPoint(_x1, _y1, state.strokePaint);  // Workaround for Android bug 40780", "+      canvas.drawPath(path, state.strokePaint);", "+   private Path  makePathAndBoundingBox(Line obj)", "+   {", "+      float x1 = (obj.x1 == null) ? 0 : obj.x1.floatValue(this);", "+      float y1 = (obj.y1 == null) ? 0 : obj.y1.floatValue(this);", "+      float x2 = (obj.x2 == null) ? 0 : obj.x2.floatValue(this);", "+      float y2 = (obj.y2 == null) ? 0 : obj.y2.floatValue(this);", "+", "+      if (obj.boundingBox == null) {", "+         obj.boundingBox = new Box(Math.min(x1, y1), Math.min(y1, y2), Math.abs(x2-x1), Math.abs(y2-y1));", "+      }", "+", "+      Path  p = new Path();", "+      p.moveTo(x1, y1);", "+      p.lineTo(x2, y2);", "+      return p;", "+   }", "+", "+"], "url": ["https://api.github.com/repos/BigBadaboom/androidsvg/commits/48414a27e2b2b7971afcd0b03e241213f14ed1bc"]}