{"new_feature": "4699,29,96,168,30,0.62", "commitmessage": "BZ 768198", "patch": ["@@ -45,12 +45,11 @@ ORYX.Plugins.PropertyWindow = {\n \t\tthis.facade = facade;\n \n \t\tthis.facade.registerOnEvent(ORYX.CONFIG.EVENT_SHOW_PROPERTYWINDOW, this.init.bind(this));\n-\t\tthis.facade.registerOnEvent(ORYX.CONFIG.EVENT_LOADED, this.selectDiagram.bind(this));\n+\t\tthis.facade.registerOnEvent(ORYX.CONFIG.EVENT_LOADED, this.onSelectionChanged.bind(this));\n \t\tthis.init();\n \t},\n \t\n \tinit: function(){\n-\n \t\t// The parent div-node of the grid\n \t\tthis.node = ORYX.Editor.graft(\"http://www.w3.org/1999/xhtml\",\n \t\t\tnull,\n@@ -195,7 +194,6 @@ ORYX.Plugins.PropertyWindow = {\n \t},\n \t\n \trenderer: function(value, p, record) {\n-\t\t\n \t\tthis.tooltipRenderer(value, p, record);\n \t\t\n \t\tif (record.data.gridProperties.labelProvider) {\n@@ -231,7 +229,6 @@ ORYX.Plugins.PropertyWindow = {\n \t},\n \n \tbeforeEdit: function(option) {\n-\n \t\tvar editorGrid \t\t= this.dataSource.getAt(option.row).data.gridProperties.editor;\n \t\tvar editorRenderer \t= this.dataSource.getAt(option.row).data.gridProperties.renderer;\n \n@@ -321,7 +318,6 @@ ORYX.Plugins.PropertyWindow = {\n \t\n \t// Changes made in the property window will be shown directly\n \teditDirectly:function(key, value){\n-\t\t\n \t\tthis.shapeSelection.shapes.each(function(shape){\n \t\t\tif(!shape.getStencil().property(key).readonly()) {\n \t\t\t\tshape.setProperty(key, value);\n@@ -474,21 +470,26 @@ ORYX.Plugins.PropertyWindow = {\n \t\tthis.shapeSelection.shapes = event.elements;\n \t\t\n \t\t/* Case: nothing selected */\n-\t\tif(event.elements.length == 0) {\n+\t\tif(event.elements) {\n+\t\t\tif(event.elements.length == 0) {\n+\t\t\t\tthis.shapeSelection.shapes = [this.facade.getCanvas()];\n+\t\t\t}\n+\t\t} else {\n \t\t\tthis.shapeSelection.shapes = [this.facade.getCanvas()];\n \t\t}\n \t\t\n \t\t/* subselection available */\n \t\tif(event.subSelection){\n-\t\t\tthis.shapeSelection.shapes = [event.subSelection];\n+\t\t\tif(event.subSelection){\n+\t\t\t\tthis.shapeSelection.shapes = [event.subSelection];\n+\t\t\t}\n \t\t}\n \t\t\n \t\tthis.setPropertyWindowTitle();\n \t\tthis.identifyCommonProperties();\n \t\tthis.setCommonPropertiesValues();\n \t\t\n \t\t// Create the Properties\n-\t\t\n \t\tthis.createProperties();\n \t},\n \t"], "edit": ["-\t\tthis.facade.registerOnEvent(ORYX.CONFIG.EVENT_LOADED, this.selectDiagram.bind(this));", "+\t\tthis.facade.registerOnEvent(ORYX.CONFIG.EVENT_LOADED, this.onSelectionChanged.bind(this));", "-", "-", "-", "-", "-\t\tif(event.elements.length == 0) {", "+\t\tif(event.elements) {", "+\t\t\tif(event.elements.length == 0) {", "+\t\t\t\tthis.shapeSelection.shapes = [this.facade.getCanvas()];", "+\t\t\t}", "+\t\t} else {", "-\t\t\tthis.shapeSelection.shapes = [event.subSelection];", "+\t\t\tif(event.subSelection){", "+\t\t\t\tthis.shapeSelection.shapes = [event.subSelection];", "+\t\t\t}", "-"], "url": ["https://api.github.com/repos/kiegroup/jbpm-designer/commits/484d0f14b829b0a0c3db5c87c175b02b1ae9beb3"]}