{"new_feature": "4550,35,53,883,30,0.01", "commitmessage": "TIKA-2639 Update freedesktop.org shared-mime-info-spec hyperlink in MimeTypesReader.java", "patch": ["@@ -96,7 +96,7 @@\n  *  - uti\n  * \n  *\n- * @see <a href=\"http://freedesktop.org/wiki/Standards_2fshared_2dmime_2dinfo_2dspec\">http://freedesktop.org/wiki/Standards_2fshared_2dmime_2dinfo_2dspec</a>\n+ * @see <a href=\"https://freedesktop.org/wiki/Specifications/shared-mime-info-spec/\">https://freedesktop.org/wiki/Specifications/shared-mime-info-spec/</a>\n  */\n public class MimeTypesReader extends DefaultHandler implements MimeTypesReaderMetKeys {\n     protected final MimeTypes types;"], "edit": ["- * @see <a href=\"http://freedesktop.org/wiki/Standards_2fshared_2dmime_2dinfo_2dspec\">http://freedesktop.org/wiki/Standards_2fshared_2dmime_2dinfo_2dspec</a>", "+ * @see <a href=\"https://freedesktop.org/wiki/Specifications/shared-mime-info-spec/\">https://freedesktop.org/wiki/Specifications/shared-mime-info-spec/</a>"], "url": ["https://api.github.com/repos/apache/tika/commits/48d26503758cf25e482912137d0157594198ef60"]}