{"new_feature": "28824,27,0,14015,30,0.22", "commitmessage": "[JENKINS-10477] Noting #1254.", "patch": ["@@ -55,6 +55,9 @@\n <!-- Record your changes in the trunk here. -->\n <div id=\"trunk\" style=\"display:none\"><!--=TRUNK-BEGIN=-->\n <ul class=image>\n+  <li class=\"bug\">\n+    Show custom build display name in executors widget.\n+    (<a href=\"https://issues.jenkins-ci.org/browse/JENKINS-10477\">issue 10477</a>)\n   <li class=\"bug\">\n     CodeMirror support for shell steps broke initial configuration.\n     (<a href=\"https://issues.jenkins-ci.org/browse/JENKINS-23151\">issue 23151</a>)"], "edit": ["+  <li class=\"bug\">", "+    Show custom build display name in executors widget.", "+    (<a href=\"https://issues.jenkins-ci.org/browse/JENKINS-10477\">issue 10477</a>)"], "url": ["https://api.github.com/repos/jenkinsci/jenkins/commits/495b3c41202cf3de16e90bda709ab370087e4f6b"]}