{"new_feature": "50,1,0,43,7,0.55", "commitmessage": "better pharsing", "patch": ["@@ -1,4 +1,4 @@\n # Intro\n A Java nmap wrapper, this is a mirror of [sourceforge](http://sourceforge.net/apps/mediawiki/nmap4j/index.php?title=Main_Page#Nmap4j)  repo.\n \n-Note that I (narkisr) is not the original author (I just like github better then source forge), please check the sourceforge page and its author.\n+Note that I (narkisr) am not the original author (I just like github better then source forge), please check the sourceforge page and its author."], "edit": ["-Note that I (narkisr) is not the original author (I just like github better then source forge), please check the sourceforge page and its author.", "+Note that I (narkisr) am not the original author (I just like github better then source forge), please check the sourceforge page and its author."], "url": ["https://api.github.com/repos/narkisr/nmap4j/commits/497d160e467f418a1da563aefe89fe34df557eb1"]}