{"new_feature": "2779,5,66,129,30,0.18", "commitmessage": "Use Eclipse version of comment\n\ngit-svn-id: https://svn.apache.org/repos/asf/commons/proper/compress/trunk@918269 13f79535-47bb-0310-9956-ffa450edef68", "patch": ["@@ -150,7 +150,7 @@ public static ZipExtraField createExtraField(ZipShort headerId)\n                                                             data.length - start);\n                     }\n                     v.add(field);\n-                    /*FALLTHROUGH*/\n+                    //$FALL-THROUGH$\n                 case UnparseableExtraField.SKIP_KEY:\n                     // since we cannot parse the data we must assume\n                     // the extra field consumes the whole rest of the"], "edit": ["-                    /*FALLTHROUGH*/", "+                    //$FALL-THROUGH$"], "url": ["https://api.github.com/repos/apache/commons-compress/commits/49bf62681bda0ebf935ac19215529f21da117b5e"]}