{"new_feature": "1236,91,27,137,9,0.03", "commitmessage": "To build against release candidates, the version number parser must\nknow about the RC symbol.", "patch": ["@@ -6,7 +6,7 @@\n #-------------------------------------------------------------------------\n include $(PGXS)\n  \n-SS_VERSION := $(subst ., ,$(subst devel,.devel,$(subst beta,.beta,$(VERSION))))\n+SS_VERSION := $(subst ., ,$(subst devel,.devel,$(subst beta,.beta,$(subst RC,.RC,$(VERSION)))))\n PGSQL_MAJOR_VER = $(word 1,$(SS_VERSION))\n PGSQL_MINOR_VER = $(word 2,$(SS_VERSION))\n DISTRIB := distrib", "@@ -26,7 +26,7 @@ $(OBJS): %.o : $(SRCDIR)/%.c\n #\n include $(PGXS)\n \n-SS_VERSION := $(subst ., ,$(subst devel,.99,$(subst beta,.99,$(VERSION))))\n+SS_VERSION := $(subst ., ,$(subst devel,.99,$(subst beta,.99,$(subst RC,.99,$(VERSION)))))\n PGSQL_MAJOR_VER\t= $(word 1,$(SS_VERSION))\n PGSQL_MINOR_VER\t= $(word 2,$(SS_VERSION))\n PGSQL_PATCH_VER\t= $(word 3,$(SS_VERSION))"], "edit": ["-SS_VERSION := $(subst ., ,$(subst devel,.devel,$(subst beta,.beta,$(VERSION))))", "+SS_VERSION := $(subst ., ,$(subst devel,.devel,$(subst beta,.beta,$(subst RC,.RC,$(VERSION)))))", "-SS_VERSION := $(subst ., ,$(subst devel,.99,$(subst beta,.99,$(VERSION))))", "+SS_VERSION := $(subst ., ,$(subst devel,.99,$(subst beta,.99,$(subst RC,.99,$(VERSION)))))"], "url": ["https://api.github.com/repos/tada/pljava/commits/4a1a489fdb2ecb2111ac8f8966938db4aa594d7c"]}