{"new_feature": "8398,17,50,966,6,0.66", "commitmessage": "PDFBOX-4071: use constant\n\ngit-svn-id: https://svn.apache.org/repos/asf/pdfbox/trunk@1825165 13f79535-47bb-0310-9956-ffa450edef68", "patch": ["@@ -218,7 +218,7 @@ public void setP( String p )\n      */\n     public boolean shouldOpenInNewWindow()\n     {\n-        return action.getBoolean( \"NewWindow\", true );\n+        return action.getBoolean(COSName.NEW_WINDOW, true);\n     }\n \n     /**\n@@ -228,6 +228,6 @@ public boolean shouldOpenInNewWindow()\n      */\n     public void setOpenInNewWindow( boolean value )\n     {\n-        action.setBoolean( \"NewWindow\", value );\n+        action.setBoolean(COSName.NEW_WINDOW, value);\n     }\n }", "@@ -119,7 +119,7 @@ public void setD( COSBase d )\n      */\n     public boolean shouldOpenInNewWindow()\n     {\n-        return action.getBoolean( \"NewWindow\", true );\n+        return action.getBoolean(COSName.NEW_WINDOW, true );\n     }\n \n     /**\n@@ -129,6 +129,6 @@ public boolean shouldOpenInNewWindow()\n      */\n     public void setOpenInNewWindow( boolean value )\n     {\n-        action.setBoolean( \"NewWindow\", value );\n+        action.setBoolean(COSName.NEW_WINDOW, value );\n     }\n }"], "edit": ["-        return action.getBoolean( \"NewWindow\", true );", "+        return action.getBoolean(COSName.NEW_WINDOW, true);", "-        action.setBoolean( \"NewWindow\", value );", "+        action.setBoolean(COSName.NEW_WINDOW, value);", "-        return action.getBoolean( \"NewWindow\", true );", "+        return action.getBoolean(COSName.NEW_WINDOW, true );", "-        action.setBoolean( \"NewWindow\", value );", "+        action.setBoolean(COSName.NEW_WINDOW, value );"], "url": ["https://api.github.com/repos/apache/pdfbox/commits/4b95584495b081a01b8abdbc94b6ca688aac5ce5"]}