{"new_feature": "13780,62,54,2780,30,0.21", "commitmessage": "HIVE-11711: Merge hbase-metastore branch to trunk", "patch": ["@@ -177,7 +177,23 @@ public void setSparkConfigUpdated(boolean isSparkConfigUpdated) {\n       HiveConf.ConfVars.METASTORE_AGGREGATE_STATS_CACHE_MAX_WRITER_WAIT,\n       HiveConf.ConfVars.METASTORE_AGGREGATE_STATS_CACHE_MAX_READER_WAIT,\n       HiveConf.ConfVars.METASTORE_AGGREGATE_STATS_CACHE_MAX_FULL,\n-      HiveConf.ConfVars.METASTORE_AGGREGATE_STATS_CACHE_CLEAN_UNTIL\n+      HiveConf.ConfVars.METASTORE_AGGREGATE_STATS_CACHE_CLEAN_UNTIL,\n+      HiveConf.ConfVars.METASTORE_FASTPATH,\n+      HiveConf.ConfVars.METASTORE_HBASE_CATALOG_CACHE_SIZE,\n+      HiveConf.ConfVars.METASTORE_HBASE_AGGREGATE_STATS_CACHE_SIZE,\n+      HiveConf.ConfVars.METASTORE_HBASE_AGGREGATE_STATS_CACHE_MAX_PARTITIONS,\n+      HiveConf.ConfVars.METASTORE_HBASE_AGGREGATE_STATS_CACHE_FALSE_POSITIVE_PROBABILITY,\n+      HiveConf.ConfVars.METASTORE_HBASE_AGGREGATE_STATS_CACHE_MAX_VARIANCE,\n+      HiveConf.ConfVars.METASTORE_HBASE_CACHE_TIME_TO_LIVE,\n+      HiveConf.ConfVars.METASTORE_HBASE_CACHE_MAX_WRITER_WAIT,\n+      HiveConf.ConfVars.METASTORE_HBASE_CACHE_MAX_READER_WAIT,\n+      HiveConf.ConfVars.METASTORE_HBASE_CACHE_MAX_FULL,\n+      HiveConf.ConfVars.METASTORE_HBASE_CACHE_CLEAN_UNTIL,\n+      HiveConf.ConfVars.METASTORE_HBASE_CONNECTION_CLASS,\n+      HiveConf.ConfVars.METASTORE_HBASE_AGGR_STATS_CACHE_ENTRIES,\n+      HiveConf.ConfVars.METASTORE_HBASE_AGGR_STATS_MEMORY_TTL,\n+      HiveConf.ConfVars.METASTORE_HBASE_AGGR_STATS_INVALIDATOR_FREQUENCY,\n+      HiveConf.ConfVars.METASTORE_HBASE_AGGR_STATS_HBASE_TTL\n       };\n \n   /**"], "edit": ["-      HiveConf.ConfVars.METASTORE_AGGREGATE_STATS_CACHE_CLEAN_UNTIL", "+      HiveConf.ConfVars.METASTORE_AGGREGATE_STATS_CACHE_CLEAN_UNTIL,", "+      HiveConf.ConfVars.METASTORE_FASTPATH,", "+      HiveConf.ConfVars.METASTORE_HBASE_CATALOG_CACHE_SIZE,", "+      HiveConf.ConfVars.METASTORE_HBASE_AGGREGATE_STATS_CACHE_SIZE,", "+      HiveConf.ConfVars.METASTORE_HBASE_AGGREGATE_STATS_CACHE_MAX_PARTITIONS,", "+      HiveConf.ConfVars.METASTORE_HBASE_AGGREGATE_STATS_CACHE_FALSE_POSITIVE_PROBABILITY,", "+      HiveConf.ConfVars.METASTORE_HBASE_AGGREGATE_STATS_CACHE_MAX_VARIANCE,", "+      HiveConf.ConfVars.METASTORE_HBASE_CACHE_TIME_TO_LIVE,", "+      HiveConf.ConfVars.METASTORE_HBASE_CACHE_MAX_WRITER_WAIT,", "+      HiveConf.ConfVars.METASTORE_HBASE_CACHE_MAX_READER_WAIT,", "+      HiveConf.ConfVars.METASTORE_HBASE_CACHE_MAX_FULL,", "+      HiveConf.ConfVars.METASTORE_HBASE_CACHE_CLEAN_UNTIL,", "+      HiveConf.ConfVars.METASTORE_HBASE_CONNECTION_CLASS,", "+      HiveConf.ConfVars.METASTORE_HBASE_AGGR_STATS_CACHE_ENTRIES,", "+      HiveConf.ConfVars.METASTORE_HBASE_AGGR_STATS_MEMORY_TTL,", "+      HiveConf.ConfVars.METASTORE_HBASE_AGGR_STATS_INVALIDATOR_FREQUENCY,", "+      HiveConf.ConfVars.METASTORE_HBASE_AGGR_STATS_HBASE_TTL"], "url": ["https://api.github.com/repos/apache/hive/commits/4c17ecfda525f2f65a29dab40563c50267e46eba"]}