{"new_feature": "28824,27,0,14015,30,0.36", "commitmessage": "skip the special 'unknown' user\n\ngit-svn-id: https://hudson.dev.java.net/svn/hudson/trunk/hudson/main@9971 71c3de6d-444a-0410-be80-ed276b4c234a", "patch": ["@@ -223,7 +223,9 @@ public People() {\n \n             if(View.this==Hudson.getInstance()) {\n                 // for Hudson, really load all users\n+                User unknown = User.getUnknown();\n                 for(User u : User.getAll()) {\n+                    if(u==unknown)  continue;   // skip the special 'unknown' user\n                     UserInfo info = users.get(u);\n                     if(info==null)\n                         users.put(u,new UserInfo(u,null,null));"], "edit": ["+                User unknown = User.getUnknown();", "+                    if(u==unknown)  continue;   // skip the special 'unknown' user"], "url": ["https://api.github.com/repos/jenkinsci/jenkins/commits/4c55f9070110bde3149e094248b317d5b8e30a25"]}