{"new_feature": "28824,27,0,14015,30,0.36", "commitmessage": "[maven-release-plugin] prepare release jenkins-1.545", "patch": ["@@ -5,7 +5,7 @@\n   <parent>\n     <artifactId>pom</artifactId>\n     <groupId>org.jenkins-ci.main</groupId>\n-    <version>1.545-SNAPSHOT</version>\n+    <version>1.545</version>\n   </parent>\n \n   <artifactId>cli</artifactId>", "@@ -29,7 +29,7 @@ THE SOFTWARE.\n   <parent>\n     <groupId>org.jenkins-ci.main</groupId>\n     <artifactId>pom</artifactId>\n-    <version>1.545-SNAPSHOT</version>\n+    <version>1.545</version>\n     <relativePath>../pom.xml</relativePath>\n   </parent>\n ", "@@ -11,7 +11,7 @@\n   <groupId>org.jenkins-ci.plugins</groupId>\n   <artifactId>plugin</artifactId>\n   <name>Jenkins plugin POM</name>\n-  <version>1.545-SNAPSHOT</version>\n+  <version>1.545</version>\n   <packaging>pom</packaging>\n \n   <!--\n@@ -39,19 +39,19 @@\n       <groupId>org.jenkins-ci.main</groupId>\n       <artifactId>jenkins-war</artifactId>\n       <type>war</type>\n-      <version>1.545-SNAPSHOT</version>\n+      <version>1.545</version>\n       <scope>test</scope>\n     </dependency>\n     <dependency>\n       <groupId>org.jenkins-ci.main</groupId>\n       <artifactId>jenkins-core</artifactId>\n-      <version>1.545-SNAPSHOT</version>\n+      <version>1.545</version>\n       <scope>provided</scope>\n     </dependency>\n     <dependency>\n       <groupId>org.jenkins-ci.main</groupId>\n       <artifactId>jenkins-test-harness</artifactId>\n-      <version>1.545-SNAPSHOT</version>\n+      <version>1.545</version>\n       <scope>test</scope>\n     </dependency>\n     <!--", "@@ -33,7 +33,7 @@ THE SOFTWARE.\n \n   <groupId>org.jenkins-ci.main</groupId>\n   <artifactId>pom</artifactId>\n-  <version>1.545-SNAPSHOT</version>\n+  <version>1.545</version>\n   <packaging>pom</packaging>\n \n   <name>Jenkins main module</name>", "@@ -29,7 +29,7 @@ THE SOFTWARE.\n   <parent>\n     <artifactId>pom</artifactId>\n     <groupId>org.jenkins-ci.main</groupId>\n-    <version>1.545-SNAPSHOT</version>\n+    <version>1.545</version>\n   </parent>\n   <groupId>org.jenkins-ci.main</groupId>\n   <artifactId>jenkins-test-harness</artifactId>", "@@ -28,7 +28,7 @@ THE SOFTWARE.\n   <parent>\n     <groupId>org.jenkins-ci.main</groupId>\n     <artifactId>pom</artifactId>\n-    <version>1.545-SNAPSHOT</version>\n+    <version>1.545</version>\n     <relativePath>../pom.xml</relativePath>\n   </parent>\n "], "edit": ["-    <version>1.545-SNAPSHOT</version>", "+    <version>1.545</version>", "-    <version>1.545-SNAPSHOT</version>", "+    <version>1.545</version>", "-  <version>1.545-SNAPSHOT</version>", "+  <version>1.545</version>", "-      <version>1.545-SNAPSHOT</version>", "+      <version>1.545</version>", "-      <version>1.545-SNAPSHOT</version>", "+      <version>1.545</version>", "-      <version>1.545-SNAPSHOT</version>", "+      <version>1.545</version>", "-  <version>1.545-SNAPSHOT</version>", "+  <version>1.545</version>", "-    <version>1.545-SNAPSHOT</version>", "+    <version>1.545</version>", "-    <version>1.545-SNAPSHOT</version>", "+    <version>1.545</version>"], "url": ["https://api.github.com/repos/jenkinsci/jenkins/commits/4d3549a17fe46209a614f63cd7bdfc2d4276b9b9"]}