{"new_feature": "15944,1,65,106,13,0.88", "commitmessage": "Add a comment as a reminder\n\ngit-svn-id: https://svn.apache.org/repos/asf/tomcat/trunk@991842 13f79535-47bb-0310-9956-ffa450edef68", "patch": ["@@ -5048,6 +5048,10 @@ protected void destroyInternal() throws LifecycleException {\n     private void resetContext() throws Exception {\n         // Restore the original state ( pre reading web.xml in start )\n         // If you extend this - override this method and make sure to clean up\n+        \n+        // Don't reset anything that is read from a <Context.../> element since\n+        // <Context .../> elements are read at initialisation will not be read\n+        // again for this object\n         children = new HashMap<String, Container>();\n         startupTime = 0;\n         startTime = 0;"], "edit": ["+", "+        // Don't reset anything that is read from a <Context.../> element since", "+        // <Context .../> elements are read at initialisation will not be read", "+        // again for this object"], "url": ["https://api.github.com/repos/apache/tomcat80/commits/4d4bec627a97f9580231077a7df73192ef9759fc"]}