{"new_feature": "21402,4,205,3844,30,0.86", "commitmessage": "Ensure that the keepAlive of NioSender works correctly when keepAliveCount/keepAliveTime is set to a value greater than 0.\n\ngit-svn-id: https://svn.apache.org/repos/asf/tomcat/tc7.0.x/trunk@1491692 13f79535-47bb-0310-9956-ffa450edef68", "patch": ["@@ -308,8 +308,6 @@ public void reset() {\n         remaining = 0;\n         complete = false;\n         setAttempt(0);\n-        setRequestCount(0);\n-        setConnectTime(-1);\n         setUdpBased(false);\n     }\n ", "@@ -62,6 +62,11 @@\n         Delete leftover of war file from tempDir when removing invalid\n         <code>FileMessageFactory</code>. (kfujino)\n       </fix>\n+      <fix>\n+        Ensure that the keepAlive of NioSender works correctly when\n+        <code>keepAliveCount</code>/<code>keepAliveTime</code> is set to a value\n+        greater than 0. (kfujino)\n+      </fix>\n     </changelog>\n   </subsection>\n </section>"], "edit": ["-        setRequestCount(0);", "-        setConnectTime(-1);", "+      <fix>", "+        Ensure that the keepAlive of NioSender works correctly when", "+        <code>keepAliveCount</code>/<code>keepAliveTime</code> is set to a value", "+        greater than 0. (kfujino)", "+      </fix>"], "url": ["https://api.github.com/repos/apache/tomcat/commits/4d9999f0934c27b179c24b86c96b42fcb01f7767"]}