{"new_feature": "3162,8,49,377,30,0.01", "commitmessage": "o cleaning up the maven descriptors for the projects so that a site\n  with decent names is generated (link to come)\n\no made all the projects use a LICENSE.txt file. one this doesn't wig\n  out windows users and the checkstyle report likes to have one to\n  make sure that all sources files have a license present so if they\n  don't it can be reported.\n\no using the reactor tag in its first forms to provide a mechanism\n  to build the entire commons (still problems with detecting\n  JDK 1.4) and to generate a site where the navigation is gleaned\n  from the project themselves and don't have to kept in sync\n  manually.\n\no added a little front-end site deployer.\n\nPR:\nObtained from:\nSubmitted by:\nReviewed by:\n\n\ngit-svn-id: https://svn.apache.org/repos/asf/jakarta/commons/proper/collections/trunk@130751 13f79535-47bb-0310-9956-ffa450edef68", "patch": ["@@ -2,7 +2,7 @@\n \n <project>\n   <extend>../project.xml</extend>\n-  <name>commons-collections</name>\n+  <name>Collections</name>\n   <id>commons-collections</id>\n   <currentVersion>2.0</currentVersion>\n   <inceptionYear>2002</inceptionYear>", "@@ -0,0 +1,66 @@\n+<?xml version=\"1.0\"?>\n+\n+<document>\n+\n+ <properties>\n+  <title>Commons</title>\n+  <author email=\"commons-dev@jakarta.apache.org\">Commons Documentation Team</author>\n+ </properties>\n+\n+ <body>\n+\n+<section name=\"The Collections Component\">\n+\n+<p>\n+The introduction of the <a href=\"http://java.sun.com/products/jdk/1.2/docs/guide/collections/\">Collections API</a> by Sun in JDK 1.2 has been a\n+boon to quick and effective Java programming.  Ready access to\n+powerful data structures has accelerated development by reducing the\n+need for custom container classes around each core object.  Most Java2\n+APIs are significantly easier to use because of the Collections API.\n+</p>\n+\n+<p>\n+However, there are certain holes left unfilled by Sun's\n+implementations, and the <a href=\"http://jakarta.apache.org/commons/\">Jakarta-Commons</a> Collections Component strives\n+to fulfill them. Among the features of this package are:\n+<ul>\n+<li>Special-purpose implementations of Lists and Maps for fast\n+access</li>\n+<li>Adapter classes from Java1-style containers (arrays, enumerations)\n+to Java2-style collections.</li>\n+<li>Methods to test or create typical set-theory properties of\n+collections such as union, intersection, and closure.</li>\n+</ul>\n+</p>\n+</section>\n+\n+<section name=\"Documentation\">\n+<p>\n+An alphabetical list of the package can be found in the <a href=\"http://cvs.apache.org/viewcvs/~checkout~/jakarta-commons/collections/STATUS.html?rev=1.13\">collections\n+status document</a>.\n+</p>\n+\n+<p>\n+The <a href=\"collections/api/index.html\">JavaDoc API documents</a> are available online.\n+</p>\n+</section>\n+\n+<section name=\"Releases\">\n+<ul>\n+<li><a\n+href=\"http://jakarta.apache.org/builds/jakarta-commons/release/commons-collections/v2.0/\">Version\n+2.0</a></li>\n+<li><a\n+href=\"http://jakarta.apache.org/builds/jakarta-commons/release/commons-collections/v1.0/\">Version\n+1.0</a></li>\n+</ul>\n+</section>\n+\n+</body>\n+</document>\n+\n+\n+\n+\n+\n+"], "edit": ["-  <name>commons-collections</name>", "+  <name>Collections</name>", "+<?xml version=\"1.0\"?>", "+", "+<document>", "+", "+ <properties>", "+  <title>Commons</title>", "+  <author email=\"commons-dev@jakarta.apache.org\">Commons Documentation Team</author>", "+ </properties>", "+", "+ <body>", "+", "+<section name=\"The Collections Component\">", "+", "+<p>", "+The introduction of the <a href=\"http://java.sun.com/products/jdk/1.2/docs/guide/collections/\">Collections API</a> by Sun in JDK 1.2 has been a", "+boon to quick and effective Java programming.  Ready access to", "+powerful data structures has accelerated development by reducing the", "+need for custom container classes around each core object.  Most Java2", "+APIs are significantly easier to use because of the Collections API.", "+</p>", "+", "+<p>", "+However, there are certain holes left unfilled by Sun's", "+implementations, and the <a href=\"http://jakarta.apache.org/commons/\">Jakarta-Commons</a> Collections Component strives", "+to fulfill them. Among the features of this package are:", "+<ul>", "+<li>Special-purpose implementations of Lists and Maps for fast", "+access</li>", "+<li>Adapter classes from Java1-style containers (arrays, enumerations)", "+to Java2-style collections.</li>", "+<li>Methods to test or create typical set-theory properties of", "+collections such as union, intersection, and closure.</li>", "+</ul>", "+</p>", "+</section>", "+", "+<section name=\"Documentation\">", "+<p>", "+An alphabetical list of the package can be found in the <a href=\"http://cvs.apache.org/viewcvs/~checkout~/jakarta-commons/collections/STATUS.html?rev=1.13\">collections", "+status document</a>.", "+</p>", "+", "+<p>", "+The <a href=\"collections/api/index.html\">JavaDoc API documents</a> are available online.", "+</p>", "+</section>", "+", "+<section name=\"Releases\">", "+<ul>", "+<li><a", "+href=\"http://jakarta.apache.org/builds/jakarta-commons/release/commons-collections/v2.0/\">Version", "+2.0</a></li>", "+<li><a", "+href=\"http://jakarta.apache.org/builds/jakarta-commons/release/commons-collections/v1.0/\">Version", "+1.0</a></li>", "+</ul>", "+</section>", "+", "+</body>", "+</document>", "+", "+", "+", "+", "+", "+"], "url": ["https://api.github.com/repos/apache/commons-collections/commits/4ebf207d4db8d93feb0146a3cf7366349d3e9fb1"]}