{"new_feature": "2696,2,31,456,22,0.71", "commitmessage": "Add link to new article from IBM developer network.\n\ngit-svn-id: http://svn.codehaus.org/xstream/trunk@1464 9830eeb5-ddf4-0310-9ef7-f4b9a3e3227e", "patch": ["@@ -82,9 +82,10 @@ <h2 id=\"blojsom\">Blojsom</h2>\n         that was inspired by blosxom. blojsom aims to retain a simplicity in design while adding flexibility in areas such as the flavors,\n         templating, plugins, and the ability to run multiple blogs with a single blojsom installation. XStream is used for export.</p>\n         \n-        <h1 id=\"blogs\">Blogs</h1>\n+        <h1 id=\"blogs\">Blogs and Articles</h1>\n         \n         <ul>\n+        \t<li>April 8th, 2008<a href=\"http://www.ibm.com/developerworks/java/library/x-xstream/index.html\">Use XStream to serialize Java objects into XML</a> by Rajiv Bangalore\n         \t<li>February 12th, 2008<a href=\"http://www.ibm.com/developerworks/library/x-restfulsoa/\">RESTful SOA using XML</a> by Adriaan de Jonge\n         \t<li>May 21th, 2006<a href=\"http://paulhammant.com/blog/xstream-json.html\">Inversionism by Paul Hammant: <i>Using XStream to forward JSON to a browser</i></a>\n         \t<li>May 21th, 2006<a href=\"http://paulhammant.com/blog/xstream-rss.html\">Inversionism by Paul Hammant: <i>Using XStream to process standardized XML documents</i></a>"], "edit": ["-        <h1 id=\"blogs\">Blogs</h1>", "+        <h1 id=\"blogs\">Blogs and Articles</h1>", "+        \t<li>April 8th, 2008<a href=\"http://www.ibm.com/developerworks/java/library/x-xstream/index.html\">Use XStream to serialize Java objects into XML</a> by Rajiv Bangalore"], "url": ["https://api.github.com/repos/x-stream/xstream/commits/4edaaa43261e0652f108921bff8a35e84582935b"]}