{"new_feature": "974,8,40,112,29,0.32", "commitmessage": "initial checkin of Base64 Decoder test case, which clearly demonstrate the current Base64 implementation is broken\n\ngit-svn-id: https://svn.apache.org/repos/asf/commons/proper/fileupload/trunk@1458213 13f79535-47bb-0310-9956-ffa450edef68", "patch": ["@@ -0,0 +1,68 @@\n+/*\n+ * Licensed to the Apache Software Foundation (ASF) under one or more\n+ * contributor license agreements.  See the NOTICE file distributed with\n+ * this work for additional information regarding copyright ownership.\n+ * The ASF licenses this file to You under the Apache License, Version 2.0\n+ * (the \"License\"); you may not use this file except in compliance with\n+ * the License.  You may obtain a copy of the License at\n+ *\n+ *      http://www.apache.org/licenses/LICENSE-2.0\n+ *\n+ * Unless required by applicable law or agreed to in writing, software\n+ * distributed under the License is distributed on an \"AS IS\" BASIS,\n+ * WITHOUT WARRANTIES OR CONDITIONS OF ANY KIND, either express or implied.\n+ * See the License for the specific language governing permissions and\n+ * limitations under the License.\n+ */\n+package org.apache.commons.fileupload.util.mime;\n+\n+import static org.junit.Assert.assertArrayEquals;\n+\n+import java.io.ByteArrayOutputStream;\n+\n+import org.junit.Test;\n+\n+/**\n+ * @since 1.3\n+ */\n+public final class Base64DecoderTestCase {\n+\n+    private static final String US_ASCII_CHARSET = \"US-ASCII\";\n+\n+    /**\n+     * Tests RFC 4648 section 10 test vectors.\n+     * <ul>\n+     * <li>BASE64(\"\") = \"\"</li>\n+     * <li>BASE64(\"f\") = \"Zg==\"</li>\n+     * <li>BASE64(\"fo\") = \"Zm8=\"</li>\n+     * <li>BASE64(\"foo\") = \"Zm9v\"</li>\n+     * <li>BASE64(\"foob\") = \"Zm9vYg==\"</li>\n+     * <li>BASE64(\"fooba\") = \"Zm9vYmE=\"</li>\n+     * <li>BASE64(\"foobar\") = \"Zm9vYmFy\"</li>\n+     * </ul>\n+     *\n+     * @see <a href=\"http://tools.ietf.org/html/rfc4648\">http://tools.ietf.org/html/rfc4648</a>\n+     */\n+    @Test\n+    public void rfc4648Section10Decode() throws Exception {\n+        // assertEncoded(\"\", \"\");\n+        assertEncoded(\"f\", \"Zg==\");\n+        assertEncoded(\"fo\", \"Zm8=\");\n+        // assertEncoded(\"foo\", \"Zm9v\");\n+        assertEncoded(\"foob\", \"Zm9vYg==\");\n+        assertEncoded(\"fooba\", \"Zm9vYmE=\");\n+        // assertEncoded(\"foobar\", \"Zm9vYmFy\");\n+    }\n+\n+    private static void assertEncoded(String clearText, String encoded) throws Exception {\n+        byte[] expected = clearText.getBytes(US_ASCII_CHARSET);\n+\n+        ByteArrayOutputStream out = new ByteArrayOutputStream(encoded.length());\n+        byte[] encodedData = encoded.getBytes(US_ASCII_CHARSET);\n+        Base64Decoder.decode(encodedData, 0, encodedData.length, out);\n+        byte[] actual = out.toByteArray();\n+\n+        assertArrayEquals(expected, actual);\n+    }\n+\n+}"], "edit": ["+/*", "+ * Licensed to the Apache Software Foundation (ASF) under one or more", "+ * contributor license agreements.  See the NOTICE file distributed with", "+ * this work for additional information regarding copyright ownership.", "+ * The ASF licenses this file to You under the Apache License, Version 2.0", "+ * (the \"License\"); you may not use this file except in compliance with", "+ * the License.  You may obtain a copy of the License at", "+ *", "+ *      http://www.apache.org/licenses/LICENSE-2.0", "+ *", "+ * Unless required by applicable law or agreed to in writing, software", "+ * distributed under the License is distributed on an \"AS IS\" BASIS,", "+ * WITHOUT WARRANTIES OR CONDITIONS OF ANY KIND, either express or implied.", "+ * See the License for the specific language governing permissions and", "+ * limitations under the License.", "+ */", "+package org.apache.commons.fileupload.util.mime;", "+", "+import static org.junit.Assert.assertArrayEquals;", "+", "+import java.io.ByteArrayOutputStream;", "+", "+import org.junit.Test;", "+", "+/**", "+ * @since 1.3", "+ */", "+public final class Base64DecoderTestCase {", "+", "+    private static final String US_ASCII_CHARSET = \"US-ASCII\";", "+", "+    /**", "+     * Tests RFC 4648 section 10 test vectors.", "+     * <ul>", "+     * <li>BASE64(\"\") = \"\"</li>", "+     * <li>BASE64(\"f\") = \"Zg==\"</li>", "+     * <li>BASE64(\"fo\") = \"Zm8=\"</li>", "+     * <li>BASE64(\"foo\") = \"Zm9v\"</li>", "+     * <li>BASE64(\"foob\") = \"Zm9vYg==\"</li>", "+     * <li>BASE64(\"fooba\") = \"Zm9vYmE=\"</li>", "+     * <li>BASE64(\"foobar\") = \"Zm9vYmFy\"</li>", "+     * </ul>", "+     *", "+     * @see <a href=\"http://tools.ietf.org/html/rfc4648\">http://tools.ietf.org/html/rfc4648</a>", "+     */", "+    @Test", "+    public void rfc4648Section10Decode() throws Exception {", "+        // assertEncoded(\"\", \"\");", "+        assertEncoded(\"f\", \"Zg==\");", "+        assertEncoded(\"fo\", \"Zm8=\");", "+        // assertEncoded(\"foo\", \"Zm9v\");", "+        assertEncoded(\"foob\", \"Zm9vYg==\");", "+        assertEncoded(\"fooba\", \"Zm9vYmE=\");", "+        // assertEncoded(\"foobar\", \"Zm9vYmFy\");", "+    }", "+", "+    private static void assertEncoded(String clearText, String encoded) throws Exception {", "+        byte[] expected = clearText.getBytes(US_ASCII_CHARSET);", "+", "+        ByteArrayOutputStream out = new ByteArrayOutputStream(encoded.length());", "+        byte[] encodedData = encoded.getBytes(US_ASCII_CHARSET);", "+        Base64Decoder.decode(encodedData, 0, encodedData.length, out);", "+        byte[] actual = out.toByteArray();", "+", "+        assertArrayEquals(expected, actual);", "+    }", "+", "+}"], "url": ["https://api.github.com/repos/apache/commons-fileupload/commits/4f4069a2f4ef7c379abc648b1c42dcd71c239ef7"]}