{"new_feature": "39907,34,149,2892,30,0.43", "commitmessage": "Use osgi 4.3.1 which works better with java7\n\ngit-svn-id: https://svn.apache.org/repos/asf/camel/trunk@1436853 13f79535-47bb-0310-9956-ffa450edef68", "patch": ["@@ -279,7 +279,7 @@\n     <opensaml-version>2.5.1_2</opensaml-version>\n     <oro-bundle-version>2.0.8_6</oro-bundle-version>\n     <oscache-bundle-version>2.4_5</oscache-bundle-version>\n-    <osgi-version>4.3.0</osgi-version>\n+    <osgi-version>4.3.1</osgi-version>\n     <paranamer-bundle-version>2.4_1</paranamer-bundle-version>\n     <pax-exam-version>2.6.0</pax-exam-version>\n     <paxexam-karaf-container-version>1.0.0</paxexam-karaf-container-version>"], "edit": ["-    <osgi-version>4.3.0</osgi-version>", "+    <osgi-version>4.3.1</osgi-version>"], "url": ["https://api.github.com/repos/apache/camel/commits/502ef396d2348ca7f30fa82669d47510c25507ff"]}