{"new_feature": "21402,4,205,3844,30,0.86", "commitmessage": "Fix a few deprecation warnings when compiling with Java 11 (others remain that are harder to fix).\n\ngit-svn-id: https://svn.apache.org/repos/asf/tomcat/trunk@1843330 13f79535-47bb-0310-9956-ffa450edef68", "patch": ["@@ -106,7 +106,8 @@ public void start(int level) throws Exception {\n             if (log.isDebugEnabled()) {\n                 log.debug(\"Using membershipProvider: \" + provider);\n             }\n-            membershipProvider = (MembershipProvider) Class.forName(provider).newInstance();\n+            membershipProvider =\n+                    (MembershipProvider) Class.forName(provider).getConstructor().newInstance();\n             membershipProvider.setMembershipListener(this);\n             membershipProvider.setMembershipService(this);\n             membershipProvider.init(properties);", "@@ -106,7 +106,7 @@ public Object getObjectInstance(Object obj, Name name, Context nameCtx,\n                     }\n                     if (factoryClass != null) {\n                         try {\n-                            factory = (ObjectFactory) factoryClass.newInstance();\n+                            factory = (ObjectFactory) factoryClass.getConstructor().newInstance();\n                         } catch (Throwable t) {\n                             if (t instanceof NamingException)\n                                 throw (NamingException) t;", "@@ -190,7 +190,7 @@ protected ConnectionFactory createConnectionFactory() throws SQLException {\n             }\n \n             try {\n-                xaDataSourceInstance = (XADataSource) xaDataSourceClass.newInstance();\n+                xaDataSourceInstance = (XADataSource) xaDataSourceClass.getConstructor().newInstance();\n             } catch (final Exception t) {\n                 final String message = \"Cannot create XA data source of class '\" + xaDataSource + \"'\";\n                 throw new SQLException(message, t);"], "edit": ["-            membershipProvider = (MembershipProvider) Class.forName(provider).newInstance();", "+            membershipProvider =", "+                    (MembershipProvider) Class.forName(provider).getConstructor().newInstance();", "-                            factory = (ObjectFactory) factoryClass.newInstance();", "+                            factory = (ObjectFactory) factoryClass.getConstructor().newInstance();", "-                xaDataSourceInstance = (XADataSource) xaDataSourceClass.newInstance();", "+                xaDataSourceInstance = (XADataSource) xaDataSourceClass.getConstructor().newInstance();"], "url": ["https://api.github.com/repos/apache/tomcat/commits/50c8629c194613dafac7fa686575a5eeb5a08c4e"]}