{"new_feature": "24582,60,119,1202,30,0.03", "commitmessage": "AMBARI-22417. Ambari checks fail with FIPS mode is activated on the OS (rlevas)", "patch": ["@@ -21,28 +21,20 @@\n \"\"\"\n \n __all__ = [\"curl_krb_request\"]\n+import hashlib\n import logging\n import os\n+\n import time\n \n+from get_kinit_path import get_kinit_path\n+from get_klist_path import get_klist_path\n from resource_management.core import global_lock\n from resource_management.core import shell\n from resource_management.core.exceptions import Fail\n-from get_kinit_path import get_kinit_path\n-from get_klist_path import get_klist_path\n from resource_management.libraries.functions.get_user_call_output import get_user_call_output\n \n-# hashlib is supplied as of Python 2.5 as the replacement interface for md5\n-# and other secure hashes.  In 2.6, md5 is deprecated.  Import hashlib if\n-# available, avoiding a deprecation warning under 2.6.  Import md5 otherwise,\n-# preserving 2.4 compatibility.\n-try:\n-  import hashlib\n-  _md5 = hashlib.md5\n-except ImportError:\n-  import md5\n-  _md5 = md5.new\n-\n+HASH_ALGORITHM = hashlib.sha224\n CONNECTION_TIMEOUT_DEFAULT = 10\n MAX_TIMEOUT_DEFAULT = CONNECTION_TIMEOUT_DEFAULT + 2\n \n@@ -103,10 +95,10 @@ def curl_krb_request(tmp_dir, keytab, principal, url, cache_file_prefix,\n   is_kinit_required = False\n \n   # Create the kerberos credentials cache (ccache) file and set it in the environment to use\n-  # when executing curl. Use the md5 hash of the combination of the principal and keytab file\n+  # when executing curl. Use a hash of the combination of the principal and keytab file\n   # to generate a (relatively) unique cache filename so that we can use it as needed. Scope\n   # this file by user in order to prevent sharing of cache files by multiple users.\n-  ccache_file_name = _md5(\"{0}|{1}\".format(principal, keytab)).hexdigest()\n+  ccache_file_name = HASH_ALGORITHM(\"{0}|{1}\".format(principal, keytab)).hexdigest()\n \n   curl_krb_cache_path = os.path.join(tmp_dir, \"curl_krb_cache\")\n   if not os.path.exists(curl_krb_cache_path):"], "edit": ["+import hashlib", "+", "+from get_kinit_path import get_kinit_path", "+from get_klist_path import get_klist_path", "-from get_kinit_path import get_kinit_path", "-from get_klist_path import get_klist_path", "-# hashlib is supplied as of Python 2.5 as the replacement interface for md5", "-# and other secure hashes.  In 2.6, md5 is deprecated.  Import hashlib if", "-# available, avoiding a deprecation warning under 2.6.  Import md5 otherwise,", "-# preserving 2.4 compatibility.", "-try:", "-  import hashlib", "-  _md5 = hashlib.md5", "-except ImportError:", "-  import md5", "-  _md5 = md5.new", "-", "+HASH_ALGORITHM = hashlib.sha224", "-  # when executing curl. Use the md5 hash of the combination of the principal and keytab file", "+  # when executing curl. Use a hash of the combination of the principal and keytab file", "-  ccache_file_name = _md5(\"{0}|{1}\".format(principal, keytab)).hexdigest()", "+  ccache_file_name = HASH_ALGORITHM(\"{0}|{1}\".format(principal, keytab)).hexdigest()"], "url": ["https://api.github.com/repos/apache/ambari/commits/5122671d0076612f4b39f4ae51c2ad627544d768"]}