{"new_feature": "2888,17,54,174,30,0.16", "commitmessage": "Check for handler not null instead of null\n\nSigned-off-by: Bart Hanssens <bart.hanssens@fedict.be>", "patch": ["@@ -154,7 +154,7 @@ protected void reportFatalError(String msg, JsonLocation location)\n \tpublic void parse(final Reader reader, final String baseUri)\n \t\tthrows IOException, RDFParseException, RDFHandlerException\n \t{\n-\t\tif (rdfHandler == null) {\n+\t\tif (rdfHandler != null) {\n \t\t\trdfHandler.startRDF();\n \t\t}\n \t\tJsonParser jp = null;"], "edit": ["-\t\tif (rdfHandler == null) {", "+\t\tif (rdfHandler != null) {"], "url": ["https://api.github.com/repos/eclipse/rdf4j/commits/52bb7f10f3ac90a626eb0211fb800ab5de53fcc8"]}