{"new_feature": "8180,14,131,3925,30,0.34", "commitmessage": "SEC-2665: Fix samples/ldap-jc link in reference", "patch": ["@@ -691,7 +691,7 @@ public void configureGlobal(AuthenticationManagerBuilder auth) throws Exception\n \n ==== LDAP Authentication\n \n-You can find the updates to suppport LDAP based authentication. The https://github.com/spring-projects/spring-security/tree/master/samples/lda-jc[ldap-jc sample] provides a complete example of using LDAP based authentication.\n+You can find the updates to suppport LDAP based authentication. The https://github.com/spring-projects/spring-security/tree/master/samples/ldap-jc[ldap-jc sample] provides a complete example of using LDAP based authentication.\n \n [source,java]\n ----"], "edit": ["-You can find the updates to suppport LDAP based authentication. The https://github.com/spring-projects/spring-security/tree/master/samples/lda-jc[ldap-jc sample] provides a complete example of using LDAP based authentication.", "+You can find the updates to suppport LDAP based authentication. The https://github.com/spring-projects/spring-security/tree/master/samples/ldap-jc[ldap-jc sample] provides a complete example of using LDAP based authentication.", "----"], "url": ["https://api.github.com/repos/spring-projects/spring-security/commits/52c585aef117cc5cf8b85ed0072cf51e6ef58f4e"]}