{"new_feature": "15206,20,149,587,30,0.37", "commitmessage": "Fix failure if strong encryption libs aren't avail\n\ngit-svn-id: https://svn.apache.org/repos/asf/cxf/trunk@924274 13f79535-47bb-0310-9956-ffa450edef68", "patch": ["@@ -92,7 +92,7 @@\n     </jaxws:endpoint> \n     <jaxws:endpoint \n        id=\"UserName\"\n-       address=\"https://localhost:9003/UserName\" \n+       address=\"http://localhost:9003/UserName\" \n        serviceName=\"interop:PingService\"\n        endpointName=\"interop:UserName_IPingService\"\n        implementor=\"org.apache.cxf.systest.ws.wssec10.server.UserNameOverTransportRestricted\"", "@@ -75,7 +75,7 @@\n \t\t\t<soap:address location=\"https://localhost:9001/Security_WsSecurity_Service_Indigo/WsSecurity10.svc/UserNameOverTransport\"/>\n \t\t</wsdl:port>\n         <wsdl:port name=\"UserName_IPingService\" binding=\"wssec10test:UserName_IPingService\">\n-            <soap:address location=\"https://localhost:9003/Security_WsSecurity_Service_Indigo/WsSecurity10.svc/UserName\"/>\n+            <soap:address location=\"http://localhost:9003/Security_WsSecurity_Service_Indigo/WsSecurity10.svc/UserName\"/>\n         </wsdl:port>\n \t\t<wsdl:port name=\"MutualCertificate10SignEncrypt_IPingService\" binding=\"wssec10test:MutualCertificate10SignEncrypt_IPingService\">\n \t\t\t<soap:address location=\"http://localhost:9002/Security_WsSecurity_Service_Indigo/WsSecurity10.svc/MutualCertificate10SignEncrypt\"/>"], "edit": ["-       address=\"https://localhost:9003/UserName\"", "+       address=\"http://localhost:9003/UserName\"", "-            <soap:address location=\"https://localhost:9003/Security_WsSecurity_Service_Indigo/WsSecurity10.svc/UserName\"/>", "+            <soap:address location=\"http://localhost:9003/Security_WsSecurity_Service_Indigo/WsSecurity10.svc/UserName\"/>"], "url": ["https://api.github.com/repos/apache/cxf/commits/52d3c3fefb7a77666809ddd56770675a8303462b"]}