{"new_feature": "28824,27,0,14015,30,0.36", "commitmessage": "typo", "patch": ["@@ -26,7 +26,7 @@\n  * <p>\n  * This protocol extends the version 1 protocol by adding a per-client cookie,\n  * so that we can detect a reconnection from the slave and take appropriate action,\n- * when the connection disappered without the master noticing.\n+ * when the connection disappeared without the master noticing.\n  *\n  * @author Kohsuke Kawaguchi\n  * @since 1.467"], "edit": ["- * when the connection disappered without the master noticing.", "+ * when the connection disappeared without the master noticing."], "url": ["https://api.github.com/repos/jenkinsci/jenkins/commits/535a7837bd5166eb098eb794599b7806d9355c5b"]}