{"new_feature": "21402,4,205,3844,30,0.01", "commitmessage": "Use our lineends.pl script instead unix2dos utility\n\ngit-svn-id: https://svn.apache.org/repos/asf/tomcat/native/branches/1.1.x@896039 13f79535-47bb-0310-9956-ffa450edef68", "patch": ["@@ -90,7 +90,7 @@ if [ ! -x \"$EXPTOOL\" ]; then\n     echo \"\"\n     exit 1\n fi\n-UNIX2DOS=\"`which unix2dos 2>/dev/null || type unix2dos 2>&1`\"\n+PERL=\"`which perl 2>/dev/null || type perl 2>&1`\"\n echo $JKJNIEXT | egrep -e 'x$' > /dev/null 2>&1\n if [ $? -eq 0 ]; then\n     USE_BRANCH=1\n@@ -170,12 +170,12 @@ rm -rf ${JKWINDIST}/jni/build\n for i in KEYS LICENSE NOTICE README.txt\n do\n     svn cat ${JKJNISVN}/${i} > ${JKWINDIST}/${i}\n-    if [ -x \"$UNIX2DOS\" ]; then\n-        $UNIX2DOS ${JKWINDIST}/${i}\n+    if [ -x \"$PERL\" ]; then\n+        $PERL ${JKWINDIST}/jni/native/build/lineends.pl --cr ${JKWINDIST}/${i}\n     fi\n done\n-if [ -x \"$UNIX2DOS\" ]; then\n-    $UNIX2DOS ${JKWINDIST}/CHANGELOG.txt 2>/dev/null\n+if [ -x \"$PERL\" ]; then\n+    $PERL ${JKWINDIST}/jni/native/build/lineends.pl --cr ${JKWINDIST}/CHANGELOG.txt\n fi\n zip -9rqyo ${JKWINDIST}.zip ${JKWINDIST}\n "], "edit": ["-UNIX2DOS=\"`which unix2dos 2>/dev/null || type unix2dos 2>&1`\"", "+PERL=\"`which perl 2>/dev/null || type perl 2>&1`\"", "-    if [ -x \"$UNIX2DOS\" ]; then", "-        $UNIX2DOS ${JKWINDIST}/${i}", "+    if [ -x \"$PERL\" ]; then", "+        $PERL ${JKWINDIST}/jni/native/build/lineends.pl --cr ${JKWINDIST}/${i}", "-if [ -x \"$UNIX2DOS\" ]; then", "-    $UNIX2DOS ${JKWINDIST}/CHANGELOG.txt 2>/dev/null", "+if [ -x \"$PERL\" ]; then", "+    $PERL ${JKWINDIST}/jni/native/build/lineends.pl --cr ${JKWINDIST}/CHANGELOG.txt"], "url": ["https://api.github.com/repos/apache/tomcat/commits/53987f6510d299f23f755ae1bdecb6efcb93eebf"]}