{"new_feature": "3784,44,137,2771,30,0.26", "commitmessage": "Fixed the SecureRandom so it only returns positive values", "patch": ["@@ -109,7 +109,8 @@ void clearBridgeSecret() {\n \n     /** Called by cordova.js to initialize the bridge. */\n     int generateBridgeSecret() {\n-        expectedBridgeSecret = (int)(Math.random() * Integer.MAX_VALUE);\n+        SecureRandom randGen = new SecureRandom();\n+        expectedBridgeSecret = randGen.nextInt(Integer.MAX_VALUE);\n         return expectedBridgeSecret;\n     }\n "], "edit": ["-        expectedBridgeSecret = (int)(Math.random() * Integer.MAX_VALUE);", "+        SecureRandom randGen = new SecureRandom();", "+        expectedBridgeSecret = randGen.nextInt(Integer.MAX_VALUE);"], "url": ["https://api.github.com/repos/apache/cordova-android/commits/53dae454308d6a0d03c653f85b330d4678290fab"]}