{"new_feature": "3029,5,125,855,30,0.08", "commitmessage": "Add missing '@Override' annotations.\n\ngit-svn-id: https://svn.apache.org/repos/asf/httpcomponents/httpclient/trunk@1558061 13f79535-47bb-0310-9956-ffa450edef68", "patch": ["@@ -139,6 +139,7 @@ CloseableHttpResponse getReconstructedResponse() throws IOException {\n                 new Class<?>[] { CloseableHttpResponse.class },\n                 new ResponseProxyHandler(reconstructed) {\n \n+                    @Override\n                     public void close() throws IOException {\n                         response.close();\n                     }", "@@ -87,6 +87,7 @@\n     private Date requestDate;\n     private Date responseDate;\n \n+    @Override\n     @Before\n     public void setUp() {\n         super.setUp();\n@@ -129,6 +130,7 @@ public CachingExec createCachingExecChain(final ClientExecChain backend,\n         return impl = new CachingExec(backend, cache, config);\n     }\n \n+    @Override\n     protected void replayMocks() {\n         super.replayMocks();\n         replay(mockBackendResponse);\n@@ -137,6 +139,7 @@ protected void replayMocks() {\n         }\n     }\n \n+    @Override\n     protected void verifyMocks() {\n         super.verifyMocks();\n         verify(mockBackendResponse);\n@@ -320,11 +323,13 @@ public void testEndlessResponsesArePassedThrough() throws Exception {\n         resp1.setEntity(new InputStreamEntity(new InputStream() {\n             private Throwable closed;\n \n+            @Override\n             public void close() throws IOException {\n                 closed = new Throwable();\n                 super.close();\n             }\n \n+            @Override\n             public int read() throws IOException {\n                 Thread.yield();\n                 if (closed != null) {", "@@ -146,6 +146,7 @@ public void testTooLargeResponseCombinedClosed() throws Exception {\n                         new Class<?>[] { CloseableHttpResponse.class },\n                         new ResponseProxyHandler(new BasicHttpResponse(\n                                 HttpVersion.HTTP_1_1, HttpStatus.SC_OK, \"OK\")) {\n+                            @Override\n                             public void close() throws IOException {\n                                 closed.set(true);\n                             }"], "edit": ["+                    @Override", "+    @Override", "+    @Override", "+    @Override", "+            @Override", "+            @Override", "+                            @Override"], "url": ["https://api.github.com/repos/apache/httpcomponents-client/commits/54667c0a43bf983be38a53e6f8adfb59ecc789fa"]}