{"new_feature": "10276,15,64,1575,30,0.22", "commitmessage": "compact byteSequence before xstream marshall so that only required bytes are base64 encoded", "patch": ["@@ -19,9 +19,16 @@\n import java.io.IOException;\n import java.io.Reader;\n \n+import com.thoughtworks.xstream.converters.Converter;\n+import com.thoughtworks.xstream.converters.ConverterLookup;\n+import com.thoughtworks.xstream.converters.MarshallingContext;\n+import com.thoughtworks.xstream.converters.UnmarshallingContext;\n+import com.thoughtworks.xstream.io.HierarchicalStreamReader;\n+import com.thoughtworks.xstream.io.HierarchicalStreamWriter;\n import org.apache.activemq.command.MarshallAware;\n import org.apache.activemq.command.MessageDispatch;\n import org.apache.activemq.transport.util.TextWireFormat;\n+import org.apache.activemq.util.ByteSequence;\n import org.apache.activemq.wireformat.WireFormat;\n \n import com.thoughtworks.xstream.XStream;\n@@ -110,8 +117,27 @@ public void setXStream(XStream xStream) {\n     // Implementation methods\n     // -------------------------------------------------------------------------\n     protected XStream createXStream() {\n-        XStream xstream = new XStream();\n+        final XStream xstream = new XStream();\n         xstream.ignoreUnknownElements();\n+        xstream.registerConverter(new Converter() {\n+            final Converter delegate = xstream.getConverterLookup().lookupConverterForType(ByteSequence.class);\n+            @Override\n+            public void marshal(Object o, HierarchicalStreamWriter hierarchicalStreamWriter, MarshallingContext marshallingContext) {\n+                ByteSequence byteSequence = (ByteSequence)o;\n+                byteSequence.compact();\n+                delegate.marshal(byteSequence, hierarchicalStreamWriter, marshallingContext);\n+            }\n+\n+            @Override\n+            public Object unmarshal(HierarchicalStreamReader hierarchicalStreamReader, UnmarshallingContext unmarshallingContext) {\n+                return delegate.unmarshal(hierarchicalStreamReader, unmarshallingContext);\n+            }\n+\n+            @Override\n+            public boolean canConvert(Class aClass) {\n+                return aClass == ByteSequence.class;\n+            }\n+        });\n         return xstream;\n     }\n ", "@@ -18,6 +18,8 @@\n \n import java.io.IOException;\n \n+import junit.framework.Test;\n+import org.apache.activemq.command.ActiveMQTextMessage;\n import org.apache.activemq.command.Command;\n import org.apache.activemq.command.MessageTest;\n import org.apache.activemq.wireformat.WireFormat;\n@@ -33,7 +35,7 @@\n     public void assertBeanMarshalls(Object original) throws IOException {\n         super.assertBeanMarshalls(original);\n \n-        String xml = getXStreamWireFormat().marshalText((Command) original);\n+        String xml = getXStreamWireFormat().marshalText(original);\n         LOG.info(original.getClass().getName() + \" as XML is:\");\n         LOG.info(xml);\n     }\n@@ -45,4 +47,16 @@ protected XStreamWireFormat getXStreamWireFormat() {\n     protected WireFormat createWireFormat() {\n         return new XStreamWireFormat();\n     }\n+\n+    public static Test suite() {\n+        return suite(XStreamWireFormatTest.class);\n+    }\n+\n+    public void testXmlPayload() throws Exception {\n+        ActiveMQTextMessage message = new ActiveMQTextMessage();\n+        message.setText(\"<body val=\\\"Hi\\\"/>\");\n+        message.setStringProperty(\"body\",\"Hi\");\n+\n+        assertBeanMarshalls(message);\n+    }\n }"], "edit": ["+import com.thoughtworks.xstream.converters.Converter;", "+import com.thoughtworks.xstream.converters.ConverterLookup;", "+import com.thoughtworks.xstream.converters.MarshallingContext;", "+import com.thoughtworks.xstream.converters.UnmarshallingContext;", "+import com.thoughtworks.xstream.io.HierarchicalStreamReader;", "+import com.thoughtworks.xstream.io.HierarchicalStreamWriter;", "+import org.apache.activemq.util.ByteSequence;", "-        XStream xstream = new XStream();", "+        final XStream xstream = new XStream();", "+        xstream.registerConverter(new Converter() {", "+            final Converter delegate = xstream.getConverterLookup().lookupConverterForType(ByteSequence.class);", "+            @Override", "+            public void marshal(Object o, HierarchicalStreamWriter hierarchicalStreamWriter, MarshallingContext marshallingContext) {", "+                ByteSequence byteSequence = (ByteSequence)o;", "+                byteSequence.compact();", "+                delegate.marshal(byteSequence, hierarchicalStreamWriter, marshallingContext);", "+            }", "+", "+            @Override", "+            public Object unmarshal(HierarchicalStreamReader hierarchicalStreamReader, UnmarshallingContext unmarshallingContext) {", "+                return delegate.unmarshal(hierarchicalStreamReader, unmarshallingContext);", "+            }", "+", "+            @Override", "+            public boolean canConvert(Class aClass) {", "+                return aClass == ByteSequence.class;", "+            }", "+        });", "+import junit.framework.Test;", "+import org.apache.activemq.command.ActiveMQTextMessage;", "-        String xml = getXStreamWireFormat().marshalText((Command) original);", "+        String xml = getXStreamWireFormat().marshalText(original);", "+", "+    public static Test suite() {", "+        return suite(XStreamWireFormatTest.class);", "+    }", "+", "+    public void testXmlPayload() throws Exception {", "+        ActiveMQTextMessage message = new ActiveMQTextMessage();", "+        message.setText(\"<body val=\\\"Hi\\\"/>\");", "+        message.setStringProperty(\"body\",\"Hi\");", "+", "+        assertBeanMarshalls(message);", "+    }"], "url": ["https://api.github.com/repos/apache/activemq/commits/547476d1bc8bd6d5c824d51bc0dc3cdd5a201f4c"]}