{"new_feature": "1758,9,44,33855,30,0.63", "commitmessage": "Update documentation for handling of @Field and @Part values.", "patch": ["@@ -25,7 +25,9 @@\n /**\n  * Named pair for a form-encoded request.\n  * <p>\n- * Values may be {@code null} which will omit them from the request body.\n+ * Values are converted to strings using {@link String#valueOf(Object)} and then form URL encoded.\n+ * {@code null} values are ignored. Passing a {@link java.util.List List} or array will result in a\n+ * field pair for each non-{@code null} item.\n  * <p>\n  * Simple Example:\n  * <pre>\n@@ -36,6 +38,15 @@\n  * </pre>\n  * Calling with {@code foo.example(\"Bob Smith\", \"President\")} yields a request body of\n  * {@code name=Bob+Smith&occupation=President}.\n+ * <p>\n+ * Array Example:\n+ * <pre>\n+ * &#64;FormUrlEncoded\n+ * &#64;POST(\"/list\")\n+ * void example(@Field(\"name\") String... names);\n+ * </pre>\n+ * Calling with {@code foo.example(\"Bob Smith\", \"Jane Doe\")} yields a request body of\n+ * {@code name=Bob+Smith&name=Jane+Doe}.\n  *\n  * @see FormUrlEncoded\n  * @see FieldMap", "@@ -35,6 +35,8 @@\n  * retrofit.converter.Converter#toBody(Object)}.</li>\n  * </ul>\n  * <p>\n+ * Values may be {@code null} which will omit them from the request body.\n+ * <p>\n  * <pre>\n  * &#64;Multipart\n  * &#64;POST(\"/\")", "@@ -26,9 +26,8 @@\n  * Query parameter appended to the URL.\n  * <p>\n  * Values are converted to strings using {@link String#valueOf(Object)} and then URL encoded.\n- * A {@link java.util.List List} or array will result in a query parameter for each value.\n- * {@code null} as a value to the parameter or as a value in a list will not be included in the\n- * URL.\n+ * {@code null} values are ignored. Passing a {@link java.util.List List} or array will result in a\n+ * query parameter for each non-{@code null} item.\n  * <p>\n  * Simple Example:\n  * <pre>"], "edit": ["- * Values may be {@code null} which will omit them from the request body.", "+ * Values are converted to strings using {@link String#valueOf(Object)} and then form URL encoded.", "+ * {@code null} values are ignored. Passing a {@link java.util.List List} or array will result in a", "+ * field pair for each non-{@code null} item.", "+ * <p>", "+ * Array Example:", "+ * <pre>", "+ * &#64;FormUrlEncoded", "+ * &#64;POST(\"/list\")", "+ * void example(@Field(\"name\") String... names);", "+ * </pre>", "+ * Calling with {@code foo.example(\"Bob Smith\", \"Jane Doe\")} yields a request body of", "+ * {@code name=Bob+Smith&name=Jane+Doe}.", "+ * Values may be {@code null} which will omit them from the request body.", "+ * <p>", "- * A {@link java.util.List List} or array will result in a query parameter for each value.", "- * {@code null} as a value to the parameter or as a value in a list will not be included in the", "- * URL.", "+ * {@code null} values are ignored. Passing a {@link java.util.List List} or array will result in a", "+ * query parameter for each non-{@code null} item."], "url": ["https://api.github.com/repos/square/retrofit/commits/54c8e17ad51bd35e75009233c3be6cdc3afe310e"]}