{"new_feature": "1272,5,101,84,9,0.63", "commitmessage": "Versions/Typos", "patch": ["@@ -35,7 +35,7 @@\n \t * Gets the value of an object.\n \t *\n \t * @param object the T object\n-\t * @return the text\n+\t * @return the value\n \t */\n \tString getValue(T object);\n }", "@@ -1,5 +1,5 @@\n <h4>Since</h4>\n-wicket-jquery-ui-kendo-6.16.1\n+wicket-jquery-ui-kendo-6.17.0\n \n <br/>\n <h4>Licensing</h4>", "@@ -1,5 +1,5 @@\n <h4>Since</h4>\n-wicket-jquery-ui-kendo-6.16.1\n+wicket-jquery-ui-kendo-6.17.0\n \n <br/>\n <h4>Licensing</h4>", "@@ -1,5 +1,5 @@\n <h4>Since</h4>\n-wicket-jquery-ui-kendo-6.16.1\n+wicket-jquery-ui-kendo-6.17.0\n \n <br/>\n <h4>Licensing</h4>", "@@ -1,5 +1,5 @@\n <h4>Since</h4>\n-wicket-jquery-ui-kendo-6.16.1\n+wicket-jquery-ui-kendo-6.17.0\n \n <br/>\n <h4>Licensing</h4>", "@@ -1,5 +1,5 @@\n <h4>Since</h4>\n-wicket-jquery-ui-kendo-6.16.1\n+wicket-jquery-ui-kendo-6.17.0\n \n <br/>\n <h4>Licensing</h4>", "@@ -163,7 +163,6 @@ public void respond(final IRequestCycle requestCycle)\n \n \t\t\t\tfinal String encoding = Application.get().getRequestCycleSettings().getResponseRequestEncoding();\n \t\t\t\tresponse.setContentType(\"application/json; charset=\" + encoding);\n-//\t\t\t\tresponse.setContentType(\"text/json; charset=\" + encoding);\n \t\t\t\tresponse.disableCaching();\n \n \t\t\t\tfinal long size = provider.size();"], "edit": ["-\t * @return the text", "+\t * @return the value", "-wicket-jquery-ui-kendo-6.16.1", "+wicket-jquery-ui-kendo-6.17.0", "-wicket-jquery-ui-kendo-6.16.1", "+wicket-jquery-ui-kendo-6.17.0", "-wicket-jquery-ui-kendo-6.16.1", "+wicket-jquery-ui-kendo-6.17.0", "-wicket-jquery-ui-kendo-6.16.1", "+wicket-jquery-ui-kendo-6.17.0", "-wicket-jquery-ui-kendo-6.16.1", "+wicket-jquery-ui-kendo-6.17.0", "-//\t\t\t\tresponse.setContentType(\"text/json; charset=\" + encoding);"], "url": ["https://api.github.com/repos/sebfz1/wicket-jquery-ui/commits/5531391a23ec005e4a8ded758cbdfc5129886b50"]}