{"new_feature": "3492,22,40,97,5,0.50", "commitmessage": "Fixed a silly bug in build.xml\n\n\ngit-svn-id: https://svn.apache.org/repos/asf/xmlgraphics/batik/trunk@201409 13f79535-47bb-0310-9956-ffa450edef68", "patch": ["@@ -954,9 +954,8 @@ To display the available targets type:\n   <target name=\"squiggle\" depends=\"compile\"\n           description=\"Runs Squiggle - the SVG browser\">\n     <java fork=\"yes\" \n-          classname=\"${class-prefix}.apps.svgbrowser.Main\"\n-<!--      jvm=\"C:\\Documents and Settings\\<user>\\.netbeans\\4.0\\modules\\profiler-ea-vm\\jre\\bin\\java\"  -->\n-          >\n+          classname=\"${class-prefix}.apps.svgbrowser.Main\">\n+<!--      jvm=\"C:\\Documents and Settings\\<user>\\.netbeans\\4.0\\modules\\profiler-ea-vm\\jre\\bin\\java\">  -->\n       <classpath>\n         <pathelement location=\"${dest}\" />\n         <path refid=\"libs-classpath\"/>"], "edit": ["-          classname=\"${class-prefix}.apps.svgbrowser.Main\"", "-<!--      jvm=\"C:\\Documents and Settings\\<user>\\.netbeans\\4.0\\modules\\profiler-ea-vm\\jre\\bin\\java\"  -->", "-          >", "+          classname=\"${class-prefix}.apps.svgbrowser.Main\">", "+<!--      jvm=\"C:\\Documents and Settings\\<user>\\.netbeans\\4.0\\modules\\profiler-ea-vm\\jre\\bin\\java\">  -->"], "url": ["https://api.github.com/repos/apache/batik/commits/553e262dda9c497fae179a49b353ff3b73c2026e"]}