{"new_feature": "7969,115,246,1043,30,0.00", "commitmessage": "Merge pull request #903 from aeijdenberg/patch-1\n\nUpdate google-oidc-provider.md", "patch": ["@@ -27,6 +27,7 @@ Please refer to 'https://accounts.google.com/.well-known/openid-configuration' f\n           addShadowUserOnLogin: true\n           relyingPartyId: REPLACE_WITH_CLIENT_ID\n           relyingPartySecret: REPLACE_WITH_CLIENT_SECRET\n+          clientAuthInBody: true\n           skipSslValidation: false\n           attributeMappings:\n             user_name: email"], "edit": ["+          clientAuthInBody: true"], "url": ["https://api.github.com/repos/cloudfoundry/uaa/commits/558d83596a8ea0775d756b16c436d50ae9bfafd2"]}