{"new_feature": "19765,14,163,32708,30,0.33", "commitmessage": "Transactional timeout documented as seconds in annotation javadoc\n\nIssue: SPR-17226\n\n(cherry picked from commit 8c6f3505c42efe05120c7acb180497f67cedc026)", "patch": ["@@ -98,7 +98,7 @@\n \tIsolation isolation() default Isolation.DEFAULT;\n \n \t/**\n-\t * The timeout for this transaction.\n+\t * The timeout for this transaction (in seconds).\n \t * <p>Defaults to the default timeout of the underlying transaction system.\n \t * <p>Exclusively designed for use with {@link Propagation#REQUIRED} or\n \t * {@link Propagation#REQUIRES_NEW} since it only applies to newly started"], "edit": ["-\t * The timeout for this transaction.", "+\t * The timeout for this transaction (in seconds)."], "url": ["https://api.github.com/repos/spring-projects/spring-framework/commits/56194a10513e5272909e69c3afb56013e4a720bb"]}