{"new_feature": "21402,4,205,3844,30,0.86", "commitmessage": "Handle exceptions when trying to flush the response.\n\ngit-svn-id: https://svn.apache.org/repos/asf/tomcat/trunk@1600963 13f79535-47bb-0310-9956-ffa450edef68", "patch": ["@@ -80,8 +80,13 @@ public void invoke(Request request, Response response) throws IOException, Servl\n \n         if (response.isCommitted()) {\n             if (response.isErrorAfterCommit()) {\n-                // Flush any data that is still to be written to the client\n-                response.flushBuffer();\n+                // Attempt to flush any data that is still to be written to the\n+                // client\n+                try {\n+                    response.flushBuffer();\n+                } catch (Throwable t) {\n+                    ExceptionUtils.handleThrowable(t);\n+                }\n                 // Close immediately to signal to the client that something went\n                 // wrong\n                 response.getCoyoteResponse().action(ActionCode.CLOSE_NOW, null);"], "edit": ["-                // Flush any data that is still to be written to the client", "-                response.flushBuffer();", "+                // Attempt to flush any data that is still to be written to the", "+                // client", "+                try {", "+                    response.flushBuffer();", "+                } catch (Throwable t) {", "+                    ExceptionUtils.handleThrowable(t);", "+                }"], "url": ["https://api.github.com/repos/apache/tomcat/commits/5672d674fca35a900b4db23a15f0ce0c9ed6b51f"]}