{"new_feature": "11719,5,139,4532,30,0.03", "commitmessage": "Merge pull request #4436 from tuxetuxe/master\n\nDo not show empty page size selectors in events lists", "patch": ["@@ -17,11 +17,10 @@ <h2></h2>\n             <tr>\n                 <th class=\"kc-table-actions\" colspan=\"5\">\n                     <div class=\"pull-right\">\n-                        <select data-ng-model=\"query.max\" data-ng-click=\"update()\" class=\"btn btn-default\">\n-                            <option>5</option>\n-                            <option>10</option>\n-                            <option>50</option>\n-                            <option>100</option>\n+                        <select data-ng-model=\"query.max\"\n+                                data-ng-click=\"update()\"\n+                                data-ng-options=\"itemCount for itemCount in [5,10,50,100]\"\n+                                class=\"btn btn-default\">\n                         </select>\n                         <button class=\"btn btn-default\" data-ng-click=\"filter = !filter\">\n                             <span class=\"glyphicon glyphicon-plus\" data-ng-show=\"!filter\"></span>", "@@ -15,11 +15,10 @@ <h1>\n         <tr>\n             <th class=\"kc-table-actions\" colspan=\"4\">\n                 <div class=\"pull-right\">\n-                    <select data-ng-model=\"query.max\" data-ng-click=\"update()\" class=\"btn btn-default\">\n-                        <option>5</option>\n-                        <option>10</option>\n-                        <option>50</option>\n-                        <option>100</option>\n+                    <select data-ng-model=\"query.max\"\n+                            data-ng-click=\"update()\"\n+                            data-ng-options=\"itemCount for itemCount in [5,10,50,100]\"\n+                            class=\"btn btn-default\">\n                     </select>\n                     <button class=\"btn btn-default\" data-ng-click=\"filter = !filter\">\n                         <span class=\"glyphicon glyphicon-plus\" data-ng-show=\"!filter\"></span>"], "edit": ["-                        <select data-ng-model=\"query.max\" data-ng-click=\"update()\" class=\"btn btn-default\">", "-                            <option>5</option>", "-                            <option>10</option>", "-                            <option>50</option>", "-                            <option>100</option>", "+                        <select data-ng-model=\"query.max\"", "+                                data-ng-click=\"update()\"", "+                                data-ng-options=\"itemCount for itemCount in [5,10,50,100]\"", "+                                class=\"btn btn-default\">", "-                    <select data-ng-model=\"query.max\" data-ng-click=\"update()\" class=\"btn btn-default\">", "-                        <option>5</option>", "-                        <option>10</option>", "-                        <option>50</option>", "-                        <option>100</option>", "+                    <select data-ng-model=\"query.max\"", "+                            data-ng-click=\"update()\"", "+                            data-ng-options=\"itemCount for itemCount in [5,10,50,100]\"", "+                            class=\"btn btn-default\">"], "url": ["https://api.github.com/repos/keycloak/keycloak/commits/56e0a521973673077238408650f6229296c7347b"]}