{"new_feature": "4652,10,240,2516,30,0.85", "commitmessage": "Add X-Forwarded-For header in proxy handler", "patch": ["@@ -43,6 +43,7 @@\n import io.undertow.util.Certificates;\n import io.undertow.util.HeaderMap;\n import io.undertow.util.HeaderValues;\n+import io.undertow.util.Headers;\n import io.undertow.util.SameThreadExecutor;\n import org.xnio.ChannelExceptionHandler;\n import org.xnio.ChannelListener;\n@@ -56,6 +57,8 @@\n import javax.security.cert.CertificateEncodingException;\n import javax.security.cert.X509Certificate;\n import java.io.IOException;\n+import java.net.InetSocketAddress;\n+import java.net.SocketAddress;\n import java.nio.channels.Channel;\n import java.util.concurrent.TimeUnit;\n \n@@ -184,14 +187,20 @@ public void run() {\n             final HeaderMap inboundRequestHeaders = exchange.getRequestHeaders();\n             final HeaderMap outboundRequestHeaders = request.getRequestHeaders();\n             copyHeaders(outboundRequestHeaders, inboundRequestHeaders);\n+            SocketAddress address = exchange.getConnection().getPeerAddress();\n+            if (address instanceof InetSocketAddress) {\n+                outboundRequestHeaders.put(Headers.X_FORWARDED_FOR, ((InetSocketAddress) address).getAddress().getHostAddress());\n+            } else {\n+                outboundRequestHeaders.put(Headers.X_FORWARDED_FOR, \"localhost\");\n+            }\n \n             SSLSessionInfo sslSessionInfo = exchange.getConnection().getSslSessionInfo();\n-            if(sslSessionInfo != null) {\n+            if (sslSessionInfo != null) {\n                 request.putAttachment(ProxiedRequestAttachments.IS_SSL, true);\n                 X509Certificate[] peerCertificates;\n                 try {\n                     peerCertificates = sslSessionInfo.getPeerCertificateChain();\n-                    if(peerCertificates.length > 0) {\n+                    if (peerCertificates.length > 0) {\n                         request.putAttachment(ProxiedRequestAttachments.SSL_CERT, Certificates.toPem(peerCertificates[0]));\n                     }\n                 } catch (SSLPeerUnverifiedException e) {\n@@ -317,8 +326,17 @@ public void handleEvent(final StreamSinkChannel channel) {\n             try {\n                 channel.shutdownWrites();\n                 if (!channel.flush()) {\n-                    channel.getWriteSetter().set(ChannelListeners.<StreamSinkChannel>flushingChannelListener(null, ChannelListeners.closingChannelExceptionHandler()));\n+                    channel.getWriteSetter().set(ChannelListeners.<StreamSinkChannel>flushingChannelListener(new ChannelListener<StreamSinkChannel>() {\n+                        @Override\n+                        public void handleEvent(StreamSinkChannel channel) {\n+                            channel.suspendWrites();\n+                            channel.getWriteSetter().set(null);\n+                        }\n+                    }, ChannelListeners.closingChannelExceptionHandler()));\n                     channel.resumeWrites();\n+                } else {\n+                    channel.getWriteSetter().set(null);\n+                    channel.shutdownWrites();\n                 }\n             } catch (IOException e) {\n                 UndertowLogger.REQUEST_IO_LOGGER.ioException(e);"], "edit": ["+import io.undertow.util.Headers;", "+import java.net.InetSocketAddress;", "+import java.net.SocketAddress;", "+            SocketAddress address = exchange.getConnection().getPeerAddress();", "+            if (address instanceof InetSocketAddress) {", "+                outboundRequestHeaders.put(Headers.X_FORWARDED_FOR, ((InetSocketAddress) address).getAddress().getHostAddress());", "+            } else {", "+                outboundRequestHeaders.put(Headers.X_FORWARDED_FOR, \"localhost\");", "+            }", "-            if(sslSessionInfo != null) {", "+            if (sslSessionInfo != null) {", "-                    if(peerCertificates.length > 0) {", "+                    if (peerCertificates.length > 0) {", "-                    channel.getWriteSetter().set(ChannelListeners.<StreamSinkChannel>flushingChannelListener(null, ChannelListeners.closingChannelExceptionHandler()));", "+                    channel.getWriteSetter().set(ChannelListeners.<StreamSinkChannel>flushingChannelListener(new ChannelListener<StreamSinkChannel>() {", "+                        @Override", "+                        public void handleEvent(StreamSinkChannel channel) {", "+                            channel.suspendWrites();", "+                            channel.getWriteSetter().set(null);", "+                        }", "+                    }, ChannelListeners.closingChannelExceptionHandler()));", "+                } else {", "+                    channel.getWriteSetter().set(null);", "+                    channel.shutdownWrites();"], "url": ["https://api.github.com/repos/undertow-io/undertow/commits/5756fc910729bee44ec49add3b27b2a19cb7ad07"]}