{"new_feature": "13330,15,44,48,14,0.54", "commitmessage": "Fixing a bug in AddressingOutHandler to put the default relationshipType when its null.\n\ngit-svn-id: https://svn.apache.org/repos/asf/webservices/axis2/trunk/java@421828 13f79535-47bb-0310-9956-ffa450edef68", "patch": ["@@ -27,13 +27,13 @@\n import org.apache.axiom.soap.SOAPHeaderBlock;\n import org.apache.axis2.AxisFault;\n import org.apache.axis2.Constants;\n-import org.apache.axis2.wsdl.WSDLConstants;\n import org.apache.axis2.addressing.AddressingConstants;\n import org.apache.axis2.addressing.EndpointReference;\n import org.apache.axis2.addressing.RelatesTo;\n import org.apache.axis2.client.Options;\n import org.apache.axis2.context.MessageContext;\n import org.apache.axis2.context.ServiceContext;\n+import org.apache.axis2.wsdl.WSDLConstants;\n import org.apache.commons.logging.Log;\n import org.apache.commons.logging.LogFactory;\n \n@@ -197,7 +197,7 @@ private void processRelatesTo(SOAPEnvelope envelope, Options messageContextOptio\n                     String relationshipType = relatesTo[i].getRelationshipType();\n \n                     if (relatesToHeader != null) {\n-                        if (Final.WSA_DEFAULT_RELATIONSHIP_TYPE.equals(relationshipType) || \"\".equals(relationshipType)) {\n+                        if (Final.WSA_DEFAULT_RELATIONSHIP_TYPE.equals(relationshipType) || relationshipType == null || \"\".equals(relationshipType)) {\n                             relatesToHeader.addAttribute(WSA_RELATES_TO_RELATIONSHIP_TYPE,\n                                     this.relationshipType,\n                                     addressingNamespaceObject);", "@@ -128,7 +128,7 @@ private static void setContextPath(AxisConfiguration axisConfig, ConfigurationCo\n      * an AxisConfiguration.\n      * <p/>\n      * Here either or both parameter can be null. So that boil down to following\n-     * scanarios and it should note that parameter value should be pull path ,\n+     * scanarios and it should note that parameter value should be full path ,\n      * you are not allowed to give one relative to other. And these two can be located\n      * in completely different locations.\n      * <ul>"], "edit": ["-import org.apache.axis2.wsdl.WSDLConstants;", "+import org.apache.axis2.wsdl.WSDLConstants;", "-                        if (Final.WSA_DEFAULT_RELATIONSHIP_TYPE.equals(relationshipType) || \"\".equals(relationshipType)) {", "+                        if (Final.WSA_DEFAULT_RELATIONSHIP_TYPE.equals(relationshipType) || relationshipType == null || \"\".equals(relationshipType)) {", "-     * scanarios and it should note that parameter value should be pull path ,", "+     * scanarios and it should note that parameter value should be full path ,"], "url": ["https://api.github.com/repos/apache/axis2-java/commits/584b10360c682c8595e3b4f768aece475d0b85f2"]}