{"new_feature": "9910,22,88,841,12,0.20", "commitmessage": "Revert \"Use Java 6 from Oracle in run.sh\"\n\nThis reverts commit 8b2ba261da76d59be694e90f0f61d008aaef2574.\n\ngit-svn-id: https://svn.apache.org/repos/asf/poi/trunk@1773668 13f79535-47bb-0310-9956-ffa450edef68", "patch": ["@@ -1,6 +1,6 @@\n #!/bin/sh\n \n-export JAVA_HOME=/usr/lib/jvm/java-6-oracle\n+export JAVA_HOME=/usr/lib/jvm/java-1.6.0-openjdk-amd64\n \n # use this JVM for creating javadocs:\n #export JAVA_HOME=/usr/lib/jvm/java-7-openjdk-amd64"], "edit": ["-export JAVA_HOME=/usr/lib/jvm/java-6-oracle", "+export JAVA_HOME=/usr/lib/jvm/java-1.6.0-openjdk-amd64"], "url": ["https://api.github.com/repos/apache/poi/commits/58cf9e5feb430cf2bd8db048fdb20e1a7e58fba6"]}