{"new_feature": "12916,30,32,316,30,0.40", "commitmessage": "fixing DeploymentExceptionErrorTest\n\ngit-svn-id: https://svn.apache.org/repos/asf/openejb/trunk/openejb@1392930 13f79535-47bb-0310-9956-ffa450edef68", "patch": ["@@ -16,8 +16,7 @@\n  */\n package org.apache.openejb.arquillian.tests.exception;\n \n-import org.apache.openejb.OpenEJBException;\n-import org.apache.webbeans.exception.WebBeansConfigurationException;\n+import org.apache.openejb.OpenEJBRuntimeException;\n import org.jboss.arquillian.container.spi.client.container.DeploymentException;\n import org.jboss.arquillian.container.test.api.Deployment;\n import org.jboss.arquillian.container.test.api.ShouldThrowException;\n@@ -40,13 +39,10 @@\n     private DeploymentException de;\n \n     @ArquillianResource\n-    private WebBeansConfigurationException owbException;\n-\n-    @ArquillianResource\n-    private OpenEJBException oejbException;\n+    private OpenEJBRuntimeException oejbException;\n \n     @Deployment(testable = false)\n-    @ShouldThrowException(OpenEJBException.class)\n+    @ShouldThrowException(OpenEJBRuntimeException.class)\n     public static WebArchive war() {\n         return ShrinkWrap.create(WebArchive.class)\n                     .addAsWebInfResource(new StringAsset(Descriptors.create(BeansDescriptor.class)\n@@ -59,7 +55,6 @@ public static WebArchive war() {\n     @Test\n     public void checkSomeExceptionsOfTheHierarchy() {\n         assertNotNull(de);\n-        assertNotNull(owbException);\n         assertNotNull(oejbException);\n     }\n }"], "edit": ["-import org.apache.openejb.OpenEJBException;", "-import org.apache.webbeans.exception.WebBeansConfigurationException;", "+import org.apache.openejb.OpenEJBRuntimeException;", "-    private WebBeansConfigurationException owbException;", "-", "-    @ArquillianResource", "-    private OpenEJBException oejbException;", "+    private OpenEJBRuntimeException oejbException;", "-    @ShouldThrowException(OpenEJBException.class)", "+    @ShouldThrowException(OpenEJBRuntimeException.class)", "-        assertNotNull(owbException);"], "url": ["https://api.github.com/repos/apache/tomee/commits/5a0233dde70c90c2f662bb50c1ccdf094d08509e"]}