{"new_feature": "8670,37,235,231,23,0.19", "commitmessage": "JCR-1500: removing properties through SPI: two ways to do it\n\ngit-svn-id: https://svn.apache.org/repos/asf/jackrabbit/trunk@649419 13f79535-47bb-0310-9956-ffa450edef68", "patch": ["@@ -158,7 +158,9 @@\n     public void addProperty(NodeId parentId, Name propertyName, QValue[] values) throws ValueFormatException, VersionException, LockException, ConstraintViolationException, PathNotFoundException, ItemExistsException, AccessDeniedException, UnsupportedRepositoryOperationException, RepositoryException;\n \n     /**\n-     * Modify the value of an existing property.\n+     * Modify the value of an existing property. Note that in contrast to\n+     * the JCR API this method should not accept a <code>null</code> value.\n+     * Removing a property is achieved by calling {@link #remove(ItemId)}.\n      *\n      * @param propertyId PropertyId identifying the property to be modified.\n      * @param value The new value.\n@@ -180,7 +182,9 @@\n     public void setValue(PropertyId propertyId, QValue value) throws RepositoryException;\n \n     /**\n-     * Modify the value of an existing, multi-valued property.\n+     * Modify the value of an existing, multi-valued property. Note that in\n+     * contrast to the JCR API this method should not accept a <code>null</code>\n+     * value. Removing a property is achieved by calling {@link #remove(ItemId)}.\n      *\n      * @param propertyId PropertyId identifying the property to be modified.\n      * @param values The new values."], "edit": ["-     * Modify the value of an existing property.", "+     * Modify the value of an existing property. Note that in contrast to", "+     * the JCR API this method should not accept a <code>null</code> value.", "+     * Removing a property is achieved by calling {@link #remove(ItemId)}.", "-     * Modify the value of an existing, multi-valued property.", "+     * Modify the value of an existing, multi-valued property. Note that in", "+     * contrast to the JCR API this method should not accept a <code>null</code>", "+     * value. Removing a property is achieved by calling {@link #remove(ItemId)}."], "url": ["https://api.github.com/repos/apache/jackrabbit/commits/5a0e8ed843f11a519bddac042007a032429013e6"]}