{"new_feature": "44,7,0,44,6,0.46", "commitmessage": "cleaned up test case", "patch": ["@@ -1237,8 +1237,8 @@ public void testAnotherXSS() throws ScanException, PolicyException {\n     @Test\n     public void testIssue2() throws ScanException, PolicyException {\n     \tString test = \"<style onload=alert(1)>h1 {color:red;}</style>\";\n-    \tassertTrue(!as.scan(test, policy, AntiSamy.DOM).getCleanHTML().contains(\"alert\"));\n-    \tassertTrue(!as.scan(test, policy, AntiSamy.SAX).getCleanHTML().contains(\"alert\"));\n+    \tassertFalse(as.scan(test, policy, AntiSamy.DOM).getCleanHTML().contains(\"alert\"));\n+    \tassertFalse(as.scan(test, policy, AntiSamy.SAX).getCleanHTML().contains(\"alert\"));\n     }\n \n }"], "edit": ["-    \tassertTrue(!as.scan(test, policy, AntiSamy.DOM).getCleanHTML().contains(\"alert\"));", "-    \tassertTrue(!as.scan(test, policy, AntiSamy.SAX).getCleanHTML().contains(\"alert\"));", "+    \tassertFalse(as.scan(test, policy, AntiSamy.DOM).getCleanHTML().contains(\"alert\"));", "+    \tassertFalse(as.scan(test, policy, AntiSamy.SAX).getCleanHTML().contains(\"alert\"));"], "url": ["https://api.github.com/repos/nahsra/antisamy/commits/5a783b4116a21a12ab10f57cd1c88616902af633"]}