{"new_feature": "28824,27,0,14015,30,0.07", "commitmessage": "Noting #1205\n\nSigned-off-by: Oleg Nenashev <o.v.nenashev@gmail.com>", "patch": ["@@ -109,6 +109,9 @@\n   <li class=\"major bug\">\n     Handle null parameter values to avoid massive executor deaths\n     (<a href=\"https://issues.jenkins-ci.org/browse/JENKINS-15094\">issue 15094</a>)\n+  <li class=\"rfe\">\n+    JUnit result archiver: Added an option to archive results only when the build is successful\n+    (<a href=\"https://issues.jenkins-ci.org/browse/JENKINS-22699\">issue 22699</a>)\n </ul>\n </div><!--=TRUNK-END=-->\n "], "edit": ["+  <li class=\"rfe\">", "+    JUnit result archiver: Added an option to archive results only when the build is successful", "+    (<a href=\"https://issues.jenkins-ci.org/browse/JENKINS-22699\">issue 22699</a>)"], "url": ["https://api.github.com/repos/jenkinsci/jenkins/commits/5a8bbcd4755485684ddd77bf562c637a471623c8"]}