{"new_feature": "1064,6,0,204,30,0.05", "commitmessage": "Updated to the latest typica.\n\nThis contains additional instance types, for example.", "patch": ["@@ -63,7 +63,7 @@\n     <dependency>\n       <groupId>com.google.code.typica</groupId>\n       <artifactId>typica</artifactId>\n-      <version>1.6</version>\n+      <version>1.7.2</version>\n     </dependency>\n   </dependencies>\n ", "@@ -196,8 +196,7 @@ public FormValidation doValidateAmi(\n                     List<String> owners = new LinkedList<String>();\n                     List<String> users = new LinkedList<String>();\n                     users.add(\"self\"); // if we can't run it its not useful.\n-                    List<ImageDescription> img = jec2.describeImages(\n-                            images, owners, users, null);\n+                    List<ImageDescription> img = jec2.describeImages(images, owners, users);\n                     if(img==null || img.isEmpty())\n                         // de-registered AMI causes an empty list to be returned. so be defensive\n                         // against other possibilities"], "edit": ["-      <version>1.6</version>", "+      <version>1.7.2</version>", "-                    List<ImageDescription> img = jec2.describeImages(", "-                            images, owners, users, null);", "+                    List<ImageDescription> img = jec2.describeImages(images, owners, users);"], "url": ["https://api.github.com/repos/jenkinsci/ec2-plugin/commits/5b776efdd8339434a4cae761cb47e18291eef853"]}