{"new_feature": "39907,34,149,2892,30,0.00", "commitmessage": "CAMEL-9337 Add readme.txt to all examples", "patch": ["@@ -14,7 +14,9 @@ This example shows how you can embed Apache ActiveMQ Broker and Camel in a web a\n You will need to build this example first:\n \n \tmvn install\n-  \n+\n+## Run \n+\n Which will create a `.war` file in the target directly.\n \n You can then deploy this `.war` file in any web container such as\n@@ -25,12 +27,16 @@ which will continuously send a message per second to an inbox queue.\n Then another Camel route will route messages from the inbox\n to the outbox queue.\n \n-This example is documented at\n-\t[http://camel.apache.org/activemq-camel-tomcat.html](http://camel.apache.org/activemq-camel-tomcat.html)\n+## Configuration\n \n The ActiveMQ broker is configured in the `src/main/resources/broker.xml` file.\n And the Camel application in the `src/main/resources/camel-context.xml` file.\n \n+## Documentation\n+\n+This example is documented at\n+\t[http://camel.apache.org/activemq-camel-tomcat.html](http://camel.apache.org/activemq-camel-tomcat.html)\n+\n ## Forum, Help, etc \n \n If you hit an problems please let us know on the Camel Forums", "@@ -1,5 +1,6 @@\n-Camel Persistent Aggregate\n-==========================\n+# Camel Persistent Aggregate\n+\n+## Introduction \n \n This example shows how to use Camel Aggregator EIP which offers (since Camel 2.3)\n database persistence.\n@@ -8,10 +9,21 @@ It's an interactive example where you can type in some numbers which then are ag\n (summed, per this sample's aggregation strategy) whenever the user types STOP.  \n The user can then enter more numbers to do another aggregation.\n \n+### Camel component used in this example\n+\n+* camel-core\n+* camel-hawtdb\n+* camel-spring\n+* camel-stream\n+\n+## Build\n+\n The example is run using Maven.\n \n First compile the example by entering:\n   mvn compile\n+  \n+## Run\n \n To run the example type:\n   mvn camel:run\n@@ -20,14 +32,18 @@ To stop the example hit Ctrl-C.  If you restart it and resume entering numbers\n you should see that it remembered previously entered values, as it\n uses a persistent store.\n \n-If you hit any problems please let us know on the Camel Forums\n-  http://camel.apache.org/discussion-forums.html\n+## Documentation\n \n This example is documented at\n-  http://camel.apache.org/aggregate-example.html\n+  [http://camel.apache.org/aggregate-example.html](http://camel.apache.org/aggregate-example.html)\n+\n+## Forum, Help, etc \n+\n+If you hit an problems please let us know on the Camel Forums\n+  [http://camel.apache.org/discussion-forums.html](http://camel.apache.org/discussion-forums.html)\n \n Please help us make Apache Camel better - we appreciate any feedback you may\n have.  Enjoy!\n \n ------------------------\n-The Camel Riders!\n+The Camel riders!\n\\ No newline at end of file"], "edit": ["-", "+", "+## Run", "+", "-This example is documented at", "-\t[http://camel.apache.org/activemq-camel-tomcat.html](http://camel.apache.org/activemq-camel-tomcat.html)", "+## Configuration", "+## Documentation", "+", "+This example is documented at", "+\t[http://camel.apache.org/activemq-camel-tomcat.html](http://camel.apache.org/activemq-camel-tomcat.html)", "+", "-Camel Persistent Aggregate", "-==========================", "+# Camel Persistent Aggregate", "+", "+## Introduction", "+### Camel component used in this example", "+", "+* camel-core", "+* camel-hawtdb", "+* camel-spring", "+* camel-stream", "+", "+## Build", "+", "+", "+## Run", "-If you hit any problems please let us know on the Camel Forums", "-  http://camel.apache.org/discussion-forums.html", "+## Documentation", "-  http://camel.apache.org/aggregate-example.html", "+  [http://camel.apache.org/aggregate-example.html](http://camel.apache.org/aggregate-example.html)", "+", "+## Forum, Help, etc", "+", "+If you hit an problems please let us know on the Camel Forums", "+  [http://camel.apache.org/discussion-forums.html](http://camel.apache.org/discussion-forums.html)", "------------------------", "-The Camel Riders!", "+The Camel riders!"], "url": ["https://api.github.com/repos/apache/camel/commits/5c34a3154c1e65b32e2eeda473c72863fc97dd54"]}