{"new_feature": "24427,42,35,668,20,0.30", "commitmessage": "A proposed fix by chunlinyao for \"checkExistsImage method in ImageManagementServices\" at https://issues.apache.org/jira/browse/OFBIZ-5658\n\nI think indexOf(\".\") in these code should be lastIndexOf(\".\"). \nFrom CATALOG -> Image Management -> Upload view. upload some Images it will call this method. This method is intended to add (count) to the image name, when the file name was already exist. I debugged in it, the imagePath was the absolute path of the image file. So If any parent folder name contains \".\" , it will not works correctly.\n\nchunlinyao's Note: And after review the whole ImageManagementServices.java file. I found it use static variables (ex. imageCount imagePath). It is not thread safe.\n\n\ngit-svn-id: https://svn.apache.org/repos/asf/ofbiz/trunk@1604554 13f79535-47bb-0310-9956-ffa450edef68", "patch": ["@@ -780,8 +780,8 @@ public static File checkExistsImage(File file) {\n             return file;\n         }\n         imageCount++;\n-        String filePath = imagePath.substring(0, imagePath.indexOf(\".\"));\n-        String type = imagePath.substring(imagePath.indexOf(\".\") + 1);\n+        String filePath = imagePath.substring(0, imagePath.lastIndexOf(\".\"));\n+        String type = imagePath.substring(imagePath.lastIndexOf(\".\") + 1);\n         file = new File(filePath + \"(\" + imageCount + \").\" + type);\n         return checkExistsImage(file);\n     }"], "edit": ["-        String filePath = imagePath.substring(0, imagePath.indexOf(\".\"));", "-        String type = imagePath.substring(imagePath.indexOf(\".\") + 1);", "+        String filePath = imagePath.substring(0, imagePath.lastIndexOf(\".\"));", "+        String type = imagePath.substring(imagePath.lastIndexOf(\".\") + 1);"], "url": ["https://api.github.com/repos/apache/ofbiz/commits/5c95595d546e2a0093178135c2b3d5aadf5e22fd"]}