{"new_feature": "2696,2,31,456,22,0.71", "commitmessage": "Add jmh dependency.", "patch": ["@@ -529,18 +529,20 @@\n         <scope>runtime</scope>\n       </dependency>\n \n+      <!-- always test-scoped -->\n       <dependency>\n         <groupId>org.openjdk.jmh</groupId>\n         <artifactId>jmh-core</artifactId>\n         <version>${version.org.openjdk.jmh}</version>\n+        <scope>test</scope>\n       </dependency>\n       <dependency>\n         <groupId>org.openjdk.jmh</groupId>\n         <artifactId>jmh-generator-annprocess</artifactId>\n         <version>${version.org.openjdk.jmh}</version>\n+        <scope>test</scope>\n       </dependency>\n \n-      <!-- always test-scoped -->\n       <dependency>\n         <groupId>junit</groupId>\n         <artifactId>junit</artifactId>", "@@ -104,6 +104,14 @@\n       <groupId>com.thoughtworks.xstream</groupId>\n       <artifactId>xstream</artifactId>\n     </dependency>\n+    <dependency>\n+      <groupId>org.openjdk.jmh</groupId>\n+      <artifactId>jmh-core</artifactId>\n+    </dependency>\n+    <dependency>\n+      <groupId>org.openjdk.jmh</groupId>\n+      <artifactId>jmh-generator-annprocess</artifactId>\n+    </dependency>\n     <dependency>\n       <groupId>net.sf.kxml</groupId>\n       <artifactId>kxml2-min</artifactId>"], "edit": ["+      <!-- always test-scoped -->", "+        <scope>test</scope>", "+        <scope>test</scope>", "-      <!-- always test-scoped -->", "+    <dependency>", "+      <groupId>org.openjdk.jmh</groupId>", "+      <artifactId>jmh-core</artifactId>", "+    </dependency>", "+    <dependency>", "+      <groupId>org.openjdk.jmh</groupId>", "+      <artifactId>jmh-generator-annprocess</artifactId>", "+    </dependency>"], "url": ["https://api.github.com/repos/x-stream/xstream/commits/5ca32954e930b3a4f8e6699ae4e4529e54a8493b"]}