{"new_feature": "436,1,45,1,2,0.75", "commitmessage": "Several changes made\n\n\ngit-svn-id: http://svn.code.sf.net/p/jasypt/code/trunk/jasypt@339 da78853a-38a2-49c0-9af2-345bcb92683f", "patch": ["@@ -45,8 +45,8 @@\n   \n   <scm>\n     <url>http://jasypt.cvs.sourceforge.net/jasypt/</url>\n-    <connection>scm:cvs:pserver:jasypt.cvs.sourceforge.net:/cvsroot/jasypt:jasypt</connection>\n-    <developerConnection>scm:cvs:ext:jasypt.cvs.sourceforge.net:/cvsroot/jasypt:jasypt</developerConnection>\n+    <connection>scm:cvs:pserver:anonymous@jasypt.cvs.sourceforge.net:/cvsroot/jasypt:jasypt</connection>\n+    <developerConnection>scm:cvs:ext:anonymous@jasypt.cvs.sourceforge.net:/cvsroot/jasypt:jasypt</developerConnection>\n   </scm>\n   \n   <developers>"], "edit": ["-    <connection>scm:cvs:pserver:jasypt.cvs.sourceforge.net:/cvsroot/jasypt:jasypt</connection>", "-    <developerConnection>scm:cvs:ext:jasypt.cvs.sourceforge.net:/cvsroot/jasypt:jasypt</developerConnection>", "+    <connection>scm:cvs:pserver:anonymous@jasypt.cvs.sourceforge.net:/cvsroot/jasypt:jasypt</connection>", "+    <developerConnection>scm:cvs:ext:anonymous@jasypt.cvs.sourceforge.net:/cvsroot/jasypt:jasypt</developerConnection>"], "url": ["https://api.github.com/repos/jboss-fuse/jasypt/commits/5d08a8fb23b6e50921fef92a520ea42dcd9d37a9"]}