{"new_feature": "39907,34,149,2892,30,0.21", "commitmessage": "Upgrade Jt400 and related bundle to version 8.5", "patch": ["@@ -299,8 +299,8 @@\n     <jsp-api-2.1-version>1.0.1</jsp-api-2.1-version>\n     <jsr311-api-version>1.1.1</jsr311-api-version>\n     <jsmpp-bundle-version>2.1.0_4</jsmpp-bundle-version>\n-    <jt400-version>6.7</jt400-version>\n-    <jt400-bundle-version>6.7_1</jt400-bundle-version>\n+    <jt400-version>8.5</jt400-version>\n+    <jt400-bundle-version>8.5_1</jt400-bundle-version>\n     <juel-bundle-version>2.1.3_1</juel-bundle-version>\n     <juel-version>2.1.3</juel-version>\n     <!-- camel-itest-karaf doesn't work with JUnit 4.12 at present -->"], "edit": ["-    <jt400-version>6.7</jt400-version>", "-    <jt400-bundle-version>6.7_1</jt400-bundle-version>", "+    <jt400-version>8.5</jt400-version>", "+    <jt400-bundle-version>8.5_1</jt400-bundle-version>"], "url": ["https://api.github.com/repos/apache/camel/commits/5e5a4d6db66fc1ffe5832444c271596f99ce8572"]}