{"new_feature": "6079,2,17,1026,30,0.43", "commitmessage": "Merge branch 'set-test-data-home-in-gradle' of git://github.com/rtyley/spongycastle", "patch": ["@@ -2,6 +2,14 @@ allprojects {\n     apply plugin: 'idea'\n }\n \n+ext {\n+    bcTestDataHome = file('core/src/test/data').absolutePath\n+}\n+\n+task printProperties << {\n+    println bcTestDataHome\n+}\n+\n subprojects {\n     apply plugin: 'eclipse'\n     apply plugin: 'java'\n@@ -17,5 +25,9 @@ subprojects {\n     sourceCompatibility = 1.5\n     targetCompatibility = 1.5\n     version = '1.50-b01'\n+\n+test {\n+  systemProperty 'bc.test.data.home', bcTestDataHome\n+}\n }\n "], "edit": ["+ext {", "+    bcTestDataHome = file('core/src/test/data').absolutePath", "+}", "+", "+task printProperties << {", "+    println bcTestDataHome", "+}", "+", "+", "+test {", "+  systemProperty 'bc.test.data.home', bcTestDataHome", "+}"], "url": ["https://api.github.com/repos/bcgit/bc-java/commits/60c9a5e3dbbb7e85e349fd62f58a4c8beda9bdfc"]}