{"new_feature": "24427,42,35,668,20,0.30", "commitmessage": "Oops wrong commit at r1175745, thanks buildbot!\n\ngit-svn-id: https://svn.apache.org/repos/asf/ofbiz/branches/release09.04@1175776 13f79535-47bb-0310-9956-ffa450edef68", "patch": ["@@ -779,9 +779,10 @@ public static Map createInvoiceForOrder(DispatchContext dctx, Map context) {\n                 // apply these payments to the invoice if they have any remaining amount to apply\n                 Iterator cpi = currentPayments.iterator();\n                 while (cpi.hasNext()) {\n+                    GenericValue payment = (GenericValue) cpi.next();\n+\n                     if (\"PMNT_VOID\".equals(payment.getString(\"statusId\")) || \"PMNT_CANCELLED\".equals(payment.getString(\"statusId\")))  continue;\n                     \n-                    GenericValue payment = (GenericValue) cpi.next();\n                     BigDecimal notApplied = PaymentWorker.getPaymentNotApplied(payment);\n                     if (notApplied.signum() > 0) {\n                         Map appl = new HashMap();"], "edit": ["+                    GenericValue payment = (GenericValue) cpi.next();", "+", "-                    GenericValue payment = (GenericValue) cpi.next();"], "url": ["https://api.github.com/repos/apache/ofbiz/commits/60e57a7de82c574e55fa51e36a4641028778dc77"]}