{"new_feature": "4550,35,53,883,30,0.22", "commitmessage": "TIKA-503: Add a ContentHandler for collecting links from parser output\n\nAdd an initial version of LinkContentHandler\n\ngit-svn-id: https://svn.apache.org/repos/asf/tika/trunk@991897 13f79535-47bb-0310-9956-ffa450edef68", "patch": ["@@ -0,0 +1,76 @@\n+/*\n+ * Licensed to the Apache Software Foundation (ASF) under one or more\n+ * contributor license agreements.  See the NOTICE file distributed with\n+ * this work for additional information regarding copyright ownership.\n+ * The ASF licenses this file to You under the Apache License, Version 2.0\n+ * (the \"License\"); you may not use this file except in compliance with\n+ * the License.  You may obtain a copy of the License at\n+ *\n+ *     http://www.apache.org/licenses/LICENSE-2.0\n+ *\n+ * Unless required by applicable law or agreed to in writing, software\n+ * distributed under the License is distributed on an \"AS IS\" BASIS,\n+ * WITHOUT WARRANTIES OR CONDITIONS OF ANY KIND, either express or implied.\n+ * See the License for the specific language governing permissions and\n+ * limitations under the License.\n+ */\n+package org.apache.tika.sax;\n+\n+import static org.apache.tika.sax.XHTMLContentHandler.XHTML;\n+\n+import java.util.HashMap;\n+import java.util.Map;\n+\n+import org.xml.sax.Attributes;\n+import org.xml.sax.helpers.DefaultHandler;\n+\n+public class LinkContentHandler extends DefaultHandler {\n+\n+    private final Map<String, String> links = new HashMap<String, String>();\n+\n+    private String href = null;\n+\n+    private final StringBuilder text = new StringBuilder();\n+\n+    public Map<String, String> getLinks() {\n+        return links;\n+    }\n+\n+    protected void addLink(String href, String text) {\n+        links.put(href, text);\n+    }\n+\n+    //-------------------------------------------------------< ContentHandler>\n+\n+    @Override\n+    public void startElement(\n+            String uri, String local, String name, Attributes attributes) {\n+        if (XHTML.equals(uri) && \"a\".equals(local)) {\n+            href = attributes.getValue(\"\", \"href\");\n+            text.setLength(0);\n+        }\n+    }\n+\n+    @Override\n+    public void characters(char[] ch, int start, int length) {\n+        if (href != null) {\n+            text.append(ch, start, length);\n+        }\n+    }\n+\n+    @Override\n+    public void ignorableWhitespace(char[] ch, int start, int length) {\n+        characters(ch, start, length);\n+    }\n+\n+    @Override\n+    public void endElement(String uri, String local, String name) {\n+        if (XHTML.equals(uri) && \"a\".equals(local) && href != null) {\n+            addLink(href, text.toString());\n+            href = null;\n+            text.setLength(0);\n+        }\n+    }\n+\n+}\n+"], "edit": ["+/*", "+ * Licensed to the Apache Software Foundation (ASF) under one or more", "+ * contributor license agreements.  See the NOTICE file distributed with", "+ * this work for additional information regarding copyright ownership.", "+ * The ASF licenses this file to You under the Apache License, Version 2.0", "+ * (the \"License\"); you may not use this file except in compliance with", "+ * the License.  You may obtain a copy of the License at", "+ *", "+ *     http://www.apache.org/licenses/LICENSE-2.0", "+ *", "+ * Unless required by applicable law or agreed to in writing, software", "+ * distributed under the License is distributed on an \"AS IS\" BASIS,", "+ * WITHOUT WARRANTIES OR CONDITIONS OF ANY KIND, either express or implied.", "+ * See the License for the specific language governing permissions and", "+ * limitations under the License.", "+ */", "+package org.apache.tika.sax;", "+", "+import static org.apache.tika.sax.XHTMLContentHandler.XHTML;", "+", "+import java.util.HashMap;", "+import java.util.Map;", "+", "+import org.xml.sax.Attributes;", "+import org.xml.sax.helpers.DefaultHandler;", "+", "+public class LinkContentHandler extends DefaultHandler {", "+", "+    private final Map<String, String> links = new HashMap<String, String>();", "+", "+    private String href = null;", "+", "+    private final StringBuilder text = new StringBuilder();", "+", "+    public Map<String, String> getLinks() {", "+        return links;", "+    }", "+", "+    protected void addLink(String href, String text) {", "+        links.put(href, text);", "+    }", "+", "+    //-------------------------------------------------------< ContentHandler>", "+", "+    @Override", "+    public void startElement(", "+            String uri, String local, String name, Attributes attributes) {", "+        if (XHTML.equals(uri) && \"a\".equals(local)) {", "+            href = attributes.getValue(\"\", \"href\");", "+            text.setLength(0);", "+        }", "+    }", "+", "+    @Override", "+    public void characters(char[] ch, int start, int length) {", "+        if (href != null) {", "+            text.append(ch, start, length);", "+        }", "+    }", "+", "+    @Override", "+    public void ignorableWhitespace(char[] ch, int start, int length) {", "+        characters(ch, start, length);", "+    }", "+", "+    @Override", "+    public void endElement(String uri, String local, String name) {", "+        if (XHTML.equals(uri) && \"a\".equals(local) && href != null) {", "+            addLink(href, text.toString());", "+            href = null;", "+            text.setLength(0);", "+        }", "+    }", "+", "+}", "+"], "url": ["https://api.github.com/repos/apache/tika/commits/61f707fbc6b35d544de3d1cd420d0b3d8c63ed3c"]}