{"new_feature": "28824,27,0,14015,30,0.00", "commitmessage": "Do not copy all build numbers in case of descending search (#3228)\n\n[JENKINS-50056] - Do not copy all build numbers in case of descending search", "patch": ["@@ -29,10 +29,9 @@\n import java.io.File;\n import java.io.IOException;\n import java.util.AbstractMap;\n-import java.util.ArrayList;\n import java.util.Collections;\n import java.util.Comparator;\n-import java.util.List;\n+import java.util.ListIterator;\n import java.util.Map;\n import java.util.NoSuchElementException;\n import java.util.Set;\n@@ -336,9 +335,9 @@ public boolean runExists(int number) {\n             return null;\n         case DESC:\n             // TODO again could be made more efficient\n-            List<Integer> reversed = new ArrayList<Integer>(numberOnDisk);\n-            Collections.reverse(reversed);\n-            for (int m : reversed) {\n+            ListIterator<Integer> iterator = numberOnDisk.listIterator(numberOnDisk.size());\n+            while(iterator.hasPrevious()) {\n+                int m = iterator.previous();\n                 if (m > n) {\n                     continue;\n                 }"], "edit": ["-import java.util.ArrayList;", "-import java.util.List;", "+import java.util.ListIterator;", "-            List<Integer> reversed = new ArrayList<Integer>(numberOnDisk);", "-            Collections.reverse(reversed);", "-            for (int m : reversed) {", "+            ListIterator<Integer> iterator = numberOnDisk.listIterator(numberOnDisk.size());", "+            while(iterator.hasPrevious()) {", "+                int m = iterator.previous();"], "url": ["https://api.github.com/repos/jenkinsci/jenkins/commits/6232491965ab654ea9a020c3088421ce2d61705c"]}