{"new_feature": "10276,15,64,1575,30,0.10", "commitmessage": "applied patch from: http://www.nabble.com/forum/ViewPost.jtp?post=11263125&framed=y&skin=2354\n\ngit-svn-id: https://svn.apache.org/repos/asf/activemq/trunk@550393 13f79535-47bb-0310-9956-ffa450edef68", "patch": ["@@ -237,7 +237,17 @@\n           </groups>\n         </configuration>\n       </plugin>\n-\t\t</plugins>\n+\n+      <plugin>\n+        <groupId>org.codehaus.mojo</groupId>\n+        <artifactId>findbugs-maven-plugin</artifactId>\n+        <version>1.1</version>\n+        <configuration>\n+          <threshold>Normal</threshold>\n+          <effort>Default</effort>\n+        </configuration>\n+      </plugin>\n+    </plugins>\n \t</reporting>\n \t\n   <build>"], "edit": ["-\t\t</plugins>", "+", "+      <plugin>", "+        <groupId>org.codehaus.mojo</groupId>", "+        <artifactId>findbugs-maven-plugin</artifactId>", "+        <version>1.1</version>", "+        <configuration>", "+          <threshold>Normal</threshold>", "+          <effort>Default</effort>", "+        </configuration>", "+      </plugin>", "+    </plugins>"], "url": ["https://api.github.com/repos/apache/activemq/commits/626cdf527abc1f86fa9a59b6c43353e3d766d294"]}