{"new_feature": "28824,27,0,14015,30,0.36", "commitmessage": "Improvements to SCMTrigger:\n\n* Call save() in configure() instead of setPollingThreadCount(), as calling save() during load() is awkward\n* Resize the thread pool when setPollingThreadCount() is called\n* Do not perform SCM polling when Hudson is shutting down\n\n\ngit-svn-id: https://hudson.dev.java.net/svn/hudson/trunk/hudson/main@4831 71c3de6d-444a-0410-be80-ed276b4c234a", "patch": ["@@ -65,7 +65,7 @@ protected Object readResolve() throws ObjectStreamException {\n     }\n \n     public void run() {\n-        if(pollingScheduled)\n+        if(pollingScheduled || Hudson.getInstance().isQuietingDown())\n             return; // noop\n         pollingScheduled = true;\n \n@@ -123,8 +123,6 @@ public DescriptorImpl getDescriptor() {\n         DescriptorImpl() {\n             super(SCMTrigger.class);\n             load();\n-            // create an executor\n-            update();\n         }\n \n         public boolean isApplicable(Item item) {\n@@ -169,19 +167,25 @@ public int getPollingThreadCount() {\n             return maximumThreads;\n         }\n \n+        /**\n+         * Sets the number of concurrent threads used for SCM polling and resizes the thread pool accordingly\n+         * @param n number of concurrent threads, zero or less means unlimited, maximum is 100\n+         */\n         public void setPollingThreadCount(int n) {\n             // fool proof\n             if(n<0)     n=0;\n             if(n>100)   n=100;\n \n             maximumThreads = n;\n-            save();\n+\n+            // Shutdown some threads if necessary\n+            resizeThreadPool();\n         }\n \n         /**\n          * Update the {@link ExecutorService} instance.\n          */\n-        /*package*/ synchronized void update() {\n+        /*package*/ synchronized void resizeThreadPool() {\n             // swap to a new one, and shut down the old one gradually\n             ExecutorService newExec = maximumThreads==0 ? Executors.newCachedThreadPool() : Executors.newFixedThreadPool(maximumThreads);\n             ExecutorService old = executor;\n@@ -196,6 +200,10 @@ public boolean configure(StaplerRequest req) throws FormException {\n                 setPollingThreadCount(0);\n             else\n                 setPollingThreadCount(Integer.parseInt(t));\n+\n+            // Save configuration\n+            save();\n+\n             return super.configure(req);\n         }\n     }"], "edit": ["-        if(pollingScheduled)", "+        if(pollingScheduled || Hudson.getInstance().isQuietingDown())", "-            // create an executor", "-            update();", "+        /**", "+         * Sets the number of concurrent threads used for SCM polling and resizes the thread pool accordingly", "+         * @param n number of concurrent threads, zero or less means unlimited, maximum is 100", "+         */", "-            save();", "+", "+            // Shutdown some threads if necessary", "+            resizeThreadPool();", "-        /*package*/ synchronized void update() {", "+        /*package*/ synchronized void resizeThreadPool() {", "+", "+            // Save configuration", "+            save();", "+"], "url": ["https://api.github.com/repos/jenkinsci/jenkins/commits/62a295ecf409bef305a308b0dd425590002e2d9f"]}