{"new_feature": "16931,49,714,3140,30,0.07", "commitmessage": "HBASE-17275 Assign timeout may cause region to be unassigned forever (Allan yang)", "patch": ["@@ -1102,10 +1102,19 @@ void handleRegion(final RegionTransition rt, OpenRegionCoordination coordination\n               + regionStates.getRegionState(encodedName));\n \n             if (regionState != null) {\n-              // Close it without updating the internal region states,\n-              // so as not to create double assignments in unlucky scenarios\n-              // mentioned in OpenRegionHandler#process\n-              unassign(regionState.getRegion(), null, -1, null, false, sn);\n+              if(regionState.isOpened() && regionState.getServerName().equals(sn)) {\n+                //if this region was opened before on this rs, we don't have to unassign it. It won't cause\n+                //double assign. One possible scenario of what happened is HBASE-17275\n+                failedOpenTracker.remove(encodedName); // reset the count, if any\n+                new OpenedRegionHandler(\n+                    server, this, regionState.getRegion(), coordination, ord).process();\n+                updateOpenedRegionHandlerTracker(regionState.getRegion());\n+              } else {\n+                // Close it without updating the internal region states,\n+                // so as not to create double assignments in unlucky scenarios\n+                // mentioned in OpenRegionHandler#process\n+                unassign(regionState.getRegion(), null, -1, null, false, sn);\n+              }\n             }\n             return;\n           }"], "edit": ["+ regionStates.getRegionState(encodedName));", "-              // Close it without updating the internal region states,", "-              // so as not to create double assignments in unlucky scenarios", "-              // mentioned in OpenRegionHandler#process", "-              unassign(regionState.getRegion(), null, -1, null, false, sn);", "+              if(regionState.isOpened() && regionState.getServerName().equals(sn)) {", "+                //if this region was opened before on this rs, we don't have to unassign it. It won't cause", "+                //double assign. One possible scenario of what happened is HBASE-17275", "+                failedOpenTracker.remove(encodedName); // reset the count, if any", "+                new OpenedRegionHandler(", "+                    server, this, regionState.getRegion(), coordination, ord).process();", "+                updateOpenedRegionHandlerTracker(regionState.getRegion());", "+              } else {", "+                // Close it without updating the internal region states,", "+                // so as not to create double assignments in unlucky scenarios", "+                // mentioned in OpenRegionHandler#process", "+                unassign(regionState.getRegion(), null, -1, null, false, sn);", "+              }"], "url": ["https://api.github.com/repos/apache/hbase/commits/6391c53e9f47355ced07758ff08879cdcbf49d15"]}