{"new_feature": "24427,42,35,668,20,0.30", "commitmessage": "No functional changes.\nNot a big deal(because it should be very rarely changed during a session + with cache cleared) but I did not want to have final here. I tried this \"save action\" in Eclipse (on private variable) but finally decided to remove it.\n\ngit-svn-id: https://svn.apache.org/repos/asf/ofbiz/branches/release13.07@1549026 13f79535-47bb-0310-9956-ffa450edef68", "patch": ["@@ -66,7 +66,7 @@\n public class RequestHandler {\n \n     public static final String module = RequestHandler.class.getName();\n-    private final boolean throwRequestHandlerExceptionOnMissingLocalRequest = UtilProperties.propertyValueEqualsIgnoreCase(\n+    private boolean throwRequestHandlerExceptionOnMissingLocalRequest = UtilProperties.propertyValueEqualsIgnoreCase(\n             \"requestHandler.properties\", \"throwRequestHandlerExceptionOnMissingLocalRequest\", \"Y\");\n     private String statusCodeString = UtilProperties.getPropertyValue(\"requestHandler.properties\", \"status-code\", \"302\");\n     public static RequestHandler getRequestHandler(ServletContext servletContext) {"], "edit": ["-    private final boolean throwRequestHandlerExceptionOnMissingLocalRequest = UtilProperties.propertyValueEqualsIgnoreCase(", "+    private boolean throwRequestHandlerExceptionOnMissingLocalRequest = UtilProperties.propertyValueEqualsIgnoreCase("], "url": ["https://api.github.com/repos/apache/ofbiz/commits/63b6203d487b21338f2cb57055c1824101376b7b"]}