{"new_feature": "8180,14,131,3925,30,0.34", "commitmessage": "Fix apache license link", "patch": ["@@ -5,7 +5,7 @@\n  * you may not use this file except in compliance with the License.\n  * You may obtain a copy of the License at\n  *\n- *\t  http://www.apache.org/licenses/LICENSE-2.0\n+ *      http://www.apache.org/licenses/LICENSE-2.0\n  *\n  * Unless required by applicable law or agreed to in writing, software\n  * distributed under the License is distributed on an \"AS IS\" BASIS,", "@@ -5,7 +5,7 @@\n  * you may not use this file except in compliance with the License.\n  * You may obtain a copy of the License at\n  *\n- *\t  http://www.apache.org/licenses/LICENSE-2.0\n+ *      http://www.apache.org/licenses/LICENSE-2.0\n  *\n  * Unless required by applicable law or agreed to in writing, software\n  * distributed under the License is distributed on an \"AS IS\" BASIS,"], "edit": ["- *\t  http://www.apache.org/licenses/LICENSE-2.0", "+ *      http://www.apache.org/licenses/LICENSE-2.0", "- *\t  http://www.apache.org/licenses/LICENSE-2.0", "+ *      http://www.apache.org/licenses/LICENSE-2.0"], "url": ["https://api.github.com/repos/spring-projects/spring-security/commits/63bbc19deb76a8d65073b1dc69a389ceca87a8b4"]}