{"new_feature": "5684,5,115,970,30,0.64", "commitmessage": "WW-2012 Freemarker caching of BeanWrapper models\n\n\ngit-svn-id: https://svn.apache.org/repos/asf/struts/struts2/trunk@555289 13f79535-47bb-0310-9956-ffa450edef68", "patch": ["@@ -78,6 +78,9 @@\n     \n     /** Cache Freemarker templates */\n     public static final String STRUTS_FREEMARKER_CACHE_TEMPLATES = \"struts.freemarker.templatesCache\";\n+    \n+    /** Cache model instances at BeanWrapper level */\n+    public static final String STRUTS_FREEMARKER_BEANWRAPPER_CACHE = \"struts.freemarker.beanwrapperCache\";\n \n     /** org.apache.struts2.views.velocity.VelocityManager implementation class */\n     public static final String STRUTS_VELOCITY_MANAGER_CLASSNAME = \"struts.velocity.manager.classname\";", "@@ -124,6 +124,7 @@\n     \n     private String encoding;\n     private boolean altMapWrapper;\n+    private boolean cacheBeanWrapper;\n     private Map<String,TagLibrary> tagLibraries;\n     \n     @Inject(StrutsConstants.STRUTS_I18N_ENCODING)\n@@ -136,6 +137,11 @@ public void setWrapperAltMap(String val) {\n         altMapWrapper = \"true\".equals(val);\n     }\n     \n+    @Inject(StrutsConstants.STRUTS_FREEMARKER_BEANWRAPPER_CACHE)\n+    public void setCacheBeanWrapper(String val) {\n+        cacheBeanWrapper = \"true\".equals(val);\n+    }\n+    \n     @Inject\n     public void setContainer(Container container) {\n         Map<String,TagLibrary> map = new HashMap<String,TagLibrary>();\n@@ -236,7 +242,9 @@ protected void populateContext(ScopesHashModel model, ValueStack stack, Object a\n     }\n \n     protected BeansWrapper getObjectWrapper() {\n-        return new StrutsBeanWrapper(altMapWrapper);\n+        StrutsBeanWrapper wrapper = new StrutsBeanWrapper(altMapWrapper);\n+        wrapper.setUseCache(cacheBeanWrapper);\n+        return wrapper;\n     }\n \n     /**", "@@ -149,6 +149,9 @@ struts.dispatcher.parametersWorkaround = false\n ### Has the same effect as copying the templates under WEB_APP/templates\n struts.freemarker.templatesCache=false\n \n+### Enables caching of models on the BeanWrapper\n+struts.freemarker.beanwrapperCache=false\n+\n ### See the StrutsBeanWrapper javadocs for more information\n struts.freemarker.wrapper.altMap=true\n "], "edit": ["+", "+    /** Cache model instances at BeanWrapper level */", "+    public static final String STRUTS_FREEMARKER_BEANWRAPPER_CACHE = \"struts.freemarker.beanwrapperCache\";", "+    private boolean cacheBeanWrapper;", "+    @Inject(StrutsConstants.STRUTS_FREEMARKER_BEANWRAPPER_CACHE)", "+    public void setCacheBeanWrapper(String val) {", "+        cacheBeanWrapper = \"true\".equals(val);", "+    }", "+", "-        return new StrutsBeanWrapper(altMapWrapper);", "+        StrutsBeanWrapper wrapper = new StrutsBeanWrapper(altMapWrapper);", "+        wrapper.setUseCache(cacheBeanWrapper);", "+        return wrapper;", "+### Enables caching of models on the BeanWrapper", "+struts.freemarker.beanwrapperCache=false", "+"], "url": ["https://api.github.com/repos/apache/struts/commits/63d045c731f11838aeabb038b11b0d8ac7db09db"]}