{"new_feature": "412,3,0,2,7,0.53", "commitmessage": "This didn't make any sense.", "patch": ["@@ -1,23 +0,0 @@\n-/**\n- *\n- */\n-package hudson.plugins.build_publisher;\n-\n-import hudson.model.AbstractBuild;\n-import hudson.model.AbstractProject;\n-\n-/**\n- *\n- *\n- */\n-class PublishRequest {\n-\n-    AbstractBuild build;\n-    AbstractProject project;\n-\n-    public PublishRequest(AbstractBuild build, AbstractProject project) {\n-        this.build = build;\n-        this.project = project;\n-    }\n-\n-}\n\\ No newline at end of file"], "edit": ["-/**", "- *", "- */", "-package hudson.plugins.build_publisher;", "-", "-import hudson.model.AbstractBuild;", "-import hudson.model.AbstractProject;", "-", "-/**", "- *", "- *", "- */", "-class PublishRequest {", "-", "-    AbstractBuild build;", "-    AbstractProject project;", "-", "-    public PublishRequest(AbstractBuild build, AbstractProject project) {", "-        this.build = build;", "-        this.project = project;", "-    }", "-", "-}"], "url": ["https://api.github.com/repos/jenkinsci/build-publisher-plugin/commits/63d908d9d8bdd8a886a3bf95c0b1aeb4ab0ed278"]}