{"new_feature": "2779,5,66,129,30,0.02", "commitmessage": "make it a test at least\n\n\n\ngit-svn-id: https://svn.apache.org/repos/asf/commons/sandbox/compress/trunk@703021 13f79535-47bb-0310-9956-ffa450edef68", "patch": ["@@ -50,4 +50,6 @@ private void apply( final ChangeSet cs ) throws IOException {\n \t\t}\n \t}\n \t\n+\tpublic void testChangeSet() {\t    \n+\t}\n }"], "edit": ["+\tpublic void testChangeSet() {", "+\t}"], "url": ["https://api.github.com/repos/apache/commons-compress/commits/64eb32689dac0635530b704696d2b5eebecd47bb"]}