{"new_feature": "21402,4,205,3844,30,0.86", "commitmessage": "Revert accidental commit\n\ngit-svn-id: https://svn.apache.org/repos/asf/tomcat/trunk@1562421 13f79535-47bb-0310-9956-ffa450edef68", "patch": ["@@ -176,7 +176,7 @@ nsis.loc=${base-sf.loc}/nsis/nsis-2.46.zip\n \n # ----- Commons Daemon, version 1.0-Alpha or later -----\n commons-daemon.version=1.0.15\n-commons-daemon.home=${base.path}/commons-daemon-${commons-daemon.version}-test-signed\n+commons-daemon.home=${base.path}/commons-daemon-${commons-daemon.version}\n commons-daemon.jar=${commons-daemon.home}/commons-daemon-${commons-daemon.version}.jar\n commons-daemon.native.win.home=${commons-daemon.home}/windows\n commons-daemon.native.win.mgr.exe=${commons-daemon.native.win.home}/prunmgr.exe"], "edit": ["-commons-daemon.home=${base.path}/commons-daemon-${commons-daemon.version}-test-signed", "+commons-daemon.home=${base.path}/commons-daemon-${commons-daemon.version}"], "url": ["https://api.github.com/repos/apache/tomcat/commits/66bf8d3654260c5d6c2da93b03ac7d0091e51021"]}