{"new_feature": "10276,15,64,1575,30,0.17", "commitmessage": "Fixed test cases that I broke with my previous commit to this file.\n\ngit-svn-id: https://svn.apache.org/repos/asf/incubator/activemq/trunk@378137 13f79535-47bb-0310-9956-ffa450edef68", "patch": ["@@ -151,17 +151,14 @@ public TransportConnector addConnector(TransportServer transport) throws Excepti\n      * @throws Exception\n      */\n     public TransportConnector addConnector(TransportConnector connector) throws Exception {\n-        int what = System.identityHashCode(connector);\n-        if (isUseJmx()) {\n-            URI discoveryUri = connector.getDiscoveryUri();\n-            connector = connector.asManagedConnector(getManagementContext().getMBeanServer(), getBrokerObjectName());\n-            connector.setDiscoveryUri(discoveryUri);\n-        }\n+        \n         connector.setBroker(getBroker());\n         connector.setBrokerName(getBrokerName());\n         connector.setTaskRunnerFactory(getTaskRunnerFactory());\n         transportConnectors.add(connector);\n+\n         if (isUseJmx()) {\n+            connector = connector.asManagedConnector(getManagementContext().getMBeanServer(), getBrokerObjectName());\n             registerConnectorMBean(connector);\n         }\n         return connector;"], "edit": ["-        int what = System.identityHashCode(connector);", "-        if (isUseJmx()) {", "-            URI discoveryUri = connector.getDiscoveryUri();", "-            connector = connector.asManagedConnector(getManagementContext().getMBeanServer(), getBrokerObjectName());", "-            connector.setDiscoveryUri(discoveryUri);", "-        }", "+", "+", "+            connector = connector.asManagedConnector(getManagementContext().getMBeanServer(), getBrokerObjectName());"], "url": ["https://api.github.com/repos/apache/activemq/commits/67019975228d04754f599dc773be54d2c97efdc8"]}