{"new_feature": "28824,27,0,14015,30,0.36", "commitmessage": "leaving the marker in place. could be useful down the road", "patch": ["@@ -24,25 +24,26 @@ case \"$1\" in\n         # Create jenkins user if it doesn't exist.\n         # sometimes tools that users want Jenkins to run need a shell,\n         # so use /bin/bash. See JENKINS-4830\n-\t    if ! id jenkins > /dev/null 2>&1 ; then\n-\t        adduser --system --home /var/lib/jenkins --no-create-home \\\n-\t\t    --ingroup nogroup --disabled-password --shell /bin/bash \\\n-\t\t    jenkins\n-\t    fi\n+        if ! id jenkins > /dev/null 2>&1 ; then\n+            adduser --system --home /var/lib/jenkins --no-create-home \\\n+                --ingroup nogroup --disabled-password --shell /bin/bash \\\n+                jenkins\n+        fi\n \t\n         # If we have an old hudson install, rename it to jenkins\n-\t    if test -d /var/lib/hudson; then\n-                # We need to ensure that the .??* wildcard matches something\n-                touch /var/lib/hudson/.moving-hudson\n-                mv -f /var/lib/hudson/* /var/lib/hudson/.??* /var/lib/jenkins\n-                rmdir /var/lib/hudson\n-                rm /var/lib/jenkins/.moving-hudson\n-                find /var/lib/jenkins -user hudson -exec chown jenkins {} + || true\n-            fi\n-\t    if test -d /var/run/hudson; then\n-                mv -f /var/run/hudson/* /var/run/jenkins\n-                rmdir /var/run/hudson\n-            fi\n+        if test -d /var/lib/hudson; then\n+            # leave a marker to indicate this came from Hudson.\n+            # could be useful down the road\n+            # This also ensures that the .??* wildcard matches something\n+            touch /var/lib/hudson/.from-hudson\n+            mv -f /var/lib/hudson/* /var/lib/hudson/.??* /var/lib/jenkins\n+            rmdir /var/lib/hudson\n+            find /var/lib/jenkins -user hudson -exec chown jenkins {} + || true\n+        fi\n+        if test -d /var/run/hudson; then\n+            mv -f /var/run/hudson/* /var/run/jenkins\n+            rmdir /var/run/hudson\n+        fi\n       \n     \t# Fix permissions on runtime directories/files.\n     \t# change group/owner to jenkins:adm - exclude jobs directory. See HUDSON-4047"], "edit": ["-\t    if ! id jenkins > /dev/null 2>&1 ; then", "-\t        adduser --system --home /var/lib/jenkins --no-create-home \\", "-\t\t    --ingroup nogroup --disabled-password --shell /bin/bash \\", "-\t\t    jenkins", "-\t    fi", "+        if ! id jenkins > /dev/null 2>&1 ; then", "+            adduser --system --home /var/lib/jenkins --no-create-home \\", "+                --ingroup nogroup --disabled-password --shell /bin/bash \\", "+                jenkins", "+        fi", "-\t    if test -d /var/lib/hudson; then", "-                # We need to ensure that the .??* wildcard matches something", "-                touch /var/lib/hudson/.moving-hudson", "-                mv -f /var/lib/hudson/* /var/lib/hudson/.??* /var/lib/jenkins", "-                rmdir /var/lib/hudson", "-                rm /var/lib/jenkins/.moving-hudson", "-                find /var/lib/jenkins -user hudson -exec chown jenkins {} + || true", "-            fi", "-\t    if test -d /var/run/hudson; then", "-                mv -f /var/run/hudson/* /var/run/jenkins", "-                rmdir /var/run/hudson", "-            fi", "+        if test -d /var/lib/hudson; then", "+            # leave a marker to indicate this came from Hudson.", "+            # could be useful down the road", "+            # This also ensures that the .??* wildcard matches something", "+            touch /var/lib/hudson/.from-hudson", "+            mv -f /var/lib/hudson/* /var/lib/hudson/.??* /var/lib/jenkins", "+            rmdir /var/lib/hudson", "+            find /var/lib/jenkins -user hudson -exec chown jenkins {} + || true", "+        fi", "+        if test -d /var/run/hudson; then", "+            mv -f /var/run/hudson/* /var/run/jenkins", "+            rmdir /var/run/hudson", "+        fi"], "url": ["https://api.github.com/repos/jenkinsci/jenkins/commits/68f77104a4551722a583dded7896afff09e17efd"]}