{"new_feature": "807,9,0,93,30,0.34", "commitmessage": "bumping up POM version", "patch": ["@@ -3,7 +3,7 @@\n   <parent>\n     <groupId>org.jvnet.hudson.plugins</groupId>\n     <artifactId>plugin</artifactId>\n-    <version>1.248</version>\n+    <version>1.249</version>\n     <relativePath>../pom.xml</relativePath>\n   </parent>\n   "], "edit": ["-    <version>1.248</version>", "+    <version>1.249</version>"], "url": ["https://api.github.com/repos/jenkinsci/promoted-builds-plugin/commits/6aa64ec9428b20ce6028e2245144d2983cbd4ca3"]}