{"new_feature": "21402,4,205,3844,30,0.86", "commitmessage": "Simplify\n\ngit-svn-id: https://svn.apache.org/repos/asf/tomcat/trunk@1724678 13f79535-47bb-0310-9956-ffa450edef68", "patch": ["@@ -838,35 +838,28 @@ protected boolean removeSpecial(String name) {\n      * @param values1 First set of values\n      * @param values2 Second set of values\n      */\n-    protected String[] mergeValues(Object values1, Object values2) {\n+    private String[] mergeValues(String[] values1, String[] values2) {\n \n         ArrayList<Object> results = new ArrayList<>();\n \n         if (values1 == null) {\n             // Skip - nothing to merge\n-        } else if (values1 instanceof String)\n-            results.add(values1);\n-        else if (values1 instanceof String[]) {\n-            String values[] = (String[]) values1;\n-            for (int i = 0; i < values.length; i++)\n-                results.add(values[i]);\n-        } else\n-            results.add(values1.toString());\n+        } else {\n+            for (String value : values1) {\n+                results.add(value);\n+            }\n+        }\n \n         if (values2 == null) {\n             // Skip - nothing to merge\n-        } else if (values2 instanceof String)\n-            results.add(values2);\n-        else if (values2 instanceof String[]) {\n-            String values[] = (String[]) values2;\n-            for (int i = 0; i < values.length; i++)\n-                results.add(values[i]);\n-        } else\n-            results.add(values2.toString());\n+        } else {\n+            for (String value : values2) {\n+                results.add(value);\n+            }\n+        }\n \n         String values[] = new String[results.size()];\n         return results.toArray(values);\n-\n     }\n \n "], "edit": ["-    protected String[] mergeValues(Object values1, Object values2) {", "+    private String[] mergeValues(String[] values1, String[] values2) {", "-        } else if (values1 instanceof String)", "-            results.add(values1);", "-        else if (values1 instanceof String[]) {", "-            String values[] = (String[]) values1;", "-            for (int i = 0; i < values.length; i++)", "-                results.add(values[i]);", "-        } else", "-            results.add(values1.toString());", "+        } else {", "+            for (String value : values1) {", "+                results.add(value);", "+            }", "+        }", "-        } else if (values2 instanceof String)", "-            results.add(values2);", "-        else if (values2 instanceof String[]) {", "-            String values[] = (String[]) values2;", "-            for (int i = 0; i < values.length; i++)", "-                results.add(values[i]);", "-        } else", "-            results.add(values2.toString());", "+        } else {", "+            for (String value : values2) {", "+                results.add(value);", "+            }", "+        }", "-"], "url": ["https://api.github.com/repos/apache/tomcat/commits/6ae725d978028c4d0373d8c1ed728526e4458168"]}