{"new_feature": "5684,5,115,970,30,0.05", "commitmessage": "WW-4900 Reverts BackgroundProcess access modifiers", "patch": ["@@ -45,7 +45,7 @@\n      * @param invocation The action invocation\n      * @param threadPriority The thread priority\n      */\n-    BackgroundProcess(String threadName, final ActionInvocation invocation, int threadPriority) {\n+    public BackgroundProcess(String threadName, final ActionInvocation invocation, int threadPriority) {\n         this.invocation = invocation;\n         try {\n             final Thread t = new Thread(new Runnable() {\n@@ -75,7 +75,7 @@ public void run() {\n      *\n      * @throws Exception any exception thrown will be thrown, in turn, by the ExecuteAndWaitInterceptor\n      */\n-    private void beforeInvocation() throws Exception {\n+    protected void beforeInvocation() throws Exception {\n         ActionContext.setContext(invocation.getInvocationContext());\n     }\n \n@@ -86,7 +86,7 @@ private void beforeInvocation() throws Exception {\n      *\n      * @throws Exception any exception thrown will be thrown, in turn, by the ExecuteAndWaitInterceptor\n      */\n-    private void afterInvocation() throws Exception {\n+    protected void afterInvocation() throws Exception {\n         ActionContext.setContext(null);\n     }\n "], "edit": ["-    BackgroundProcess(String threadName, final ActionInvocation invocation, int threadPriority) {", "+    public BackgroundProcess(String threadName, final ActionInvocation invocation, int threadPriority) {", "-    private void beforeInvocation() throws Exception {", "+    protected void beforeInvocation() throws Exception {", "-    private void afterInvocation() throws Exception {", "+    protected void afterInvocation() throws Exception {"], "url": ["https://api.github.com/repos/apache/struts/commits/6b131550a649106766f45c83279b036544afc58c"]}