{"new_feature": "8474,31,69,1626,30,0.03", "commitmessage": "Updated Building and Running Geode from Source (markdown)", "patch": ["@@ -1,4 +1,4 @@\n-GemFire is built using gradle using the standard build lifecycle.  To build GemFire, invoke\n+Geode is built using gradle using the standard build lifecycle.  To build Geode, invoke\n \n     ./gradlew build\n \n@@ -9,6 +9,6 @@ This will create the binary artifacts and run all of the tests (if for some reas\n \n The distribution archives will be located in `gemfire-assembly/build/distributions/`.  To install, extract the archive file and add the bin directory to your path. You can start servers and examine data using the `bin/gfsh` script.  You can also create an exploded distributed using the `install` task.  This will create the distribution directories in `gemfire-assembly/build/install/gemfire`.\n \n-To embed GemFire in your application, add `lib/gemfire-core-dependencies.jar` to your classpath.\n+To embed Geode in your application, add `lib/gemfire-core-dependencies.jar` to your classpath.\n \n-See the [Getting Started Guide](http://gemfire.docs.pivotal.io/latest/userguide/index.html#getting_started/book_intro.html) in the Pivotal GemFire User's Guide for an overview of GemFire.\n+See the [Getting Started Guide](http://gemfire.docs.pivotal.io/latest/userguide/index.html#getting_started/book_intro.html) in the Pivotal GemFire User's Guide for an overview of Geode."], "edit": ["-GemFire is built using gradle using the standard build lifecycle.  To build GemFire, invoke", "+Geode is built using gradle using the standard build lifecycle.  To build Geode, invoke", "-To embed GemFire in your application, add `lib/gemfire-core-dependencies.jar` to your classpath.", "+To embed Geode in your application, add `lib/gemfire-core-dependencies.jar` to your classpath.", "-See the [Getting Started Guide](http://gemfire.docs.pivotal.io/latest/userguide/index.html#getting_started/book_intro.html) in the Pivotal GemFire User's Guide for an overview of GemFire.", "+See the [Getting Started Guide](http://gemfire.docs.pivotal.io/latest/userguide/index.html#getting_started/book_intro.html) in the Pivotal GemFire User's Guide for an overview of Geode."], "url": ["https://api.github.com/repos/apache/geode/commits/6dcc0bdb3121e9075017ec97999b522fbb870b36"]}