{"new_feature": "28824,27,0,14015,30,0.36", "commitmessage": "[FIXED HUDSON-6437] don't use LIBC outside catch block for LinkageError.\n\n\ngit-svn-id: https://hudson.dev.java.net/svn/hudson/branches/rc@30794 71c3de6d-444a-0410-be80-ed276b4c234a", "patch": ["@@ -1009,7 +1009,6 @@ public static void createSymlink(File baseDir, String targetPath, String symlink\n                     // we still prefer to try JNA first as PosixAPI supports even smaller platforms.\n                     r = PosixAPI.get().symlink(targetPath,symlinkFile.getAbsolutePath());\n                 }\n-                if (r!=0)   errmsg = LIBC.strerror(r);\n             } else // escape hatch, until we know that the above works well.\n                 r = new LocalProc(new String[]{\n                     \"ln\",\"-s\", targetPath, symlinkPath},"], "edit": ["-                if (r!=0)   errmsg = LIBC.strerror(r);"], "url": ["https://api.github.com/repos/jenkinsci/jenkins/commits/6f053b9028163151cc8adb73d1679ea1bb02141b"]}