{"new_feature": "4196,13,18,4364,30,0.12", "commitmessage": "[MINOR] Verify appId is not null in LivyInterpreterIT\n\n### What is this PR for?\nSomeone complain that they could not get appId, this PR just try to verify appId returned by livy rest api is not null.\n\n### What type of PR is it?\n[Improvement]\n\n### Todos\n* [ ] - Task\n\n### What is the Jira issue?\n* No jira created\n\n### How should this be tested?\n* CI pass\n\n### Screenshots (if appropriate)\n\n### Questions:\n* Does the licenses files need update? No\n* Is there breaking changes for older versions? No\n* Does this needs documentation? No\n\nAuthor: Jeff Zhang <zjffdu@apache.org>\n\nCloses #2999 from zjffdu/minor_livy and squashes the following commits:\n\neae0cf58c [Jeff Zhang] [MINOR] Verify appId is null in LivyInterpreterIT", "patch": ["@@ -495,7 +495,8 @@ public void testSparkInterpreterWithDisplayAppInfo_StringWithoutTruncation()\n       InterpreterResult result = sparkInterpreter.interpret(\"sc.version\", context);\n       assertEquals(InterpreterResult.Code.SUCCESS, result.code());\n       assertEquals(2, result.message().size());\n-      assertTrue(result.message().get(1).getData().contains(\"Spark Application Id\"));\n+      // check yarn appId and ensure it is not null\n+      assertTrue(result.message().get(1).getData().contains(\"Spark Application Id: application_\"));\n \n       // html output\n       String htmlCode = \"println(\\\"%html <h1> hello </h1>\\\")\";"], "edit": ["-      assertTrue(result.message().get(1).getData().contains(\"Spark Application Id\"));", "+      // check yarn appId and ensure it is not null", "+      assertTrue(result.message().get(1).getData().contains(\"Spark Application Id: application_\"));"], "url": ["https://api.github.com/repos/apache/zeppelin/commits/6fc3057d529691e697361ef9a67e21cac75e21ed"]}