{"new_feature": "4300,26,80,34551,30,0.01", "commitmessage": "Added test to cover header drops with 100-continue", "patch": ["@@ -16,6 +16,7 @@\n package okhttp3;\n \n import java.io.IOException;\n+import java.util.ArrayList;\n import java.util.Arrays;\n import java.util.Collections;\n import java.util.LinkedHashMap;\n@@ -56,6 +57,23 @@\n     assertEquals(\"HTTP/1.1\", headers.value(0));\n   }\n \n+  @Test public void readNameValueBlockDropsHeadersUpTo100Continue() throws IOException {\n+    List<Header> firstHeaderBlock = headerEntries(\":status\", \"100 Continue\", \"a\", \"albatross\");\n+    List<Header> secondHeaderBlock = headerEntries(\":status\", \"200 OK\", \"b\", \"balicassiao\");\n+    List<Header> headerBlock = new ArrayList<>();\n+    headerBlock.addAll(firstHeaderBlock);\n+    headerBlock.add(null);\n+    headerBlock.addAll(secondHeaderBlock);\n+\n+    Request request = new Request.Builder().url(\"http://square.com/\").build();\n+    Response response =\n+        Http2Codec.readHttp2HeadersList(headerBlock, Protocol.HTTP_2).request(request).build();\n+    Headers headers = response.headers();\n+    assertEquals(1, headers.size());\n+    assertEquals(\"b\", headers.name(0));\n+    assertEquals(\"balicassiao\", headers.value(0));\n+  }\n+\n   @Test public void http2HeadersListDropsForbiddenHeadersHttp2() {\n     Request request = new Request.Builder()\n         .url(\"http://square.com/\")"], "edit": ["+import java.util.ArrayList;", "+  @Test public void readNameValueBlockDropsHeadersUpTo100Continue() throws IOException {", "+    List<Header> firstHeaderBlock = headerEntries(\":status\", \"100 Continue\", \"a\", \"albatross\");", "+    List<Header> secondHeaderBlock = headerEntries(\":status\", \"200 OK\", \"b\", \"balicassiao\");", "+    List<Header> headerBlock = new ArrayList<>();", "+    headerBlock.addAll(firstHeaderBlock);", "+    headerBlock.add(null);", "+    headerBlock.addAll(secondHeaderBlock);", "+", "+    Request request = new Request.Builder().url(\"http://square.com/\").build();", "+    Response response =", "+        Http2Codec.readHttp2HeadersList(headerBlock, Protocol.HTTP_2).request(request).build();", "+    Headers headers = response.headers();", "+    assertEquals(1, headers.size());", "+    assertEquals(\"b\", headers.name(0));", "+    assertEquals(\"balicassiao\", headers.value(0));", "+  }", "+"], "url": ["https://api.github.com/repos/square/okhttp/commits/719c1b50deb9d1c33f696f0b7ce700c59ae7ebb5"]}