{"new_feature": "10276,15,64,1575,30,0.17", "commitmessage": "Fixes AMQ-3651 : If the broker binds RMI registry port when it starts up, the broker should release RMI registry port when it shuts down\n\n\ngit-svn-id: https://svn.apache.org/repos/asf/activemq/trunk@1227186 13f79535-47bb-0310-9956-ffa450edef68", "patch": ["@@ -64,6 +64,7 @@\n     private JMXConnectorServer connectorServer;\n     private ObjectName namingServiceObjectName;\n     private Registry registry;\n+    private ServerSocket registrySocket;\n     private final List<ObjectName> registeredMBeanNames = new CopyOnWriteArrayList<ObjectName>();\n     private boolean allowRemoteAddressInMBeanNames = true;\n \n@@ -146,6 +147,13 @@ public void stop() throws Exception {\n                 }\n             }\n             beanServer = null;\n+            if(registrySocket!=null) {\n+                try {\n+                    registrySocket.close();\n+                } catch (IOException e) {\n+                }\n+                registrySocket = null;\n+            }\n         }\n     }\n \n@@ -419,12 +427,13 @@ private void createConnector(MBeanServer mbeanServer) throws MalformedObjectName\n                 registry = LocateRegistry.createRegistry(connectorPort, null, new RMIServerSocketFactory() {\n                     public ServerSocket createServerSocket(int port)\n                             throws IOException {\n-                        ServerSocket result = new ServerSocket(port);\n-                        result.setReuseAddress(true);\n-                        return result;\n+                        registrySocket = new ServerSocket(port);\n+                        registrySocket.setReuseAddress(true);\n+                        return registrySocket;\n                     }});\n             }\n             namingServiceObjectName = ObjectName.getInstance(\"naming:type=rmiregistry\");\n+\n             // Do not use the createMBean as the mx4j jar may not be in the\n             // same class loader than the server\n             Class cl = Class.forName(\"mx4j.tools.naming.NamingService\");"], "edit": ["+    private ServerSocket registrySocket;", "+            if(registrySocket!=null) {", "+                try {", "+                    registrySocket.close();", "+                } catch (IOException e) {", "+                }", "+                registrySocket = null;", "+            }", "-                        ServerSocket result = new ServerSocket(port);", "-                        result.setReuseAddress(true);", "-                        return result;", "+                        registrySocket = new ServerSocket(port);", "+                        registrySocket.setReuseAddress(true);", "+                        return registrySocket;", "+"], "url": ["https://api.github.com/repos/apache/activemq/commits/71d5fef019b7ed1bb9d8129bc180216cb6655c07"]}