{"new_feature": "131,3,0,4,5,0.72", "commitmessage": "BUG found thanks to the Hudson Plugin release Wiki page. It alerted me to test in a standlone running instance of Hudson, as well as an instance with Slaves. There was a problem where I was returning a PNG file instead of the Map.", "patch": ["@@ -150,7 +150,7 @@ public void doTrendMap(\n            protected JFreeChart createGraph() {\r\n                return chart;\r\n            }\r\n-       }.doPng(request,response);\r\n+       }.doMap(request,response);\r\n        \r\n    }\r\n \r"], "edit": ["-       }.doPng(request,response);", "+       }.doMap(request,response);"], "url": ["https://api.github.com/repos/jenkinsci/ccm-plugin/commits/729fd271129314524ee9051b04aa64faa7db14ac"]}