{"new_feature": "3410,3,80,1932,20,0.99", "commitmessage": "% System CPU in pdf", "patch": ["@@ -216,6 +216,16 @@ private void writeSummary(JavaInformations javaInformations) throws BadElementEx\n \t\t\taddCell(getString(\"Charge_systeme\") + ':');\r\n \t\t\taddCell(decimalFormat.format(javaInformations.getSystemLoadAverage()));\r\n \t\t}\r\n+\t\tif (javaInformations.getSystemCpuLoad() >= 0) {\r\n+\t\t\taddCell(getString(\"systemCpuLoad\") + ':');\r\n+\t\t\tfinal Phrase systemCpuLoadPhrase = new Phrase(decimalFormat.format(javaInformations\r\n+\t\t\t\t\t.getSystemCpuLoad()) + BAR_SEPARATOR, cellFont);\r\n+\t\t\tfinal Image systemCpuLoadImage = Image.getInstance(\r\n+\t\t\t\t\tBar.toBarWithAlert(javaInformations.getSystemCpuLoad()), null);\r\n+\t\t\tsystemCpuLoadImage.scalePercent(50);\r\n+\t\t\tsystemCpuLoadPhrase.add(new Chunk(systemCpuLoadImage, 0, 0));\r\n+\t\t\tcurrentTable.addCell(systemCpuLoadPhrase);\r\n+\t\t}\r\n \t}\r\n \r\n \tvoid writeInformationsDetails() throws DocumentException, IOException {\r"], "edit": ["+\t\tif (javaInformations.getSystemCpuLoad() >= 0) {", "+\t\t\taddCell(getString(\"systemCpuLoad\") + ':');", "+\t\t\tfinal Phrase systemCpuLoadPhrase = new Phrase(decimalFormat.format(javaInformations", "+\t\t\t\t\t.getSystemCpuLoad()) + BAR_SEPARATOR, cellFont);", "+\t\t\tfinal Image systemCpuLoadImage = Image.getInstance(", "+\t\t\t\t\tBar.toBarWithAlert(javaInformations.getSystemCpuLoad()), null);", "+\t\t\tsystemCpuLoadImage.scalePercent(50);", "+\t\t\tsystemCpuLoadPhrase.add(new Chunk(systemCpuLoadImage, 0, 0));", "+\t\t\tcurrentTable.addCell(systemCpuLoadPhrase);", "+\t\t}"], "url": ["https://api.github.com/repos/javamelody/javamelody/commits/72c0ed96155e495ce1f8d52733c8e3837288b77b"]}