{"new_feature": "8180,14,131,3925,30,0.46", "commitmessage": "Fix for SEC-215. Check for empty nameInNameSpace before appending.", "patch": ["@@ -22,7 +22,10 @@\n import org.acegisecurity.ldap.InitialDirContextFactory;\n import org.acegisecurity.ldap.LdapUserInfo;\n import org.acegisecurity.ldap.LdapDataAccessException;\n+\n import org.springframework.util.Assert;\n+import org.springframework.util.StringUtils;\n+\n import org.apache.commons.logging.Log;\n import org.apache.commons.logging.LogFactory;\n \n@@ -136,8 +139,12 @@ public LdapUserInfo searchForUser(String username) {\n                 userDn.append(searchBase);\n             }\n \n-            userDn.append(\",\");\n-            userDn.append(ctx.getNameInNamespace());\n+            String nameInNamespace = ctx.getNameInNamespace();\n+\n+            if(StringUtils.hasLength(nameInNamespace)) {\n+                userDn.append(\",\");\n+                userDn.append(nameInNamespace);\n+            }\n \n             return new LdapUserInfo(userDn.toString(), searchResult.getAttributes());\n "], "edit": ["+", "+import org.springframework.util.StringUtils;", "+", "-            userDn.append(\",\");", "-            userDn.append(ctx.getNameInNamespace());", "+            String nameInNamespace = ctx.getNameInNamespace();", "+", "+            if(StringUtils.hasLength(nameInNamespace)) {", "+                userDn.append(\",\");", "+                userDn.append(nameInNamespace);", "+            }"], "url": ["https://api.github.com/repos/spring-projects/spring-security/commits/743cc9fec79976b343853568f4e4f906d67bd2b2"]}