{"new_feature": "4652,10,240,2516,30,0.85", "commitmessage": "Make error message for literal % character in predicate expressions clearer", "patch": ["@@ -124,7 +124,7 @@\n     void errorWritingAccessLog(@Cause IOException e);\n \n     @LogMessage(level = ERROR)\n-    @Message(id = 5017, value = \"Unknown variable %s\")\n+    @Message(id = 5017, value = \"Unknown variable %s. For the literal percent character use two percent characters: '%%'\")\n     void unknownVariable(String token);\n \n     @LogMessage(level = ERROR)", "@@ -93,12 +93,12 @@ public void testParsedHandler1() {\n \n     @Test\n     public void testParsedHandler2() {\n-        String value = \"header(header=a, value='b')\";\n+        String value = \"header(header=a, value='a%%lb')\";\n         List<PredicatedHandler> ret = PredicatedHandlersParser.parse(value, getClass().getClassLoader());\n         Assert.assertEquals(1, ret.size());\n         SetHeaderHandler handler = (SetHeaderHandler) ret.get(0).getHandler().wrap(ResponseCodeHandler.HANDLE_200);\n         Assert.assertEquals(\"a\", handler.getHeader().toString());\n-        Assert.assertEquals(\"b\", handler.getValue().readAttribute(null));\n+        Assert.assertEquals(\"a%lb\", handler.getValue().readAttribute(null));\n     }\n \n     @Test"], "edit": ["-    @Message(id = 5017, value = \"Unknown variable %s\")", "+    @Message(id = 5017, value = \"Unknown variable %s. For the literal percent character use two percent characters: '%%'\")", "-        String value = \"header(header=a, value='b')\";", "+        String value = \"header(header=a, value='a%%lb')\";", "-        Assert.assertEquals(\"b\", handler.getValue().readAttribute(null));", "+        Assert.assertEquals(\"a%lb\", handler.getValue().readAttribute(null));"], "url": ["https://api.github.com/repos/undertow-io/undertow/commits/7774837dcdb853a48c9986234c60151cbd5ffd88"]}