{"new_feature": "21402,4,205,3844,30,0.86", "commitmessage": "Review of r1416258\n'&&' has higher priority than '||', so the brackets are needed.\n\ngit-svn-id: https://svn.apache.org/repos/asf/tomcat/trunk@1417003 13f79535-47bb-0310-9956-ffa450edef68", "patch": ["@@ -184,7 +184,7 @@ private static Object coerceToType(Class<?> type, String value) {\n         } else if (type.equals(byte.class) || type.equals(Byte.class)) {\n             return Byte.valueOf(value);\n         } else if (value.length() == 1 &&\n-                type.equals(char.class) || type.equals(Character.class)) {\n+                (type.equals(char.class) || type.equals(Character.class))) {\n             return Character.valueOf(value.charAt(0));\n         } else if (type.equals(double.class) || type.equals(Double.class)) {\n             return Double.valueOf(value);"], "edit": ["-                type.equals(char.class) || type.equals(Character.class)) {", "+                (type.equals(char.class) || type.equals(Character.class))) {"], "url": ["https://api.github.com/repos/apache/tomcat/commits/77dc111291d7edc81c21e2710027170a3e8397f2"]}