{"new_feature": "21402,4,205,3844,30,0.01", "commitmessage": "By default use released 1.1.19\n\ngit-svn-id: https://svn.apache.org/repos/asf/tomcat/trunk@897776 13f79535-47bb-0310-9956-ffa450edef68", "patch": ["@@ -65,7 +65,7 @@ jdt.jar=${jdt.lib}/org.eclipse.jdt.core_3.3.1.v_780_R33x.jar\n jdt.loc=http://archive.eclipse.org/eclipse/downloads/drops/R-3.3.1-200709211145/eclipse-JDT-3.3.1.zip\n \n # ----- Tomcat native library -----\n-tomcat-native.version=1.1.18\n+tomcat-native.version=1.1.19\n tomcat-native.home=${base.path}/tomcat-native-${tomcat-native.version}\n tomcat-native.tar.gz=${tomcat-native.home}/tomcat-native.tar.gz\n tomcat-native.loc=${base-tomcat.loc}/tomcat-connectors/native/${tomcat-native.version}/source/tomcat-native-${tomcat-native.version}-src.tar.gz"], "edit": ["-tomcat-native.version=1.1.18", "+tomcat-native.version=1.1.19"], "url": ["https://api.github.com/repos/apache/tomcat/commits/7a96537904584933327a1362bdb646bc4d0ac1a3"]}