{"new_feature": "1272,5,101,84,9,0.63", "commitmessage": "Merge branch 'master' of github.com:sebfz1/wicket-jquery-ui", "patch": ["@@ -91,6 +91,7 @@ public WysiwygEditor(String id, IModel<String> model, IWysiwygToolbar toolbar)\n \t\tthis.add(this.container);\n \n \t\tthis.textarea = new TextArea<String>(\"textarea\", Model.of(this.getModelObject()));\n+\t\tthis.textarea.setEscapeModelStrings(false);\n \t\tthis.add(this.textarea.setOutputMarkupId(true));\n \n \t\tif (toolbar != null)"], "edit": ["+\t\tthis.textarea.setEscapeModelStrings(false);"], "url": ["https://api.github.com/repos/sebfz1/wicket-jquery-ui/commits/7b43b9503723bc8fcfac029543ce8a653141df6b"]}