{"new_feature": "23078,272,321,9656,30,0.07", "commitmessage": "HADOOP-3610. Modified HOD to create cluster directory if one does not exist when using the script option. Contributed by Vinod Kumar Vavilapalli.\n\ngit-svn-id: https://svn.apache.org/repos/asf/hadoop/core/trunk@669986 13f79535-47bb-0310-9956-ffa450edef68", "patch": ["@@ -608,10 +608,11 @@ def script(self):\n                          script + \" : Not an executable.\")\n \n     if not os.path.exists(clusterDir):\n-      errorFlag = True\n-      errorMsgs.append( \\\n-                  \"Invalid cluster directory (--hod.clusterdir or -d) : \" + \\\n-                  clusterDir + \" : No such directory\")\n+      try:\n+        os.makedirs(clusterDir)\n+      except OSError, err:\n+        errorFlag = True\n+        errorMsgs.append(\"Could not create cluster directory. %s\" % (str(err)))\n     elif not os.path.isdir(clusterDir):\n       errorFlag = True\n       errorMsgs.append( \\"], "edit": ["-      errorFlag = True", "-      errorMsgs.append( \\", "-                  \"Invalid cluster directory (--hod.clusterdir or -d) : \" + \\", "-                  clusterDir + \" : No such directory\")", "+      try:", "+        os.makedirs(clusterDir)", "+      except OSError, err:", "+        errorFlag = True", "+        errorMsgs.append(\"Could not create cluster directory. %s\" % (str(err)))"], "url": ["https://api.github.com/repos/apache/hadoop/commits/7b7f3feadd4c8214fd6aaa3b2398abdbacd90d20"]}