{"new_feature": "15206,20,149,587,30,0.01", "commitmessage": "Improved fix of [CXF-5571], enabled broken test", "patch": ["@@ -27,6 +27,7 @@\n \n import org.apache.cxf.ws.policy.AlternativeSelector;\n import org.apache.neethi.Assertion;\n+import org.apache.neethi.builders.PrimitiveAssertion;\n \n \n /**\n@@ -48,13 +49,26 @@ protected boolean isCompatibleWithRequest(List<Assertion> alternative,\n     }\n \n     protected boolean isCompatible(List<Assertion> alternative, List<Assertion> r) {\n-        // Workaround until Neethi assertions do not override equals()\n         List<QName> rNames = new ArrayList<QName>(r.size());\n         for (Assertion ra : r) {\n             rNames.add(ra.getName());\n         }\n+        \n         for (Assertion a : alternative) {\n-            rNames.remove(a.getName());\n+            for (Assertion ra : r) {\n+                if (a.equals(ra)) {\n+                    rNames.remove(ra.getName());\n+                    break;\n+                } else {\n+                    // Workaround until Neethi assertions implementations do not override equals(): \n+                    // objects in lists can be different instances\n+                    if ((a instanceof PrimitiveAssertion) && (ra instanceof PrimitiveAssertion) \n+                        && ((PrimitiveAssertion) a).equal(ra)) {\n+                        rNames.remove(ra.getName());\n+                        break;\n+                    }\n+                }\n+            }\n         }\n         return rNames.isEmpty();\n     }", "@@ -111,9 +111,7 @@ public void testSecurityPolicy() throws Exception {\n         bus.shutdown(true);\n     }\n     \n-    // TODO @Ignore'ing this test due to a recent merge from Andrei\n     @org.junit.Test\n-    @org.junit.Ignore\n     public void testCombinedPolicy() throws Exception {\n         \n         if (!SecurityTestUtil.checkUnrestrictedPoliciesInstalled()) {"], "edit": ["+import org.apache.neethi.builders.PrimitiveAssertion;", "-        // Workaround until Neethi assertions do not override equals()", "+", "-            rNames.remove(a.getName());", "+            for (Assertion ra : r) {", "+                if (a.equals(ra)) {", "+                    rNames.remove(ra.getName());", "+                    break;", "+                } else {", "+                    // Workaround until Neethi assertions implementations do not override equals():", "+                    // objects in lists can be different instances", "+                    if ((a instanceof PrimitiveAssertion) && (ra instanceof PrimitiveAssertion)", "+                        && ((PrimitiveAssertion) a).equal(ra)) {", "+                        rNames.remove(ra.getName());", "+                        break;", "+                    }", "+                }", "+            }", "-    // TODO @Ignore'ing this test due to a recent merge from Andrei", "-    @org.junit.Ignore"], "url": ["https://api.github.com/repos/apache/cxf/commits/7b8cf2deb14bd9227d68f48c22f0a7cb3109a07c"]}