{"new_feature": "5684,5,115,970,30,0.03", "commitmessage": "WW-2482:\nFix Freemarker exception when model list entry has null value field\n\ngit-svn-id: https://svn.apache.org/repos/asf/struts/struts2/trunk@620841 13f79535-47bb-0310-9956-ffa450edef68", "patch": ["@@ -30,7 +30,7 @@\n             <#assign itemKey = stack.findValue('top')/>\n         </#if>\n         <#if parameters.listValue?exists>\n-            <#assign itemValue = stack.findString(parameters.listValue)/>\n+            <#assign itemValue = stack.findString(parameters.listValue)?default(\"\")/>\n         <#else>\n             <#assign itemValue = stack.findString('top')/>\n         </#if>", "@@ -134,7 +134,8 @@ public void testSimple() throws Exception {\n         testAction.setFoo(\"hello\");\n         testAction.setList(new String[][]{\n                 {\"hello\", \"world\"},\n-                {\"foo\", \"bar\"}\n+                {\"foo\", \"bar\"},\n+                {\"baz\", null}\n         });\n \n         CheckboxListTag tag = new CheckboxListTag();"], "edit": ["-            <#assign itemValue = stack.findString(parameters.listValue)/>", "+            <#assign itemValue = stack.findString(parameters.listValue)?default(\"\")/>", "-                {\"foo\", \"bar\"}", "+                {\"foo\", \"bar\"},", "+                {\"baz\", null}"], "url": ["https://api.github.com/repos/apache/struts/commits/7b922cd5d5bc2885b85cda8509b7b4ef6ca243fc"]}