{"new_feature": "11719,5,139,4532,30,0.32", "commitmessage": "Merge pull request #923 from pedroigor/KEYCLOAK-987\n\n[KEYCLOAK-987] - IdP should respect the protocol binding when processing AuthnRequest.", "patch": ["@@ -220,7 +220,7 @@ protected Response loginRequest(String relayState, AuthnRequestType requestAbstr\n             clientSession.setRedirectUri(redirect);\r\n             clientSession.setAction(ClientSessionModel.Action.AUTHENTICATE);\r\n             clientSession.setNote(ClientSessionCode.ACTION_KEY, KeycloakModelUtils.generateCodeSecret());\r\n-            clientSession.setNote(SamlProtocol.SAML_BINDING, getBindingType());\r\n+            clientSession.setNote(SamlProtocol.SAML_BINDING, getBindingType(requestAbstractType));\r\n             clientSession.setNote(GeneralConstants.RELAY_STATE, relayState);\r\n             clientSession.setNote(SamlProtocol.SAML_REQUEST_ID, requestAbstractType.getID());\r\n \r\n@@ -258,6 +258,20 @@ protected Response loginRequest(String relayState, AuthnRequestType requestAbstr\n             return forms.createLogin();\r\n         }\r\n \r\n+        private String getBindingType(AuthnRequestType requestAbstractType) {\r\n+            URI requestedProtocolBinding = requestAbstractType.getProtocolBinding();\r\n+\r\n+            if (requestedProtocolBinding != null) {\r\n+                if (JBossSAMLURIConstants.SAML_HTTP_POST_BINDING.get().equals(requestedProtocolBinding.toString())) {\r\n+                    return SamlProtocol.SAML_POST_BINDING;\r\n+                } else {\r\n+                    return SamlProtocol.SAML_GET_BINDING;\r\n+                }\r\n+            }\r\n+\r\n+            return getBindingType();\r\n+        }\r\n+\r\n         private boolean isSupportedNameIdFormat(String nameIdFormat) {\r\n             if (nameIdFormat.equals(JBossSAMLURIConstants.NAMEID_FORMAT_EMAIL.get()) ||\r\n                     nameIdFormat.equals(JBossSAMLURIConstants.NAMEID_FORMAT_TRANSIENT.get()) ||\r"], "edit": ["-            clientSession.setNote(SamlProtocol.SAML_BINDING, getBindingType());", "+            clientSession.setNote(SamlProtocol.SAML_BINDING, getBindingType(requestAbstractType));", "+        private String getBindingType(AuthnRequestType requestAbstractType) {", "+            URI requestedProtocolBinding = requestAbstractType.getProtocolBinding();", "+", "+            if (requestedProtocolBinding != null) {", "+                if (JBossSAMLURIConstants.SAML_HTTP_POST_BINDING.get().equals(requestedProtocolBinding.toString())) {", "+                    return SamlProtocol.SAML_POST_BINDING;", "+                } else {", "+                    return SamlProtocol.SAML_GET_BINDING;", "+                }", "+            }", "+", "+            return getBindingType();", "+        }", "+"], "url": ["https://api.github.com/repos/keycloak/keycloak/commits/7be2c9d15cdaaeb9ed505beb007d4559de1b3985"]}