{"new_feature": "974,8,40,112,29,0.32", "commitmessage": "no needs to specify team/country, just plain organization name\n\ngit-svn-id: https://svn.apache.org/repos/asf/commons/proper/fileupload/trunk@1454363 13f79535-47bb-0310-9956-ffa450edef68", "patch": ["@@ -89,7 +89,7 @@\n       <name>Simone Tripodi</name>\n       <id>simonetripodi</id>\n       <email>simonetripodi@apache.org</email>\n-      <organization>Adobe Research Switzerland</organization>\n+      <organization>Adobe</organization>\n     </developer>\n   </developers>\n "], "edit": ["-      <organization>Adobe Research Switzerland</organization>", "+      <organization>Adobe</organization>"], "url": ["https://api.github.com/repos/apache/commons-fileupload/commits/7e97334ae2eacaf27b6ca8fd1b44a03e2bdb8b35"]}