{"new_feature": "21402,4,205,3844,30,0.86", "commitmessage": "Small optimization: move \"getRegistry(null, null)\" call out of the loop.\n\ngit-svn-id: https://svn.apache.org/repos/asf/tomcat/trunk@1593387 13f79535-47bb-0310-9956-ffa450edef68", "patch": ["@@ -318,9 +318,12 @@ public void lifecycleEvent(LifecycleEvent event) {\n                 ContextAccessController.unsetSecurityToken(container, token);\n \n                 // unregister mbeans.\n-                Collection<ObjectName> names = objectNames.values();\n-                for (ObjectName objectName : names) {\n-                    Registry.getRegistry(null, null).unregisterComponent(objectName);\n+                if (!objectNames.isEmpty()) {\n+                    Collection<ObjectName> names = objectNames.values();\n+                    Registry registry = Registry.getRegistry(null, null);\n+                    for (ObjectName objectName : names) {\n+                        registry.unregisterComponent(objectName);\n+                    }\n                 }\n             } finally {\n                 objectNames.clear();"], "edit": ["-                Collection<ObjectName> names = objectNames.values();", "-                for (ObjectName objectName : names) {", "-                    Registry.getRegistry(null, null).unregisterComponent(objectName);", "+                if (!objectNames.isEmpty()) {", "+                    Collection<ObjectName> names = objectNames.values();", "+                    Registry registry = Registry.getRegistry(null, null);", "+                    for (ObjectName objectName : names) {", "+                        registry.unregisterComponent(objectName);", "+                    }"], "url": ["https://api.github.com/repos/apache/tomcat/commits/8000f8ed79bd804ebd8b208d8f840753153a4c37"]}