{"new_feature": "3410,3,80,1932,20,0.99", "commitmessage": "correction warning", "patch": ["@@ -128,11 +128,11 @@ public void testCounter() throws IOException {\n \t\thtmlReport.toHtml(\"message 2\");\r\n \t\tassertNotEmptyAndClear(writer);\r\n \r\n-\t\tsetProperty(Parameter.NO_DATABASE, \"true\");\r\n+\t\tsetProperty(Parameter.NO_DATABASE, Boolean.TRUE.toString());\r\n \t\tcollector.collectWithoutErrors(javaInformationsList);\r\n \t\thtmlReport.toHtml(\"message 2\");\r\n \t\tassertNotEmptyAndClear(writer);\r\n-\t\tsetProperty(Parameter.NO_DATABASE, \"false\");\r\n+\t\tsetProperty(Parameter.NO_DATABASE, Boolean.FALSE.toString());\r\n \t}\r\n \r\n \t/** Test.\r\n@@ -230,14 +230,14 @@ public void testAllWrite() throws Exception { // NOPMD\n \t\t\thtmlReport.writeDatabase(new DatabaseInformations(3)); // h2.settings avec nbColumns==2\r\n \t\t\tHtmlReport.writeAddAndRemoveApplicationLinks(null, writer);\r\n \t\t\tHtmlReport.writeAddAndRemoveApplicationLinks(\"test\", writer);\r\n-\t\t\tsetProperty(Parameter.SYSTEM_ACTIONS_ENABLED, \"true\");\r\n+\t\t\tsetProperty(Parameter.SYSTEM_ACTIONS_ENABLED, Boolean.TRUE.toString());\r\n \t\t\thtmlReport.toHtml(null); // writeSystemActionsLinks\r\n \t\t\tassertNotEmptyAndClear(writer);\r\n-\t\t\tsetProperty(Parameter.NO_DATABASE, \"true\");\r\n+\t\t\tsetProperty(Parameter.NO_DATABASE, Boolean.TRUE.toString());\r\n \t\t\thtmlReport.toHtml(null); // writeSystemActionsLinks\r\n \t\t\tassertNotEmptyAndClear(writer);\r\n-\t\t\tsetProperty(Parameter.SYSTEM_ACTIONS_ENABLED, \"false\");\r\n-\t\t\tsetProperty(Parameter.NO_DATABASE, \"false\");\r\n+\t\t\tsetProperty(Parameter.SYSTEM_ACTIONS_ENABLED, Boolean.FALSE.toString());\r\n+\t\t\tsetProperty(Parameter.NO_DATABASE, Boolean.FALSE.toString());\r\n \t\t} finally {\r\n \t\t\tconnection.close();\r\n \t\t}\r\n@@ -351,15 +351,15 @@ public void testJob() throws IOException, SchedulerException {\n \t\t\tscheduler.scheduleJob(job, trigger);\r\n \r\n \t\t\t// JavaInformations doit \u00eatre r\u00e9instanci\u00e9 pour r\u00e9cup\u00e9rer les jobs\r\n-\t\t\tsetProperty(Parameter.SYSTEM_ACTIONS_ENABLED, \"true\");\r\n+\t\t\tsetProperty(Parameter.SYSTEM_ACTIONS_ENABLED, Boolean.TRUE.toString());\r\n \t\t\tfinal List<JavaInformations> javaInformationsList3 = Collections\r\n \t\t\t\t\t.singletonList(new JavaInformations(null, true));\r\n \t\t\tfinal HtmlReport htmlReport3 = new HtmlReport(collector, null, javaInformationsList3,\r\n \t\t\t\t\tPeriod.TOUT, writer);\r\n \t\t\thtmlReport3.toHtml(null);\r\n \t\t\tassertNotEmptyAndClear(writer);\r\n \t\t} finally {\r\n-\t\t\tsetProperty(Parameter.SYSTEM_ACTIONS_ENABLED, \"false\");\r\n+\t\t\tsetProperty(Parameter.SYSTEM_ACTIONS_ENABLED, Boolean.FALSE.toString());\r\n \t\t\tscheduler.shutdown();\r\n \t\t\tJobGlobalListener.getJobCounter().clear();\r\n \t\t\tJobGlobalListener.destroyJobGlobalListener();\r"], "edit": ["-\t\tsetProperty(Parameter.NO_DATABASE, \"true\");", "+\t\tsetProperty(Parameter.NO_DATABASE, Boolean.TRUE.toString());", "-\t\tsetProperty(Parameter.NO_DATABASE, \"false\");", "+\t\tsetProperty(Parameter.NO_DATABASE, Boolean.FALSE.toString());", "-\t\t\tsetProperty(Parameter.SYSTEM_ACTIONS_ENABLED, \"true\");", "+\t\t\tsetProperty(Parameter.SYSTEM_ACTIONS_ENABLED, Boolean.TRUE.toString());", "-\t\t\tsetProperty(Parameter.NO_DATABASE, \"true\");", "+\t\t\tsetProperty(Parameter.NO_DATABASE, Boolean.TRUE.toString());", "-\t\t\tsetProperty(Parameter.SYSTEM_ACTIONS_ENABLED, \"false\");", "-\t\t\tsetProperty(Parameter.NO_DATABASE, \"false\");", "+\t\t\tsetProperty(Parameter.SYSTEM_ACTIONS_ENABLED, Boolean.FALSE.toString());", "+\t\t\tsetProperty(Parameter.NO_DATABASE, Boolean.FALSE.toString());", "-\t\t\tsetProperty(Parameter.SYSTEM_ACTIONS_ENABLED, \"true\");", "+\t\t\tsetProperty(Parameter.SYSTEM_ACTIONS_ENABLED, Boolean.TRUE.toString());", "-\t\t\tsetProperty(Parameter.SYSTEM_ACTIONS_ENABLED, \"false\");", "+\t\t\tsetProperty(Parameter.SYSTEM_ACTIONS_ENABLED, Boolean.FALSE.toString());"], "url": ["https://api.github.com/repos/javamelody/javamelody/commits/824db88b2a3972b612b2e54e0cab02d4d288e3f7"]}