{"new_feature": "431,4,0,103,18,0.56", "commitmessage": "Merge pull request #6 from mlw5415/master\n\nfix bug when capitalized name of bean's property", "patch": ["@@ -1759,6 +1759,21 @@ public static Object getStaticField(OgnlContext context, String className, Strin\n         throw new OgnlException(\"Could not get static field \" + fieldName + \" from class \" + className, reason);\n     }\n \n+    private static String capitalizeBeanPropertyName(String propertyName) {\n+        if (propertyName.length() == 1) {\n+            return propertyName.toUpperCase();\n+        }\n+        char first = propertyName.charAt(0);\n+        char second = propertyName.charAt(1);\n+        if (Character.isLowerCase(first) && Character.isUpperCase(second)) {\n+            return propertyName;\n+        } else {\n+            char[] chars = propertyName.toCharArray();\n+            chars[0] = Character.toUpperCase(chars[0]);\n+            return new String(chars);\n+        }\n+    }\n+\n     public static List getDeclaredMethods(Class targetClass, String propertyName, boolean findSets)\n     {\n         List result = null;\n@@ -1771,7 +1786,7 @@ public static List getDeclaredMethods(Class targetClass, String propertyName, bo\n \n                 if ((propertyCache == null) || ((result = (List) propertyCache.get(propertyName)) == null)) {\n \n-                    String baseName = Character.toUpperCase(propertyName.charAt(0)) + propertyName.substring(1);\n+                    String baseName = capitalizeBeanPropertyName(propertyName);\n \n                     for (Class c = targetClass; c != null; c = c.getSuperclass()) {\n                         Method[] methods = c.getDeclaredMethods();\n@@ -2857,4 +2872,4 @@ public static String getChildSource(OgnlContext context, Object target, Node chi\n \n         return source;\n     }\n-}\n\\ No newline at end of file\n+}"], "edit": ["+    private static String capitalizeBeanPropertyName(String propertyName) {", "+        if (propertyName.length() == 1) {", "+            return propertyName.toUpperCase();", "+        }", "+        char first = propertyName.charAt(0);", "+        char second = propertyName.charAt(1);", "+        if (Character.isLowerCase(first) && Character.isUpperCase(second)) {", "+            return propertyName;", "+        } else {", "+            char[] chars = propertyName.toCharArray();", "+            chars[0] = Character.toUpperCase(chars[0]);", "+            return new String(chars);", "+        }", "+    }", "+", "-                    String baseName = Character.toUpperCase(propertyName.charAt(0)) + propertyName.substring(1);", "+                    String baseName = capitalizeBeanPropertyName(propertyName);", "-}", "+}"], "url": ["https://api.github.com/repos/jkuhnert/ognl/commits/8255bd5a107568a818be33fb44b3994237278a8c"]}