{"new_feature": "17351,43,336,2646,30,0.00", "commitmessage": "proxy: case insensitive compare of Expect: 100-continue header (#1922)\n\nFrom the RFC:  \"Comparison of expectation values is case-insensitive for unquoted tokens (including the 100-continue token), and is case-sensitive for quoted-string expectation-extensions. \"\r\n\r\nSigned-off-by: Steven Schlansker <stevenschlansker@gmail.com>", "patch": ["@@ -445,7 +445,7 @@ protected boolean hasContent(HttpServletRequest clientRequest)\n \n     protected boolean expects100Continue(HttpServletRequest request)\n     {\n-        return HttpHeaderValue.CONTINUE.asString().equals(request.getHeader(HttpHeader.EXPECT.asString()));\n+        return HttpHeaderValue.CONTINUE.is(request.getHeader(HttpHeader.EXPECT.asString()));\n     }\n \n     protected void copyRequestHeaders(HttpServletRequest clientRequest, Request proxyRequest)"], "edit": ["-        return HttpHeaderValue.CONTINUE.asString().equals(request.getHeader(HttpHeader.EXPECT.asString()));", "+        return HttpHeaderValue.CONTINUE.is(request.getHeader(HttpHeader.EXPECT.asString()));"], "url": ["https://api.github.com/repos/eclipse/jetty.project/commits/82c49a0dd725a83d4912b2b56ca42aea44d59480"]}