{"new_feature": "5472,15,135,77,26,0.19", "commitmessage": "Generating a 5.5.0-SNAPSHOT", "patch": ["@@ -34,7 +34,7 @@ project.version = tapestryVersion()\n def tapestryVersion() {\n \n     def major = \"5.5.0\"\n-    def minor = \"-beta-1\"\n+    def minor = \"-SNAPSHOT\"\n \n     // When building on the CI server, make sure -SNAPSHOT is appended, as it is a nightly build.\n     // When building normally, or for a release, no suffix is desired.\n@@ -540,12 +540,12 @@ if (canDeploy) {\n         outputDir \"$buildDir/md5\"\n     }\n \n-//    task generateSHA256Checksums(type: GenSHA256) {\n-//        group \"Release artifact\"\n-//        description \"Creates SHA-256 checksums for archives of source and JavaDoc\"\n-//        source tasks.withType(Zip)\n-//        outputDir \"$buildDir/sha256\"\n-//    }\n+    task generateSHA256Checksums(type: GenSHA256) {\n+        group \"Release artifact\"\n+        description \"Creates SHA-256 checksums for archives of source and JavaDoc\"\n+        source tasks.withType(Zip)\n+        outputDir \"$buildDir/sha256\"\n+    }\n \n     if (doSign) {\n         signing {"], "edit": ["-    def minor = \"-beta-1\"", "+    def minor = \"-SNAPSHOT\"", "-//    task generateSHA256Checksums(type: GenSHA256) {", "-//        group \"Release artifact\"", "-//        description \"Creates SHA-256 checksums for archives of source and JavaDoc\"", "-//        source tasks.withType(Zip)", "-//        outputDir \"$buildDir/sha256\"", "-//    }", "+    task generateSHA256Checksums(type: GenSHA256) {", "+        group \"Release artifact\"", "+        description \"Creates SHA-256 checksums for archives of source and JavaDoc\"", "+        source tasks.withType(Zip)", "+        outputDir \"$buildDir/sha256\"", "+    }"], "url": ["https://api.github.com/repos/apache/tapestry-5/commits/857511ca8f7d4a3b68786ab29be15d7b7149d432"]}