{"new_feature": "20644,98,275,493,30,0.63", "commitmessage": "WICKET-5380 Wicket rebinds the SessionEntry session attribute and this causes problems in Glassfish\n\nBind SessionEntry as an attribute in the http session only when freshly created.\nDo not set it on every request because this causes notifications in Glassfish which are too early for the logic this HttpSessionBindingListener is used for.", "patch": ["@@ -365,18 +365,13 @@ protected IManageablePage getPage(int id)\n \t\t */\n \t\tprivate SessionEntry getSessionEntry(boolean create)\n \t\t{\n-\t\t\tSessionEntry entry = (SessionEntry)getSessionAttribute(getAttributeName());\n+\t\t\tString attributeName = getAttributeName();\n+\t\t\tSessionEntry entry = (SessionEntry)getSessionAttribute(attributeName);\n \t\t\tif (entry == null && create)\n \t\t\t{\n \t\t\t\tbind();\n \t\t\t\tentry = new SessionEntry(applicationName, getSessionId());\n-\t\t\t}\n-\t\t\tif (entry != null)\n-\t\t\t{\n-\t\t\t\tsynchronized (entry)\n-\t\t\t\t{\n-\t\t\t\t\tsetSessionAttribute(getAttributeName(), entry);\n-\t\t\t\t}\n+\t\t\t\tsetSessionAttribute(attributeName, entry);\n \t\t\t}\n \t\t\treturn entry;\n \t\t}"], "edit": ["-\t\t\tSessionEntry entry = (SessionEntry)getSessionAttribute(getAttributeName());", "+\t\t\tString attributeName = getAttributeName();", "+\t\t\tSessionEntry entry = (SessionEntry)getSessionAttribute(attributeName);", "-\t\t\t}", "-\t\t\tif (entry != null)", "-\t\t\t{", "-\t\t\t\tsynchronized (entry)", "-\t\t\t\t{", "-\t\t\t\t\tsetSessionAttribute(getAttributeName(), entry);", "-\t\t\t\t}", "+\t\t\t\tsetSessionAttribute(attributeName, entry);"], "url": ["https://api.github.com/repos/apache/wicket/commits/8593ce85a8bfe80eead55ed1fa46c112ebb5d128"]}