{"new_feature": "1758,9,44,33855,30,0.63", "commitmessage": "Only make one copy of the method annotations array.", "patch": ["@@ -59,8 +59,11 @@\n \n   static RequestFactory parse(Method method, Type responseType, Retrofit retrofit) {\n     RequestFactoryParser parser = new RequestFactoryParser(method);\n-    parser.parseMethodAnnotations(responseType);\n-    parser.parseParameters(retrofit);\n+\n+    Annotation[] methodAnnotations = method.getAnnotations();\n+    parser.parseMethodAnnotations(responseType, methodAnnotations);\n+    parser.parseParameters(retrofit, methodAnnotations);\n+\n     return parser.toRequestFactory(retrofit.baseUrl());\n   }\n \n@@ -95,8 +98,8 @@ private RuntimeException parameterError(int index, String message, Object... arg\n     return methodError(method, message + \" (parameter #\" + (index + 1) + \")\", args);\n   }\n \n-  private void parseMethodAnnotations(Type responseType) {\n-    for (Annotation annotation : method.getAnnotations()) {\n+  private void parseMethodAnnotations(Type responseType, Annotation[] methodAnnotations) {\n+    for (Annotation annotation : methodAnnotations) {\n       if (annotation instanceof DELETE) {\n         parseHttpMethodAndPath(\"DELETE\", ((DELETE) annotation).value(), false);\n       } else if (annotation instanceof GET) {\n@@ -199,8 +202,7 @@ private void parseHttpMethodAndPath(String httpMethod, String value, boolean has\n     return builder.build();\n   }\n \n-  private void parseParameters(Retrofit retrofit) {\n-    Annotation[] methodAnnotations = method.getAnnotations();\n+  private void parseParameters(Retrofit retrofit, Annotation[] methodAnnotations) {\n     Type[] parameterTypes = method.getGenericParameterTypes();\n     Annotation[][] parameterAnnotationsArray = method.getParameterAnnotations();\n "], "edit": ["-    parser.parseMethodAnnotations(responseType);", "-    parser.parseParameters(retrofit);", "+", "+    Annotation[] methodAnnotations = method.getAnnotations();", "+    parser.parseMethodAnnotations(responseType, methodAnnotations);", "+    parser.parseParameters(retrofit, methodAnnotations);", "+", "-  private void parseMethodAnnotations(Type responseType) {", "-    for (Annotation annotation : method.getAnnotations()) {", "+  private void parseMethodAnnotations(Type responseType, Annotation[] methodAnnotations) {", "+    for (Annotation annotation : methodAnnotations) {", "-  private void parseParameters(Retrofit retrofit) {", "-    Annotation[] methodAnnotations = method.getAnnotations();", "+  private void parseParameters(Retrofit retrofit, Annotation[] methodAnnotations) {"], "url": ["https://api.github.com/repos/square/retrofit/commits/85c19da7897f71670d14a4d9d025aaaffa472a67"]}