{"new_feature": "4652,10,240,2516,30,0.85", "commitmessage": "UNDERTOW-438 Fix issue with response conduit", "patch": ["@@ -240,7 +240,7 @@ private int processWrite(int state, final Object userData, int pos, int length)\n                 }\n                 data[0] = buffer;\n                 System.arraycopy(userData, pos, data, 1, length);\n-                res = next.write(data, 0, data.length);\n+                res = next.write(data, 0, length + 1);\n             }\n             if (res == 0) {\n                 return STATE_BUF_FLUSH;"], "edit": ["-                res = next.write(data, 0, data.length);", "+                res = next.write(data, 0, length + 1);"], "url": ["https://api.github.com/repos/undertow-io/undertow/commits/86b0ff8c9cd5b3e060ce87b84d7bb8b19068bf63"]}