{"new_feature": "17351,43,336,2646,30,0.22", "commitmessage": "Merge branch 'master' of github.com:eclipse/jetty.project", "patch": ["@@ -708,7 +708,7 @@ public URI getURI()\n     @Override\n     public String toString()\n     {\n-        return this.getClass().getName()+\"@\"+Integer.toHexString(hashCode());\n+        return String.format(\"%s[%s]\", super.toString(), getVersion());\n     }\n \n     /* ------------------------------------------------------------ */"], "edit": ["-        return this.getClass().getName()+\"@\"+Integer.toHexString(hashCode());", "+        return String.format(\"%s[%s]\", super.toString(), getVersion());"], "url": ["https://api.github.com/repos/eclipse/jetty.project/commits/87bdf8bd76578076838b20028f26fcc31d5d2723"]}