{"new_feature": "4,14,1552,219,2,0.00", "commitmessage": "set path to parent pom\n\ngit-svn-id: https://svn.apache.org/repos/asf/sling/trunk@1674700 13f79535-47bb-0310-9956-ffa450edef68", "patch": ["@@ -25,7 +25,7 @@\n         <groupId>org.apache.sling</groupId>\n         <artifactId>sling</artifactId>\n         <version>23-SNAPSHOT</version>\n-        <relativePath/>\n+        <relativePath>../../../../parent/pom.xml</relativePath>\n     </parent>\n \n     <artifactId>org.apache.sling.validation.examples</artifactId>"], "edit": ["-        <relativePath/>", "+        <relativePath>../../../../parent/pom.xml</relativePath>"], "url": ["https://api.github.com/repos/apache/sling/commits/8863727f05fdb86da44001feb5347d0d77521167"]}