{"new_feature": "300,6,0,19,30,0.14", "commitmessage": "Merge pull request #45 from johnjohndoe/patch-1\n\nFix minor typo.", "patch": ["@@ -8,10 +8,10 @@\n         l\u00f6st eine neue E-Mail aus, um \u00fcber eine \u00fcberstandene Krise zu informieren.\n     <li>Ein instabiler Build nach einem erfolgreichen l\u00f6st eine neue E-Mail aus,\n         um \u00fcber einen Regressionsfehler zu informieren.\n-    <li>Sofern nicht anders konfiguriert, lost jeder instabile Build eine neue\n+    <li>Sofern nicht anders konfiguriert, l\u00f6st jeder instabile Build eine neue\n         E-Mail aus, um \u00fcber weiter anhaltende Regressionsfehler zu informieren.\n   </ol>\n \n   F\u00fcr nachl\u00e4ssige Projekte, in denen instabile Projekte der Regelfall sind, w\u00e4hlen Sie\n   \"E-Mail f\u00fcr jeden instabilen Build senden\" ab.\n-</div>\n\\ No newline at end of file\n+</div>"], "edit": ["-    <li>Sofern nicht anders konfiguriert, lost jeder instabile Build eine neue", "+    <li>Sofern nicht anders konfiguriert, l\u00f6st jeder instabile Build eine neue", "-</div>", "+</div>"], "url": ["https://api.github.com/repos/jenkinsci/mailer-plugin/commits/88a9cf0cec1f7eaf96b992d252ce6a8976c6109a"]}