{"new_feature": "24427,42,35,668,20,0.06", "commitmessage": "Small change so that shipped quantities don't show up as remaining quantities in the order view\n\ngit-svn-id: https://svn.apache.org/repos/asf/ofbiz/trunk@667894 13f79535-47bb-0310-9956-ffa450edef68", "patch": ["@@ -158,8 +158,8 @@ under the License.\n                   <td align=\"right\" valign=\"top\" nowrap=\"nowrap\">\n                     <table>\n                       <tr valign=\"top\">\n-                        <#assign remainingQuantity = (orderItem.quantity?default(0) - orderItem.cancelQuantity?default(0))>\n                         <#assign shippedQuantity = orderReadHelper.getItemShippedQuantity(orderItem)>\n+                        <#assign remainingQuantity = (orderItem.quantity?default(0) - orderItem.cancelQuantity?default(0) - shippedQuantity)>\n                         <#-- to compute shortfall amount, sum up the orderItemShipGrpInvRes.quantityNotAvailable -->\n                         <#assign shortfalledQuantity = 0/>\n                         <#list orderItemShipGrpInvResList as orderItemShipGrpInvRes>"], "edit": ["-                        <#assign remainingQuantity = (orderItem.quantity?default(0) - orderItem.cancelQuantity?default(0))>", "+                        <#assign remainingQuantity = (orderItem.quantity?default(0) - orderItem.cancelQuantity?default(0) - shippedQuantity)>"], "url": ["https://api.github.com/repos/apache/ofbiz/commits/88b5892284cae60c88483664f4267e5064eabcf2"]}