{"new_feature": "8269,22,29,196,6,0.38", "commitmessage": "DERBY-3460: SQL roles: patch to mask off roles on 10.4 release branch\nPatch contributed by Dag H. Wanvik\nPatch file: DERBY-3460a.diff\n\n\ngit-svn-id: https://svn.apache.org/repos/asf/db/derby/code/branches/10.4@641306 13f79535-47bb-0310-9956-ffa450edef68", "patch": ["@@ -7497,6 +7497,8 @@ currentRoleNode() throws StandardException :\n {\n \t<CURRENT_ROLE>\n \t{\n+\t\tthrow StandardException.newException\n+            (SQLState.NOT_IMPLEMENTED, \"ROLES\");\n \t\tcheckVersion( DataDictionary.DD_VERSION_DERBY_10_4, \"ROLES\");\n \t\tcheckSqlStandardAccess(\"CURRENT_ROLE\");\n \t\treturn (ValueNode) nodeFactory.getNode(\n@@ -9728,6 +9730,8 @@ roleDefinition() throws StandardException :\n \t */\n \t<ROLE> roleName = identifier(Limits.MAX_IDENTIFIER_LENGTH, true)\n \t{\n+\t\tthrow StandardException.newException\n+            (SQLState.NOT_IMPLEMENTED, \"ROLES\");\n \t\tcheckVersion( DataDictionary.DD_VERSION_DERBY_10_4, \"ROLES\");\n \t\tcheckSqlStandardAccess(\"CREATE ROLE\");\n \n@@ -11527,6 +11531,11 @@ StatementNode\n setRoleSpecification() throws StandardException :\n {\n \tString roleName = null;\n+\tboolean quiesceCompilerUnreachableStatement = true;\n+\tif (quiesceCompilerUnreachableStatement) {\n+\t\tthrow StandardException.newException\n+\t\t\t(SQLState.NOT_IMPLEMENTED, \"ROLES\");\n+\t}\n         checkVersion( DataDictionary.DD_VERSION_DERBY_10_4, \"ROLES\");\n         checkSqlStandardAccess(\"SET ROLE\");\n }\n@@ -12185,6 +12194,8 @@ dropRoleStatement() throws StandardException :\n \t */\n \t<ROLE> roleName = identifier(Limits.MAX_IDENTIFIER_LENGTH, true)\n \t{\n+\t\tthrow StandardException.newException\n+            (SQLState.NOT_IMPLEMENTED, \"ROLES\");\n \t\tcheckVersion( DataDictionary.DD_VERSION_DERBY_10_4, \"ROLES\");\n \t\tcheckSqlStandardAccess(\"DROP ROLE\");\n \n@@ -13099,6 +13110,8 @@ revokeStatement() throws StandardException :\n \t\t\t\t !isPrivilegeKeywordExceptTrigger(getToken(2).kind)) } )\n \t<REVOKE>\n \t{\n+\t\tthrow StandardException.newException\n+            (SQLState.NOT_IMPLEMENTED, \"ROLES\");\n \t\tcheckVersion( DataDictionary.DD_VERSION_DERBY_10_4, \"ROLES\");\n \t\tcheckSqlStandardAccess(\"REVOKE <role>\");\n \t}", "@@ -69,7 +69,6 @@ public static Test suite() {\n \t\tsuite.addTest(LangScripts.suite());\n         suite.addTest(MathTrigFunctionsTest.suite());\n         suite.addTest(PrepareExecuteDDL.suite());\n-        suite.addTest(RolesTest.suite());\n         suite.addTest(RoutineSecurityTest.suite());\n         suite.addTest(RoutineTest.suite());\n         suite.addTest(SQLAuthorizationPropTest.suite());", "@@ -232,7 +232,7 @@ public void testRoutineParameters() throws SQLException\n      * @throws SQLException\n      *\n      */\n-    public void testSQLRolesBasic() throws SQLException\n+    public void disabledTill10_5_testSQLRolesBasic() throws SQLException\n     {\n         // The standard upgrade database doesn't have sqlAuthorization\n         // set, so we can only check if the system tables for roles is\n@@ -271,7 +271,7 @@ public void testSQLRolesBasic() throws SQLException\n      * @throws SQLException\n      *\n      */\n-    public void testSQLRoles() throws SQLException\n+    public void disabledTill10_5_testSQLRoles() throws SQLException\n     {\n         // Do rudimentary sanity checking: that we can create and drop roles\n         // when we are database owner. If so, we can presume SYS.SYSROLES"], "edit": ["+\t\tthrow StandardException.newException", "+            (SQLState.NOT_IMPLEMENTED, \"ROLES\");", "+\t\tthrow StandardException.newException", "+            (SQLState.NOT_IMPLEMENTED, \"ROLES\");", "+\tboolean quiesceCompilerUnreachableStatement = true;", "+\tif (quiesceCompilerUnreachableStatement) {", "+\t\tthrow StandardException.newException", "+\t\t\t(SQLState.NOT_IMPLEMENTED, \"ROLES\");", "+\t}", "+\t\tthrow StandardException.newException", "+            (SQLState.NOT_IMPLEMENTED, \"ROLES\");", "+\t\tthrow StandardException.newException", "+            (SQLState.NOT_IMPLEMENTED, \"ROLES\");", "-        suite.addTest(RolesTest.suite());", "-    public void testSQLRolesBasic() throws SQLException", "+    public void disabledTill10_5_testSQLRolesBasic() throws SQLException", "-    public void testSQLRoles() throws SQLException", "+    public void disabledTill10_5_testSQLRoles() throws SQLException"], "url": ["https://api.github.com/repos/apache/derby/commits/8905efea5896a416469c42a9c1b0485c80b7b467"]}