{"new_feature": "10276,15,64,1575,30,0.22", "commitmessage": "- Added activemq-optional.jar to the assembly module dependency.\n- Corrected broker name in config files.\n\ngit-svn-id: https://svn.apache.org/repos/asf/incubator/activemq/trunk@386480 13f79535-47bb-0310-9956-ffa450edef68", "patch": ["@@ -38,17 +38,15 @@\n         </properties>\n       </dependency>\n \n-      <!--\n       <dependency>\n-        <groupId>activemq</groupId>\n+        <groupId>${pom.groupId}</groupId>\n         <artifactId>activemq-optional</artifactId>\n         <version>${pom.currentVersion}</version>\n         <properties>\n           <activemq.module>true</activemq.module>\n           <optional>true</optional>\n         </properties>\n       </dependency>\n-      -->\n \n       <dependency>\n         <groupId>activeio</groupId>", "@@ -17,7 +17,7 @@\n <beans xmlns=\"http://activemq.org/config/1.0\">\n \n \n-  <broker name=\"receiver\" persistent=\"false\" useJmx=\"false\">\n+  <broker brokerName=\"receiver\" persistent=\"false\" useJmx=\"false\">\n     <transportConnectors>\n       <transportConnector uri=\"tcp://localhost:0\" discoveryUri=\"multicast://default\"/>\n     </transportConnectors>", "@@ -16,7 +16,7 @@\n -->\n <beans xmlns=\"http://activemq.org/config/1.0\">\n \n-  <broker name=\"receiver\" persistent=\"false\">\n+  <broker brokerName=\"receiver\" persistent=\"false\">\n     <transportConnectors>\n       <transportConnector uri=\"http://localhost:62302\"/>\n     </transportConnectors>", "@@ -16,7 +16,7 @@\n -->\n <beans xmlns=\"http://activemq.org/config/1.0\">\n \n-  <broker name=\"sender\" persistent=\"false\" useJmx=\"false\">\n+  <broker brokerName=\"sender\" persistent=\"false\" useJmx=\"false\">\n     <transportConnectors>\n       <transportConnector uri=\"tcp://localhost:0\" discoveryUri=\"multicast://default\"/>\n     </transportConnectors>", "@@ -16,7 +16,7 @@\n -->\n <beans xmlns=\"http://activemq.org/config/1.0\">\n \n-  <broker name=\"sender\" persistent=\"false\">\n+  <broker brokerName=\"sender\" persistent=\"false\">\n     <transportConnectors>\n       <transportConnector uri=\"http://localhost:62301\"/>\n     </transportConnectors>"], "edit": ["-      <!--", "-        <groupId>activemq</groupId>", "+        <groupId>${pom.groupId}</groupId>", "-      -->", "-  <broker name=\"receiver\" persistent=\"false\" useJmx=\"false\">", "+  <broker brokerName=\"receiver\" persistent=\"false\" useJmx=\"false\">", "-->", "-  <broker name=\"receiver\" persistent=\"false\">", "+  <broker brokerName=\"receiver\" persistent=\"false\">", "-->", "-  <broker name=\"sender\" persistent=\"false\" useJmx=\"false\">", "+  <broker brokerName=\"sender\" persistent=\"false\" useJmx=\"false\">", "-->", "-  <broker name=\"sender\" persistent=\"false\">", "+  <broker brokerName=\"sender\" persistent=\"false\">"], "url": ["https://api.github.com/repos/apache/activemq/commits/89ac08c57fa310fc207b3f83a414df26df918a6e"]}