{"new_feature": "19765,14,163,32708,30,0.33", "commitmessage": "Made processCommonDefinitionAnnotations(AnnotatedBeanDefinition) public\n\nIssue: SPR-11032", "patch": ["@@ -260,7 +260,7 @@ else if (registry instanceof GenericApplicationContext) {\n \t\t}\n \t}\n \n-\tstatic void processCommonDefinitionAnnotations(AnnotatedBeanDefinition abd) {\n+\tpublic static void processCommonDefinitionAnnotations(AnnotatedBeanDefinition abd) {\n \t\tprocessCommonDefinitionAnnotations(abd, abd.getMetadata());\n \t}\n "], "edit": ["-\tstatic void processCommonDefinitionAnnotations(AnnotatedBeanDefinition abd) {", "+\tpublic static void processCommonDefinitionAnnotations(AnnotatedBeanDefinition abd) {"], "url": ["https://api.github.com/repos/spring-projects/spring-framework/commits/8bd480441e25ad7cda5b424a7382746017c18543"]}