{"new_feature": "21402,4,205,3844,30,0.86", "commitmessage": "Experimental. Remove sync. I can't see why it is needed and I suspect the CI tests are failing due to a deadlock caused by the SocketProcessor switching to a sync on the socket wrapper.\n\ngit-svn-id: https://svn.apache.org/repos/asf/tomcat/trunk@1746492 13f79535-47bb-0310-9956-ffa450edef68", "patch": ["@@ -1269,7 +1269,7 @@ private int fillReadBuffer(boolean block) throws IOException {\n \n \n         @Override\n-        protected synchronized void doWrite(boolean block) throws IOException {\n+        protected void doWrite(boolean block) throws IOException {\n             socketBufferHandler.configureWriteBufferForRead();\n \n             long writeTimeout = getWriteTimeout();"], "edit": ["-        protected synchronized void doWrite(boolean block) throws IOException {", "+        protected void doWrite(boolean block) throws IOException {"], "url": ["https://api.github.com/repos/apache/tomcat/commits/8c3614bb6d5cf2163e479f96319f1df54c623291"]}