{"new_feature": "39907,34,149,2892,30,0.43", "commitmessage": "CAMEL-2150: Fixed feedUrl parameters not beeing part of endpoint key because of lenient properties. Causing reusing wrong endpoints.\n\ngit-svn-id: https://svn.apache.org/repos/asf/camel/trunk@835779 13f79535-47bb-0310-9956-ffa450edef68", "patch": ["@@ -113,6 +113,12 @@ protected String createEndpointUri() {\n         return \"atom:\" + feedUri;\n     }\n \n+    @Override\n+    public String getEndpointKey() {\n+        // use the full endpoint uri because the lenient properties matters as they should be unique based on the feed uri\n+        return getEndpointUri();\n+    }\n+\n     // Properties\n     //-------------------------------------------------------------------------\n "], "edit": ["+    @Override", "+    public String getEndpointKey() {", "+        // use the full endpoint uri because the lenient properties matters as they should be unique based on the feed uri", "+        return getEndpointUri();", "+    }", "+"], "url": ["https://api.github.com/repos/apache/camel/commits/8c679da8c769f6d4e90f8a9af51b41d2a1a31789"]}