{"new_feature": "15206,20,149,587,30,0.10", "commitmessage": "[CXF-7614] Resolving Object subresources when enableStaticResolution is set", "patch": ["@@ -140,7 +140,7 @@ public ClassResourceInfo getSubResource(Class<?> typedClass, Class<?> instanceCl\n     }\n \n     public ClassResourceInfo getSubResource(Class<?> typedClass, Class<?> instanceClass, Object instance) {\n-        instanceClass = enableStatic ? typedClass : instanceClass;\n+        instanceClass = enableStatic && typedClass != Object.class ? typedClass : instanceClass;\n         return getSubResource(typedClass, instanceClass, instance, enableStatic, JAXRSUtils.getCurrentMessage());\n     }\n "], "edit": ["-        instanceClass = enableStatic ? typedClass : instanceClass;", "+        instanceClass = enableStatic && typedClass != Object.class ? typedClass : instanceClass;"], "url": ["https://api.github.com/repos/apache/cxf/commits/8c85660cd1d6f479722bbc0c5dab0ebce9a9c554"]}