{"new_feature": "19765,14,163,32708,30,0.33", "commitmessage": "Added hint towards not using orm.hibernate3 classes with Hibernate 4\n\nIssue: SPR-9365", "patch": ["@@ -1,4 +1,3 @@\n-\n /**\n  *\n  * Package providing integration of\n@@ -7,10 +6,13 @@\n  *\n  * <p>Contains an implementation of Spring's transaction SPI for local Hibernate transactions.\n  * This package is intentionally rather minimal, with no template classes or the like,\n- * in order to follow native Hibernate recommendations as closely as possible.\n+ * in order to follow Hibernate recommendations as closely as possible. We recommend\n+ * using Hibernate's native <code>sessionFactory.getCurrentSession()</code> style.\n  *\n  * <p><b>This package supports Hibernate 4.x only.</b>\n- * See the <code>org.springframework.orm.hibernate3</code> package for Hibernate 3.x support.\n+ * See the {@code org.springframework.orm.hibernate3} package for Hibernate 3.x support.\n+ * <b>Note:</b> Do not use HibernateTemplate or other classes from the hibernate3 package\n+ * with Hibernate 4; this will lead to class definition exceptions at runtime.\n  *\n  */\n package org.springframework.orm.hibernate4;"], "edit": ["-", "- * in order to follow native Hibernate recommendations as closely as possible.", "+ * in order to follow Hibernate recommendations as closely as possible. We recommend", "+ * using Hibernate's native <code>sessionFactory.getCurrentSession()</code> style.", "- * See the <code>org.springframework.orm.hibernate3</code> package for Hibernate 3.x support.", "+ * See the {@code org.springframework.orm.hibernate3} package for Hibernate 3.x support.", "+ * <b>Note:</b> Do not use HibernateTemplate or other classes from the hibernate3 package", "+ * with Hibernate 4; this will lead to class definition exceptions at runtime."], "url": ["https://api.github.com/repos/spring-projects/spring-framework/commits/8cf61c595e05e9c24f0ad340f835ded570d9c7eb"]}