{"new_feature": "4652,10,240,2516,30,0.85", "commitmessage": "UNDERTOW-1318 getUnsafe uses AccessController.doPrivileged\n\nPreviously it invoked PrivilegedAction.run directly.", "patch": ["@@ -3,6 +3,7 @@\n import java.lang.reflect.Field;\n import java.lang.reflect.Method;\n import java.nio.ByteBuffer;\n+import java.security.AccessController;\n import java.security.PrivilegedAction;\n \n import io.undertow.UndertowLogger;\n@@ -87,11 +88,11 @@ public static void free(ByteBuffer buffer) {\n \n     private static Unsafe getUnsafe() {\n         if (System.getSecurityManager() != null) {\n-            return new PrivilegedAction<Unsafe>() {\n+            return AccessController.doPrivileged(new PrivilegedAction<Unsafe>() {\n                 public Unsafe run() {\n                     return getUnsafe0();\n                 }\n-            }.run();\n+            });\n         }\n         return getUnsafe0();\n     }", "@@ -1647,11 +1647,11 @@ private boolean casTail(Node<E> cmp, Node<E> val) {\n \n     private static Unsafe getUnsafe() {\n         if (System.getSecurityManager() != null) {\n-            return new PrivilegedAction<Unsafe>() {\n+            AccessController.doPrivileged(new PrivilegedAction<Unsafe>() {\n                 public Unsafe run() {\n                     return getUnsafe0();\n                 }\n-            }.run();\n+            });\n         }\n         return getUnsafe0();\n     }"], "edit": ["+import java.security.AccessController;", "-            return new PrivilegedAction<Unsafe>() {", "+            return AccessController.doPrivileged(new PrivilegedAction<Unsafe>() {", "-            }.run();", "+            });", "-            return new PrivilegedAction<Unsafe>() {", "+            AccessController.doPrivileged(new PrivilegedAction<Unsafe>() {", "-            }.run();", "+            });"], "url": ["https://api.github.com/repos/undertow-io/undertow/commits/8d42afb8ff7e5f8522dfd2e8e20b028c2c7ad408"]}