{"new_feature": "5684,5,115,970,30,0.64", "commitmessage": "WW-1460 - Adding activation interceptor, and added profiling hook in dispatcher\n- added snippet to javadoc just like other interceptors\n\n\n\n\ngit-svn-id: https://svn.apache.org/repos/asf/struts/struts2/trunk@469354 13f79535-47bb-0310-9956-ffa450edef68", "patch": ["@@ -24,8 +24,44 @@\n import com.opensymphony.xwork2.util.profiling.UtilTimerStack;\n \n /**\n+ * <!-- START SNIPPET: description -->\n+ * \n  * Allows profiling to be enabled or disabled via request parameters, when\n  * devMode is enabled.\n+ * \n+ * <!-- END SNIPPET: description -->\n+ * \n+ * \n+ * <!-- START SNIPPET: parameters -->\n+ * \n+ * <ul>\n+ *  <li>profilingKey</li>\n+ * </ul>\n+ * \n+ * <!-- END SNIPPET: parameters -->\n+ * \n+ * <!-- START SNIPPET: extending -->\n+ * \n+ * none\n+ * \n+ * <!-- END SNIPPET: extending -->\n+ * \n+ * <pre>\n+ * <!-- START SNIPPET: example -->\n+ * \n+ * // to change the profiling key\n+ * <action ...>\n+ *   ...\n+ *   <interceptor-ref name=\"profiling\">\n+ *      <param name=\"profilingKey\">profilingKey</param>\n+ *   </interceptor-ref>\n+ *   ...\n+ * </action>\n+ * \n+ * <!-- END SNIPPET: example -->\n+ * </pre>\n+ * \n+ * @version $Date$ $Id$\n  */\n public class ProfilingActivationInterceptor extends AbstractInterceptor {\n "], "edit": ["+ * <!-- START SNIPPET: description -->", "+ *", "+ *", "+ * <!-- END SNIPPET: description -->", "+ *", "+ *", "+ * <!-- START SNIPPET: parameters -->", "+ *", "+ * <ul>", "+ *  <li>profilingKey</li>", "+ * </ul>", "+ *", "+ * <!-- END SNIPPET: parameters -->", "+ *", "+ * <!-- START SNIPPET: extending -->", "+ *", "+ * none", "+ *", "+ * <!-- END SNIPPET: extending -->", "+ *", "+ * <pre>", "+ * <!-- START SNIPPET: example -->", "+ *", "+ * // to change the profiling key", "+ * <action ...>", "+ *   ...", "+ *   <interceptor-ref name=\"profiling\">", "+ *      <param name=\"profilingKey\">profilingKey</param>", "+ *   </interceptor-ref>", "+ *   ...", "+ * </action>", "+ *", "+ * <!-- END SNIPPET: example -->", "+ * </pre>", "+ *", "+ * @version $Date$ $Id$"], "url": ["https://api.github.com/repos/apache/struts/commits/8d5dbc5b1940fccddc5608006c9ab4ea766e64dc"]}