{"new_feature": "28824,27,0,14015,30,0.36", "commitmessage": "fix eclipse compilation\n\ngit-svn-id: https://hudson.dev.java.net/svn/hudson/trunk/hudson/main@31074 71c3de6d-444a-0410-be80-ed276b4c234a", "patch": ["@@ -765,7 +765,6 @@ public FormValidation doCheckFileRelative(@QueryParameter String value) throws I\n         return FormValidation.ok();\n     }\n \n-    @Override\n     public DescriptorImpl getDescriptor() {\n         return DESCRIPTOR;\n     }", "@@ -56,7 +56,6 @@ public boolean perform(AbstractBuild<?, ?> build,\n         return true;\n     }\n \n-    @Override\n     public BuildStepMonitor getRequiredMonitorService() {\n         return BuildStepMonitor.NONE;\n     }"], "edit": ["-    @Override", "-    @Override"], "url": ["https://api.github.com/repos/jenkinsci/jenkins/commits/8d82be44592b7d2a82cc333b890313f6f90a08b4"]}