{"new_feature": "6611,13,0,57,5,0.82", "commitmessage": "send notification only if mail account is configured.\n\ngit-svn-id: https://svn.micromata.de/svn/projectforge/webapp/trunk@10680 be79319d-3443-0410-9b0a-b0c1b946f33b", "patch": ["@@ -44,6 +44,7 @@\n import org.projectforge.common.NumberHelper;\n import org.projectforge.core.BaseDao;\n import org.projectforge.core.BaseSearchFilter;\n+import org.projectforge.core.ConfigXml;\n import org.projectforge.core.CurrencyFormatter;\n import org.projectforge.core.DisplayHistoryEntry;\n import org.projectforge.core.MessageParam;\n@@ -468,6 +469,9 @@ protected void prepareHibernateSearch(final AuftragDO obj, final OperationType o\n    */\n   public boolean sendNotificationIfRequired(AuftragDO auftrag, OperationType operationType, String requestUrl)\n   {\n+    if (ConfigXml.getInstance().isSendMailConfigured() == false) {\n+      return false;\n+    }\n     final PFUserDO contactPerson = auftrag.getContactPerson();\n     if (contactPerson == null) {\n       return false;"], "edit": ["+import org.projectforge.core.ConfigXml;", "+    if (ConfigXml.getInstance().isSendMailConfigured() == false) {", "+      return false;", "+    }"], "url": ["https://api.github.com/repos/micromata/projectforge-webapp/commits/8dde1b3cf83e1e88979f326a9147a36549e298fd"]}