{"new_feature": "21402,4,205,3844,30,0.86", "commitmessage": "Fix some Javadoc\n\ngit-svn-id: https://svn.apache.org/repos/asf/tomcat/trunk@1522504 13f79535-47bb-0310-9956-ffa450edef68", "patch": ["@@ -921,9 +921,9 @@ public static String toJavaSourceTypeFromTld(String type) {\n     }\n \n     /**\n-     * Class.getName() return arrays in the form \"[[[<et>\", where et, the\n-     * element type can be one of ZBCDFIJS or L<classname>; It is converted\n-     * into forms that can be understood by javac.\n+     * Class.getName() return arrays in the form \"[[[&lt;et&gt;\", where et, the\n+     * element type can be one of ZBCDFIJS or L&lt;classname&gt;;. It is\n+     * converted into forms that can be understood by javac.\n      */\n     public static String toJavaSourceType(String type) {\n "], "edit": ["-     * Class.getName() return arrays in the form \"[[[<et>\", where et, the", "-     * element type can be one of ZBCDFIJS or L<classname>; It is converted", "-     * into forms that can be understood by javac.", "+     * Class.getName() return arrays in the form \"[[[&lt;et&gt;\", where et, the", "+     * element type can be one of ZBCDFIJS or L&lt;classname&gt;;. It is", "+     * converted into forms that can be understood by javac."], "url": ["https://api.github.com/repos/apache/tomcat/commits/8deab25d818f00975f9cb82490f8cc87a5d128de"]}