{"new_feature": "745,11,32,25,30,0.03", "commitmessage": "Bump version for the upcoming changes", "patch": ["@@ -10,7 +10,7 @@\n   </parent>\n \n   <artifactId>plexus-archiver</artifactId>\n-  <version>3.2.1-SNAPSHOT</version>\n+  <version>3.3-SNAPSHOT</version>\n   <name>Plexus Archiver Component</name>\n \n   <scm>"], "edit": ["-  <version>3.2.1-SNAPSHOT</version>", "+  <version>3.3-SNAPSHOT</version>"], "url": ["https://api.github.com/repos/codehaus-plexus/plexus-archiver/commits/8dfa12d6100b93667912c92f10bef9e256fa71cb"]}