{"new_feature": "2578,22,47,239,13,0.17", "commitmessage": "Created the 1.0.2 baseline and updated property files to version 1.1-SNAPSHOT", "patch": ["@@ -1,7 +1,7 @@\n # Configurable property values that may be locally overriden by a build.properties file\n \n # The version number of the release that will be built\n-release.version=1.0.2-SNAPSHOT\n+release.version=1.0.2\n \n # The location of the common build system\n common.build.dir=${basedir}/../common-build"], "edit": ["-release.version=1.0.2-SNAPSHOT", "+release.version=1.0.2"], "url": ["https://api.github.com/repos/spring-projects/spring-webflow/commits/915bc0c79caddaf168608c071fd64ca11e7c719f"]}