{"new_feature": "428,2,0,13,9,0.97", "commitmessage": "[maven-release-plugin] prepare for next development iteration", "patch": ["@@ -9,7 +9,7 @@\n \t</parent>\r\n \t<artifactId>monitoring</artifactId>\r\n \t<packaging>hpi</packaging>\r\n-\t<version>1.28.0</version>\r\n+\t<version>1.29.0-SNAPSHOT</version>\r\n \t<name>Monitoring</name>\r\n \t<description>Monitoring of Hudson or Jenkins</description>\r\n \t<url>http://wiki.jenkins-ci.org/display/JENKINS/Monitoring</url>\r\n@@ -100,9 +100,9 @@\n \t</repositories>\r\n \r\n \t<scm>\r\n-\t\t<connection>scm:svn:https://svn.jenkins-ci.org/tags/monitoring-1.28.0</connection>\r\n-\t\t<developerConnection>scm:svn:https://svn.jenkins-ci.org/tags/monitoring-1.28.0</developerConnection>\r\n-\t\t<url>https://svn.jenkins-ci.org/tags/monitoring-1.28.0</url>\r\n+\t\t<connection>scm:svn:https://svn.jenkins-ci.org/trunk/hudson/plugins/monitoring</connection>\r\n+\t\t<developerConnection>scm:svn:https://svn.jenkins-ci.org/trunk/hudson/plugins/monitoring</developerConnection>\r\n+\t\t<url>https://svn.jenkins-ci.org/trunk/hudson/plugins/monitoring</url>\r\n \t</scm>\r\n \r\n \t<!-- temporary -->\r"], "edit": ["-\t<version>1.28.0</version>", "+\t<version>1.29.0-SNAPSHOT</version>", "-\t\t<connection>scm:svn:https://svn.jenkins-ci.org/tags/monitoring-1.28.0</connection>", "-\t\t<developerConnection>scm:svn:https://svn.jenkins-ci.org/tags/monitoring-1.28.0</developerConnection>", "-\t\t<url>https://svn.jenkins-ci.org/tags/monitoring-1.28.0</url>", "+\t\t<connection>scm:svn:https://svn.jenkins-ci.org/trunk/hudson/plugins/monitoring</connection>", "+\t\t<developerConnection>scm:svn:https://svn.jenkins-ci.org/trunk/hudson/plugins/monitoring</developerConnection>", "+\t\t<url>https://svn.jenkins-ci.org/trunk/hudson/plugins/monitoring</url>"], "url": ["https://api.github.com/repos/jenkinsci/monitoring-plugin/commits/921e1fc99b4ab2c59a2fab8bbdebe61377dcb30e"]}