{"new_feature": "19765,14,163,32708,30,0.18", "commitmessage": "Avoid filtering if selector header is not in use", "patch": ["@@ -23,6 +23,8 @@\n import org.springframework.messaging.MessageHeaders;\n import org.springframework.messaging.simp.SimpMessageHeaderAccessor;\n import org.springframework.messaging.simp.SimpMessageType;\n+import org.springframework.util.CollectionUtils;\n+import org.springframework.util.LinkedMultiValueMap;\n import org.springframework.util.MultiValueMap;\n \n /**\n@@ -35,6 +37,10 @@\n  */\n public abstract class AbstractSubscriptionRegistry implements SubscriptionRegistry {\n \n+\tprivate static MultiValueMap<String, String> EMPTY_MAP =\n+\t\t\tCollectionUtils.unmodifiableMultiValueMap(new LinkedMultiValueMap<String, String>(0));\n+\n+\n \tprotected final Log logger = LogFactory.getLog(getClass());\n \n \n@@ -104,7 +110,7 @@ public final void unregisterSubscription(Message<?> message) {\n \t\tString destination = SimpMessageHeaderAccessor.getDestination(headers);\n \t\tif (destination == null) {\n \t\t\tlogger.error(\"No destination in \" + message);\n-\t\t\treturn null;\n+\t\t\treturn EMPTY_MAP;\n \t\t}\n \n \t\treturn findSubscriptionsInternal(destination, message);", "@@ -72,7 +72,9 @@\n \n \tprivate String selectorHeaderName = \"selector\";\n \n-\tprivate ExpressionParser expressionParser = new SpelExpressionParser();\n+\tprivate volatile boolean selectorHeaderInUse = false;\n+\n+\tprivate final ExpressionParser expressionParser = new SpelExpressionParser();\n \n \tprivate final DestinationCache destinationCache = new DestinationCache();\n \n@@ -143,6 +145,7 @@ protected void addSubscriptionInternal(String sessionId, String subsId, String d\n \t\tif (selector != null) {\n \t\t\ttry {\n \t\t\t\texpression = this.expressionParser.parseExpression(selector);\n+\t\t\t\tthis.selectorHeaderInUse = true;\n \t\t\t\tif (logger.isTraceEnabled()) {\n \t\t\t\t\tlogger.trace(\"Subscription selector: [\" + selector + \"]\");\n \t\t\t\t}\n@@ -185,6 +188,9 @@ public void unregisterAllSubscriptions(String sessionId) {\n \tprivate MultiValueMap<String, String> filterSubscriptions(\n \t\t\tMultiValueMap<String, String> allMatches, Message<?> message) {\n \n+\t\tif (!this.selectorHeaderInUse) {\n+\t\t\treturn allMatches;\n+\t\t}\n \t\tEvaluationContext context = null;\n \t\tMultiValueMap<String, String> result = new LinkedMultiValueMap<String, String>(allMatches.size());\n \t\tfor (String sessionId : allMatches.keySet()) {"], "edit": ["+import org.springframework.util.CollectionUtils;", "+import org.springframework.util.LinkedMultiValueMap;", "+\tprivate static MultiValueMap<String, String> EMPTY_MAP =", "+\t\t\tCollectionUtils.unmodifiableMultiValueMap(new LinkedMultiValueMap<String, String>(0));", "+", "+", "-\t\t\treturn null;", "+\t\t\treturn EMPTY_MAP;", "-\tprivate ExpressionParser expressionParser = new SpelExpressionParser();", "+\tprivate volatile boolean selectorHeaderInUse = false;", "+", "+\tprivate final ExpressionParser expressionParser = new SpelExpressionParser();", "+\t\t\t\tthis.selectorHeaderInUse = true;", "+\t\tif (!this.selectorHeaderInUse) {", "+\t\t\treturn allMatches;", "+\t\t}"], "url": ["https://api.github.com/repos/spring-projects/spring-framework/commits/922e6de7886e2f18e8b8e2b6e60d34dbe69efe92"]}