{"new_feature": "19765,14,163,32708,30,0.00", "commitmessage": "Polish WebFlux reference documentation", "patch": ["@@ -309,7 +309,7 @@ libraries, refer to their respective documentation.\n == Reactive Spring Web\n \n The `spring-web` module provides low level infrastructure and HTTP abstractions -- client\n-and server, to build reactive web applications. All public APIs are build around Reactive\n+and server, to build reactive web applications. All public APIs are built around Reactive\n Streams with Reactor as a backing implementation.\n \n Server support is organized in two layers:\n@@ -582,7 +582,7 @@ adds ``Encoder``'s and ``Decoder``'s for Jackson JSON, Jackson Smile, and JAXB2.\n The `spring-web` module also contains some web-specific readers and writers for\n server-sent events, form data, and multipart requests.\n \n-To configure or customize the readers and writers to use applications will typically use\n+To configure or customize the readers and writers to use, applications will typically use\n `ClientCodecConfigurer` or `ServerCodecConfigurer`.\n \n "], "edit": ["-and server, to build reactive web applications. All public APIs are build around Reactive", "+and server, to build reactive web applications. All public APIs are built around Reactive", "-To configure or customize the readers and writers to use applications will typically use", "+To configure or customize the readers and writers to use, applications will typically use"], "url": ["https://api.github.com/repos/spring-projects/spring-framework/commits/922fd1e785719520b5a6fa95bf3d4a4125eb8b6d"]}