{"new_feature": "21402,4,205,3844,30,0.86", "commitmessage": "Remove old, commented out code\n\ngit-svn-id: https://svn.apache.org/repos/asf/tomcat/trunk@1063244 13f79535-47bb-0310-9956-ffa450edef68", "patch": ["@@ -1008,22 +1008,21 @@ public void add(final NioChannel socket, final int interestOps) {\n         \n         public boolean events() {\n             boolean result = false;\n-            //synchronized (events) {\n-                Runnable r = null;\n-                result = (events.size() > 0);\n-                while ( (r = events.poll()) != null ) {\n-                    try {\n-                        r.run();\n-                        if ( r instanceof PollerEvent ) {\n-                            ((PollerEvent)r).reset();\n-                            eventCache.offer((PollerEvent)r);\n-                        }\n-                    } catch ( Throwable x ) {\n-                        log.error(\"\",x);\n+\n+            Runnable r = null;\n+            result = (events.size() > 0);\n+            while ( (r = events.poll()) != null ) {\n+                try {\n+                    r.run();\n+                    if ( r instanceof PollerEvent ) {\n+                        ((PollerEvent)r).reset();\n+                        eventCache.offer((PollerEvent)r);\n                     }\n+                } catch ( Throwable x ) {\n+                    log.error(\"\",x);\n                 }\n-                //events.clear();\n-            //}\n+            }\n+\n             return result;\n         }\n         "], "edit": ["-            //synchronized (events) {", "-                Runnable r = null;", "-                result = (events.size() > 0);", "-                while ( (r = events.poll()) != null ) {", "-                    try {", "-                        r.run();", "-                        if ( r instanceof PollerEvent ) {", "-                            ((PollerEvent)r).reset();", "-                            eventCache.offer((PollerEvent)r);", "-                        }", "-                    } catch ( Throwable x ) {", "-                        log.error(\"\",x);", "+", "+            Runnable r = null;", "+            result = (events.size() > 0);", "+            while ( (r = events.poll()) != null ) {", "+                try {", "+                    r.run();", "+                    if ( r instanceof PollerEvent ) {", "+                        ((PollerEvent)r).reset();", "+                        eventCache.offer((PollerEvent)r);", "+                } catch ( Throwable x ) {", "+                    log.error(\"\",x);", "-                //events.clear();", "-            //}", "+            }", "+"], "url": ["https://api.github.com/repos/apache/tomcat/commits/93a1682bbc2c71005c1d64e34c316a2e89e32dfc"]}