{"new_feature": "496,16,55,500,30,0.21", "commitmessage": "CB-4889 updating core references", "patch": ["@@ -22,7 +22,7 @@\n var argscheck = require('cordova/argscheck'),\n     exec = require('cordova/exec'),\n     FileTransferError = require('./FileTransferError'),\n-    ProgressEvent = require('org.apache.cordova.core.file.ProgressEvent');\n+    ProgressEvent = require('org.apache.cordova.file.ProgressEvent');\n \n function newProgressEvent(result) {\n     var pe = new ProgressEvent();\n@@ -175,10 +175,10 @@ FileTransfer.prototype.download = function(source, target, successCallback, erro\n         } else if (successCallback) {\n             var entry = null;\n             if (result.isDirectory) {\n-                entry = new (require('org.apache.cordova.core.file.DirectoryEntry'))();\n+                entry = new (require('org.apache.cordova.file.DirectoryEntry'))();\n             }\n             else if (result.isFile) {\n-                entry = new (require('org.apache.cordova.core.file.FileEntry'))();\n+                entry = new (require('org.apache.cordova.file.FileEntry'))();\n             }\n             entry.isDirectory = result.isDirectory;\n             entry.isFile = result.isFile;", "@@ -21,8 +21,8 @@\n \n \n var FileTransferError = require('./FileTransferError'),\n-    FileUploadResult = require('org.apache.cordova.core.file.FileUploadResult'),\n-    FileEntry = require('org.apache.cordova.core.file.FileEntry');\n+    FileUploadResult = require('org.apache.cordova.file.FileUploadResult'),\n+    FileEntry = require('org.apache.cordova.file.FileEntry');\n \n module.exports = {\n \n@@ -107,4 +107,4 @@ module.exports = {\n     }\n };\n \n-require(\"cordova/commandProxy\").add(\"FileTransfer\",module.exports);\n\\ No newline at end of file\n+require(\"cordova/commandProxy\").add(\"FileTransfer\",module.exports);"], "edit": ["-    ProgressEvent = require('org.apache.cordova.core.file.ProgressEvent');", "+    ProgressEvent = require('org.apache.cordova.file.ProgressEvent');", "-                entry = new (require('org.apache.cordova.core.file.DirectoryEntry'))();", "+                entry = new (require('org.apache.cordova.file.DirectoryEntry'))();", "-                entry = new (require('org.apache.cordova.core.file.FileEntry'))();", "+                entry = new (require('org.apache.cordova.file.FileEntry'))();", "-    FileUploadResult = require('org.apache.cordova.core.file.FileUploadResult'),", "-    FileEntry = require('org.apache.cordova.core.file.FileEntry');", "+    FileUploadResult = require('org.apache.cordova.file.FileUploadResult'),", "+    FileEntry = require('org.apache.cordova.file.FileEntry');", "-require(\"cordova/commandProxy\").add(\"FileTransfer\",module.exports);", "+require(\"cordova/commandProxy\").add(\"FileTransfer\",module.exports);"], "url": ["https://api.github.com/repos/apache/cordova-plugin-file-transfer/commits/93d8bfc2c50eed169bac1f171b29c24c30cda300"]}