{"new_feature": "19765,14,163,32708,30,0.33", "commitmessage": "added \"namingStrategy\" property to Hibernate 4 LocalSessionFactoryBean variant (SPR-8864)", "patch": ["@@ -22,6 +22,7 @@\n import javax.sql.DataSource;\r\n \r\n import org.hibernate.SessionFactory;\r\n+import org.hibernate.cfg.NamingStrategy;\r\n \r\n import org.springframework.beans.factory.DisposableBean;\r\n import org.springframework.beans.factory.FactoryBean;\r\n@@ -68,6 +69,8 @@\n \r\n \tprivate Resource[] mappingDirectoryLocations;\r\n \r\n+\tprivate NamingStrategy namingStrategy;\r\n+\r\n \tprivate Properties hibernateProperties;\r\n \r\n \tprivate Class<?>[] annotatedClasses;\r\n@@ -175,6 +178,15 @@ public void setMappingDirectoryLocations(Resource[] mappingDirectoryLocations) {\n \t\tthis.mappingDirectoryLocations = mappingDirectoryLocations;\r\n \t}\r\n \r\n+\t/**\r\n+\t * Set a Hibernate NamingStrategy for the SessionFactory, determining the\r\n+\t * physical column and table names given the info in the mapping document.\r\n+\t * @see org.hibernate.cfg.Configuration#setNamingStrategy\r\n+\t */\r\n+\tpublic void setNamingStrategy(NamingStrategy namingStrategy) {\r\n+\t\tthis.namingStrategy = namingStrategy;\r\n+\t}\r\n+\r\n \t/**\r\n \t * Set Hibernate properties, such as \"hibernate.dialect\".\r\n \t * <p>Note: Do not specify a transaction provider here when using\r\n@@ -279,6 +291,10 @@ public void afterPropertiesSet() throws IOException {\n \t\t\t}\r\n \t\t}\r\n \r\n+\t\tif (this.namingStrategy != null) {\r\n+\t\t\tsfb.setNamingStrategy(this.namingStrategy);\r\n+\t\t}\r\n+\r\n \t\tif (this.hibernateProperties != null) {\r\n \t\t\tsfb.addProperties(this.hibernateProperties);\r\n \t\t}\r"], "edit": ["+import org.hibernate.cfg.NamingStrategy;", "+\tprivate NamingStrategy namingStrategy;", "+", "+\t/**", "+\t * Set a Hibernate NamingStrategy for the SessionFactory, determining the", "+\t * physical column and table names given the info in the mapping document.", "+\t * @see org.hibernate.cfg.Configuration#setNamingStrategy", "+\t */", "+\tpublic void setNamingStrategy(NamingStrategy namingStrategy) {", "+\t\tthis.namingStrategy = namingStrategy;", "+\t}", "+", "+\t\tif (this.namingStrategy != null) {", "+\t\t\tsfb.setNamingStrategy(this.namingStrategy);", "+\t\t}", "+"], "url": ["https://api.github.com/repos/spring-projects/spring-framework/commits/93db3df35b44a9a6c7a202ea242f7e371882080c"]}