{"new_feature": "39907,34,149,2892,30,0.12", "commitmessage": "CAMEL-1712 Upgraded the camel-irc to JUnit4 \n\ngit-svn-id: https://svn.apache.org/repos/asf/camel/trunk@785121 13f79535-47bb-0310-9956-ffa450edef68", "patch": ["@@ -49,8 +49,7 @@\n     <!-- testing -->\n     <dependency>\n       <groupId>org.apache.camel</groupId>\n-      <artifactId>camel-core</artifactId>\n-      <type>test-jar</type>\n+      <artifactId>camel-test</artifactId>      \n       <scope>test</scope>\n     </dependency>\n     <dependency>", "@@ -18,21 +18,23 @@\n \n import java.util.List;\n \n-import org.apache.camel.ContextTestSupport;\n import org.apache.camel.Exchange;\n import org.apache.camel.Processor;\n import org.apache.camel.builder.RouteBuilder;\n import org.apache.camel.component.mock.MockEndpoint;\n+import org.apache.camel.test.junit4.CamelTestSupport;\n+import org.junit.Test;\n \n /**\n  * @version $Revision$\n  */\n-public class IrcRouteTest extends ContextTestSupport {\n+public class IrcRouteTest extends CamelTestSupport {\n     protected MockEndpoint resultEndpoint;\n     protected String body1 = \"Message One\";\n     protected String body2 = \"Message Two\";\n     private boolean sentMessages;\n \n+    @Test\n     public void testIrcMessages() throws Exception {\n         resultEndpoint = (MockEndpoint) context.getEndpoint(\"mock:result\");\n         resultEndpoint.expectedBodiesReceived(body1, body2);"], "edit": ["-      <artifactId>camel-core</artifactId>", "-      <type>test-jar</type>", "+      <artifactId>camel-test</artifactId>", "-import org.apache.camel.ContextTestSupport;", "+import org.apache.camel.test.junit4.CamelTestSupport;", "+import org.junit.Test;", "-public class IrcRouteTest extends ContextTestSupport {", "+public class IrcRouteTest extends CamelTestSupport {", "+    @Test"], "url": ["https://api.github.com/repos/apache/camel/commits/948ae77c660410ecfb38918892d6b7eb3cd155fd"]}