{"new_feature": "7574,12,161,308,30,0.34", "commitmessage": "better defaults", "patch": ["@@ -26,7 +26,7 @@\n    </repositories>\n \n    <build>\n-      <defaultGoal>package</defaultGoal>\n+      <defaultGoal>process-classes</defaultGoal>\n       <plugins>\n          <plugin>\n             <groupId>org.jboss.maven.plugins</groupId>\n@@ -112,7 +112,7 @@\n             <artifactId>maven-antrun-plugin</artifactId>\n             <executions>\n                <execution>\n-                  <phase>package</phase>\n+                  <phase>process-classes</phase>\n                   <configuration>\n                      <tasks>\n                         <copy file=\"${basedir}/target/docbook/publish/en/pdf/webbeans_reference.pdf\" todir=\"${basedir}\" />"], "edit": ["-      <defaultGoal>package</defaultGoal>", "+      <defaultGoal>process-classes</defaultGoal>", "-                  <phase>package</phase>", "+                  <phase>process-classes</phase>"], "url": ["https://api.github.com/repos/weld/core/commits/955c5b999000a59244e37981095112cf2a25fabc"]}