{"new_feature": "5658,20,124,2231,30,0.96", "commitmessage": "...", "patch": ["@@ -529,3 +529,7 @@ Chris Jester-Young (cky@github)\n Andrew Snare (asnare@github)\n   * Reported #1315: Binding numeric values can BigDecimal lose precision\n    (2.8.2)\n+\n+Connor Kuhn (ckuhn@github)\n+  * Contributed #1341: FAIL_ON_MISSING_EXTERNAL_TYPE_ID_PROPERTY\n+   (2.9.0)", "@@ -4,6 +4,11 @@ Project: jackson-databind\n === Releases ===\n ------------------------------------------------------------------------\n \n+2.9.0 (not yet released)\n+\n+#1341: FAIL_ON_MISSING_EXTERNAL_TYPE_ID_PROPERTY\n+ (contributed by Connor K)\n+\n 2.8.2 (not yet released)\n \n #1315: Binding numeric values can BigDecimal lose precision"], "edit": ["+", "+Connor Kuhn (ckuhn@github)", "+  * Contributed #1341: FAIL_ON_MISSING_EXTERNAL_TYPE_ID_PROPERTY", "+   (2.9.0)", "------------------------------------------------------------------------", "+2.9.0 (not yet released)", "+", "+#1341: FAIL_ON_MISSING_EXTERNAL_TYPE_ID_PROPERTY", "+ (contributed by Connor K)", "+"], "url": ["https://api.github.com/repos/FasterXML/jackson-databind/commits/9598db519184a494a09b8ff33dd94e00d6764b5a"]}