{"new_feature": "29011,27,174,4068,30,0.26", "commitmessage": "SONAR-10505 CE processes analysis report slowly when millions of issues", "patch": ["@@ -86,7 +86,7 @@\n     \"inner join rules r on r.id = i.rule_id \" +\n     \"inner join projects c on c.uuid = i.component_uuid \";\n \n-  private static final String PROJECT_FILTER = \" and c.project_uuid = ?\";\n+  private static final String PROJECT_FILTER = \" and c.project_uuid = ? and i.project_uuid = ? \";\n   private static final String ISSUE_KEY_FILTER_PREFIX = \" and i.kee in (\";\n   private static final String ISSUE_KEY_FILTER_SUFFIX = \")\";\n \n@@ -157,6 +157,8 @@ private void setParameters(PreparedStatement stmt) throws SQLException {\n     if (projectUuid != null) {\n       stmt.setString(index, projectUuid);\n       index++;\n+      stmt.setString(index, projectUuid);\n+      index++;\n     }\n     if (issueKeys != null) {\n       for (String key : issueKeys) {"], "edit": ["-  private static final String PROJECT_FILTER = \" and c.project_uuid = ?\";", "+  private static final String PROJECT_FILTER = \" and c.project_uuid = ? and i.project_uuid = ? \";", "+      stmt.setString(index, projectUuid);", "+      index++;"], "url": ["https://api.github.com/repos/SonarSource/sonarqube/commits/961b16e42197ebe6de35eddb269024179ba39946"]}