{"new_feature": "5375,63,75,1709,30,0.26", "commitmessage": "NIFI-4051: Ensure that we use the appropriate Lexical syntax for SQL query validation as we do when running\n\nSigned-off-by: Pierre Villard <pierre.villard.fr@gmail.com>\n\nThis closes #2054.", "patch": ["@@ -46,6 +46,7 @@\n import org.apache.calcite.jdbc.CalciteConnection;\n import org.apache.calcite.schema.SchemaPlus;\n import org.apache.calcite.sql.parser.SqlParser;\n+import org.apache.calcite.sql.parser.SqlParser.Config;\n import org.apache.nifi.annotation.behavior.DynamicProperty;\n import org.apache.nifi.annotation.behavior.DynamicRelationship;\n import org.apache.nifi.annotation.behavior.EventDriven;\n@@ -546,7 +547,12 @@ public ValidationResult validate(final String subject, final String input, final\n             }\n \n             final String substituted = context.newPropertyValue(input).evaluateAttributeExpressions().getValue();\n-            final SqlParser parser = SqlParser.create(substituted);\n+\n+            final Config config = SqlParser.configBuilder()\n+                .setLex(Lex.MYSQL_ANSI)\n+                .build();\n+\n+            final SqlParser parser = SqlParser.create(substituted, config);\n             try {\n                 parser.parseStmt();\n                 return new ValidationResult.Builder()"], "edit": ["+import org.apache.calcite.sql.parser.SqlParser.Config;", "-            final SqlParser parser = SqlParser.create(substituted);", "+", "+            final Config config = SqlParser.configBuilder()", "+                .setLex(Lex.MYSQL_ANSI)", "+                .build();", "+", "+            final SqlParser parser = SqlParser.create(substituted, config);"], "url": ["https://api.github.com/repos/apache/nifi/commits/969bbe654c572f4156c71f1d05045219d433eab6"]}