{"new_feature": "4699,29,96,168,30,0.62", "commitmessage": "JBPM-6714 - Designer column sorting in editors should be case insensitive (#729)", "patch": ["@@ -210,6 +210,23 @@ ORYX.Plugins.PropertyWindow = {\n         // Sort as Default the first column\n         //this.dataSource.sort('name');\n \n+        // set sorting to case insensitive\n+        Ext.data.Store.prototype.sortData = function(f, direction){\n+            direction = direction || 'ASC';\n+            var st = this.fields.get(f).sortType;\n+            var fn = function(r1, r2) {\n+                var v1 = st(r1.data[f]), v2 = st(r2.data[f]);\n+                if (v1.toLowerCase) {\n+                    v1 = v1.toLowerCase();\n+                    v2 = v2.toLowerCase();\n+                }\n+                return v1 > v2 ? 1 : (v1 < v2 ? -1 : 0);\n+            };\n+            this.data.sort(direction, fn);\n+            if (this.snapshot && this.snapshot != this.data) {\n+                this.snapshot.sort(direction, fn);\n+            }\n+        }\n     },\n \n     // Select the Canvas when the editor is ready"], "edit": ["+        // set sorting to case insensitive", "+        Ext.data.Store.prototype.sortData = function(f, direction){", "+            direction = direction || 'ASC';", "+            var st = this.fields.get(f).sortType;", "+            var fn = function(r1, r2) {", "+                var v1 = st(r1.data[f]), v2 = st(r2.data[f]);", "+                if (v1.toLowerCase) {", "+                    v1 = v1.toLowerCase();", "+                    v2 = v2.toLowerCase();", "+                }", "+                return v1 > v2 ? 1 : (v1 < v2 ? -1 : 0);", "+            };", "+            this.data.sort(direction, fn);", "+            if (this.snapshot && this.snapshot != this.data) {", "+                this.snapshot.sort(direction, fn);", "+            }", "+        }"], "url": ["https://api.github.com/repos/kiegroup/jbpm-designer/commits/98eb8e09ae2fc759a0ee5b77adf3c844e86d88d3"]}