{"new_feature": "6079,2,17,1026,30,0.43", "commitmessage": "Fix javadoc", "patch": ["@@ -39,15 +39,13 @@ public TlsClientProtocol(InputStream input, OutputStream output, SecureRandom se\n     /**\n      * Constructor for non-blocking mode.<br>\n      * <br>\n-     * When data is received, use offerInput(java.nio.ByteBuffer) to\n-     * provide the received ciphertext, then use\n-     * {@link #readInput(byte[], int, int)} to read the corresponding cleartext.<br>\n+     * When data is received, use {@link #offerInput(byte[])} to provide the received ciphertext,\n+     * then use {@link #readInput(byte[], int, int)} to read the corresponding cleartext.<br>\n      * <br>\n-     * Similarly, when data needs to be sent, use\n-     * {@link #offerOutput(byte[], int, int)} to provide the cleartext, then use\n-     * {@link #readOutput(byte[], int, int)} to get the corresponding\n+     * Similarly, when data needs to be sent, use {@link #offerOutput(byte[], int, int)} to provide\n+     * the cleartext, then use {@link #readOutput(byte[], int, int)} to get the corresponding\n      * ciphertext.\n-     * \n+     *\n      * @param secureRandom\n      *            Random number generator for various cryptographic functions\n      */", "@@ -39,15 +39,13 @@ public TlsServerProtocol(InputStream input, OutputStream output, SecureRandom se\n     /**\n      * Constructor for non-blocking mode.<br>\n      * <br>\n-     * When data is received, use offerInput(java.nio.ByteBuffer) to\n-     * provide the received ciphertext, then use\n-     * {@link #readInput(byte[], int, int)} to read the corresponding cleartext.<br>\n+     * When data is received, use {@link #offerInput(byte[])} to provide the received ciphertext,\n+     * then use {@link #readInput(byte[], int, int)} to read the corresponding cleartext.<br>\n      * <br>\n-     * Similarly, when data needs to be sent, use\n-     * {@link #offerOutput(byte[], int, int)} to provide the cleartext, then use\n-     * {@link #readOutput(byte[], int, int)} to get the corresponding\n+     * Similarly, when data needs to be sent, use {@link #offerOutput(byte[], int, int)} to provide\n+     * the cleartext, then use {@link #readOutput(byte[], int, int)} to get the corresponding\n      * ciphertext.\n-     * \n+     *\n      * @param secureRandom\n      *            Random number generator for various cryptographic functions\n      */"], "edit": ["-     * When data is received, use offerInput(java.nio.ByteBuffer) to", "-     * provide the received ciphertext, then use", "-     * {@link #readInput(byte[], int, int)} to read the corresponding cleartext.<br>", "+     * When data is received, use {@link #offerInput(byte[])} to provide the received ciphertext,", "+     * then use {@link #readInput(byte[], int, int)} to read the corresponding cleartext.<br>", "-     * Similarly, when data needs to be sent, use", "-     * {@link #offerOutput(byte[], int, int)} to provide the cleartext, then use", "-     * {@link #readOutput(byte[], int, int)} to get the corresponding", "+     * Similarly, when data needs to be sent, use {@link #offerOutput(byte[], int, int)} to provide", "+     * the cleartext, then use {@link #readOutput(byte[], int, int)} to get the corresponding", "-     *", "+     *", "-     * When data is received, use offerInput(java.nio.ByteBuffer) to", "-     * provide the received ciphertext, then use", "-     * {@link #readInput(byte[], int, int)} to read the corresponding cleartext.<br>", "+     * When data is received, use {@link #offerInput(byte[])} to provide the received ciphertext,", "+     * then use {@link #readInput(byte[], int, int)} to read the corresponding cleartext.<br>", "-     * Similarly, when data needs to be sent, use", "-     * {@link #offerOutput(byte[], int, int)} to provide the cleartext, then use", "-     * {@link #readOutput(byte[], int, int)} to get the corresponding", "+     * Similarly, when data needs to be sent, use {@link #offerOutput(byte[], int, int)} to provide", "+     * the cleartext, then use {@link #readOutput(byte[], int, int)} to get the corresponding", "-     *", "+     *"], "url": ["https://api.github.com/repos/bcgit/bc-java/commits/99794431ee231621d31df33c4107a28cfc51757d"]}