{"new_feature": "28824,27,0,14015,30,0.22", "commitmessage": "Updated to maven-plugin 2.0 general release.", "patch": ["@@ -94,7 +94,7 @@ THE SOFTWARE.\n     <patch.tracker.serverId>jenkins-jira</patch.tracker.serverId>\n \n     <slf4jVersion>1.7.4</slf4jVersion> <!-- < 1.6.x version didn't specify the license (MIT) -->\n-    <maven-plugin.version>2.0-beta-1</maven-plugin.version>\n+    <maven-plugin.version>2.0</maven-plugin.version>\n     <netbeans.compile.on.save>none</netbeans.compile.on.save> <!-- we rely on Maven source generation -->\n     <animal.sniffer.skip>${skipTests}</animal.sniffer.skip>\n "], "edit": ["-    <maven-plugin.version>2.0-beta-1</maven-plugin.version>", "+    <maven-plugin.version>2.0</maven-plugin.version>"], "url": ["https://api.github.com/repos/jenkinsci/jenkins/commits/9b53643c7a573f64fe199ca8c9f5b60d8a3d771f"]}