{"new_feature": "28824,27,0,14015,30,0.03", "commitmessage": "Merge pull request #1583 from hayderimran7/master\n\n add readme.md file for opensuse install", "patch": ["@@ -0,0 +1,10 @@\n+# [Jenkins](http://jenkins-ci.org/) RPM for openSUSE\n+\n+To use this repository, run the following command:\n+\n+    sudo zypper addrepo http://pkg.jenkins-ci.org/opensuse/ jenkins\n+    sudo zypper -q refresh\n+\n+With that set up, the Jenkins package can be installed with \n+\n+    sudo zypper install jenkins", "@@ -1,10 +0,0 @@\n-<h1><a href=\"http://jenkins-ci.org/\">Jenkins</a> RPM for openSUSE</h1>\n-<p>\n-To use this repository, run the following command:\n-\n-<pre style=\"padding:0.5em; margin:1em; background:black; color:white\">\n-sudo zypper addrepo http://pkg.jenkins-ci.org/opensuse/ jenkins\n-</pre>\n-\n-<p>\n-With that set up, the Jenkins package can be installed with <tt>zypper install jenkins</tt>"], "edit": ["+# [Jenkins](http://jenkins-ci.org/) RPM for openSUSE", "+", "+To use this repository, run the following command:", "+", "+    sudo zypper addrepo http://pkg.jenkins-ci.org/opensuse/ jenkins", "+    sudo zypper -q refresh", "+", "+With that set up, the Jenkins package can be installed with", "+", "+    sudo zypper install jenkins", "-<h1><a href=\"http://jenkins-ci.org/\">Jenkins</a> RPM for openSUSE</h1>", "-<p>", "-To use this repository, run the following command:", "-", "-<pre style=\"padding:0.5em; margin:1em; background:black; color:white\">", "-sudo zypper addrepo http://pkg.jenkins-ci.org/opensuse/ jenkins", "-</pre>", "-", "-<p>", "-With that set up, the Jenkins package can be installed with <tt>zypper install jenkins</tt>"], "url": ["https://api.github.com/repos/jenkinsci/jenkins/commits/9bb90f8ea6986cbccc18c8d0346475b3e6f57f58"]}