{"new_feature": "12405,13,25,23,30,0.29", "commitmessage": "TimeExtras: Missed MILLISECONDS", "patch": ["@@ -21,6 +21,7 @@ import org.jclouds.ec2.compute.options.EC2TemplateOptions\n import org.jclouds.scriptbuilder.domain.Statement\n import org.jclouds.scriptbuilder.domain.Statements\n import org.jclouds.scriptbuilder.statements.login.UserAdd\n+import static java.util.concurrent.TimeUnit.MILLISECONDS\n import static java.util.concurrent.TimeUnit.SECONDS\n import static org.jclouds.scriptbuilder.domain.Statements.exec\n \n@@ -101,7 +102,7 @@ public class JcloudsLocation extends AbstractLocation implements MachineProvisio\n                         Statement statement = Statements.newStatementList(exec('date'))\n                         ExecResponse response = computeService.runScriptOnNode(node.getId(), statement)\n                         response.exitCode }\n-                    .limitTimeTo(START_SSHABLE_TIMEOUT * MILLISECONDS)\n+                    .limitTimeTo(START_SSHABLE_TIMEOUT,MILLISECONDS)\n                     .run()\n         \n             if (!reachable) {"], "edit": ["+import static java.util.concurrent.TimeUnit.MILLISECONDS", "-                    .limitTimeTo(START_SSHABLE_TIMEOUT * MILLISECONDS)", "+                    .limitTimeTo(START_SSHABLE_TIMEOUT,MILLISECONDS)"], "url": ["https://api.github.com/repos/apache/brooklyn-server/commits/9c62e408fbcec7828bf72fdbbe5c9610cfc2637e"]}