{"new_feature": "6079,2,17,1026,30,0.51", "commitmessage": "update", "patch": ["@@ -122,3 +122,35 @@ w\n q\n %\n \n+ed org/bouncycastle/asn1/dvcs/DVCSTime.java <<%\n+g/private final .*;/s/final//\n+w\n+q\n+%\n+\n+ed org/bouncycastle/asn1/x509/UserNotice.java <<%\n+g/private final .*;/s/final//\n+w\n+q\n+%\n+\n+for i in mceliece/McElieceCCA2Parameters.java sphincs/HashFunctions.java \n+do\n+ed org/bouncycastle/pqc/crypto/$i <<%\n+g/private final .*;/s/final//\n+w\n+q\n+%\n+done\n+\n+ed org/bouncycastle/cert/dane/TruncatingDigestCalculator.java <<%\n+g/private final .*;/s/final//\n+w\n+q\n+%\n+\n+ed org/bouncycastle/crypto/signers/RSADigestSigner.java <<%\n+g/private final .*;/s/final//\n+w\n+q\n+%"], "edit": ["+ed org/bouncycastle/asn1/dvcs/DVCSTime.java <<%", "+g/private final .*;/s/final//", "+w", "+q", "+%", "+", "+ed org/bouncycastle/asn1/x509/UserNotice.java <<%", "+g/private final .*;/s/final//", "+w", "+q", "+%", "+", "+for i in mceliece/McElieceCCA2Parameters.java sphincs/HashFunctions.java", "+do", "+ed org/bouncycastle/pqc/crypto/$i <<%", "+g/private final .*;/s/final//", "+w", "+q", "+%", "+done", "+", "+ed org/bouncycastle/cert/dane/TruncatingDigestCalculator.java <<%", "+g/private final .*;/s/final//", "+w", "+q", "+%", "+", "+ed org/bouncycastle/crypto/signers/RSADigestSigner.java <<%", "+g/private final .*;/s/final//", "+w", "+q", "+%"], "url": ["https://api.github.com/repos/bcgit/bc-java/commits/9d06785ff907e2a179e19c2468d55509e4a0177c"]}