{"new_feature": "8670,37,235,231,23,0.09", "commitmessage": "JCR-586: Removing a mixin that adds a same-name-sibling child node throws an ItemNotFoundException\n\ngit-svn-id: https://svn.apache.org/repos/asf/jackrabbit/trunk@454735 13f79535-47bb-0310-9956-ffa450edef68", "patch": ["@@ -1207,8 +1207,9 @@ public void removeMixin(QName mixinName)\n         }\n         // use temp array to avoid ConcurrentModificationException\n         ArrayList list = new ArrayList(thisState.getChildNodeEntries());\n-        for (Iterator iter = list.iterator(); iter.hasNext();) {\n-            NodeState.ChildNodeEntry entry = (NodeState.ChildNodeEntry) iter.next();\n+        // start from tail to avoid problems with same-name siblings\n+        for (int i = list.size() - 1; i >= 0; i--) {\n+            NodeState.ChildNodeEntry entry = (NodeState.ChildNodeEntry) list.get(i);\n             NodeImpl node = (NodeImpl) itemMgr.getItem(entry.getId());\n             // check if node has been defined by mixin type (or one of its supertypes)\n             NodeTypeImpl declaringNT = (NodeTypeImpl) node.getDefinition().getDeclaringNodeType();"], "edit": ["-        for (Iterator iter = list.iterator(); iter.hasNext();) {", "-            NodeState.ChildNodeEntry entry = (NodeState.ChildNodeEntry) iter.next();", "+        // start from tail to avoid problems with same-name siblings", "+        for (int i = list.size() - 1; i >= 0; i--) {", "+            NodeState.ChildNodeEntry entry = (NodeState.ChildNodeEntry) list.get(i);"], "url": ["https://api.github.com/repos/apache/jackrabbit/commits/9d65bb1c5e0460af2dbe5ec6c080817ceefd52f9"]}