{"new_feature": "48499,281,0,44611,30,0.03", "commitmessage": "Docs: Made multi-fields more prominent", "patch": ["@@ -53,6 +53,17 @@ Each field has a data `type` which can be:\n * or a specialised type like <<geo-point,`geo_point`>>,\n   <<geo-shape,`geo_shape`>>, or <<search-suggesters-completion,`completion`>>.\n \n+It is often useful to index the same field in different ways for different\n+purposes. For instance, a `string` field could be <<mapping-index,indexed>> as\n+an `analyzed` field for full-text search, and as a `not_analyzed` field for\n+sorting or aggregations.  Alternatively, you could index a string field with\n+the <<analysis-standard-analyzer,`standard` analyzer>>, the\n+<<english-analyzer,`english`>> analyzer, and the\n+<<french-analyzer,`french` analyzer>>.\n+\n+This is the purpose of _multi-fields_.  Most datatypes support multi-fields\n+via the <<multi-fields>> parameter.\n+\n [float]\n == Dynamic mapping\n ", "@@ -40,6 +40,20 @@ Attachment datatype::\n     which supports indexing ``attachments'' like Microsoft Office formats, Open\n     Document formats, ePub, HTML, etc. into an `attachment` datatype.\n \n+[float]\n+=== Multi-fields\n+\n+It is often useful to index the same field in different ways for different\n+purposes. For instance, a `string` field could be <<mapping-index,indexed>> as\n+an `analyzed` field for full-text search, and as a `not_analyzed` field for\n+sorting or aggregations.  Alternatively, you could index a string field with\n+the <<analysis-standard-analyzer,`standard` analyzer>>, the\n+<<english-analyzer,`english`>> analyzer, and the\n+<<french-analyzer,`french` analyzer>>.\n+\n+This is the purpose of _multi-fields_.  Most datatypes support multi-fields\n+via the <<multi-fields>> parameter.\n+\n include::types/array.asciidoc[]\n \n include::types/binary.asciidoc[]"], "edit": ["+It is often useful to index the same field in different ways for different", "+purposes. For instance, a `string` field could be <<mapping-index,indexed>> as", "+an `analyzed` field for full-text search, and as a `not_analyzed` field for", "+sorting or aggregations.  Alternatively, you could index a string field with", "+the <<analysis-standard-analyzer,`standard` analyzer>>, the", "+<<english-analyzer,`english`>> analyzer, and the", "+<<french-analyzer,`french` analyzer>>.", "+", "+This is the purpose of _multi-fields_.  Most datatypes support multi-fields", "+via the <<multi-fields>> parameter.", "+", "+[float]", "+=== Multi-fields", "+", "+It is often useful to index the same field in different ways for different", "+purposes. For instance, a `string` field could be <<mapping-index,indexed>> as", "+an `analyzed` field for full-text search, and as a `not_analyzed` field for", "+sorting or aggregations.  Alternatively, you could index a string field with", "+the <<analysis-standard-analyzer,`standard` analyzer>>, the", "+<<english-analyzer,`english`>> analyzer, and the", "+<<french-analyzer,`french` analyzer>>.", "+", "+This is the purpose of _multi-fields_.  Most datatypes support multi-fields", "+via the <<multi-fields>> parameter.", "+"], "url": ["https://api.github.com/repos/elastic/elasticsearch/commits/9da8822aedcc01b4f44551947136b0f38425e2c5"]}