{"new_feature": "804,8,64,18,25,0.02", "commitmessage": "Quote Java binary when contain space (on Windows)\n\nThis closes #16", "patch": ["@@ -461,7 +461,13 @@ public void testOnlyQuotedPath()\n             throw new IOException( java.getAbsolutePath() + \" doesn't exist\" );\n         }\n \n-        createAndCallScript( dir, java.getAbsolutePath() + \" -version\" );\n+        String javaBinStr = java.getAbsolutePath();\n+        if ( Os.isFamily( Os.FAMILY_WINDOWS ) && javaBinStr.contains( \" \" ) )\n+        {\n+            javaBinStr = \"\\\"\" + javaBinStr + \"\\\"\";\n+        }\n+\n+        createAndCallScript( dir, javaBinStr + \" -version\" );\n     }\n \n     public void testDollarSignInArgumentPath()\n@@ -515,7 +521,7 @@ public void testTimeOutException() throws Exception\n         {\n             throw new IOException( java.getAbsolutePath() + \" doesn't exist\" );\n         }\n-        \n+\n         Commandline cli = new Commandline();\n         cli.setExecutable( java.getAbsolutePath() );\n         cli.createArg().setLine( \"-version\" );\n@@ -529,9 +535,9 @@ public void testTimeOutException() throws Exception\n         {\n             // it works\n         }\n-        \n+\n     }\n-    \n+\n     /**\n      * Make the file executable for Unix box.\n      *"], "edit": ["-        createAndCallScript( dir, java.getAbsolutePath() + \" -version\" );", "+        String javaBinStr = java.getAbsolutePath();", "+        if ( Os.isFamily( Os.FAMILY_WINDOWS ) && javaBinStr.contains( \" \" ) )", "+        {", "+            javaBinStr = \"\\\"\" + javaBinStr + \"\\\"\";", "+        }", "+", "+        createAndCallScript( dir, javaBinStr + \" -version\" );", "-", "+", "-", "+", "-", "+"], "url": ["https://api.github.com/repos/codehaus-plexus/plexus-utils/commits/9df4f30d2c00766c069260744a019dcc14fd2ea7"]}