{"new_feature": "15206,20,149,587,30,0.37", "commitmessage": "Allow resetting of a port to reuse later\n\ngit-svn-id: https://svn.apache.org/repos/asf/cxf/trunk@1381675 13f79535-47bb-0310-9956-ffa450edef68", "patch": ["@@ -122,6 +122,24 @@ public static String getPortNumber(Class<?> cls, int count) {\n     public static String getPortNumber(String name) {\n         return getPortNumber(name, name);\n     }\n+    \n+    public static String getNewPortNumber(Class<?> cls) {\n+        return getNewPortNumber(cls.getName(), cls.getSimpleName());\n+    }\n+    public static String getNewPortNumber(Class<?> cls, int count) {\n+        return getNewPortNumber(cls.getName() + \".\" + count,\n+                             cls.getSimpleName() + \".\" + count);\n+    }\n+    public static String getNewPortNumber(String name) {\n+        return getNewPortNumber(name, name);\n+    }\n+    public static String getNewPortNumber(String fullName, String simpleName) {\n+        ports.remove(\"testutil.ports.\" + fullName);\n+        ports.remove(\"testutil.ports.\" + simpleName);\n+        System.clearProperty(\"testutil.ports.\" + fullName);\n+        System.clearProperty(\"testutil.ports.\" + simpleName);        \n+        return getPortNumber(fullName, simpleName);\n+    }    \n     public static String getPortNumber(String fullName, String simpleName) {\n         String p = ports.getProperty(\"testutil.ports.\" + fullName);\n         if (p == null) {"], "edit": ["+", "+    public static String getNewPortNumber(Class<?> cls) {", "+        return getNewPortNumber(cls.getName(), cls.getSimpleName());", "+    }", "+    public static String getNewPortNumber(Class<?> cls, int count) {", "+        return getNewPortNumber(cls.getName() + \".\" + count,", "+                             cls.getSimpleName() + \".\" + count);", "+    }", "+    public static String getNewPortNumber(String name) {", "+        return getNewPortNumber(name, name);", "+    }", "+    public static String getNewPortNumber(String fullName, String simpleName) {", "+        ports.remove(\"testutil.ports.\" + fullName);", "+        ports.remove(\"testutil.ports.\" + simpleName);", "+        System.clearProperty(\"testutil.ports.\" + fullName);", "+        System.clearProperty(\"testutil.ports.\" + simpleName);", "+        return getPortNumber(fullName, simpleName);", "+    }"], "url": ["https://api.github.com/repos/apache/cxf/commits/9e1115bbb9f3f1776e0604d4f105a3824af8c86c"]}