{"new_feature": "21402,4,205,3844,30,0.86", "commitmessage": "Check that the loader is not null. There are use cases where the loader does not have parent.\nBackport of patch by violetagg\n\ngit-svn-id: https://svn.apache.org/repos/asf/tomcat/tc7.0.x/trunk@1456209 13f79535-47bb-0310-9956-ffa450edef68", "patch": ["@@ -202,7 +202,7 @@ public void scan(ServletContext context, ClassLoader classloader,\n                 stopLoader = ClassLoader.getSystemClassLoader().getParent();\n             }\n \n-            while (loader != stopLoader) {\n+            while (loader != null && loader != stopLoader) {\n                 if (loader instanceof URLClassLoader) {\n                     URL[] urls = ((URLClassLoader) loader).getURLs();\n                     for (int i=0; i<urls.length; i++) {", "@@ -61,6 +61,11 @@\n         Ensure a log message is generated when a web application fails to start\n         due to an error processing a ServletContainerInitializer. (markt)\n       </fix>\n+      <fix>\n+        Prevent NPE in JAR scanning when running in an environment where the\n+        bootstrap class loader is not an ancestor of the web application class\n+        loader such as OSGi environments. (violetagg)\n+      </fix>\n     </changelog>\n   </subsection>\n   <subsection name=\"jdbc-pool\">"], "edit": ["-            while (loader != stopLoader) {", "+            while (loader != null && loader != stopLoader) {", "+      <fix>", "+        Prevent NPE in JAR scanning when running in an environment where the", "+        bootstrap class loader is not an ancestor of the web application class", "+        loader such as OSGi environments. (violetagg)", "+      </fix>"], "url": ["https://api.github.com/repos/apache/tomcat/commits/9ea04b74b792089afd4df349281f99f9ca20bceb"]}