{"new_feature": "11309,5,59,29,30,0.27", "commitmessage": "ws", "patch": ["@@ -70,7 +70,6 @@ protected void renderResponse() throws Exception\n             assert taskInstance.getDescription().equals(\"Kick Roy out of my office\");\n             taskId = taskInstance.getId();\n          }\n-                  \n          \n       }.run();\n \n@@ -95,7 +94,6 @@ protected void renderResponse() throws Exception\n          {\n             assert ( (List) Component.getInstance(TaskInstanceList.class, true) ).size()==0;\n          }\n-                  \n          \n       }.run();\n    }"], "edit": ["-", "-"], "url": ["https://api.github.com/repos/seam2/jboss-seam/commits/9ffd74de1f9ce9ce53c0e532865e75432cde0f66"]}