{"new_feature": "6079,2,17,1026,30,0.51", "commitmessage": "BJA-467 added support for passing in a specific locale to help with date interpretation.", "patch": ["@@ -3,6 +3,7 @@\n import java.text.ParseException;\n import java.text.SimpleDateFormat;\n import java.util.Date;\n+import java.util.Locale;\n import java.util.SimpleTimeZone;\n \n import org.bouncycastle.util.Arrays;\n@@ -21,7 +22,9 @@ public PackedDate(\n     }\n \n     /**\n-     * base constructer from a java.util.date object\n+     * Base constructor from a java.util.date object.\n+     *\n+     * @param time a date object representing the time of interest.\n      */\n     public PackedDate(\n         Date time)\n@@ -33,6 +36,24 @@ public PackedDate(\n         this.time = convert(dateF.format(time));\n     }\n \n+    /**\n+     * Base constructor from a java.util.date object. You may need to use this constructor if the default locale\n+     * doesn't use a Gregorian calender so that the PackedDate produced is compatible with other ASN.1 implementations.\n+     *\n+     * @param time a date object representing the time of interest.\n+     * @param locale an appropriate Locale for producing an ASN.1 GeneralizedTime value.\n+     */\n+    public PackedDate(\n+        Date time,\n+        Locale locale)\n+    {\n+        SimpleDateFormat dateF = new SimpleDateFormat(\"yyMMdd'Z'\", locale);\n+\n+        dateF.setTimeZone(new SimpleTimeZone(0,\"Z\"));\n+\n+        this.time = convert(dateF.format(time));\n+    }\n+\n     private byte[] convert(String sTime)\n     {\n         char[] digs = sTime.toCharArray();"], "edit": ["+import java.util.Locale;", "-     * base constructer from a java.util.date object", "+     * Base constructor from a java.util.date object.", "+     *", "+     * @param time a date object representing the time of interest.", "+    /**", "+     * Base constructor from a java.util.date object. You may need to use this constructor if the default locale", "+     * doesn't use a Gregorian calender so that the PackedDate produced is compatible with other ASN.1 implementations.", "+     *", "+     * @param time a date object representing the time of interest.", "+     * @param locale an appropriate Locale for producing an ASN.1 GeneralizedTime value.", "+     */", "+    public PackedDate(", "+        Date time,", "+        Locale locale)", "+    {", "+        SimpleDateFormat dateF = new SimpleDateFormat(\"yyMMdd'Z'\", locale);", "+", "+        dateF.setTimeZone(new SimpleTimeZone(0,\"Z\"));", "+", "+        this.time = convert(dateF.format(time));", "+    }", "+"], "url": ["https://api.github.com/repos/bcgit/bc-java/commits/a02b5f52528e2ed6073793975f161f71fe566b82"]}