{"new_feature": "10276,15,64,1575,30,0.22", "commitmessage": "https://issues.apache.org/jira/browse/AMQ-3180 - ensure correct type us used in error case\n\ngit-svn-id: https://svn.apache.org/repos/asf/activemq/trunk@1070443 13f79535-47bb-0310-9956-ffa450edef68", "patch": ["@@ -306,7 +306,7 @@ protected void init() throws OpenDataException {\n \n                 rc.put(BODY_PREVIEW, data);\n             } catch (JMSException e) {\n-                rc.put(BODY_PREVIEW, new byte[] {});\n+                rc.put(BODY_PREVIEW, new Byte[] {});\n             }\n             return rc;\n         }"], "edit": ["-                rc.put(BODY_PREVIEW, new byte[] {});", "+                rc.put(BODY_PREVIEW, new Byte[] {});"], "url": ["https://api.github.com/repos/apache/activemq/commits/a1d324518287bd1de6094f4c0ff99d9536b8f315"]}