{"new_feature": "5658,20,124,2231,30,0.96", "commitmessage": "[maven-release-plugin] prepare release jackson-databind-2.5.3", "patch": ["@@ -10,7 +10,7 @@\n \n   <groupId>com.fasterxml.jackson.core</groupId>\n   <artifactId>jackson-databind</artifactId>\n-  <version>2.5.3-SNAPSHOT</version>\n+  <version>2.5.3</version>\n   <name>jackson-databind</name>\n   <packaging>bundle</packaging>\n   <description>General data-binding functionality for Jackson: works on core streaming API</description>\n@@ -20,7 +20,7 @@\n     <connection>scm:git:git@github.com:FasterXML/jackson-databind.git</connection>\n     <developerConnection>scm:git:git@github.com:FasterXML/jackson-databind.git</developerConnection>\n     <url>http://github.com/FasterXML/jackson-databind</url>\n-    <tag>HEAD</tag>\n+    <tag>jackson-databind-2.5.3</tag>\n   </scm>\n \n   <properties>"], "edit": ["-  <version>2.5.3-SNAPSHOT</version>", "+  <version>2.5.3</version>", "-    <tag>HEAD</tag>", "+    <tag>jackson-databind-2.5.3</tag>"], "url": ["https://api.github.com/repos/FasterXML/jackson-databind/commits/a29cb29501ac6b3e6c8ca6fed876a4d7d52a7faa"]}