{"new_feature": "3029,5,125,855,30,0.73", "commitmessage": "HTTPCLIENT-1904: check cookie domain for null", "patch": ["@@ -90,6 +90,9 @@ public PublicSuffixDomainFilter(\n     @Override\n     public boolean match(final Cookie cookie, final CookieOrigin origin) {\n         final String host = cookie.getDomain();\n+        if (host == null) {\n+            return false;\n+        }\n         final int i = host.indexOf('.');\n         if (i >= 0) {\n             final String domain = host.substring(i);"], "edit": ["+        if (host == null) {", "+            return false;", "+        }"], "url": ["https://api.github.com/repos/apache/httpcomponents-client/commits/a2cc0a511bb2a38cc37a0f351944d6b19036fa67"]}