{"new_feature": "5684,5,115,970,30,0.64", "commitmessage": "WW-3045 Replace TextUtils String methods\n\n\n\ngit-svn-id: https://svn.apache.org/repos/asf/struts/struts2/trunk@755410 13f79535-47bb-0310-9956-ffa450edef68", "patch": ["@@ -46,6 +46,7 @@\n import org.apache.struts2.convention.classloader.ReloadingClassLoader;\n import org.apache.struts2.StrutsConstants;\n import org.apache.struts2.StrutsException;\n+import org.apache.commons.lang.xwork.StringUtils;\n \n import com.opensymphony.xwork2.ObjectFactory;\n import com.opensymphony.xwork2.config.Configuration;\n@@ -163,7 +164,7 @@ public void setDisableActionScanning(String disableActionScanning) {\n      */\n     @Inject(value = \"struts.convention.action.includeJars\", required = false)\n     public void setIncludeJars(String includeJars) {\n-        if (TextUtils.stringSet(includeJars))\n+        if (StringUtils.isNotEmpty(includeJars))\n             this.includeJars = includeJars.split(\"\\\\s*[,]\\\\s*\");\n     }\n "], "edit": ["+import org.apache.commons.lang.xwork.StringUtils;", "-        if (TextUtils.stringSet(includeJars))", "+        if (StringUtils.isNotEmpty(includeJars))"], "url": ["https://api.github.com/repos/apache/struts/commits/a2d87bd21fa3a00a7f0ba084c7fde7b323ac0bdb"]}