{"new_feature": "117,2,0,72,4,0.85", "commitmessage": "[JENKINS-26542] Ensure the configured credential is selected in the dropdown.\n\nPreviously, the credential dropdown was trying to automatically select the\ncorrect credential each time, but the lack of a getter for the credential ID\nprevented this from working correctly.", "patch": ["@@ -13,6 +13,10 @@\n     @DataBoundSetter\n     private String googleCredentialsId;\n \n+    public String getGoogleCredentialsId() {\n+        return googleCredentialsId;\n+    }\n+\n     protected CredentialsHandler getCredentialsHandler() throws CredentialsException {\n         if (credentialsHandler == null) {\n             credentialsHandler = new CredentialsHandler(googleCredentialsId);"], "edit": ["+    public String getGoogleCredentialsId() {", "+        return googleCredentialsId;", "+    }", "+"], "url": ["https://api.github.com/repos/jenkinsci/google-play-android-publisher-plugin/commits/a4774b26121d8587cde582202ed633a24821bd5e"]}