{"new_feature": "21402,4,205,3844,30,0.86", "commitmessage": "Adjust examples to the latest implementation\n\n\ngit-svn-id: https://svn.apache.org/repos/asf/tomcat/trunk@927911 13f79535-47bb-0310-9956-ffa450edef68", "patch": ["@@ -34,8 +34,8 @@\n     private static final Log log = LogFactory.getLog(Async0.class);\n \n     @Override\n-    protected void service(HttpServletRequest req, HttpServletResponse resp) throws ServletException, IOException {\n-        if (req.isAsyncStarted()) {\n+    protected void service(final HttpServletRequest req, final HttpServletResponse resp) throws ServletException, IOException {\n+        if (Boolean.TRUE == req.getAttribute(\"dispatch\")) {\n             log.info(\"Received dispatch, completing on the worker thread.\");\n             req.getAsyncContext().complete();\n             log.info(\"After complete called started:\"+req.isAsyncStarted());\n@@ -47,6 +47,7 @@ protected void service(HttpServletRequest req, HttpServletResponse resp) throws\n             Runnable run = new Runnable() {\n                 public void run() {\n                     try {\n+                        req.setAttribute(\"dispatch\", Boolean.TRUE);\n                         Thread.currentThread().setName(\"Async0-Thread\");\n                         log.info(\"Putting AsyncThread to sleep\");\n                         Thread.sleep(2*1000);", "@@ -33,7 +33,6 @@ protected void service(HttpServletRequest req, HttpServletResponse resp) throws\n         final AsyncContext actx = req.startAsync();\n         actx.setTimeout(30*1000);\n         actx.dispatch(\"/jsp/async/async3.jsp\");\n-        actx.complete();\n     }\n     \n "], "edit": ["-    protected void service(HttpServletRequest req, HttpServletResponse resp) throws ServletException, IOException {", "-        if (req.isAsyncStarted()) {", "+    protected void service(final HttpServletRequest req, final HttpServletResponse resp) throws ServletException, IOException {", "+        if (Boolean.TRUE == req.getAttribute(\"dispatch\")) {", "+                        req.setAttribute(\"dispatch\", Boolean.TRUE);", "-        actx.complete();"], "url": ["https://api.github.com/repos/apache/tomcat/commits/a5209bcb3ad77d84de98c42b96992a251bbc7f20"]}