{"new_feature": "10754,64,44,10239,30,0.48", "commitmessage": "Merge pull request #2598 from wing328/go_update_sample\n\n[Go] regenerate go sample, rename configuration.go", "patch": ["@@ -133,7 +133,7 @@ public void processOpts() {\n         supportingFiles.add(new SupportingFile(\"README.mustache\", \"\", \"README.md\"));\n         supportingFiles.add(new SupportingFile(\"git_push.sh.mustache\", \"\", \"git_push.sh\"));\n         supportingFiles.add(new SupportingFile(\"gitignore.mustache\", \"\", \".gitignore\"));\n-        supportingFiles.add(new SupportingFile(\"configuration.mustache\", packageName, \"Configuration.go\"));\n+        supportingFiles.add(new SupportingFile(\"configuration.mustache\", packageName, \"configuration.go\"));\n     }\n \n     @Override", "@@ -201,9 +201,9 @@ func (a PetApi) FindPetsByStatus (status []string) ([]Pet, error) {\n     }\n     \n     type QueryParams struct {\n-        status    []string `url:\"status,omitempty\"`\n+        Status    []string `url:\"status,omitempty\"`\n }\n-    _sling = _sling.QueryStruct(&QueryParams{ status: status })\n+    _sling = _sling.QueryStruct(&QueryParams{ Status: status })\n     // accept header\n     accepts := []string { \"application/xml\", \"application/json\" }\n     for key := range accepts {\n@@ -274,9 +274,9 @@ func (a PetApi) FindPetsByTags (tags []string) ([]Pet, error) {\n     }\n     \n     type QueryParams struct {\n-        tags    []string `url:\"tags,omitempty\"`\n+        Tags    []string `url:\"tags,omitempty\"`\n }\n-    _sling = _sling.QueryStruct(&QueryParams{ tags: tags })\n+    _sling = _sling.QueryStruct(&QueryParams{ Tags: tags })\n     // accept header\n     accepts := []string { \"application/xml\", \"application/json\" }\n     for key := range accepts {\n@@ -497,10 +497,10 @@ func (a PetApi) UpdatePetWithForm (petId int64, name string, status string) (err\n     }\n \n     type FormParams struct {\n-        name    string `url:\"name,omitempty\"`\n-        status    string `url:\"status,omitempty\"`\n+        Name    string `url:\"name,omitempty\"`\n+        Status    string `url:\"status,omitempty\"`\n     }\n-    _sling = _sling.BodyForm(&FormParams{ name: name,status: status })\n+    _sling = _sling.BodyForm(&FormParams{ Name: name,Status: status })\n \n \n \n@@ -574,10 +574,10 @@ func (a PetApi) UploadFile (petId int64, additionalMetadata string, file *os.Fil\n     }\n \n     type FormParams struct {\n-        additionalMetadata    string `url:\"additionalMetadata,omitempty\"`\n-        file    *os.File `url:\"file,omitempty\"`\n+        AdditionalMetadata    string `url:\"additionalMetadata,omitempty\"`\n+        File    *os.File `url:\"file,omitempty\"`\n     }\n-    _sling = _sling.BodyForm(&FormParams{ additionalMetadata: additionalMetadata,file: file })\n+    _sling = _sling.BodyForm(&FormParams{ AdditionalMetadata: additionalMetadata,File: file })\n \n   var successPayload = new(ApiResponse)\n ", "@@ -374,10 +374,10 @@ func (a UserApi) LoginUser (username string, password string) (string, error) {\n     }\n     \n     type QueryParams struct {\n-        username    string `url:\"username,omitempty\"`\n-password    string `url:\"password,omitempty\"`\n+        Username    string `url:\"username,omitempty\"`\n+Password    string `url:\"password,omitempty\"`\n }\n-    _sling = _sling.QueryStruct(&QueryParams{ username: username,password: password })\n+    _sling = _sling.QueryStruct(&QueryParams{ Username: username,Password: password })\n     // accept header\n     accepts := []string { \"application/xml\", \"application/json\" }\n     for key := range accepts {"], "edit": ["-        supportingFiles.add(new SupportingFile(\"configuration.mustache\", packageName, \"Configuration.go\"));", "+        supportingFiles.add(new SupportingFile(\"configuration.mustache\", packageName, \"configuration.go\"));", "-        status    []string `url:\"status,omitempty\"`", "+        Status    []string `url:\"status,omitempty\"`", "-    _sling = _sling.QueryStruct(&QueryParams{ status: status })", "+    _sling = _sling.QueryStruct(&QueryParams{ Status: status })", "-        tags    []string `url:\"tags,omitempty\"`", "+        Tags    []string `url:\"tags,omitempty\"`", "-    _sling = _sling.QueryStruct(&QueryParams{ tags: tags })", "+    _sling = _sling.QueryStruct(&QueryParams{ Tags: tags })", "-        name    string `url:\"name,omitempty\"`", "-        status    string `url:\"status,omitempty\"`", "+        Name    string `url:\"name,omitempty\"`", "+        Status    string `url:\"status,omitempty\"`", "-    _sling = _sling.BodyForm(&FormParams{ name: name,status: status })", "+    _sling = _sling.BodyForm(&FormParams{ Name: name,Status: status })", "-        additionalMetadata    string `url:\"additionalMetadata,omitempty\"`", "-        file    *os.File `url:\"file,omitempty\"`", "+        AdditionalMetadata    string `url:\"additionalMetadata,omitempty\"`", "+        File    *os.File `url:\"file,omitempty\"`", "-    _sling = _sling.BodyForm(&FormParams{ additionalMetadata: additionalMetadata,file: file })", "+    _sling = _sling.BodyForm(&FormParams{ AdditionalMetadata: additionalMetadata,File: file })", "-        username    string `url:\"username,omitempty\"`", "-password    string `url:\"password,omitempty\"`", "+        Username    string `url:\"username,omitempty\"`", "+Password    string `url:\"password,omitempty\"`", "-    _sling = _sling.QueryStruct(&QueryParams{ username: username,password: password })", "+    _sling = _sling.QueryStruct(&QueryParams{ Username: username,Password: password })"], "url": ["https://api.github.com/repos/swagger-api/swagger-codegen/commits/a5a75db2cff717ee21bf23bda05cd8543033ed89"]}