{"new_feature": "19765,14,163,32708,30,0.18", "commitmessage": "Call onAllDataRead when read() returns -1\n\nWhen read returns -1, we know we've reached the end of input. Instead\nof waiting for the onAllDataRead container callback, this commit\nproactively calls onAllDataRead.\n\nIssue: SPR-16521", "patch": ["@@ -1,5 +1,5 @@\n /*\n- * Copyright 2002-2017 the original author or authors.\n+ * Copyright 2002-2018 the original author or authors.\n  *\n  * Licensed under the Apache License, Version 2.0 (the \"License\");\n  * you may not use this file except in compliance with the License.\n@@ -38,6 +38,7 @@\n \n import org.springframework.core.io.buffer.DataBuffer;\n import org.springframework.core.io.buffer.DataBufferFactory;\n+import org.springframework.core.io.buffer.DefaultDataBufferFactory;\n import org.springframework.http.HttpCookie;\n import org.springframework.http.HttpHeaders;\n import org.springframework.http.MediaType;\n@@ -60,6 +61,8 @@\n \n \tprivate static final String SSL_SESSION_ID_ATTRIBUTE = \"javax.servlet.request.ssl_session_id\";\n \n+\tstatic final DataBuffer EOF_BUFFER = new DefaultDataBufferFactory().allocateBuffer(0);\n+\n \n \tprotected final Log logger = LogFactory.getLog(getClass());\n \n@@ -197,7 +200,7 @@ protected SslInfo initSslInfo() {\n \t * Invoked only when {@link ServletInputStream#isReady()} returns \"true\".\n \t */\n \t@Nullable\n-\tprotected DataBuffer readFromInputStream() throws IOException {\n+\tDataBuffer readFromInputStream() throws IOException {\n \t\tint read = this.request.getInputStream().read(this.buffer);\n \t\tif (logger.isTraceEnabled()) {\n \t\t\tlogger.trace(\"InputStream read returned \" + read + (read != -1 ? \" bytes\" : \"\"));\n@@ -208,6 +211,9 @@ protected DataBuffer readFromInputStream() throws IOException {\n \t\t\tdataBuffer.write(this.buffer, 0, read);\n \t\t\treturn dataBuffer;\n \t\t}\n+\t\telse if (read == -1) {\n+\t\t\treturn EOF_BUFFER;\n+\t\t}\n \n \t\treturn null;\n \t}\n@@ -266,7 +272,14 @@ protected void checkOnDataAvailable() {\n \t\t@Nullable\n \t\tprotected DataBuffer read() throws IOException {\n \t\t\tif (this.inputStream.isReady()) {\n-\t\t\t\treturn readFromInputStream();\n+\t\t\t\tDataBuffer dataBuffer = readFromInputStream();\n+\t\t\t\tif (dataBuffer != EOF_BUFFER) {\n+\t\t\t\t\treturn dataBuffer;\n+\t\t\t\t}\n+\t\t\t\telse {\n+\t\t\t\t\t// No need to wait for container callback...\n+\t\t\t\t\tonAllDataRead();\n+\t\t\t\t}\n \t\t\t}\n \t\t\treturn null;\n \t\t}", "@@ -1,5 +1,5 @@\n /*\n- * Copyright 2002-2017 the original author or authors.\n+ * Copyright 2002-2018 the original author or authors.\n  *\n  * Licensed under the Apache License, Version 2.0 (the \"License\");\n  * you may not use this file except in compliance with the License.\n@@ -93,6 +93,9 @@ protected DataBuffer readFromInputStream() throws IOException {\n \t\t\t\t\trelease = false;\n \t\t\t\t\treturn dataBuffer;\n \t\t\t\t}\n+\t\t\t\telse if (read == -1) {\n+\t\t\t\t\treturn EOF_BUFFER;\n+\t\t\t\t}\n \t\t\t\telse {\n \t\t\t\t\treturn null;\n \t\t\t\t}"], "edit": ["- * Copyright 2002-2017 the original author or authors.", "+ * Copyright 2002-2018 the original author or authors.", "+import org.springframework.core.io.buffer.DefaultDataBufferFactory;", "+\tstatic final DataBuffer EOF_BUFFER = new DefaultDataBufferFactory().allocateBuffer(0);", "+", "-\tprotected DataBuffer readFromInputStream() throws IOException {", "+\tDataBuffer readFromInputStream() throws IOException {", "+\t\telse if (read == -1) {", "+\t\t\treturn EOF_BUFFER;", "+\t\t}", "-\t\t\t\treturn readFromInputStream();", "+\t\t\t\tDataBuffer dataBuffer = readFromInputStream();", "+\t\t\t\tif (dataBuffer != EOF_BUFFER) {", "+\t\t\t\t\treturn dataBuffer;", "+\t\t\t\t}", "+\t\t\t\telse {", "+\t\t\t\t\t// No need to wait for container callback...", "+\t\t\t\t\tonAllDataRead();", "+\t\t\t\t}", "- * Copyright 2002-2017 the original author or authors.", "+ * Copyright 2002-2018 the original author or authors.", "+\t\t\t\telse if (read == -1) {", "+\t\t\t\t\treturn EOF_BUFFER;", "+\t\t\t\t}"], "url": ["https://api.github.com/repos/spring-projects/spring-framework/commits/a6d527e57aedd94a2e23cc8d35572076dbf0e417"]}