{"new_feature": "21402,4,205,3844,30,0.86", "commitmessage": "Remove \"maxLogMessageBufferSize\" ALV attribute\nfrom docs. It only exists in trunk and has erroneously\nbeen added to the docs in backport r1417437.\n\n\ngit-svn-id: https://svn.apache.org/repos/asf/tomcat/tc7.0.x/trunk@1417444 13f79535-47bb-0310-9956-ffa450edef68", "patch": ["@@ -236,13 +236,6 @@\n         </p>\n       </attribute>\n \n-      <attribute name=\"maxLogMessageBufferSize\" required=\"false\">\n-        <p>Log message buffers are usually recycled and re-used. To prevent\n-           excessive memory usage, if a buffer grows beyond this size it will be\n-           discarded. The default is <code>256</code> characters. This should be\n-           set to larger than the typical access log message size.</p>\n-      </attribute>\n-\n       <attribute name=\"resolveHosts\" required=\"false\">\n         <p>This attribute is no longer supported. Use the connector\n         attribute <code>enableLookups</code> instead.</p>"], "edit": ["-      <attribute name=\"maxLogMessageBufferSize\" required=\"false\">", "-        <p>Log message buffers are usually recycled and re-used. To prevent", "-           excessive memory usage, if a buffer grows beyond this size it will be", "-           discarded. The default is <code>256</code> characters. This should be", "-           set to larger than the typical access log message size.</p>", "-      </attribute>", "-"], "url": ["https://api.github.com/repos/apache/tomcat/commits/a6e48b352a8098cdbe4d939fe96028eb7214cfed"]}