{"new_feature": "21402,4,205,3844,30,0.86", "commitmessage": "Whitespace police after merge from Commons\n\ngit-svn-id: https://svn.apache.org/repos/asf/tomcat/trunk@1596877 13f79535-47bb-0310-9956-ffa450edef68", "patch": ["@@ -44,7 +44,7 @@\n public class PoolableConnection extends DelegatingConnection<Connection>\n         implements PoolableConnectionMXBean {\n \n-    private static MBeanServer MBEAN_SERVER = null; \n+    private static MBeanServer MBEAN_SERVER = null;\n \n     static {\n         try {"], "edit": ["-    private static MBeanServer MBEAN_SERVER = null;", "+    private static MBeanServer MBEAN_SERVER = null;"], "url": ["https://api.github.com/repos/apache/tomcat/commits/a7f0bc99ac7da4c94c3a48b680e5fc579a9bc69e"]}