{"new_feature": "4010,11,92,684,30,0.20", "commitmessage": "HV-1382 Add @PastOrPresent and @FutureOrPresent to the documentation", "patch": ["@@ -486,6 +486,10 @@ impact portability of your application between Bean Validation providers.\n \tSupported data types::: `java.util.Date`, `java.util.Calendar`, `java.time.Instant`, `java.time.LocalDate`, `java.time.LocalDateTime`, `java.time.LocalTime`, `java.time.MonthDay`, `java.time.OffsetDateTime`, `java.time.OffsetTime`, `java.time.Year`, `java.time.YearMonth`, `java.time.ZonedDateTime`, `java.time.chrono.HijrahDate`, `java.time.chrono.JapaneseDate`, `java.time.chrono.MinguoDate`, `java.time.chrono.ThaiBuddhistDate`; additionally supported by HV, if the http://www.joda.org/joda-time/[Joda Time] date/time API is on the classpath: any implementations of `ReadablePartial` and `ReadableInstant`\n \tHibernate metadata impact::: None\n \n+`@FutureOrPresent`:: Checks whether the annotated date is in the present or in the future\n+\tSupported data types::: `java.util.Date`, `java.util.Calendar`, `java.time.Instant`, `java.time.LocalDate`, `java.time.LocalDateTime`, `java.time.LocalTime`, `java.time.MonthDay`, `java.time.OffsetDateTime`, `java.time.OffsetTime`, `java.time.Year`, `java.time.YearMonth`, `java.time.ZonedDateTime`, `java.time.chrono.HijrahDate`, `java.time.chrono.JapaneseDate`, `java.time.chrono.MinguoDate`, `java.time.chrono.ThaiBuddhistDate`; additionally supported by HV, if the http://www.joda.org/joda-time/[Joda Time] date/time API is on the classpath: any implementations of `ReadablePartial` and `ReadableInstant`\n+\tHibernate metadata impact::: None\n+\n `@Max(value=)`:: Checks whether the annotated value is less than or equal to the specified maximum\n \tSupported data types::: `BigDecimal`, `BigInteger`, `byte`, `short`, `int`, `long` and the respective wrappers of the primitive types; additionally supported by HV: any sub-type of `CharSequence` (the numeric value represented by the character sequence is evaluated), any sub-type of `Number` and `javax.money.MonetaryAmount`\n \tHibernate metadata impact::: Adds a check constraint on the column\n@@ -522,6 +526,10 @@ impact portability of your application between Bean Validation providers.\n \tSupported data types::: `java.util.Date`,`java.util.Calendar`, `java.time.Instant`, `java.time.LocalDate`, `java.time.LocalDateTime`, `java.time.LocalTime`, `java.time.MonthDay`, `java.time.OffsetDateTime`, `java.time.OffsetTime`, `java.time.Year`, `java.time.YearMonth`, `java.time.ZonedDateTime`, `java.time.chrono.HijrahDate`, `java.time.chrono.JapaneseDate`, `java.time.chrono.MinguoDate`, `java.time.chrono.ThaiBuddhistDate`; Additionally supported by HV, if the http://www.joda.org/joda-time/[Joda Time] date/time API is on the classpath: any implementations of `ReadablePartial` and `ReadableInstant`\n \tHibernate metadata impact::: None\n \n+`@PastOrPresent`:: Checks whether the annotated date is in the past or in the present\n+\tSupported data types::: `java.util.Date`,`java.util.Calendar`, `java.time.Instant`, `java.time.LocalDate`, `java.time.LocalDateTime`, `java.time.LocalTime`, `java.time.MonthDay`, `java.time.OffsetDateTime`, `java.time.OffsetTime`, `java.time.Year`, `java.time.YearMonth`, `java.time.ZonedDateTime`, `java.time.chrono.HijrahDate`, `java.time.chrono.JapaneseDate`, `java.time.chrono.MinguoDate`, `java.time.chrono.ThaiBuddhistDate`; Additionally supported by HV, if the http://www.joda.org/joda-time/[Joda Time] date/time API is on the classpath: any implementations of `ReadablePartial` and `ReadableInstant`\n+\tHibernate metadata impact::: None\n+\n `@Pattern(regex=, flags=)`:: Checks if the annotated string matches the regular expression `regex` considering the given flag `match`\n \tSupported data types::: `CharSequence`\n \tHibernate metadata impact::: None"], "edit": ["+`@FutureOrPresent`:: Checks whether the annotated date is in the present or in the future", "+\tSupported data types::: `java.util.Date`, `java.util.Calendar`, `java.time.Instant`, `java.time.LocalDate`, `java.time.LocalDateTime`, `java.time.LocalTime`, `java.time.MonthDay`, `java.time.OffsetDateTime`, `java.time.OffsetTime`, `java.time.Year`, `java.time.YearMonth`, `java.time.ZonedDateTime`, `java.time.chrono.HijrahDate`, `java.time.chrono.JapaneseDate`, `java.time.chrono.MinguoDate`, `java.time.chrono.ThaiBuddhistDate`; additionally supported by HV, if the http://www.joda.org/joda-time/[Joda Time] date/time API is on the classpath: any implementations of `ReadablePartial` and `ReadableInstant`", "+\tHibernate metadata impact::: None", "+", "+`@PastOrPresent`:: Checks whether the annotated date is in the past or in the present", "+\tSupported data types::: `java.util.Date`,`java.util.Calendar`, `java.time.Instant`, `java.time.LocalDate`, `java.time.LocalDateTime`, `java.time.LocalTime`, `java.time.MonthDay`, `java.time.OffsetDateTime`, `java.time.OffsetTime`, `java.time.Year`, `java.time.YearMonth`, `java.time.ZonedDateTime`, `java.time.chrono.HijrahDate`, `java.time.chrono.JapaneseDate`, `java.time.chrono.MinguoDate`, `java.time.chrono.ThaiBuddhistDate`; Additionally supported by HV, if the http://www.joda.org/joda-time/[Joda Time] date/time API is on the classpath: any implementations of `ReadablePartial` and `ReadableInstant`", "+\tHibernate metadata impact::: None", "+"], "url": ["https://api.github.com/repos/hibernate/hibernate-validator/commits/a8766f1b9078deb76f620615eada275ae2fe83f0"]}