{"new_feature": "4550,35,53,883,30,0.21", "commitmessage": "TIKA-827 Handle sending non serializable exceptions back from the ForkServer\n\ngit-svn-id: https://svn.apache.org/repos/asf/tika/trunk@1224863 13f79535-47bb-0310-9956-ffa450edef68", "patch": ["@@ -21,6 +21,7 @@\n import java.io.DataOutputStream;\n import java.io.IOException;\n import java.io.InputStream;\n+import java.io.NotSerializableException;\n import java.io.OutputStream;\n import java.lang.reflect.InvocationTargetException;\n import java.lang.reflect.Method;\n@@ -29,6 +30,8 @@\n import java.util.zip.CheckedOutputStream;\n import java.util.zip.Checksum;\n \n+import org.apache.tika.exception.TikaException;\n+\n class ForkServer implements Runnable, Checksum {\n \n     public static final byte ERROR = -1;\n@@ -137,7 +140,17 @@ private void call(ClassLoader loader, Object object) throws Exception {\n             output.write(DONE);\n         } catch (InvocationTargetException e) {\n             output.write(ERROR);\n-            ForkObjectInputStream.sendObject(e.getCause(), output);\n+            \n+            // Try to send the underlying Exception itself\n+            Throwable toSend = e.getCause();\n+            try {\n+               ForkObjectInputStream.sendObject(toSend, output);\n+            } catch (NotSerializableException nse) {\n+               // Need to build a serializable version of it\n+               TikaException te = new TikaException( toSend.getMessage() );\n+               te.setStackTrace( toSend.getStackTrace() );\n+               ForkObjectInputStream.sendObject(te, output);\n+            }\n         }\n     }\n "], "edit": ["+import java.io.NotSerializableException;", "+import org.apache.tika.exception.TikaException;", "+", "-            ForkObjectInputStream.sendObject(e.getCause(), output);", "+", "+            // Try to send the underlying Exception itself", "+            Throwable toSend = e.getCause();", "+            try {", "+               ForkObjectInputStream.sendObject(toSend, output);", "+            } catch (NotSerializableException nse) {", "+               // Need to build a serializable version of it", "+               TikaException te = new TikaException( toSend.getMessage() );", "+               te.setStackTrace( toSend.getStackTrace() );", "+               ForkObjectInputStream.sendObject(te, output);", "+            }"], "url": ["https://api.github.com/repos/apache/tika/commits/a90b827bcbed21bb8a149cebdfdd483b3a20d7fe"]}