{"new_feature": "21402,4,205,3844,30,0.86", "commitmessage": "Trivial fix of cluster-interceptor document.\n\ngit-svn-id: https://svn.apache.org/repos/asf/tomcat/trunk@1739690 13f79535-47bb-0310-9956-ffa450edef68", "patch": ["@@ -243,7 +243,7 @@\n         The logical cluster domain for that this static member listens for cluster messages.\n         Two different type of values are possible:<br/>\n         1. Regular string values like &quot;staging-domain&quot; or &quot;tomcat-cluster&quot; will be converted into bytes\n-        using ISO-8859-1 encoding.\n+        using ISO-8859-1 encoding.<br/>\n         2. byte array in string form, for example {216,123,12,3}<br/>\n       </attribute>\n       <attribute name=\"uniqueId\" required=\"true\">"], "edit": ["-        using ISO-8859-1 encoding.", "+        using ISO-8859-1 encoding.<br/>"], "url": ["https://api.github.com/repos/apache/tomcat/commits/a98df3e180e7fc7c09510aa1c8ab83444ee8c9e4"]}