{"new_feature": "39907,34,149,2892,30,0.43", "commitmessage": "add the release version number to the spring.schemas files", "patch": ["@@ -73,4 +73,5 @@ http\\://camel.apache.org/schema/cxf/camel-cxf-2.12.4.xsd=schema/cxfEndpoint.xsd\n http\\://camel.apache.org/schema/cxf/camel-cxf-2.13.0.xsd=schema/cxfEndpoint.xsd\n http\\://camel.apache.org/schema/cxf/camel-cxf-2.13.1.xsd=schema/cxfEndpoint.xsd\n http\\://camel.apache.org/schema/cxf/camel-cxf-2.13.2.xsd=schema/cxfEndpoint.xsd\n+http\\://camel.apache.org/schema/cxf/camel-cxf-2.13.3.xsd=schema/cxfEndpoint.xsd\n http\\://camel.apache.org/schema/cxf/camel-cxf-${project.version}.xsd=schema/cxfEndpoint.xsd", "@@ -70,4 +70,5 @@ http\\://camel.apache.org/schema/spring/integration/camel-spring-integration-2.12\n http\\://camel.apache.org/schema/spring/integration/camel-spring-integration-2.13.0.xsd=schema/camel-spring-integration.xsd\r\n http\\://camel.apache.org/schema/spring/integration/camel-spring-integration-2.13.1.xsd=schema/camel-spring-integration.xsd\r\n http\\://camel.apache.org/schema/spring/integration/camel-spring-integration-2.13.2.xsd=schema/camel-spring-integration.xsd\r\n+http\\://camel.apache.org/schema/spring/integration/camel-spring-integration-2.13.3.xsd=schema/camel-spring-integration.xsd\r\n http\\://camel.apache.org/schema/spring/integration/camel-spring-integration-${project.version}.xsd=schema/camel-spring-integration.xsd\n\\ No newline at end of file", "@@ -64,4 +64,5 @@ http\\://camel.apache.org/schema/spring-security/camel-spring-security-2.12.4.xsd\n http\\://camel.apache.org/schema/spring-security/camel-spring-security-2.13.0.xsd=schema/camel-spring-security.xsd\r\n http\\://camel.apache.org/schema/spring-security/camel-spring-security-2.13.1.xsd=schema/camel-spring-security.xsd\r\n http\\://camel.apache.org/schema/spring-security/camel-spring-security-2.13.2.xsd=schema/camel-spring-security.xsd\r\n+http\\://camel.apache.org/schema/spring-security/camel-spring-security-2.13.3.xsd=schema/camel-spring-security.xsd\r\n http\\://camel.apache.org/schema/spring-security/camel-spring-security-${project.version}.xsd=schema/camel-spring-security.xsd\n\\ No newline at end of file", "@@ -72,6 +72,7 @@ http\\://camel.apache.org/schema/spring/camel-spring-2.12.4.xsd=camel-spring.xsd\n http\\://camel.apache.org/schema/spring/camel-spring-2.13.0.xsd=camel-spring.xsd\n http\\://camel.apache.org/schema/spring/camel-spring-2.13.1.xsd=camel-spring.xsd\n http\\://camel.apache.org/schema/spring/camel-spring-2.13.2.xsd=camel-spring.xsd\n+http\\://camel.apache.org/schema/spring/camel-spring-2.13.3.xsd=camel-spring.xsd\n http\\://camel.apache.org/schema/spring/camel-spring-${project.version}.xsd=camel-spring.xsd\n \n http\\://camel.apache.org/schema/osgi/camel-osgi.xsd=camel-osgi.xsd\n@@ -129,4 +130,5 @@ http\\://camel.apache.org/schema/osgi/camel-osgi-2.12.4.xsd=camel-osgi.xsd\n http\\://camel.apache.org/schema/osgi/camel-osgi-2.13.0.xsd=camel-osgi.xsd\n http\\://camel.apache.org/schema/osgi/camel-osgi-2.13.1.xsd=camel-osgi.xsd\n http\\://camel.apache.org/schema/osgi/camel-osgi-2.13.2.xsd=camel-osgi.xsd\n+http\\://camel.apache.org/schema/osgi/camel-osgi-2.13.3.xsd=camel-osgi.xsd\n http\\://camel.apache.org/schema/osgi/camel-osgi-${project.version}.xsd=camel-osgi.xsd"], "edit": ["+http\\://camel.apache.org/schema/cxf/camel-cxf-2.13.3.xsd=schema/cxfEndpoint.xsd", "+http\\://camel.apache.org/schema/spring/integration/camel-spring-integration-2.13.3.xsd=schema/camel-spring-integration.xsd", "+http\\://camel.apache.org/schema/spring-security/camel-spring-security-2.13.3.xsd=schema/camel-spring-security.xsd", "+http\\://camel.apache.org/schema/spring/camel-spring-2.13.3.xsd=camel-spring.xsd", "+http\\://camel.apache.org/schema/osgi/camel-osgi-2.13.3.xsd=camel-osgi.xsd"], "url": ["https://api.github.com/repos/apache/camel/commits/aa0a75f34dd66468685490cb244461d5a3d1a7ad"]}