{"new_feature": "1105,7,0,52,30,0.55", "commitmessage": "[maven-release-plugin] prepare release mercurial-1.51-beta-3", "patch": ["@@ -6,7 +6,7 @@\n         <version>1.568</version>\n     </parent>\n     <artifactId>mercurial</artifactId>\n-    <version>1.51-beta-3-SNAPSHOT</version>\n+    <version>1.51-beta-3</version>\n     <packaging>hpi</packaging>\n     <name>Jenkins Mercurial plugin</name>\n     <description>Allows Jenkins to check out projects from the Mercurial SCM.</description>\n@@ -48,7 +48,7 @@\n         <connection>scm:git:git://github.com/jenkinsci/${project.artifactId}-plugin.git</connection>\n         <developerConnection>scm:git:git@github.com:jenkinsci/${project.artifactId}-plugin.git</developerConnection>\n         <url>https://github.com/jenkinsci/${project.artifactId}-plugin</url>\n-      <tag>HEAD</tag>\n+      <tag>mercurial-1.51-beta-3</tag>\n   </scm>\n     <issueManagement>\n         <system>JIRA</system>"], "edit": ["-    <version>1.51-beta-3-SNAPSHOT</version>", "+    <version>1.51-beta-3</version>", "-      <tag>HEAD</tag>", "+      <tag>mercurial-1.51-beta-3</tag>"], "url": ["https://api.github.com/repos/jenkinsci/mercurial-plugin/commits/aa0c7f7b3e85abd09cce838a3a8d935940e447cb"]}