{"new_feature": "3162,8,49,377,30,0.49", "commitmessage": "Update to commons-parent-12\n\ngit-svn-id: https://svn.apache.org/repos/asf/commons/proper/collections/trunk@827830 13f79535-47bb-0310-9956-ffa450edef68", "patch": ["@@ -2,7 +2,7 @@\n   <parent>\n     <groupId>org.apache.commons</groupId>\n     <artifactId>commons-parent</artifactId>\n-    <version>11</version>\n+    <version>12</version>\n   </parent>\n   <modelVersion>4.0.0</modelVersion>\n   <groupId>commons-collections</groupId>"], "edit": ["-    <version>11</version>", "+    <version>12</version>"], "url": ["https://api.github.com/repos/apache/commons-collections/commits/aa0e7d0a9285f272a811990e0cc9cd83d240adfa"]}