{"new_feature": "2779,5,66,129,30,0.18", "commitmessage": "Add explicit length checks\n\ngit-svn-id: https://svn.apache.org/repos/asf/commons/proper/compress/trunk@1357025 13f79535-47bb-0310-9956-ffa450edef68", "patch": ["@@ -114,6 +114,10 @@ private void compareWrites(String archiverName, ArchiveEntry entry) throws Excep\n         aos3.write(byteTest, 0, byteTest.length);\n         aos3.closeArchiveEntry();\n         aos3.close();\n+        assertEquals(\"aos1Bytes!=aos2Bytes\",aos1.getBytesWritten(),aos2.getBytesWritten());\n+        assertEquals(\"aos1Bytes!=aos3Bytes\",aos1.getBytesWritten(),aos3.getBytesWritten());\n+        assertEquals(\"out1Len!=out2Len\",out1.toString().length(),out2.toString().length());\n+        assertEquals(\"out1Len!=out2Len\",out1.toString().length(),out3.toString().length());\n         assertEquals(\"out1!=out2\",out1.toString(),out2.toString());\n         assertEquals(\"out1!=out3\",out1.toString(),out3.toString());\n     }\n@@ -165,6 +169,8 @@ private void compareReads(String archiverName) throws Exception {\n         }\n         ais3.close();\n \n+        assertEquals(\"out1Len!=out2Len\",out1.toString().length(),out2.toString().length());\n+        assertEquals(\"out1Len!=out3Len\",out1.toString().length(),out3.toString().length());\n         assertEquals(\"out1!=out2\",out1.toString(),out2.toString());\n         assertEquals(\"out1!=out3\",out1.toString(),out3.toString());\n     }"], "edit": ["+        assertEquals(\"aos1Bytes!=aos2Bytes\",aos1.getBytesWritten(),aos2.getBytesWritten());", "+        assertEquals(\"aos1Bytes!=aos3Bytes\",aos1.getBytesWritten(),aos3.getBytesWritten());", "+        assertEquals(\"out1Len!=out2Len\",out1.toString().length(),out2.toString().length());", "+        assertEquals(\"out1Len!=out2Len\",out1.toString().length(),out3.toString().length());", "+        assertEquals(\"out1Len!=out2Len\",out1.toString().length(),out2.toString().length());", "+        assertEquals(\"out1Len!=out3Len\",out1.toString().length(),out3.toString().length());"], "url": ["https://api.github.com/repos/apache/commons-compress/commits/aa8365f5b5bc871f1c8ad95412e68ee09ea44af2"]}