{"new_feature": "1071,16,89,370,23,0.94", "commitmessage": "remove a compiler warning", "patch": ["@@ -2,7 +2,6 @@\n \n import com.fasterxml.jackson.annotation.JsonPropertyOrder;\n \n-import com.fasterxml.jackson.dataformat.xml.*;\n import com.fasterxml.jackson.dataformat.xml.annotation.JacksonXmlProperty;\n \n public class TestSerializationOrdering extends XmlTestBase"], "edit": ["-import com.fasterxml.jackson.dataformat.xml.*;"], "url": ["https://api.github.com/repos/FasterXML/jackson-dataformat-xml/commits/aa98d137c25b76ae54480a76953823cad7df5734"]}