{"new_feature": "15206,20,149,587,30,0.37", "commitmessage": "Merged revisions 746266 via svnmerge from \nhttps://svn.apache.org/repos/asf/cxf/trunk\n\n........\n  r746266 | dkulp | 2009-02-20 09:56:04 -0500 (Fri, 20 Feb 2009) | 2 lines\n  \n  Now fix the line length\n........\n\n\ngit-svn-id: https://svn.apache.org/repos/asf/cxf/branches/2.1.x-fixes@746276 13f79535-47bb-0310-9956-ffa450edef68", "patch": ["@@ -114,7 +114,8 @@ public void testSoap12Out() throws Exception {\n         \n         assertValid(\"//soap12env:Fault/soap12env:Code/soap12env:Value[text()='ns1:Sender']\", \n                     faultDoc);\n-        assertValid(\"//soap12env:Fault/soap12env:Code/soap12env:Subcode/soap12env:Value[text()='ns2:invalidsoap']\", \n+        assertValid(\"//soap12env:Fault/soap12env:Code/soap12env:Subcode/\"\n+                    + \"soap12env:Value[text()='ns2:invalidsoap']\", \n                     faultDoc);\n         assertValid(\"//soap12env:Fault/soap12env:Reason/soap12env:Text[@xml:lang='en']\", \n                     faultDoc);"], "edit": ["-        assertValid(\"//soap12env:Fault/soap12env:Code/soap12env:Subcode/soap12env:Value[text()='ns2:invalidsoap']\",", "+        assertValid(\"//soap12env:Fault/soap12env:Code/soap12env:Subcode/\"", "+                    + \"soap12env:Value[text()='ns2:invalidsoap']\","], "url": ["https://api.github.com/repos/apache/cxf/commits/aab7030cf948cfaff1126bac8d9807e1c4be1e14"]}