{"new_feature": "9910,22,88,841,12,0.38", "commitmessage": "In setCellFormula(String) the Ptg stack in FormulaRecord is cleared before filling it with new values. Prior to this fix, repeated calls to setCellFormula would keep accumulating Ptgs in the stack although only the topmost \"size\" number of Ptgs would ever be used.\n\ngit-svn-id: https://svn.apache.org/repos/asf/jakarta/poi/trunk@430137 13f79535-47bb-0310-9956-ffa450edef68", "patch": ["@@ -597,19 +597,26 @@ public void setCellFormula(String formula) {\n         } else {\n             setCellType(CELL_TYPE_FORMULA,false,row,col,styleIndex);\n             FormulaRecordAggregate rec = (FormulaRecordAggregate) record;\n-            rec.getFormulaRecord().setOptions(( short ) 2);\n-            rec.getFormulaRecord().setValue(0);\n+            FormulaRecord frec = rec.getFormulaRecord();\n+            frec.setOptions(( short ) 2);\n+            frec.setValue(0);\n             \n             //only set to default if there is no extended format index already set\n             if (rec.getXFIndex() == (short)0) rec.setXFIndex(( short ) 0x0f);\n             FormulaParser fp = new FormulaParser(formula+\";\",book);\n             fp.parse();\n             Ptg[] ptg  = fp.getRPNPtg();\n             int   size = 0;\n-            //System.out.println(\"got Ptgs \" + ptg.length);\n+\n+            // clear the Ptg Stack\n+            for (int i=0, iSize=frec.getNumberOfExpressionTokens(); i<iSize; i++) {\n+                frec.popExpressionToken();\n+            }\n+\n+            // fill the Ptg Stack with Ptgs of new formula\n             for (int k = 0; k < ptg.length; k++) {\n                 size += ptg[ k ].getSize();\n-                rec.getFormulaRecord().pushExpressionToken(ptg[ k ]);\n+                frec.pushExpressionToken(ptg[ k ]);\n             }\n             rec.getFormulaRecord().setExpressionLength(( short ) size);\n             //Workbook.currentBook = null;"], "edit": ["-            rec.getFormulaRecord().setOptions(( short ) 2);", "-            rec.getFormulaRecord().setValue(0);", "+            FormulaRecord frec = rec.getFormulaRecord();", "+            frec.setOptions(( short ) 2);", "+            frec.setValue(0);", "-            //System.out.println(\"got Ptgs \" + ptg.length);", "+", "+            // clear the Ptg Stack", "+            for (int i=0, iSize=frec.getNumberOfExpressionTokens(); i<iSize; i++) {", "+                frec.popExpressionToken();", "+            }", "+", "+            // fill the Ptg Stack with Ptgs of new formula", "-                rec.getFormulaRecord().pushExpressionToken(ptg[ k ]);", "+                frec.pushExpressionToken(ptg[ k ]);"], "url": ["https://api.github.com/repos/apache/poi/commits/ab27ce3720931f760545694dc1939bd65d5236d6"]}