{"new_feature": "15206,20,149,587,30,0.05", "commitmessage": "remove printStackTrace\n\ngit-svn-id: https://svn.apache.org/repos/asf/cxf/trunk@1038449 13f79535-47bb-0310-9956-ffa450edef68", "patch": ["@@ -147,7 +147,7 @@ public void handleResponse(Response<SOAPMessage> response) {\n                 SOAPMessage reply = response.get();\n                 replyBuffer = reply.getSOAPBody().getTextContent();\n             } catch (Exception e) {\n-                e.printStackTrace();\n+                //\n             }\n         }\n "], "edit": ["-                e.printStackTrace();", "+                //"], "url": ["https://api.github.com/repos/apache/cxf/commits/ab7e8b8c20bc2c63cccc0ec73d8023e3d30ff8f7"]}