{"new_feature": "21402,4,205,3844,30,0.86", "commitmessage": "Fix an i18n TODO\n\ngit-svn-id: https://svn.apache.org/repos/asf/tomcat/trunk@1496208 13f79535-47bb-0310-9956-ffa450edef68", "patch": ["@@ -22,6 +22,8 @@ serverContainer.pojoDeploy=POJO class [{0}] deploying to path [{1}] in ServletCo\n serverContainer.servletContextMismatch=Attempted to register a POJO annotated for WebSocket at path [{0}] in the ServletContext with context path [{1}] when the WebSocket ServerContainer is allocated to the ServletContext with context path [{2}]\n serverContainer.servletContextMissing=No ServletContext was specified\n \n+uriTemplate.invalidSegment=The segment [{0}] is not valid in the provided path [{1}]\n+\n wsHttpUpgradeHandler.destroyFailed=Failed to close WebConnection while destroying the WebSocket HttpUpgradeHandler\n wsHttpUpgradeHandler.noPreInit=The preInit() method must be called to configure the WebSocket HttpUpgradeHandler before the container calls init(). Usually, this means the Servlet that created the WsHttpUpgradeHandler instance should also call preInit()\n ", "@@ -22,12 +22,17 @@\n import java.util.List;\n import java.util.Map;\n \n+import org.apache.tomcat.util.res.StringManager;\n+\n /**\n  * Extracts path parameters from URIs used to create web socket connections\n  * using the URI template defined for the associated Endpoint.\n  */\n public class UriTemplate {\n \n+    private static final StringManager sm =\n+            StringManager.getManager(Constants.PACKAGE_NAME);\n+\n     private final String normalized;\n     private final List<Segment> segments = new ArrayList<>();\n     private final boolean hasParameters;\n@@ -55,8 +60,8 @@ public UriTemplate(String path) {\n                 normalized.append('}');\n             } else {\n                 if (segment.contains(\"{\") || segment.contains(\"}\")) {\n-                    // TODO i18n\n-                    throw new IllegalArgumentException();\n+                    throw new IllegalArgumentException(sm.getString(\n+                            \"uriTemplate.invalidSegment\", segment, path));\n                 }\n                 normalized.append(segment);\n             }"], "edit": ["+uriTemplate.invalidSegment=The segment [{0}] is not valid in the provided path [{1}]", "+", "+import org.apache.tomcat.util.res.StringManager;", "+", "+    private static final StringManager sm =", "+            StringManager.getManager(Constants.PACKAGE_NAME);", "+", "-                    // TODO i18n", "-                    throw new IllegalArgumentException();", "+                    throw new IllegalArgumentException(sm.getString(", "+                            \"uriTemplate.invalidSegment\", segment, path));"], "url": ["https://api.github.com/repos/apache/tomcat/commits/ac66c63f519c1a4fa45ceff95aa37552b98758de"]}