{"new_feature": "6079,2,17,1026,30,0.51", "commitmessage": "Merge branch 'pgpkeyringgetpublickeys' of https://github.com/vanitasvitae/bc-java into vanitasvitae-pgpkeyringgetpublickeys", "patch": ["@@ -108,7 +108,7 @@ static void readUserIDs(\n      *\n      * @return Iterator\n      */\n-    public abstract Iterator getPublicKeys();\n+    public abstract Iterator<PGPPublicKey> getPublicKeys();\n \n     /**\n      * Return the public key referred to by the passed in keyID if it"], "edit": ["-    public abstract Iterator getPublicKeys();", "+    public abstract Iterator<PGPPublicKey> getPublicKeys();"], "url": ["https://api.github.com/repos/bcgit/bc-java/commits/acebc25dd45b0c53910dfbb95b0ee8547e58bb21"]}