{"new_feature": "5658,20,124,2231,30,0.96", "commitmessage": "yet more work on format visitors", "patch": ["@@ -2541,6 +2541,7 @@ protected Object _convert(Object fromValue, JavaType toValueType)\n      * @param t The class to generate schema for\n      * @return Constructed JSON schema.\n      */\n+    @SuppressWarnings(\"deprecation\")\n     public JsonSchema generateJsonSchema(Class<?> t) throws JsonMappingException {\n         return _serializerProvider(getSerializationConfig()).generateJsonSchema(t);\n     }\n@@ -2580,11 +2581,7 @@ public void acceptJsonFormatVisitor(JavaType type, JsonFormatVisitorWrapper visi\n         if (type == null) {\n             throw new IllegalArgumentException(\"type must be provided\");\n         }\n-        if (visitor != null) {\n-            DefaultSerializerProvider provider = _serializerProvider(getSerializationConfig());\n-            visitor.setProvider(provider);\n-            provider.acceptJsonFormatVisitor(type, visitor);\n-        }\n+        _serializerProvider(getSerializationConfig()).acceptJsonFormatVisitor(type, visitor);\n     }\n     \n     /*", "@@ -13,6 +13,7 @@\n import com.fasterxml.jackson.core.util.Instantiatable;\n import com.fasterxml.jackson.core.util.MinimalPrettyPrinter;\n import com.fasterxml.jackson.databind.cfg.DatabindVersion;\n+import com.fasterxml.jackson.databind.jsonFormatVisitors.JsonFormatVisitorWrapper;\n import com.fasterxml.jackson.databind.ser.DefaultSerializerProvider;\n import com.fasterxml.jackson.databind.ser.FilterProvider;\n import com.fasterxml.jackson.databind.ser.SerializerFactory;\n@@ -585,6 +586,27 @@ public String writeValueAsString(Object value)\n     /**********************************************************\n      */\n \n+    /**\n+     * Method for visiting type hierarchy for given type, using specified visitor.\n+     * Visitation uses <code>Serializer</code> hierarchy and related properties\n+     *<p>\n+     * This method can be used for things like\n+     * generating <a href=\"http://json-schema.org/\">Json Schema</a>\n+     * instance for specified type.\n+     *\n+     * @param type Type to generate schema for (possibly with generic signature)\n+     * \n+     * @since 2.2\n+     */\n+    public void acceptJsonFormatVisitor(JavaType type, JsonFormatVisitorWrapper visitor)\n+        throws JsonMappingException\n+    {\n+        if (type == null) {\n+            throw new IllegalArgumentException(\"type must be provided\");\n+        }\n+        _serializerProvider(_config).acceptJsonFormatVisitor(type, visitor);\n+    }\n+    \n     public boolean canSerialize(Class<?> type) {\n         return _serializerProvider(_config).hasSerializerFor(type);\n     }", "@@ -279,6 +279,7 @@ public void acceptJsonFormatVisitor(JavaType javaType, JsonFormatVisitorWrapper\n         /* no need for embedded type information for JSON schema generation (all\n          * type information it needs is accessible via \"untyped\" serializer)\n          */\n+        visitor.setProvider(this);\n         findValueSerializer(javaType, null).acceptJsonFormatVisitor(visitor, javaType);\n     }\n     "], "edit": ["+    @SuppressWarnings(\"deprecation\")", "-        if (visitor != null) {", "-            DefaultSerializerProvider provider = _serializerProvider(getSerializationConfig());", "-            visitor.setProvider(provider);", "-            provider.acceptJsonFormatVisitor(type, visitor);", "-        }", "+        _serializerProvider(getSerializationConfig()).acceptJsonFormatVisitor(type, visitor);", "+import com.fasterxml.jackson.databind.jsonFormatVisitors.JsonFormatVisitorWrapper;", "+    /**", "+     * Method for visiting type hierarchy for given type, using specified visitor.", "+     * Visitation uses <code>Serializer</code> hierarchy and related properties", "+     *<p>", "+     * This method can be used for things like", "+     * generating <a href=\"http://json-schema.org/\">Json Schema</a>", "+     * instance for specified type.", "+     *", "+     * @param type Type to generate schema for (possibly with generic signature)", "+     *", "+     * @since 2.2", "+     */", "+    public void acceptJsonFormatVisitor(JavaType type, JsonFormatVisitorWrapper visitor)", "+        throws JsonMappingException", "+    {", "+        if (type == null) {", "+            throw new IllegalArgumentException(\"type must be provided\");", "+        }", "+        _serializerProvider(_config).acceptJsonFormatVisitor(type, visitor);", "+    }", "+", "+        visitor.setProvider(this);"], "url": ["https://api.github.com/repos/FasterXML/jackson-databind/commits/ae3cd6981317741354c1bad30c7b38f0fac67f12"]}