{"new_feature": "8670,37,235,231,23,0.09", "commitmessage": "typo\n\ngit-svn-id: https://svn.apache.org/repos/asf/jackrabbit/trunk@565396 13f79535-47bb-0310-9956-ffa450edef68", "patch": ["@@ -156,8 +156,8 @@ public void setMandatory(boolean mandatory) {\n     /**\n      * {@inheritDoc}\n      * <p/>\n-     * The identifier is computed based on the characteristics of this property\n-     * definition, i.e. modifying attributes of this property definition will\n+     * The identifier is computed based on the characteristics of this node\n+     * definition, i.e. modifying attributes of this node definition will\n      * have impact on the identifier returned by this method.\n      */\n     public NodeDefId getId() {"], "edit": ["-     * The identifier is computed based on the characteristics of this property", "-     * definition, i.e. modifying attributes of this property definition will", "+     * The identifier is computed based on the characteristics of this node", "+     * definition, i.e. modifying attributes of this node definition will"], "url": ["https://api.github.com/repos/apache/jackrabbit/commits/afd3eadbeb329882776bdc8abeb03a120dd61f98"]}