{"new_feature": "7969,115,246,1043,30,0.05", "commitmessage": "Reduce test flakiness\n\n- Increase db connection attempts when running in a slow concourse container\n\nSigned-off-by: Jaskanwal Pawar <jpawar@pivotal.io>\nCo-authored-by: Jaskanwal Pawar <jpawar@pivotal.io>", "patch": ["@@ -26,7 +26,7 @@ function bootDB {\n   echo -n \"Booting $db\"\n   set -x\n   eval \"$launchDB\"\n-  for _ in $(seq 1 60); do\n+  for _ in $(seq 1 120); do\n     set +ex\n     eval \"$testConnection\"\n     exitcode=$?"], "edit": ["-  for _ in $(seq 1 60); do", "+  for _ in $(seq 1 120); do"], "url": ["https://api.github.com/repos/cloudfoundry/uaa/commits/b05f91958ebac7134fa2dc2cc8cd0b5b5ebcc09b"]}