{"new_feature": "16,1,0,24,0,1.00", "commitmessage": "oops. forgot to add ant build.xml file", "patch": ["@@ -0,0 +1,45 @@\n+<project name=\"jBCrypt\" default=\"dist\" basedir=\".\">\n+\t<description>Buildfile for the jBCrypt project</description>\n+\n+\t<property name=\"src\" location=\"src\"/>\n+\t<property name=\"test-src\" location=\"test\"/>\n+\t<property name=\"build\" location=\"build\"/>\n+\t<property name=\"test-build\" location=\"test-build\"/>\n+\t\n+\t<target name=\"init\">\n+\t\t<mkdir dir=\"${build}\"/>\n+\t\t<mkdir dir=\"${test-build}\"/>\n+\t</target>\n+\t\n+\t<target name=\"clean\">\n+\t\t<delete dir=\"${build}\"/>\n+\t\t<delete dir=\"${test-build}\"/>\n+\t</target>\n+\t\n+\t<target name=\"build\" depends=\"init\">\n+\t\t<javac target=\"1.6\" srcdir=\"${src}\" destdir=\"${build}\"/>\n+\t</target>\n+\t\n+\t<target name=\"build-tests\" depends=\"init, build\">\n+\t\t<javac target=\"1.6\" srcdir=\"${test-src}\" destdir=\"${test-build}\">\n+\t\t\t<classpath>\n+\t\t\t\t<pathelement path=\"${build}\"/>\n+\t\t\t</classpath>\n+\t\t</javac>\n+\t</target>\n+\t\n+\t<target name=\"test\" depends=\"build-tests\">\n+\t\t<junit printsummary=\"on\" showoutput=\"on\">\n+\t\t\t<classpath>\n+\t\t\t\t<pathelement path=\"${build}\"/>\n+\t\t\t\t<pathelement path=\"${test-build}\"/>\n+\t\t\t</classpath>\n+\t\t\t\n+\t\t\t<test name=\"org.mindrot.jbcrypt.TestBCrypt\"/>\n+\t\t</junit>\n+\t</target>\n+\t\n+\t<target name=\"dist\" depends=\"build\">\n+\t\t<jar destfile=\"jbcrypt.jar\" basedir=\"${build}\"/>\n+\t</target>\n+</project>"], "edit": ["+<project name=\"jBCrypt\" default=\"dist\" basedir=\".\">", "+\t<description>Buildfile for the jBCrypt project</description>", "+", "+\t<property name=\"src\" location=\"src\"/>", "+\t<property name=\"test-src\" location=\"test\"/>", "+\t<property name=\"build\" location=\"build\"/>", "+\t<property name=\"test-build\" location=\"test-build\"/>", "+", "+\t<target name=\"init\">", "+\t\t<mkdir dir=\"${build}\"/>", "+\t\t<mkdir dir=\"${test-build}\"/>", "+\t</target>", "+", "+\t<target name=\"clean\">", "+\t\t<delete dir=\"${build}\"/>", "+\t\t<delete dir=\"${test-build}\"/>", "+\t</target>", "+", "+\t<target name=\"build\" depends=\"init\">", "+\t\t<javac target=\"1.6\" srcdir=\"${src}\" destdir=\"${build}\"/>", "+\t</target>", "+", "+\t<target name=\"build-tests\" depends=\"init, build\">", "+\t\t<javac target=\"1.6\" srcdir=\"${test-src}\" destdir=\"${test-build}\">", "+\t\t\t<classpath>", "+\t\t\t\t<pathelement path=\"${build}\"/>", "+\t\t\t</classpath>", "+\t\t</javac>", "+\t</target>", "+", "+\t<target name=\"test\" depends=\"build-tests\">", "+\t\t<junit printsummary=\"on\" showoutput=\"on\">", "+\t\t\t<classpath>", "+\t\t\t\t<pathelement path=\"${build}\"/>", "+\t\t\t\t<pathelement path=\"${test-build}\"/>", "+\t\t\t</classpath>", "+", "+\t\t\t<test name=\"org.mindrot.jbcrypt.TestBCrypt\"/>", "+\t\t</junit>", "+\t</target>", "+", "+\t<target name=\"dist\" depends=\"build\">", "+\t\t<jar destfile=\"jbcrypt.jar\" basedir=\"${build}\"/>", "+\t</target>", "+</project>"], "url": ["https://api.github.com/repos/djmdjm/jBCrypt/commits/b129c40bc8c207ecdd0a2f05cbf154b0a67110d4"]}