{"new_feature": "4550,35,53,883,30,0.00", "commitmessage": "[TIKA-2472] Reimplementing Metadata.hashCode using the AbstractMap code but with Arrays.hashCode as suggested by Ken", "patch": ["@@ -22,12 +22,16 @@\n import java.text.DateFormat;\n import java.text.DateFormatSymbols;\n import java.text.SimpleDateFormat;\n+import java.util.Arrays;\n import java.util.Calendar;\n import java.util.Date;\n import java.util.Enumeration;\n import java.util.HashMap;\n+import java.util.Iterator;\n import java.util.Locale;\n import java.util.Map;\n+import java.util.Map.Entry;\n+import java.util.Objects;\n import java.util.Properties;\n import java.util.TimeZone;\n \n@@ -483,10 +487,20 @@ public int size() {\n     }\n \n     public int hashCode() {\n-        return metadata.hashCode();\n+        int h = 0;\n+        for (Iterator<Entry<String,String[]>> i = metadata.entrySet().iterator();\n+             i.hasNext();) {\n+            h += getMetadataEntryHashCode(i.next());\n+        }\n+        return h;\n     }\n \n-    public boolean equals(Object o) {\n+    private int getMetadataEntryHashCode(Entry<String, String[]> e) {\n+    \treturn Objects.hashCode(e.getKey()) \n+            ^ (e.getValue() == null ? 0 : Arrays.hashCode(e.getValue()));\n+\t}\n+\n+\tpublic boolean equals(Object o) {\n \n         if (o == null) {\n             return false;", "@@ -422,4 +422,50 @@ public Integer call() throws Exception {\n             return 1;\n         }\n     }\n+    \n+    @Test\n+    public void testEquals() {\n+        Metadata meta1 = new Metadata();\n+        meta1.add(\"key\", \"value1\");\n+        meta1.add(\"key\", \"value2\");\n+        meta1.add(\"key2\", \"value12\");\n+        \n+        Metadata meta2 = new Metadata();\n+        meta2.add(\"key\", \"value1\");\n+        meta2.add(\"key\", \"value2\");\n+        meta2.add(\"key2\", \"value12\");\n+        \n+        assertEquals(meta1, meta2);\n+    }\n+    \n+    @Test\n+    public void testNotEquals() {\n+        Metadata meta1 = new Metadata();\n+        meta1.add(\"key\", \"value1\");\n+        meta1.add(\"key\", \"value2\");\n+        meta1.add(\"key2\", \"value12\");\n+        \n+        Metadata meta2 = new Metadata();\n+        meta2.add(\"key\", \"value1\");\n+        meta2.add(\"key\", \"value2\");\n+        meta2.add(\"key2\", \"value22\");\n+        \n+        assertFalse(meta1.equals(meta2));\n+    }\n+    \n+    @Test\n+    public void testEqualAndHashCode() {\n+        Metadata meta1 = new Metadata();\n+        meta1.add(\"key\", \"value1\");\n+        meta1.add(\"key\", \"value2\");\n+        meta1.add(\"key2\", \"value12\");\n+        \n+        Metadata meta2 = new Metadata();\n+        meta2.add(\"key\", \"value1\");\n+        meta2.add(\"key\", \"value2\");\n+        meta2.add(\"key2\", \"value12\");\n+        \n+        assertEquals(meta1, meta2);\n+        assertEquals(meta1.hashCode(), meta2.hashCode());\n+    }\n }"], "edit": ["+import java.util.Arrays;", "+import java.util.Iterator;", "+import java.util.Map.Entry;", "+import java.util.Objects;", "-        return metadata.hashCode();", "+        int h = 0;", "+        for (Iterator<Entry<String,String[]>> i = metadata.entrySet().iterator();", "+             i.hasNext();) {", "+            h += getMetadataEntryHashCode(i.next());", "+        }", "+        return h;", "-    public boolean equals(Object o) {", "+    private int getMetadataEntryHashCode(Entry<String, String[]> e) {", "+    \treturn Objects.hashCode(e.getKey())", "+            ^ (e.getValue() == null ? 0 : Arrays.hashCode(e.getValue()));", "+\t}", "+", "+\tpublic boolean equals(Object o) {", "+", "+    @Test", "+    public void testEquals() {", "+        Metadata meta1 = new Metadata();", "+        meta1.add(\"key\", \"value1\");", "+        meta1.add(\"key\", \"value2\");", "+        meta1.add(\"key2\", \"value12\");", "+", "+        Metadata meta2 = new Metadata();", "+        meta2.add(\"key\", \"value1\");", "+        meta2.add(\"key\", \"value2\");", "+        meta2.add(\"key2\", \"value12\");", "+", "+        assertEquals(meta1, meta2);", "+    }", "+", "+    @Test", "+    public void testNotEquals() {", "+        Metadata meta1 = new Metadata();", "+        meta1.add(\"key\", \"value1\");", "+        meta1.add(\"key\", \"value2\");", "+        meta1.add(\"key2\", \"value12\");", "+", "+        Metadata meta2 = new Metadata();", "+        meta2.add(\"key\", \"value1\");", "+        meta2.add(\"key\", \"value2\");", "+        meta2.add(\"key2\", \"value22\");", "+", "+        assertFalse(meta1.equals(meta2));", "+    }", "+", "+    @Test", "+    public void testEqualAndHashCode() {", "+        Metadata meta1 = new Metadata();", "+        meta1.add(\"key\", \"value1\");", "+        meta1.add(\"key\", \"value2\");", "+        meta1.add(\"key2\", \"value12\");", "+", "+        Metadata meta2 = new Metadata();", "+        meta2.add(\"key\", \"value1\");", "+        meta2.add(\"key\", \"value2\");", "+        meta2.add(\"key2\", \"value12\");", "+", "+        assertEquals(meta1, meta2);", "+        assertEquals(meta1.hashCode(), meta2.hashCode());", "+    }"], "url": ["https://api.github.com/repos/apache/tika/commits/b1d80bd7a649e90b225b2769c8affc4809a9cb9b"]}