{"new_feature": "8799,7,32,23,17,0.20", "commitmessage": "QPID-7313: Notify i/o layer that connection state is changed on adding of ConnectionCloseTicker", "patch": ["@@ -130,6 +130,9 @@ protected void setState(State state)\n         if(state == State.CLOSING)\n         {\n             getAmqpConnection().getAggregateTicker().addTicker(new ConnectionClosingTicker(System.currentTimeMillis() + CLOSE_OK_TIMEOUT, (ServerNetworkConnection) getNetworkConnection()));\n+\n+            // trigger a wakeup to ensure the ticker will be taken into account\n+            notifyWork();\n         }\n     }\n ", "@@ -567,6 +567,9 @@ private void sendConnectionClose(int channelId, AMQFrame frame)\n                 {\n                     final long timeoutTime = System.currentTimeMillis() + CLOSE_OK_TIMEOUT;\n                     getAggregateTicker().addTicker(new ConnectionClosingTicker(timeoutTime, getNetwork()));\n+\n+                    // trigger a wakeup to ensure the ticker will be taken into account\n+                    notifyWork();\n                 }\n             }\n         }", "@@ -1325,6 +1325,8 @@ public void close()\n         getAggregateTicker().addTicker(new ConnectionClosingTicker(System.currentTimeMillis() + CLOSE_RESPONSE_TIMEOUT,\n                                                                    getNetwork()));\n \n+        // trigger a wakeup to ensure the ticker will be taken into account\n+        notifyWork();\n     }\n \n     @Override"], "edit": ["+", "+            // trigger a wakeup to ensure the ticker will be taken into account", "+            notifyWork();", "+", "+                    // trigger a wakeup to ensure the ticker will be taken into account", "+                    notifyWork();", "+        // trigger a wakeup to ensure the ticker will be taken into account", "+        notifyWork();"], "url": ["https://api.github.com/repos/apache/qpid-broker-j/commits/b2887a0f0807f065725d58172d696f9eb5fdfe15"]}