{"new_feature": "28824,27,0,14015,30,0.07", "commitmessage": "Merge pull request #3294 from dwnusbaum/JENKINS-34712\n\n[JENKINS-34712] Always show the master node when it is offline", "patch": ["@@ -129,7 +129,7 @@ THE SOFTWARE.\n       <j:forEach var=\"c\" items=\"${computers}\">\n         <j:set var=\"cDisplayExecutors\" value=\"${c.displayExecutors}\"/>\n         <tr>\n-          <j:if test=\"${computersSize gt 1 and !cDisplayExecutors.isEmpty()}\">\n+          <j:if test=\"${(computersSize gt 1 and !cDisplayExecutors.isEmpty()) or (c.node == app and c.offline)}\">\n             <th class=\"pane\" colspan=\"3\">\n               <local:computerCaption title=\"${c.displayName}\" />\n             </th>"], "edit": ["-          <j:if test=\"${computersSize gt 1 and !cDisplayExecutors.isEmpty()}\">", "+          <j:if test=\"${(computersSize gt 1 and !cDisplayExecutors.isEmpty()) or (c.node == app and c.offline)}\">"], "url": ["https://api.github.com/repos/jenkinsci/jenkins/commits/b67a30f8daff936c91fd54b90bef6c366707a8f1"]}