{"new_feature": "5684,5,115,970,30,0.64", "commitmessage": "WW-4866 Includes 9+ JDKs\n\n(cherry picked from commit af3ee07)", "patch": ["@@ -165,7 +165,7 @@\n         <profile>\n             <id>jdk9</id>\n             <activation>\n-                <jdk>9</jdk>\n+                <jdk>[9,)</jdk>\n             </activation>\n             <properties>\n                 <!-- coverall version 4.3.0 does not work with java 9, see https://github.com/trautonen/coveralls-maven-plugin/issues/112 -->"], "edit": ["-                <jdk>9</jdk>", "+                <jdk>[9,)</jdk>"], "url": ["https://api.github.com/repos/apache/struts/commits/b75c0ba5e1f69d60ef2f57583d078ce72e6b2f66"]}