{"new_feature": "2146,31,17,479,17,0.20", "commitmessage": "Cluster fix (#482)\n\n*  'OR' optimization\r\n\r\n* reload can synchronize the caching\r\n\r\n* reload can synchronize the caching", "patch": ["@@ -18,11 +18,11 @@ private XmltoUcore() {\n \n     public static void main(String[] args) throws Exception {\n         ClusterController.initFromShell();\n-        initFileToZK();\n+        initFileToUcore();\n         System.out.println(\"XmltoZkMain Finished\");\n     }\n \n-    public static void initFileToZK() throws Exception {\n+    public static void initFileToUcore() throws Exception {\n         UcoreClearKeyListener ucoreListen = new UcoreClearKeyListener();\n \n         XmlProcessBase xmlProcess = new XmlProcessBase();\n@@ -41,19 +41,4 @@ public static void initFileToZK() throws Exception {\n         ucoreListen.initAllNode();\n     }\n \n-    public static void writeFileToZK() throws Exception {\n-        UcoreClearKeyListener ucoreListen = new UcoreClearKeyListener();\n-\n-        XmlProcessBase xmlProcess = new XmlProcessBase();\n-\n-        new UXmlRuleLoader(xmlProcess, ucoreListen);\n-\n-        new UXmlServerLoader(xmlProcess, ucoreListen);\n-\n-        new UXmlSchemaLoader(xmlProcess, ucoreListen);\n-\n-\n-        xmlProcess.initJaxbClass();\n-        ucoreListen.initAllNode();\n-    }\n }", "@@ -159,7 +159,7 @@ private static void reloadWithUcore(final boolean loadAll, final int loadAllMode\n             load(loadAll, loadAllMode);\n \n             //step 3 if the reload with no error ,than write the config file into ucore remote\n-            XmltoUcore.writeFileToZK();\n+            XmltoUcore.initFileToUcore();\n \n             //step 4 write the reload flag and self reload result into ucore,notify the other dble to reload\n             ConfStatus status = new ConfStatus(UcoreConfig.getInstance().getValue(ClusterParamCfg.CLUSTER_CFG_MYID),"], "edit": ["-        initFileToZK();", "+        initFileToUcore();", "-    public static void initFileToZK() throws Exception {", "+    public static void initFileToUcore() throws Exception {", "-    public static void writeFileToZK() throws Exception {", "-        UcoreClearKeyListener ucoreListen = new UcoreClearKeyListener();", "-", "-        XmlProcessBase xmlProcess = new XmlProcessBase();", "-", "-        new UXmlRuleLoader(xmlProcess, ucoreListen);", "-", "-        new UXmlServerLoader(xmlProcess, ucoreListen);", "-", "-        new UXmlSchemaLoader(xmlProcess, ucoreListen);", "-", "-", "-        xmlProcess.initJaxbClass();", "-        ucoreListen.initAllNode();", "-    }", "-            XmltoUcore.writeFileToZK();", "+            XmltoUcore.initFileToUcore();"], "url": ["https://api.github.com/repos/actiontech/dble/commits/002d85f8df821ef052bb81add17f78556be044ef"]}