{"new_feature": "579,12,7,51,15,0.56", "commitmessage": "fix quick start", "patch": ["@@ -3,4 +3,5 @@\n + [0.2 dble\u5bf9MyCat\u505a\u7684\u589e\u5f3a](0.2_dble_enhance_MyCat.md)\n + [0.3 \u5feb\u901f\u5f00\u59cb](0.3_dble_quick_start.md)\n + [0.4 docker\u955c\u50cf\u5feb\u901f\u5f00\u59cb](0.4_dble_quick_start_docker.md)\n-+ [0.5 \u6570\u636e\u62c6\u5206\u7b80\u4ecb](0.5_sharding_brief_introduction.md)\n++ [0.5 docker-compose\u5feb\u901f\u5f00\u59cb](0.overview/0.5_dble_start_docker_compose.md)\n++ [0.5 \u6570\u636e\u62c6\u5206\u7b80\u4ecb](0.overview/0.6_sharding_brief_introduction.md)", "@@ -6,7 +6,8 @@\n     * [0.2 dble\u5bf9MyCat\u505a\u7684\u589e\u5f3a](0.overview/0.2_dble_enhance_MyCat.md)\n     * [0.3 \u5feb\u901f\u5f00\u59cb](0.overview/0.3_dble_quick_start.md)\n     * [0.4 docker\u955c\u50cf\u5feb\u901f\u5f00\u59cb](0.overview/0.4_dble_quick_start_docker.md)\n-    * [0.5 \u6570\u636e\u62c6\u5206\u7b80\u4ecb](0.overview/0.5_sharding_brief_introduction.md)\n+    * [0.5 docker-compose\u5feb\u901f\u5f00\u59cb](0.overview/0.5_dble_start_docker_compose.md)\n+    * [0.5 \u6570\u636e\u62c6\u5206\u7b80\u4ecb](0.overview/0.6_sharding_brief_introduction.md)\n * [1.\u914d\u7f6e\u6587\u4ef6](1.config_file/1.0_config_file.md)\n     * [1.1 rule.xml](1.config_file/1.1_rule.xml.md)\n     * [1.2 schema.xml](1.config_file/1.2_schema.xml.md)"], "edit": ["+ [0.2 dble\u5bf9MyCat\u505a\u7684\u589e\u5f3a](0.2_dble_enhance_MyCat.md)", "+ [0.3 \u5feb\u901f\u5f00\u59cb](0.3_dble_quick_start.md)", "+ [0.4 docker\u955c\u50cf\u5feb\u901f\u5f00\u59cb](0.4_dble_quick_start_docker.md)", "-+ [0.5 \u6570\u636e\u62c6\u5206\u7b80\u4ecb](0.5_sharding_brief_introduction.md)", "++ [0.5 docker-compose\u5feb\u901f\u5f00\u59cb](0.overview/0.5_dble_start_docker_compose.md)", "++ [0.5 \u6570\u636e\u62c6\u5206\u7b80\u4ecb](0.overview/0.6_sharding_brief_introduction.md)", "-    * [0.5 \u6570\u636e\u62c6\u5206\u7b80\u4ecb](0.overview/0.5_sharding_brief_introduction.md)", "+    * [0.5 docker-compose\u5feb\u901f\u5f00\u59cb](0.overview/0.5_dble_start_docker_compose.md)", "+    * [0.5 \u6570\u636e\u62c6\u5206\u7b80\u4ecb](0.overview/0.6_sharding_brief_introduction.md)"], "url": ["https://api.github.com/repos/actiontech/dble-docs-cn/commits/02a40db9dae1cb91d3621d1398cbc852d366b3c2"]}