{"new_feature": "1029,4,0,66,10,0.62", "commitmessage": "Fixed over complex code and NPE when adding results from multiple agents.", "patch": ["@@ -526,12 +526,9 @@ public void wrap() {\n      */\n \tpublic void add(Metrics s) {\n         // Check whether the host is the same. If not, set host to null\n-        if (!host.equals(s.host)) {\n-            if (host != null && !host.equals(s.host))\n-                host = null;\n-            if (s.host != null && !s.host.equals(host))\n-                host = null;\n-        }\n+        if (host != null && !host.equals(s.host))\n+            host = null;\n+\n         // Add up the thread count\n \t\tthreadCnt += s.threadCnt;\n "], "edit": ["-        if (!host.equals(s.host)) {", "-            if (host != null && !host.equals(s.host))", "-                host = null;", "-            if (s.host != null && !s.host.equals(host))", "-                host = null;", "-        }", "+        if (host != null && !host.equals(s.host))", "+            host = null;", "+"], "url": ["https://api.github.com/repos/akara/faban/commits/02b21333c7e357752680389c937620a0c82640d8"]}