{"new_feature": "1029,4,0,66,10,0.62", "commitmessage": "Bug fix in build process. We need to unwar faban.war to allow sample to build.", "patch": ["@@ -19,7 +19,7 @@\n * your own identifying information:\n * \"Portions Copyrighted [year] [name of copyright owner]\"\n *\n-* $Id: build.xml,v 1.2 2006/07/21 06:37:44 akara Exp $\n+* $Id: build.xml,v 1.3 2006/07/28 07:42:14 akara Exp $\n *\n * Copyright 2005 Sun Microsystems Inc. All Rights Reserved\n -->\n@@ -122,6 +122,10 @@\n             tofile=\"master/webapps/faban.war\"\n             overwrite=\"true\" preservelastmodified=\"true\"\n             includeEmptyDirs=\"true\" verbose=\"true\"/>\n+\n+        <!-- We need to unwar to be able to build the samples -->\n+        <unwar src=\"master/webapps/faban.war\"\n+            dest=\"master/webapps/faban\"/>\n     </target>\n \n     <patternset id=\"client.bin\">"], "edit": ["-* $Id: build.xml,v 1.2 2006/07/21 06:37:44 akara Exp $", "+* $Id: build.xml,v 1.3 2006/07/28 07:42:14 akara Exp $", "-->", "+", "+        <!-- We need to unwar to be able to build the samples -->", "+        <unwar src=\"master/webapps/faban.war\"", "+            dest=\"master/webapps/faban\"/>"], "url": ["https://api.github.com/repos/akara/faban/commits/03a0c47a0f077df4b49cd288f31fe508ff35ff8d"]}