{"new_feature": "4880,99,0,51,8,0.11", "commitmessage": "Fixing tests - more cases", "patch": ["@@ -90,17 +90,18 @@ public void testFormulaTransformations() {\n         \"CCl\",\n         \"CCl\",\n         \"CH20BrClFIN10P2\",\n-        \"BrClH10N4O2\"\n+        \"BrClH10N4O2\",\n+        \"BrClFH20IN10P2\"\n     );\n \n     List<ChemicalFormula> testCasesFormulae = testCases.stream().map(LcmsChemicalFormula::new).collect(Collectors.toList());\n     List<String> testCasesHillOrdered = testCasesFormulae.stream().map(ChemicalFormula::toString).collect(Collectors.toList());\n \n     assertEquals(testCasesHillOrderedExpected, testCasesHillOrdered);\n \n-    Iterator<Integer> testCasesExpectedC = Arrays.asList(20, 0, 2, 1, 1, 1, 0).iterator();\n-    Iterator<Integer> testCasesExpectedBr = Arrays.asList(1, 1, 1, 0, 0, 1, 1).iterator();\n-    Iterator<Integer> testCasesExpectedCl = Arrays.asList(2, 2, 0, 1, 1, 1, 1).iterator();\n+    Iterator<Integer> testCasesExpectedC = Arrays.asList(20, 0, 2, 1, 1, 1, 0, 0).iterator();\n+    Iterator<Integer> testCasesExpectedBr = Arrays.asList(1, 1, 1, 0, 0, 1, 1, 1).iterator();\n+    Iterator<Integer> testCasesExpectedCl = Arrays.asList(2, 2, 0, 1, 1, 1, 1, 1).iterator();\n \n     Iterator<ChemicalFormula> testCasesFormulaeIterator = testCasesFormulae.iterator();\n "], "edit": ["-        \"BrClH10N4O2\"", "+        \"BrClH10N4O2\",", "+        \"BrClFH20IN10P2\"", "-    Iterator<Integer> testCasesExpectedC = Arrays.asList(20, 0, 2, 1, 1, 1, 0).iterator();", "-    Iterator<Integer> testCasesExpectedBr = Arrays.asList(1, 1, 1, 0, 0, 1, 1).iterator();", "-    Iterator<Integer> testCasesExpectedCl = Arrays.asList(2, 2, 0, 1, 1, 1, 1).iterator();", "+    Iterator<Integer> testCasesExpectedC = Arrays.asList(20, 0, 2, 1, 1, 1, 0, 0).iterator();", "+    Iterator<Integer> testCasesExpectedBr = Arrays.asList(1, 1, 1, 0, 0, 1, 1, 1).iterator();", "+    Iterator<Integer> testCasesExpectedCl = Arrays.asList(2, 2, 0, 1, 1, 1, 1, 1).iterator();"], "url": ["https://api.github.com/repos/20n/act/commits/03be708d69c30d272a95a19f5c964df4e5c0766b"]}