{"new_feature": "1577,1,17,193,30,0.71", "commitmessage": "Fixed MainActivity fragments padding", "patch": ["@@ -88,6 +88,16 @@ protected int getItemLayoutRes() {\n         return R.layout.item_list;\n     }\n \n+    protected void applyRecyclerViewPaddingForLayoutRes(@LayoutRes int res) {\n+        int padding;\n+        if (res == R.layout.item_grid) {\n+            padding = (int) (getResources().getDisplayMetrics().density * 2);\n+        } else {\n+            padding = 0;\n+        }\n+        getRecyclerView().setPadding(padding, padding, padding, padding);\n+    }\n+\n     protected abstract int loadGridSize();\n \n     protected abstract void saveGridSize(int gridColumns);", "@@ -22,10 +22,12 @@ protected GridLayoutManager createLayoutManager() {\n     @NonNull\n     @Override\n     protected AlbumAdapter createAdapter() {\n+        int itemLayoutRes = getItemLayoutRes();\n+        applyRecyclerViewPaddingForLayoutRes(itemLayoutRes);\n         return new AlbumAdapter(\n                 getMainActivity(),\n                 AlbumLoader.getAllAlbums(getActivity()),\n-                getItemLayoutRes(),\n+                itemLayoutRes,\n                 loadUsePalette(),\n                 getMainActivity());\n     }", "@@ -24,10 +24,12 @@ protected GridLayoutManager createLayoutManager() {\n     @NonNull\n     @Override\n     protected ArtistAdapter createAdapter() {\n+        int itemLayoutRes = getItemLayoutRes();\n+        applyRecyclerViewPaddingForLayoutRes(itemLayoutRes);\n         return new ArtistAdapter(\n                 getMainActivity(),\n                 ArtistLoader.getAllArtists(getActivity()),\n-                getItemLayoutRes(),\n+                itemLayoutRes,\n                 loadUsePalette(),\n                 getMainActivity());\n     }", "@@ -32,6 +32,7 @@ protected SongAdapter createAdapter() {\n         MainActivity mainActivity = getMainActivity();\n         ArrayList<Song> songs = SongLoader.getAllSongs(getActivity());\n         int itemLayoutRes = getItemLayoutRes();\n+        applyRecyclerViewPaddingForLayoutRes(itemLayoutRes);\n         boolean usePalette = loadUsePalette();\n \n         if (getGridSize() <= getMaxGridSizeForList()) {", "@@ -1,13 +0,0 @@\n-<?xml version=\"1.0\" encoding=\"utf-8\"?>\n-<GridView xmlns:android=\"http://schemas.android.com/apk/res/android\"\n-    android:id=\"@+id/gridview\"\n-    android:layout_width=\"match_parent\"\n-    android:layout_height=\"match_parent\"\n-    android:columnWidth=\"56dp\"\n-          android:numColumns=\"7\"\n-    android:verticalSpacing=\"4dp\"\n-    android:horizontalSpacing=\"4dp\"\n-    android:padding=\"16dp\"\n-    android:clipToPadding=\"false\"\n-    android:stretchMode=\"columnWidth\"\n-    android:gravity=\"center\" />\n\\ No newline at end of file"], "edit": ["+    protected void applyRecyclerViewPaddingForLayoutRes(@LayoutRes int res) {", "+        int padding;", "+        if (res == R.layout.item_grid) {", "+            padding = (int) (getResources().getDisplayMetrics().density * 2);", "+        } else {", "+            padding = 0;", "+        }", "+        getRecyclerView().setPadding(padding, padding, padding, padding);", "+    }", "+", "+        int itemLayoutRes = getItemLayoutRes();", "+        applyRecyclerViewPaddingForLayoutRes(itemLayoutRes);", "-                getItemLayoutRes(),", "+                itemLayoutRes,", "+        int itemLayoutRes = getItemLayoutRes();", "+        applyRecyclerViewPaddingForLayoutRes(itemLayoutRes);", "-                getItemLayoutRes(),", "+                itemLayoutRes,", "+        applyRecyclerViewPaddingForLayoutRes(itemLayoutRes);", "-<?xml version=\"1.0\" encoding=\"utf-8\"?>", "-<GridView xmlns:android=\"http://schemas.android.com/apk/res/android\"", "-    android:id=\"@+id/gridview\"", "-    android:layout_width=\"match_parent\"", "-    android:layout_height=\"match_parent\"", "-    android:columnWidth=\"56dp\"", "-          android:numColumns=\"7\"", "-    android:verticalSpacing=\"4dp\"", "-    android:horizontalSpacing=\"4dp\"", "-    android:padding=\"16dp\"", "-    android:clipToPadding=\"false\"", "-    android:stretchMode=\"columnWidth\"", "-    android:gravity=\"center\" />"], "url": ["https://api.github.com/repos/AdrienPoupa/VinylMusicPlayer/commits/03c08028560c26df18f7b8d4109c0ca8b5f0c421"]}