{"new_feature": "1577,1,17,193,30,0.71", "commitmessage": "Fixed toolbar icon tinting in LibraryFragment and FoldersFragment.", "patch": ["@@ -32,6 +32,7 @@\n \n import com.afollestad.materialcab.MaterialCab;\n import com.kabouzeid.appthemehelper.ThemeStore;\n+import com.kabouzeid.appthemehelper.common.ATHToolbarActivity;\n import com.kabouzeid.appthemehelper.util.ToolbarContentTintHelper;\n import com.kabouzeid.gramophone.R;\n import com.kabouzeid.gramophone.adapter.SongFileAdapter;\n@@ -247,6 +248,13 @@ public MaterialCab openCab(int menuRes, MaterialCab.Callback callback) {\n     public void onCreateOptionsMenu(Menu menu, MenuInflater inflater) {\n         super.onCreateOptionsMenu(menu, inflater);\n         inflater.inflate(R.menu.menu_folders, menu);\n+        ToolbarContentTintHelper.handleOnCreateOptionsMenu(getActivity(), toolbar, menu, ATHToolbarActivity.getToolbarBackgroundColor(toolbar));\n+    }\n+\n+    @Override\n+    public void onPrepareOptionsMenu(Menu menu) {\n+        super.onPrepareOptionsMenu(menu);\n+        ToolbarContentTintHelper.handleOnPrepareOptionsMenu(getActivity(), toolbar);\n     }\n \n     @Override", "@@ -20,6 +20,7 @@\n \n import com.afollestad.materialcab.MaterialCab;\n import com.kabouzeid.appthemehelper.ThemeStore;\n+import com.kabouzeid.appthemehelper.common.ATHToolbarActivity;\n import com.kabouzeid.appthemehelper.util.TabLayoutUtil;\n import com.kabouzeid.appthemehelper.util.ToolbarContentTintHelper;\n import com.kabouzeid.gramophone.R;\n@@ -173,6 +174,13 @@ public void onCreateOptionsMenu(Menu menu, MenuInflater inflater) {\n             menu.removeItem(R.id.action_grid_size);\n             menu.removeItem(R.id.action_colored_footers);\n         }\n+        ToolbarContentTintHelper.handleOnCreateOptionsMenu(getActivity(), toolbar, menu, ATHToolbarActivity.getToolbarBackgroundColor(toolbar));\n+    }\n+\n+    @Override\n+    public void onPrepareOptionsMenu(Menu menu) {\n+        super.onPrepareOptionsMenu(menu);\n+        ToolbarContentTintHelper.handleOnPrepareOptionsMenu(getActivity(), toolbar);\n     }\n \n     @Override"], "edit": ["+import com.kabouzeid.appthemehelper.common.ATHToolbarActivity;", "+        ToolbarContentTintHelper.handleOnCreateOptionsMenu(getActivity(), toolbar, menu, ATHToolbarActivity.getToolbarBackgroundColor(toolbar));", "+    }", "+", "+    @Override", "+    public void onPrepareOptionsMenu(Menu menu) {", "+        super.onPrepareOptionsMenu(menu);", "+        ToolbarContentTintHelper.handleOnPrepareOptionsMenu(getActivity(), toolbar);", "+import com.kabouzeid.appthemehelper.common.ATHToolbarActivity;", "+        ToolbarContentTintHelper.handleOnCreateOptionsMenu(getActivity(), toolbar, menu, ATHToolbarActivity.getToolbarBackgroundColor(toolbar));", "+    }", "+", "+    @Override", "+    public void onPrepareOptionsMenu(Menu menu) {", "+        super.onPrepareOptionsMenu(menu);", "+        ToolbarContentTintHelper.handleOnPrepareOptionsMenu(getActivity(), toolbar);"], "url": ["https://api.github.com/repos/AdrienPoupa/VinylMusicPlayer/commits/03c4b2b124b7a06b6ea3095a36a919fe2c46fd72"]}