{"new_feature": "699,1,173,91,9,0.99", "commitmessage": "fix(cordova-ios): fix serialization error", "patch": ["@@ -1,6 +1,6 @@\n @objc(AMSPlugin)\n class AMSPlugin: CDVPlugin {\n-    let testApplicationID = \"ca-app-pub-3940256099942544~1458002511\"\n+    static let testApplicationID = \"ca-app-pub-3940256099942544~1458002511\"\n \n     var banner: AMSBanner!\n     var interstitial: AMSInterstitial!\n@@ -28,7 +28,7 @@ class AMSPlugin: CDVPlugin {\n         let applicationID = commandDelegate.settings[\"APP_ID_IOS\".lowercased()] as? String\n         if applicationID == nil || applicationID == \"\" || applicationID == \"test\" {\n             NSLog(\"admob is using testApplicationID\")\n-            return testApplicationID\n+            return AMSPlugin.testApplicationID\n         }\n         return applicationID!\n     }"], "edit": ["-    let testApplicationID = \"ca-app-pub-3940256099942544~1458002511\"", "+    static let testApplicationID = \"ca-app-pub-3940256099942544~1458002511\"", "-            return testApplicationID", "+            return AMSPlugin.testApplicationID"], "url": ["https://api.github.com/repos/admob-plus/admob-plus/commits/03f62fd6a070de39e41f2fb728fdcbe671e30dea"]}