{"new_feature": "1029,4,0,66,10,0.62", "commitmessage": "Fixed validation bug in xanadu script and made it more flexible with some .xan file ideosyncracies.", "patch": ["@@ -43,10 +43,10 @@ if [ $1 = \"import\" ] ; then\n \n     for i in *.xan.*\n     do\n-        XANHEADER=`head -1 $i | ${AWK} { print $1 }`\n-        if [ \"${XANHEADER}\" != \"Title:\" ] ; then\n-            TOOL=`echo $i | ${AWK} -F \".xan.\" ' { print $1 }'`\n-            HOST=`echo $i | ${AWK} -F \".xan.\" ' { print $2 }'`\n+        XANHEADER=`head -1 $i | ${AWK} -F \":\" '{ print $1 }'`\n+        if [ \"${XANHEADER}\" != \"Title\" ] ; then\n+            TOOL=`echo $i | ${AWK} -F \".xan.\" '{ print $1 }'`\n+            HOST=`echo $i | ${AWK} -F \".xan.\" '{ print $2 }'`\n             mv $i ${TOOL}.log.${HOST}\n         fi \n     done"], "edit": ["-        XANHEADER=`head -1 $i | ${AWK} { print $1 }`", "-        if [ \"${XANHEADER}\" != \"Title:\" ] ; then", "-            TOOL=`echo $i | ${AWK} -F \".xan.\" ' { print $1 }'`", "-            HOST=`echo $i | ${AWK} -F \".xan.\" ' { print $2 }'`", "+        XANHEADER=`head -1 $i | ${AWK} -F \":\" '{ print $1 }'`", "+        if [ \"${XANHEADER}\" != \"Title\" ] ; then", "+            TOOL=`echo $i | ${AWK} -F \".xan.\" '{ print $1 }'`", "+            HOST=`echo $i | ${AWK} -F \".xan.\" '{ print $2 }'`"], "url": ["https://api.github.com/repos/akara/faban/commits/03fda1d04773f34f2e4e3310f070d79cd25f19a0"]}