{"new_feature": "852,1,0,121,25,0.38", "commitmessage": "Fix build after nifty-client changes", "patch": ["@@ -18,6 +18,7 @@\n import com.facebook.nifty.client.FramedClientChannel;\n import com.facebook.nifty.client.FramedClientConnector;\n import com.facebook.nifty.client.HttpClientConnector;\n+import com.facebook.nifty.client.NettyClientConfig;\n import com.facebook.swift.codec.ThriftCodecManager;\n import com.facebook.swift.service.*;\n import com.google.common.collect.ImmutableList;\n@@ -72,15 +73,15 @@\n         FramedClientConnector connector = new FramedClientConnector(address) {\n             @Override\n             public FramedClientChannel newThriftClientChannel(\n-                    Channel nettyChannel, Timer timer)\n+                    Channel nettyChannel, NettyClientConfig nettyClientConfig)\n             {\n                 if (connectDelay.toMillis() > 0) {\n                     // Introduce an artificial delay to the client creation process, to test\n                     // cases where the client future is not set immediately when making async\n                     // connections\n                     Uninterruptibles.sleepUninterruptibly(connectDelay.toMillis(), TimeUnit.MILLISECONDS);\n                 }\n-                return super.newThriftClientChannel(nettyChannel, timer);\n+                return super.newThriftClientChannel(nettyChannel, nettyClientConfig);\n             }\n         };\n         return new ThriftClient<>(clientManager, clientClass, config, \"asyncTestClient\").open(connector);"], "edit": ["+import com.facebook.nifty.client.NettyClientConfig;", "-                    Channel nettyChannel, Timer timer)", "+                    Channel nettyChannel, NettyClientConfig nettyClientConfig)", "-                return super.newThriftClientChannel(nettyChannel, timer);", "+                return super.newThriftClientChannel(nettyChannel, nettyClientConfig);"], "url": ["https://api.github.com/repos/airlift/drift/commits/04c6c64250327a74537e58ba2349e76359c4fbe6"]}