{"new_feature": "1029,4,0,66,10,0.62", "commitmessage": "Fix for issue #67  Sun Transport fails under JDK 7", "patch": ["@@ -24,6 +24,7 @@\n package com.sun.faban.driver.transport.sunhttp;\n \n import java.io.IOException;\n+import java.lang.reflect.Method;\n import java.net.*;\n import java.security.AccessController;\n import java.security.PrivilegedAction;\n@@ -40,8 +41,14 @@\n  */\n public class HttpClient extends sun.net.www.http.HttpClient {\n \n+    private static Method getMethod;\n     static {\n         kac = new KeepAliveCache();\n+\ttry {\n+\t    getMethod = kac.getClass().getMethod(\"get\", new Class[]{ URL.class, Object.class } );\n+\t} catch (NoSuchMethodException nsme) {\n+\t    throw new ExceptionInInitializerError(nsme);\n+\t}\n     }\n \n     /** Superclass' inCache is private. Needed to define and check usage. */\n@@ -84,7 +91,11 @@ public static HttpClient New(URL url, Proxy p, int to,\n         HttpClient ret = null;\n         /* see if one's already around */\n         if (useCache) {\n-            ret = (HttpClient) kac.get(url, null);\n+\t    try {\n+                ret = (HttpClient) getMethod.invoke(kac, new Object[]{url, null});\n+\t    } catch (Exception iae) {\n+\t        throw new IOException(\"Can't invoke on KeepAliveCache\", iae);\n+\t    }\n             if (ret != null) {\n                 if ((ret.proxy != null && ret.proxy.equals(p)) ||\n                         (ret.proxy == null && p == null)) {"], "edit": ["+import java.lang.reflect.Method;", "+    private static Method getMethod;", "+\ttry {", "+\t    getMethod = kac.getClass().getMethod(\"get\", new Class[]{ URL.class, Object.class } );", "+\t} catch (NoSuchMethodException nsme) {", "+\t    throw new ExceptionInInitializerError(nsme);", "+\t}", "-            ret = (HttpClient) kac.get(url, null);", "+\t    try {", "+                ret = (HttpClient) getMethod.invoke(kac, new Object[]{url, null});", "+\t    } catch (Exception iae) {", "+\t        throw new IOException(\"Can't invoke on KeepAliveCache\", iae);", "+\t    }"], "url": ["https://api.github.com/repos/akara/faban/commits/04fcb239594aba0cd0c720dc9dc1073fdd1f88da"]}