{"new_feature": "852,1,0,121,25,0.38", "commitmessage": "Fix logging of failed method in ThriftServiceProcessor", "patch": ["@@ -153,7 +153,7 @@ public void onSuccess(Boolean result)\n                         @Override\n                         public void onFailure(Throwable t)\n                         {\n-                            LOG.error(\"Failed to process method [\" + method.getName() + \"] of service [\" + method.getServiceName() + \"]\", t);\n+                            LOG.error(t, \"Failed to process method [\" + method.getName() + \"] of service [\" + method.getServiceName() + \"]\");\n                             context.done();\n                             resultFuture.setException(t);\n                         }"], "edit": ["-                            LOG.error(\"Failed to process method [\" + method.getName() + \"] of service [\" + method.getServiceName() + \"]\", t);", "+                            LOG.error(t, \"Failed to process method [\" + method.getName() + \"] of service [\" + method.getServiceName() + \"]\");"], "url": ["https://api.github.com/repos/airlift/drift/commits/05f1aa6e8af60ac0c6af38fd7a980468cf1f777b"]}