{"new_feature": "4880,99,0,51,8,0.21", "commitmessage": "fixing readme with last few minor bugs", "patch": ["@@ -514,9 +514,10 @@ $ sudo -u www-data php /var/www/mediawiki/maintenance/importImages.php --overwri\n $ find wiki_front_matter/pages -type f | sort -S1G | xargs sudo -u www-data php /var/www/mediawiki/maintenance/importTextFiles.php --overwrite\n \n # Ensure they're re-rendered.  Don't use find, as we just want the page names.\n+$ export CRED=<user>:<pass>\n for i in $(ls wiki_front_matter/pages); do\n   echo $i;\n-  curl --insecure -vvv -X POST \"https://localhost/api.php?action=purge&titles=${i}&format=json\" 2>&1 | grep \"HTTP\";\n+  curl --insecure -vvv -X POST \"https://${CRED}@localhost/api.php?action=purge&titles=${i}&format=json\" 2>&1 | grep \"HTTP\";\n done\n # Make sure all responses codes are \"200 OK\"\n ```\n@@ -537,8 +538,12 @@ To edit the side bar content (i.e. to remove `Random Page` and `Recent Changes`)\n ** helppage|help\n ```\n \n+Still TODO: category pages.\n+\n #### Example: Loading the Preview Wiki Content ####\n \n+This is an example for a limited version of the wiki. You should skip to the next section if you are not installing a \"Preview Wiki\".\n+\n On an office server:\n ```\n $ n=1\n@@ -563,7 +568,6 @@ $ find demo_wiki_2016-12-21/Reachables -type f | sort -S1G | xargs -n 400 sudo -\n # Invalid cached version of the reachables docs to ensure tabs are rendered correctly:\n $ for i in $(ls demo_wiki_2016-12-21/Reachables/); do echo $i; curl --insecure -vvv -X POST \"https://localhost:80/api.php?action=purge&titles=${i}&format=json\"; done\n ```\n-Still TODO: all molecule and category pages.\n \n ### Making the VM Publicly Accessible ###\n "], "edit": ["+$ export CRED=<user>:<pass>", "-  curl --insecure -vvv -X POST \"https://localhost/api.php?action=purge&titles=${i}&format=json\" 2>&1 | grep \"HTTP\";", "+  curl --insecure -vvv -X POST \"https://${CRED}@localhost/api.php?action=purge&titles=${i}&format=json\" 2>&1 | grep \"HTTP\";", "+Still TODO: category pages.", "+", "+This is an example for a limited version of the wiki. You should skip to the next section if you are not installing a \"Preview Wiki\".", "+", "-Still TODO: all molecule and category pages."], "url": ["https://api.github.com/repos/20n/act/commits/06a13383f7a313c3b376fc4af803aaa6dc0980ad"]}