{"new_feature": "1029,4,0,66,10,0.62", "commitmessage": "Fixed javadoc bug for getRampUp, getSteadyState, and getRampDown. They are in seconds, not millisecs.", "patch": ["@@ -17,7 +17,7 @@\n  * your own identifying information:\n  * \"Portions Copyrighted [year] [name of copyright owner]\"\n  *\n- * $Id: DriverContext.java,v 1.7 2008/02/09 07:52:30 akara Exp $\n+ * $Id: DriverContext.java,v 1.8 2008/02/14 21:55:20 akara Exp $\n  *\n  * Copyright 2005 Sun Microsystems Inc. All Rights Reserved\n  */\n@@ -186,19 +186,19 @@ public static DriverContext getContext() {\n \n     /**\n      * Obtains the configured ramp up time.\n-     * @return The configured ramp up time, in milliseconds\n+     * @return The configured ramp up time, in seconds\n      */\n     public abstract int getRampUp();\n \n     /**\n      * Obtains the configured steady state time.\n-     * @return The configured steady state time, in milliseconds\n+     * @return The configured steady state time, in seconds\n      */\n     public abstract int getSteadyState();\n \n     /**\n      * Obtains the configured ramp down time.\n-     * @return The configured ramp down time, in milliseconds\n+     * @return The configured ramp down time, in seconds\n      */\n     public abstract int getRampDown();\n ", "@@ -17,7 +17,7 @@\n  * your own identifying information:\n  * \"Portions Copyrighted [year] [name of copyright owner]\"\n  *\n- * $Id: DriverContext.java,v 1.12 2008/02/09 07:52:29 akara Exp $\n+ * $Id: DriverContext.java,v 1.13 2008/02/14 21:55:20 akara Exp $\n  *\n  * Copyright 2005 Sun Microsystems Inc. All Rights Reserved\n  */\n@@ -449,7 +449,7 @@ public int getSteadyStateStart() {\n     /**\n      * Obtains the configured ramp up time.\n      *\n-     * @return The configured ramp up time, in milliseconds\n+     * @return The configured ramp up time, in seconds\n      */\n \tpublic int getRampUp() {\n         return agentThread.runInfo.rampUp;\n@@ -458,7 +458,7 @@ public int getRampUp() {\n     /**\n      * Obtains the configured steady state time.\n      *\n-     * @return The configured steady state time, in milliseconds\n+     * @return The configured steady state time, in seconds\n      */\n \tpublic int getSteadyState() {\n         return agentThread.runInfo.stdyState;\n@@ -467,7 +467,7 @@ public int getSteadyState() {\n     /**\n      * Obtains the configured ramp down time.\n      *\n-     * @return The configured ramp down time, in milliseconds\n+     * @return The configured ramp down time, in seconds\n      */\n \tpublic int getRampDown() {\n         return agentThread.runInfo.rampDown;"], "edit": ["- * $Id: DriverContext.java,v 1.7 2008/02/09 07:52:30 akara Exp $", "+ * $Id: DriverContext.java,v 1.8 2008/02/14 21:55:20 akara Exp $", "-     * @return The configured ramp up time, in milliseconds", "+     * @return The configured ramp up time, in seconds", "-     * @return The configured steady state time, in milliseconds", "+     * @return The configured steady state time, in seconds", "-     * @return The configured ramp down time, in milliseconds", "+     * @return The configured ramp down time, in seconds", "- * $Id: DriverContext.java,v 1.12 2008/02/09 07:52:29 akara Exp $", "+ * $Id: DriverContext.java,v 1.13 2008/02/14 21:55:20 akara Exp $", "-     * @return The configured ramp up time, in milliseconds", "+     * @return The configured ramp up time, in seconds", "-     * @return The configured steady state time, in milliseconds", "+     * @return The configured steady state time, in seconds", "-     * @return The configured ramp down time, in milliseconds", "+     * @return The configured ramp down time, in seconds"], "url": ["https://api.github.com/repos/akara/faban/commits/06a6a224b6835f48e3de5327a8c03d7e9496cb94"]}