{"new_feature": "1212,68,81,7340,22,0.60", "commitmessage": "muilble class loader fix", "patch": ["@@ -27,7 +27,7 @@ repositories {\n group = 'com.taobao.android'\n description = \"\"\"atlas_core\"\"\"\n String postFix = mini=='true' ? \"-mini\" : \"\";\n-version \"5.0.8.5${postFix}-rc6\"\n+version \"5.0.8.5${postFix}-rc9\"\n \n String getEnvValue(key, defValue) {\n     def val = System.getProperty(key);", "@@ -239,8 +239,8 @@ public static void replacePathClassLoader(Context base,ClassLoader original,NCla\n         pathListField.setAccessible(true);\n         Object originPathListObject = pathListField.get(original);\n //\n-//        Field definingContextField = findField(originPathListObject, \"definingContext\");\n-//        definingContextField.set(originPathListObject, loader);\n+        Field definingContextField = findField(originPathListObject, \"definingContext\");\n+        definingContextField.set(originPathListObject, loader);\n //\n         Field loadPathList = findField(loader, \"pathList\");\n         //just use PathClassloader's pathList"], "edit": ["-version \"5.0.8.5${postFix}-rc6\"", "+version \"5.0.8.5${postFix}-rc9\"", "-//        Field definingContextField = findField(originPathListObject, \"definingContext\");", "-//        definingContextField.set(originPathListObject, loader);", "+        Field definingContextField = findField(originPathListObject, \"definingContext\");", "+        definingContextField.set(originPathListObject, loader);"], "url": ["https://api.github.com/repos/alibaba/atlas/commits/06c40383d3dab119c4bbf7a3cbaca0193b8b563a"]}