{"new_feature": "2146,31,17,479,17,0.65", "commitmessage": "fix 9d17b0d5d421193a0d876f47e85c70282b3fc387", "patch": ["@@ -277,6 +277,7 @@ private void apply(Map<String, UserConfig> newUsers,\n             this.firewall = newFirewall;\n             this.erRelations = newErRelations;\n             DbleServer.getInstance().getCacheService().clearCache();\n+            this.changing = false;\n             if (!newDataHostWithoutWR) {\n                 DbleServer.getInstance().reloadMetaData(this);\n             }"], "edit": ["+            this.changing = false;"], "url": ["https://api.github.com/repos/actiontech/dble/commits/06dab67b68fd2f09d3dcd32560e0d4705cb7424b"]}