{"new_feature": "2276,1,0,88,30,0.40", "commitmessage": "Removed description prefix for #672", "patch": ["@@ -29,19 +29,11 @@\n import java.util.List;\n \n /**\n- *  Description:    This class is taking in consideration newly available network info items\n- *                  that are only available in the AOS API 18 and above. In this case we're \n- *                  concerned with Wcdma Cell info...  CellInfoWcdma\n- *  NOTES:\n- *                See:  http://developer.android.com/reference/android/os/Build.VERSION_CODES.html\n+ * This class is taking in consideration newly available network info items\n+ * that are only available in the AOS API 18 and above. In this case we're \n+ * concerned with Wcdma Cell info (CellInfoWcdma)\n  *\n- *                JELLY_BEAN      16      Android 4.1\n- *                JELLY_BEAN_MR1  17      Android 4.2\n- *                JELLY_BEAN_MR2  18      Android 4.3\n- *                KITKAT          19      Android 4.4\n- *                KITKAT_WATCH    20      Android 4.4W\n- *                LOLLIPOP        21      Android 5.xx\n- *                LOLLIPOP_MR1    22      Android 5.yy\n+ * See: http://developer.android.com/reference/android/os/Build.VERSION_CODES.html\n  *\n  */\n @TargetApi(Build.VERSION_CODES.JELLY_BEAN_MR2)"], "edit": ["- *  Description:    This class is taking in consideration newly available network info items", "- *                  that are only available in the AOS API 18 and above. In this case we're", "- *                  concerned with Wcdma Cell info...  CellInfoWcdma", "- *  NOTES:", "- *                See:  http://developer.android.com/reference/android/os/Build.VERSION_CODES.html", "+ * This class is taking in consideration newly available network info items", "+ * that are only available in the AOS API 18 and above. In this case we're", "+ * concerned with Wcdma Cell info (CellInfoWcdma)", "- *                JELLY_BEAN      16      Android 4.1", "- *                JELLY_BEAN_MR1  17      Android 4.2", "- *                JELLY_BEAN_MR2  18      Android 4.3", "- *                KITKAT          19      Android 4.4", "- *                KITKAT_WATCH    20      Android 4.4W", "- *                LOLLIPOP        21      Android 5.xx", "- *                LOLLIPOP_MR1    22      Android 5.yy", "+ * See: http://developer.android.com/reference/android/os/Build.VERSION_CODES.html"], "url": ["https://api.github.com/repos/5GSD/AIMSICDL/commits/07a41856be92fceb730129671040b53a90ce3eda"]}