{"new_feature": "2276,1,0,88,30,0.13", "commitmessage": "Prevent SamsungRilExecutor use on non-compatible devices\n\nTrial fix for #543\n- added comments\n- re-enabed code for preventing use on wrong devices,\n- added mTAG to DBG Log.v()", "patch": ["@@ -2,7 +2,7 @@\n <manifest xmlns:android=\"http://schemas.android.com/apk/res/android\"\n           package=\"com.SecUpwN.AIMSICD\"\n           android:versionCode=\"32\"\n-          android:versionName=\"0.1.32-alpha-b01\">\n+          android:versionName=\"0.1.32-alpha-b02\">\n \n     <!-- If we ever wanna make this a system app, we can add the following 2 lines above:\n           coreApp=\"true\"", "@@ -31,7 +31,13 @@\n import java.util.Random;\n import java.util.concurrent.atomic.AtomicBoolean;\n \n-\n+/**\n+ *      Description:\n+ *\n+ *      ChangeLog:\n+ *\n+ *      2015-07-14      E:V:A       Re-enabled code for preventing use on wrong devices, added mTAG\n+ */\n public class SamsungMulticlientRilExecutor implements OemRilExecutor {\n \n     public static final String MULTICLIENT_SOCKET = \"Multiclient\";\n@@ -52,7 +58,7 @@\n     private static final int ID_REQUEST_AT_COMMAND = 5;\n     private static final int ID_RESPONSE_AT_COMMAND = 104;\n \n-    // E:V:A:  2014-12-19  We need debugging on, until further notice.\n+    // If you need debugging on, for testing on toher devices, change here.\n     //  WARNING: Could fill your logcat if running app long!\n     // private static final boolean DBG = BuildConfig.DEBUG;\n     private static final boolean DBG = false;\n@@ -81,9 +87,9 @@ public DetectResult detect() {\n         // E:V:A comment out for debugging purposes on other non-Samsung RILS\n         // and moved gsm.version.. to catch...\n         // WARNING may have bad consequences...\n-        //if (!gsmVerRilImpl.matches(\"Samsung\\\\s+RIL\\\\(IPC\\\\).*\")) {\n-        //    return DetectResult.Unavailable(\"gsm.version.ril-impl = \" + gsmVerRilImpl);\n-        //}\n+        if (!gsmVerRilImpl.matches(\"Samsung\\\\s+RIL\\\\(IPC\\\\).*\")) {\n+            return DetectResult.Unavailable(\"gsm.version.ril-impl = \" + gsmVerRilImpl);\n+        }\n \n         LocalSocket s = new LocalSocket();\n         try {\n@@ -198,10 +204,9 @@ public synchronized void invokeOemRilRequestRaw(byte[] data, Message response)\n             byte req[] = marshallRequest(token, data);\n \n             if (DBG) {\n-                Log.v(TAG,\n-                        String.format(\"invokeOemRilRequestRaw() token: 0x%X, header: %s, req: %s \",\n-                                token, HexDump.toHexString(getHeader(req)),\n-                                HexDump.toHexString(req))\n+                Log.v(TAG, mTAG + String.format(\n+                    \": invokeOemRilRequestRaw() token: 0x%X, header: %s, req: %s \",\n+                    token, HexDump.toHexString(getHeader(req)),HexDump.toHexString(req))\n                 );\n             }\n \n@@ -230,8 +235,8 @@ public synchronized void invokeOemRilRequestStrings(String strings[], Message re\n             byte[] req = marshallRequest(token, strings);\n \n             if (DBG) {\n-                Log.v(TAG, String.format(\n-                        \"invokeOemRilRequestStrings() token: 0x%X, header: %s, req: %s \",\n+                Log.v(TAG, mTAG + String.format(\n+                        \": invokeOemRilRequestStrings() token: 0x%X, header: %s, req: %s \",\n                         token, HexDump.toHexString(getHeader(req)), HexDump.toHexString(req)));\n             }\n \n@@ -379,8 +384,8 @@ private synchronized void processRxPacket(byte data[], int pos, int length) {\n \n             if (DBG) {\n \n-                Log.v(TAG,\n-                        \"received \" + length + \" bytes: \" + HexDump.toHexString(data, pos, length));\n+                Log.v(TAG, mTAG + \": received \" + length + \" bytes: \" +\n+                        HexDump.toHexString(data, pos, length));\n             }\n \n             p = Parcel.obtain();\n@@ -416,7 +421,7 @@ private int processSolicited(Parcel p) {\n                 int err = p.readInt();\n \n                 if (DBG) {\n-                    Log.v(TAG, String.format(\"processSolicited() token: 0x%X err: %d\", token, err));\n+                    Log.v(TAG, mTAG + String.format(\": processSolicited() token: 0x%X err: %d\", token, err));\n                 }\n \n                 if (err != RIL_CLIENT_ERR_SUCCESS) {"], "edit": ["-          android:versionName=\"0.1.32-alpha-b01\">", "+          android:versionName=\"0.1.32-alpha-b02\">", "-", "+/**", "+ *      Description:", "+ *", "+ *      ChangeLog:", "+ *", "+ *      2015-07-14      E:V:A       Re-enabled code for preventing use on wrong devices, added mTAG", "+ */", "-    // E:V:A:  2014-12-19  We need debugging on, until further notice.", "+    // If you need debugging on, for testing on toher devices, change here.", "-        //if (!gsmVerRilImpl.matches(\"Samsung\\\\s+RIL\\\\(IPC\\\\).*\")) {", "-        //    return DetectResult.Unavailable(\"gsm.version.ril-impl = \" + gsmVerRilImpl);", "-        //}", "+        if (!gsmVerRilImpl.matches(\"Samsung\\\\s+RIL\\\\(IPC\\\\).*\")) {", "+            return DetectResult.Unavailable(\"gsm.version.ril-impl = \" + gsmVerRilImpl);", "+        }", "-                Log.v(TAG,", "-                        String.format(\"invokeOemRilRequestRaw() token: 0x%X, header: %s, req: %s \",", "-                                token, HexDump.toHexString(getHeader(req)),", "-                                HexDump.toHexString(req))", "+                Log.v(TAG, mTAG + String.format(", "+                    \": invokeOemRilRequestRaw() token: 0x%X, header: %s, req: %s \",", "+                    token, HexDump.toHexString(getHeader(req)),HexDump.toHexString(req))", "-                Log.v(TAG, String.format(", "-                        \"invokeOemRilRequestStrings() token: 0x%X, header: %s, req: %s \",", "+                Log.v(TAG, mTAG + String.format(", "+                        \": invokeOemRilRequestStrings() token: 0x%X, header: %s, req: %s \",", "-                Log.v(TAG,", "-                        \"received \" + length + \" bytes: \" + HexDump.toHexString(data, pos, length));", "+                Log.v(TAG, mTAG + \": received \" + length + \" bytes: \" +", "+                        HexDump.toHexString(data, pos, length));", "-                    Log.v(TAG, String.format(\"processSolicited() token: 0x%X err: %d\", token, err));", "+                    Log.v(TAG, mTAG + String.format(\": processSolicited() token: 0x%X err: %d\", token, err));"], "url": ["https://api.github.com/repos/5GSD/AIMSICDL/commits/07d088efb0c24bc2fbc739ad3d35331870deb0e6"]}