{"new_feature": "2146,31,17,479,17,0.65", "commitmessage": "fix 1fd97f11e8d12f15f320984eb341fee72ef679a9", "patch": ["@@ -48,7 +48,6 @@ public void childEvent(CuratorFramework client, PathChildrenCacheEvent event) th\n     }\n \n     private void deleteNode(ChildData childData) {\n-        childData.getPath();\n         String nodeName = childData.getPath().substring(childData.getPath().lastIndexOf(\"/\") + 1);\n         releaseForDDL(nodeName);\n         releaseForBinlog(nodeName);"], "edit": ["-        childData.getPath();"], "url": ["https://api.github.com/repos/actiontech/dble/commits/07e079ee175656112e70676ce6d753dede1491b6"]}