{"new_feature": "1577,1,17,193,30,0.71", "commitmessage": "Fixed reveal animation, updated gradle plugin", "patch": ["@@ -224,9 +224,10 @@ private void animateColorChange(final int newColor) {\n         slidingUpPanelLayout.setBackgroundColor(lastColor);\n         Animator backgroundAnimator;\n         if (Build.VERSION.SDK_INT >= Build.VERSION_CODES.LOLLIPOP) {\n+            int topMargin = getResources().getDimensionPixelSize(R.dimen.status_bar_padding);\n             int x = (int) (playbackControlsFragment.playPauseFab.getX() + playbackControlsFragment.playPauseFab.getWidth() / 2 + playbackControlsFragment.getView().getX());\n-            int y = (int) (playbackControlsFragment.playPauseFab.getY() + playbackControlsFragment.playPauseFab.getHeight() / 2 + playbackControlsFragment.getView().getY());\n-            float startRadius = 0;\n+            int y = (int) (topMargin + playbackControlsFragment.playPauseFab.getY() + playbackControlsFragment.playPauseFab.getHeight() / 2 + playbackControlsFragment.getView().getY());\n+            float startRadius = Math.max(playbackControlsFragment.playPauseFab.getWidth() / 2, playbackControlsFragment.playPauseFab.getHeight() / 2);\n             float endRadius = Math.max(colorBackground.getWidth(), colorBackground.getHeight());\n             colorBackground.setBackgroundColor(newColor);\n             backgroundAnimator = ViewAnimationUtils.createCircularReveal(colorBackground, x, y, startRadius, endRadius);", "@@ -3,7 +3,7 @@ buildscript {\n         jcenter()\n     }\n     dependencies {\n-        classpath 'com.android.tools.build:gradle:2.0.0-alpha2'\n+        classpath 'com.android.tools.build:gradle:2.0.0-alpha3'\n         classpath 'com.github.triplet.gradle:play-publisher:1.1.3'\n     }\n }"], "edit": ["+            int topMargin = getResources().getDimensionPixelSize(R.dimen.status_bar_padding);", "-            int y = (int) (playbackControlsFragment.playPauseFab.getY() + playbackControlsFragment.playPauseFab.getHeight() / 2 + playbackControlsFragment.getView().getY());", "-            float startRadius = 0;", "+            int y = (int) (topMargin + playbackControlsFragment.playPauseFab.getY() + playbackControlsFragment.playPauseFab.getHeight() / 2 + playbackControlsFragment.getView().getY());", "+            float startRadius = Math.max(playbackControlsFragment.playPauseFab.getWidth() / 2, playbackControlsFragment.playPauseFab.getHeight() / 2);", "-        classpath 'com.android.tools.build:gradle:2.0.0-alpha2'", "+        classpath 'com.android.tools.build:gradle:2.0.0-alpha3'"], "url": ["https://api.github.com/repos/AdrienPoupa/VinylMusicPlayer/commits/09ab843309b822e768bde153581195f83c218dbe"]}