{"new_feature": "179,2,2,86,4,0.92", "commitmessage": "Fixed an issue with loading property files on dev resp. production env.", "patch": ["@@ -12,8 +12,6 @@\n \n import javax.xml.bind.PropertyException;\n \n-import org.apache.commons.lang3.StringUtils;\n-\n /**\n  * @author Andr\u00e9 Schmer\n  * \n@@ -86,15 +84,16 @@ public static File readFile(final String file) throws PropertyException {\n \t\t\t\tpropPath = \"/\" + propPath;\n \t\t\t}\n \t\t\tString toDecode = null;\n+\n \t\t\tfinal String catalinaHome = System.getProperty(\"catalina.home\", System.getProperty(\"user.dir\"));\n-\t\t\tif (StringUtils.isEmpty(catalinaHome) || catalinaHome.contains(\"workspace\") || catalinaHome.contains(\"git\")) {\n-\t\t\t\ttoDecode = Thread.currentThread().getContextClassLoader().getResource(\"\").getFile() + propPath;\n-\t\t\t} else {\n-\t\t\t\ttoDecode = catalinaHome + \"/properties\" + propPath;\n-\t\t\t}\n+\t\t\ttoDecode = catalinaHome + \"/properties\" + propPath;\n \t\t\tpropFile = new File(URLDecoder.decode(toDecode, \"UTF-8\"));\n \t\t\tif (!propFile.exists()) {\n-\t\t\t\tthrow new FileNotFoundException();\n+\t\t\t\ttoDecode = Thread.currentThread().getContextClassLoader().getResource(\"\").getFile() + propPath;\n+\t\t\t\tpropFile = new File(URLDecoder.decode(toDecode, \"UTF-8\"));\n+\t\t\t\tif (!propFile.exists()) {\n+\t\t\t\t\tthrow new FileNotFoundException();\n+\t\t\t\t}\n \t\t\t}\n \t\t} catch (final IOException e) {\n \t\t\tthrow new PropertyException(e.getMessage());"], "edit": ["-import org.apache.commons.lang3.StringUtils;", "-", "+", "-\t\t\tif (StringUtils.isEmpty(catalinaHome) || catalinaHome.contains(\"workspace\") || catalinaHome.contains(\"git\")) {", "-\t\t\t\ttoDecode = Thread.currentThread().getContextClassLoader().getResource(\"\").getFile() + propPath;", "-\t\t\t} else {", "-\t\t\t\ttoDecode = catalinaHome + \"/properties\" + propPath;", "-\t\t\t}", "+\t\t\ttoDecode = catalinaHome + \"/properties\" + propPath;", "-\t\t\t\tthrow new FileNotFoundException();", "+\t\t\t\ttoDecode = Thread.currentThread().getContextClassLoader().getResource(\"\").getFile() + propPath;", "+\t\t\t\tpropFile = new File(URLDecoder.decode(toDecode, \"UTF-8\"));", "+\t\t\t\tif (!propFile.exists()) {", "+\t\t\t\t\tthrow new FileNotFoundException();", "+\t\t\t\t}"], "url": ["https://api.github.com/repos/ad-tech-group/openssp/commits/09bd3290e861205c698ca17f09a747f9be1d3a5e"]}