{"new_feature": "2146,31,17,479,17,0.05", "commitmessage": "fix style", "patch": ["@@ -48,7 +48,7 @@ public static int parse(String stmt, int offset) {\n                 case 'D':\n                 case 'd':\n                     return dataCheck(stmt, i);\n-            \tcase 'G':\n+                case 'G':\n                 case 'g':\n                     return showGCheck(stmt, i);\n                 case 'T':\n@@ -66,8 +66,8 @@ public static int parse(String stmt, int offset) {\n                 case 'K':\n                 case 'k':\n                     return showIndex(stmt);\n-               case 'V':\n-               case 'v':\n+                case 'V':\n+                case 'v':\n                     return showVariables(stmt, i);\n                 default:\n                     return OTHER;"], "edit": ["-            \tcase 'G':", "+                case 'G':", "-               case 'V':", "-               case 'v':", "+                case 'V':", "+                case 'v':"], "url": ["https://api.github.com/repos/actiontech/dble/commits/1fca9b37884cac311fd78968045ef65d92ea91c6"]}