{"new_feature": "1029,4,0,66,10,0.62", "commitmessage": "Additional fix for Issue #22. Process sysinfo filename correctly keeping the domain suffix.", "patch": ["@@ -78,16 +78,7 @@\n         // Then proces the sysinfo files...\n         if (fileName.startsWith(\"sysinfo.\")) {\n             String hostName = fileName.substring(8, fileName.length() - 5);\n-\n-            // drop the domain part of the host.\n-            int domainIdx = hostName.indexOf('.');\n-            if (domainIdx != -1) {\n-                String fullName = hostName;\n-                hostName = fullName.substring(0, domainIdx);\n-                infoHostMap.put(hostName, fullName);\n-            } else {\n-                infoHostMap.put(hostName, hostName); // Points to it's own name\n-            }\n+            infoHostMap.put(hostName, hostName); // Points to it's own name\n             allHosts.add(hostName);\n \n         // Process the real stats files."], "edit": ["-", "-            // drop the domain part of the host.", "-            int domainIdx = hostName.indexOf('.');", "-            if (domainIdx != -1) {", "-                String fullName = hostName;", "-                hostName = fullName.substring(0, domainIdx);", "-                infoHostMap.put(hostName, fullName);", "-            } else {", "-                infoHostMap.put(hostName, hostName); // Points to it's own name", "-            }", "+            infoHostMap.put(hostName, hostName); // Points to it's own name"], "url": ["https://api.github.com/repos/akara/faban/commits/1fd05c54e27ea0df60d59b11d71a58b2d44ff24b"]}