{"new_feature": "540,2,25,135,7,0.97", "commitmessage": "fixes multiple redirects", "patch": ["@@ -32,7 +32,6 @@\n     private static final String FACES_RESOURCES = \"javax.faces.resource\";\n     private static final Logger log = LoggerFactory.getLogger(AdminFilter.class.getCanonicalName());\n \n-\n     private boolean disableFilter;\n     private String loginPage;\n     private String errorPage;\n@@ -85,21 +84,26 @@ public void doFilter(ServletRequest req, ServletResponse resp, FilterChain chain\n         req.setCharacterEncoding(\"UTF-8\");\n         resp.setCharacterEncoding(\"UTF-8\");\n         HttpServletRequest request = (HttpServletRequest) req;\n+        HttpServletResponse response = (HttpServletResponse) resp;\n+\n+\n         if (skipResource(request) || adminSession.isLoggedIn()) {\n-            if (request.getRequestURI().equals(request.getContextPath() + \"/\")) {\n-                ((HttpServletResponse) resp).sendRedirect(request.getContextPath() + \"/\" + indexPage);\n+            if (!adminSession.isUserRedirected() && request.getRequestURI().equals(request.getContextPath() + \"/\")) {\n+                adminSession.setUserRedirected(true);\n+                response.sendRedirect(request.getContextPath() + \"/\" + indexPage);\n                 return;\n             }\n-            if(adminSession.isLoggedIn() && has(request.getHeader(\"Referer\")) && request.getHeader(\"Referer\").contains(\"?page=\")){\n-                ((HttpServletResponse) resp).sendRedirect(request.getContextPath() + \"/\" + extractPageFromURL(request.getHeader(\"Referer\")));\n+            if(!adminSession.isUserRedirected() && adminSession.isLoggedIn() && has(request.getHeader(\"Referer\")) && request.getHeader(\"Referer\").contains(\"?page=\")){\n+                adminSession.setUserRedirected(true);\n+                response.sendRedirect(request.getContextPath() + extractPageFromURL(request.getHeader(\"Referer\")));\n                 return;\n             }\n             try {\n                 chain.doFilter(req, resp);\n             } catch (FileNotFoundException e) {\n-                ((HttpServletResponse) resp).sendError(404);\n+                response.sendError(404);\n             }\n-        } else { //resource not skipped AND user not logged in\n+        } else if(!adminSession.isUserRedirected()){ //resource not skipped (e.g a page that is not logon page) AND user not logged in\n             redirectToLogon(request, (HttpServletResponse) resp);\n             return;\n         }\n@@ -158,7 +162,6 @@ private void redirectToLogon(HttpServletRequest request, HttpServletResponse res\n                 }\n             }\n             String redirectUrl = request.getContextPath() + \"/\" + loginPage + (has(recoveryUrl) ? \"?page=\" + URLEncoder.encode(recoveryUrl.toString(), \"UTF-8\") : \"\");\n-\n             if (\"partial/ajax\".equals(request.getHeader(\"Faces-Request\"))) {\n                 //redirect on ajax request: //http://stackoverflow.com/questions/13366936/jsf-filter-not-redirecting-after-initial-redirect\n                 response.setContentType(\"text/xml\");\n@@ -174,4 +177,5 @@ private void redirectToLogon(HttpServletRequest request, HttpServletResponse res\n         }\n \n     }\n+\n }\n\\ No newline at end of file", "@@ -15,11 +15,22 @@\n \n     private boolean isLoggedIn = true;\n \n+    //avoid multiple redirects when redirecting user back to previous page after session expiration\n+    private boolean userRedirected = false;\n+\n     public boolean isLoggedIn(){\n         return isLoggedIn;\n     }\n \n     public void setIsLoggedIn(boolean isLoggedIn) {\n         this.isLoggedIn = isLoggedIn;\n     }\n+\n+    public boolean isUserRedirected() {\n+        return userRedirected;\n+    }\n+\n+    public void setUserRedirected(boolean userRedirected) {\n+        this.userRedirected = userRedirected;\n+    }\n }"], "edit": ["-", "+        HttpServletResponse response = (HttpServletResponse) resp;", "+", "+", "-            if (request.getRequestURI().equals(request.getContextPath() + \"/\")) {", "-                ((HttpServletResponse) resp).sendRedirect(request.getContextPath() + \"/\" + indexPage);", "+            if (!adminSession.isUserRedirected() && request.getRequestURI().equals(request.getContextPath() + \"/\")) {", "+                adminSession.setUserRedirected(true);", "+                response.sendRedirect(request.getContextPath() + \"/\" + indexPage);", "-            if(adminSession.isLoggedIn() && has(request.getHeader(\"Referer\")) && request.getHeader(\"Referer\").contains(\"?page=\")){", "-                ((HttpServletResponse) resp).sendRedirect(request.getContextPath() + \"/\" + extractPageFromURL(request.getHeader(\"Referer\")));", "+            if(!adminSession.isUserRedirected() && adminSession.isLoggedIn() && has(request.getHeader(\"Referer\")) && request.getHeader(\"Referer\").contains(\"?page=\")){", "+                adminSession.setUserRedirected(true);", "+                response.sendRedirect(request.getContextPath() + extractPageFromURL(request.getHeader(\"Referer\")));", "-                ((HttpServletResponse) resp).sendError(404);", "+                response.sendError(404);", "-        } else { //resource not skipped AND user not logged in", "+        } else if(!adminSession.isUserRedirected()){ //resource not skipped (e.g a page that is not logon page) AND user not logged in", "-", "+", "+    //avoid multiple redirects when redirecting user back to previous page after session expiration", "+    private boolean userRedirected = false;", "+", "+", "+    public boolean isUserRedirected() {", "+        return userRedirected;", "+    }", "+", "+    public void setUserRedirected(boolean userRedirected) {", "+        this.userRedirected = userRedirected;", "+    }"], "url": ["https://api.github.com/repos/adminfaces/admin-template/commits/1fe1897eb17907566f3b0f49af185499c710687b"]}