{"new_feature": "2276,1,0,88,30,0.02", "commitmessage": "Increase build number after fixing OCID CSV parsing", "patch": ["@@ -2,7 +2,7 @@\n <manifest xmlns:android=\"http://schemas.android.com/apk/res/android\"\n           package=\"com.SecUpwN.AIMSICD\"\n           android:versionCode=\"30\"\n-          android:versionName=\"0.1.30-alpha-b08\">\n+          android:versionName=\"0.1.30-alpha-b09\">\n \n     <!-- If we ever wanna make this a system app, we can add the following 2 lines above:\n           coreApp=\"true\""], "edit": ["-          android:versionName=\"0.1.30-alpha-b08\">", "+          android:versionName=\"0.1.30-alpha-b09\">"], "url": ["https://api.github.com/repos/5GSD/AIMSICDL/commits/2a03b732d06fd7d814133ff637fd47c4c5650b73"]}