{"new_feature": "1050,1,6,586,29,0.62", "commitmessage": "Fix head requests\n\nResponse output stream needs to be closed if it hasn't been written to.", "patch": ["@@ -115,7 +115,6 @@ class ProxyHandler extends AbstractHandler {\n \t\t\t\tbreak\n \t\t\tcase \"TRACE\":\n \t\t\t\tproxyRequest = new HttpTrace(request.target); break\n-\n \t\t}\n \n \t\tfor (header in request.headers) {\n@@ -144,7 +143,9 @@ class ProxyHandler extends AbstractHandler {\n             to.outputStream.withStream {\n \t\t\t\tit << from.entity.content\n \t\t\t}\n-        }\n+        } else {\n+\t\t\tto.outputStream.close()\n+\t\t}\n     }\n \n }\n\\ No newline at end of file", "@@ -32,7 +32,7 @@ class ProxyTimeoutSpec extends Specification {\n \t\tendpoint.start(SlowHandler)\n \n \t\twhen:\n-\t\thttp.head(path: \"/\")\n+\t\thttp.get(path: \"/\")\n \n \t\tthen:\n \t\tdef e = thrown(HttpResponseException)"], "edit": ["-", "-        }", "+        } else {", "+\t\t\tto.outputStream.close()", "+\t\t}", "-\t\thttp.head(path: \"/\")", "+\t\thttp.get(path: \"/\")"], "url": ["https://api.github.com/repos/airbnb/okreplay/commits/2a7656c960cc6538bc9d160ab2cca68c6946ee3f"]}