{"new_feature": "4880,99,0,51,8,0.25", "commitmessage": "Comments, now wipes on resize, and some formatting fixes.", "patch": ["@@ -27,13 +27,19 @@ object MoleculeExporter {\n     moleculeCache.keySet.foreach(key => moleculeCache.put(key, buildCache(key)))\n   }\n \n-  def setCacheSize(size: Long): Unit ={\n+  /**\n+    * Wipes all the current caches and changes their maximum sizes to the designated value\n+    *\n+    * @param size Maximum number of elements in the cache\n+    */\n+  def setCacheSize(size: Long): Unit = {\n     LOGGER.info(s\"${getClass.getCanonicalName} cache size has changed to $size \" +\n       s\"per ${MoleculeFormatType.getClass.getCanonicalName}.\")\n     maxCacheSize = size\n+    clearCache()\n   }\n \n-  private def buildCache(moleculeFormatType: MoleculeFormatType): Cache[Molecule, String] ={\n+  private def buildCache(moleculeFormatType: MoleculeFormatType): Cache[Molecule, String] = {\n     val caffeine = Caffeine.newBuilder().asInstanceOf[Caffeine[Molecule, String]]\n     caffeine.maximumSize(maxCacheSize)\n ", "@@ -20,13 +20,19 @@ object MoleculeImporter {\n     moleculeCache.keySet.foreach(key => moleculeCache.put(key, buildCache(key)))\n   }\n \n-  def setCacheSize(size: Long): Unit ={\n+  /**\n+    * Wipes all the current caches and changes their maximum sizes to the designated value\n+    *\n+    * @param size Maximum number of elements in the cache\n+    */\n+  def setCacheSize(size: Long): Unit = {\n     LOGGER.info(s\"${getClass.getCanonicalName} cache size has changed to $size \" +\n       s\"per ${MoleculeFormatType.getClass.getCanonicalName}.\")\n     maxCacheSize = size\n+    clearCache()\n   }\n \n-  private def buildCache(moleculeFormatType: MoleculeFormatType): Cache[String, Molecule] ={\n+  private def buildCache(moleculeFormatType: MoleculeFormatType): Cache[String, Molecule] = {\n     val caffeine = Caffeine.newBuilder().asInstanceOf[Caffeine[String, Molecule]]\n     caffeine.maximumSize(maxCacheSize)\n "], "edit": ["-  def setCacheSize(size: Long): Unit ={", "+  /**", "+    * Wipes all the current caches and changes their maximum sizes to the designated value", "+    *", "+    * @param size Maximum number of elements in the cache", "+    */", "+  def setCacheSize(size: Long): Unit = {", "+    clearCache()", "-  private def buildCache(moleculeFormatType: MoleculeFormatType): Cache[Molecule, String] ={", "+  private def buildCache(moleculeFormatType: MoleculeFormatType): Cache[Molecule, String] = {", "-  def setCacheSize(size: Long): Unit ={", "+  /**", "+    * Wipes all the current caches and changes their maximum sizes to the designated value", "+    *", "+    * @param size Maximum number of elements in the cache", "+    */", "+  def setCacheSize(size: Long): Unit = {", "+    clearCache()", "-  private def buildCache(moleculeFormatType: MoleculeFormatType): Cache[String, Molecule] ={", "+  private def buildCache(moleculeFormatType: MoleculeFormatType): Cache[String, Molecule] = {"], "url": ["https://api.github.com/repos/20n/act/commits/2abdf5f4c5b26c7db05cac5532eefa706d2d0cc3"]}