{"new_feature": "2146,31,17,479,17,0.20", "commitmessage": "#660 fix init meta stuck (#661)", "patch": ["@@ -16,6 +16,7 @@\n import java.util.List;\n import java.util.Map.Entry;\n import java.util.Set;\n+import java.util.concurrent.atomic.AtomicBoolean;\n import java.util.concurrent.atomic.AtomicInteger;\n import java.util.concurrent.locks.Condition;\n import java.util.concurrent.locks.Lock;\n@@ -25,6 +26,7 @@\n     private static final Logger LOGGER = LoggerFactory.getLogger(MultiTableMetaHandler.class);\n     private AtomicInteger shardTableCnt;\n     private AtomicInteger singleTableCnt;\n+    private AtomicBoolean countDownFlag = new AtomicBoolean(false);\n     private String schema;\n     private SchemaConfig config;\n     private SchemaMetaHandler schemaMetaHandler;\n@@ -103,7 +105,9 @@ void countDownShardTable() {\n \n     private void countDown() {\n         if (shardTableCnt.get() == 0 && singleTableCnt.get() == 0) {\n-            schemaMetaHandler.countDown();\n+            if (countDownFlag.compareAndSet(false, true)) {\n+                schemaMetaHandler.countDown();\n+            }\n         }\n     }\n "], "edit": ["+import java.util.concurrent.atomic.AtomicBoolean;", "+    private AtomicBoolean countDownFlag = new AtomicBoolean(false);", "-            schemaMetaHandler.countDown();", "+            if (countDownFlag.compareAndSet(false, true)) {", "+                schemaMetaHandler.countDown();", "+            }"], "url": ["https://api.github.com/repos/actiontech/dble/commits/2b5834ed50a845b550cddd56fe9533fc8faf4120"]}