{"new_feature": "1050,1,6,586,29,0.20", "commitmessage": "Fix #36 (#37)", "patch": ["@@ -99,15 +99,15 @@ Download [the latest JAR][2] or grab via Maven:\n ```xml\n <dependency>\n   <groupId>com.airbnb.okreplay</groupId>\n-  <artifactId>okreplay-core</artifactId>\n+  <artifactId>okreplay</artifactId>\n   <version>1.2.0</version>\n </dependency>\n ```\n or Gradle:\n ```groovy\n debugCompile 'com.airbnb.okreplay:okreplay:1.2.0'\n-releaseCompile 'com.airbnb.okreplay:okreplay-noop:1.2.0'\n-androidTestCompile 'com.airbnb.okreplay:okreplay-espresso:1.2.0'\n+releaseCompile 'com.airbnb.okreplay:noop:1.2.0'\n+androidTestCompile 'com.airbnb.okreplay:espresso:1.2.0'\n ```\n \n Snapshots of the development version are available in [Sonatype's `snapshots` repository][snap]."], "edit": ["-  <artifactId>okreplay-core</artifactId>", "+  <artifactId>okreplay</artifactId>", "-releaseCompile 'com.airbnb.okreplay:okreplay-noop:1.2.0'", "-androidTestCompile 'com.airbnb.okreplay:okreplay-espresso:1.2.0'", "+releaseCompile 'com.airbnb.okreplay:noop:1.2.0'", "+androidTestCompile 'com.airbnb.okreplay:espresso:1.2.0'"], "url": ["https://api.github.com/repos/airbnb/okreplay/commits/2b827387b8678ca3b34bd455fb20c99589f7caff"]}