{"new_feature": "240,3,41,177,30,0.04", "commitmessage": "Include dependency to verify fix for #130", "patch": ["@@ -45,6 +45,11 @@\n       <artifactId>spring-security-oauth2</artifactId>\n       <scope>test</scope>\n     </dependency>\n+    <!-- included only in order to verify the fix for issue #130 -->\n+    <dependency>\n+      <groupId>org.springframework.boot</groupId>\n+      <artifactId>spring-boot-starter-actuator</artifactId>\n+    </dependency>\n   </dependencies>\n \n   <build>"], "edit": ["+    <!-- included only in order to verify the fix for issue #130 -->", "+    <dependency>", "+      <groupId>org.springframework.boot</groupId>", "+      <artifactId>spring-boot-starter-actuator</artifactId>", "+    </dependency>"], "url": ["https://api.github.com/repos/adobe/S3Mock/commits/2b8a43dc237cfce83fd5a33e86ce35242a454d2b"]}