{"new_feature": "12,1,0,76,1,1.00", "commitmessage": "fix conflict on class reference", "patch": ["@@ -211,7 +211,7 @@ private void handleMessage(Object msg) {\n         if (msg instanceof HeartBeatMessage) {\n \n             LOGGER.info(\"Received heart beat {}\", msg);\n-            sender().tell(new ResponseMessage(ResponseMessage.ResponseType.MessageProcessed, null), ActorRef.noSender());\n+            getSender().tell(new ResponseMessage(ResponseMessage.ResponseType.MessageProcessed, null), ActorRef.noSender());\n \n         } else {\n             LOGGER.debug(\"Continue the process {}\", lastCommandMessage);\n@@ -300,7 +300,7 @@ private void handleActorStop() {\n \n \n     protected void acknowledge() {\n-        sender().tell(new ResponseMessage(ResponseMessage.ResponseType.MessageProcessed, lastCommandMessage), ActorRef.noSender());\n+        getSender().tell(new ResponseMessage(ResponseMessage.ResponseType.MessageProcessed, lastCommandMessage), ActorRef.noSender());\n     }\n \n     private void setMdc(Object message) {"], "edit": ["-            sender().tell(new ResponseMessage(ResponseMessage.ResponseType.MessageProcessed, null), ActorRef.noSender());", "+            getSender().tell(new ResponseMessage(ResponseMessage.ResponseType.MessageProcessed, null), ActorRef.noSender());", "-        sender().tell(new ResponseMessage(ResponseMessage.ResponseType.MessageProcessed, lastCommandMessage), ActorRef.noSender());", "+        getSender().tell(new ResponseMessage(ResponseMessage.ResponseType.MessageProcessed, lastCommandMessage), ActorRef.noSender());"], "url": ["https://api.github.com/repos/ajmalbabu/distributed-computing/commits/2bc9ffcfa2c13f008d68565f84a96eb9572c057d"]}