{"new_feature": "2146,31,17,479,17,0.65", "commitmessage": "fix resLastBack", "patch": ["@@ -173,16 +173,17 @@ public void setBackendResponseTime(long backendID) {\n         }\n         QueryTimeCost backCost = queryTimeCost.getBackEndTimeCosts().get(backendID);\n         long responseTime = System.nanoTime();\n-        if (backCost != null && backCost.getResponseTime().compareAndSet(0, responseTime) && queryTimeCost.getFirstBackConRes().compareAndSet(false, true)) {\n-            if (LOGGER.isDebugEnabled()) {\n-                LOGGER.debug(\"backend connection[\" + backendID + \"] setResponseTime:\" + responseTime);\n+        if (backCost != null && backCost.getResponseTime().compareAndSet(0, responseTime)) {\n+            if (queryTimeCost.getFirstBackConRes().compareAndSet(false, true)) {\n+                if (LOGGER.isDebugEnabled()) {\n+                    LOGGER.debug(\"backend connection[\" + backendID + \"] setResponseTime:\" + responseTime);\n+                }\n+                provider.resFromBack(source.getId());\n+                firstBackConRes.set(false);\n+            }\n+            if (queryTimeCost.getBackendReserveCount().decrementAndGet() == 0) {\n+                provider.resLastBack(source.getId());\n             }\n-            provider.resFromBack(source.getId());\n-            firstBackConRes.set(false);\n-        }\n-\n-        if (queryTimeCost.getBackendReserveCount().decrementAndGet() == 0) {\n-            provider.resLastBack(source.getId());\n         }\n     }\n "], "edit": ["-        if (backCost != null && backCost.getResponseTime().compareAndSet(0, responseTime) && queryTimeCost.getFirstBackConRes().compareAndSet(false, true)) {", "-            if (LOGGER.isDebugEnabled()) {", "-                LOGGER.debug(\"backend connection[\" + backendID + \"] setResponseTime:\" + responseTime);", "+        if (backCost != null && backCost.getResponseTime().compareAndSet(0, responseTime)) {", "+            if (queryTimeCost.getFirstBackConRes().compareAndSet(false, true)) {", "+                if (LOGGER.isDebugEnabled()) {", "+                    LOGGER.debug(\"backend connection[\" + backendID + \"] setResponseTime:\" + responseTime);", "+                }", "+                provider.resFromBack(source.getId());", "+                firstBackConRes.set(false);", "+            }", "+            if (queryTimeCost.getBackendReserveCount().decrementAndGet() == 0) {", "+                provider.resLastBack(source.getId());", "-            provider.resFromBack(source.getId());", "-            firstBackConRes.set(false);", "-        }", "-", "-        if (queryTimeCost.getBackendReserveCount().decrementAndGet() == 0) {", "-            provider.resLastBack(source.getId());"], "url": ["https://api.github.com/repos/actiontech/dble/commits/2bebe85d7fb5fd799deb82b915d1dd165b27d83c"]}