{"new_feature": "1577,1,17,193,30,0.06", "commitmessage": "Fix favorite toggling", "patch": ["@@ -243,7 +243,11 @@ public static Playlist getFavoritesPlaylist(@NonNull final Context context) {\n     }\n \n     private static Playlist getOrCreateFavoritesPlaylist(@NonNull final Context context) {\n-        return PlaylistLoader.getPlaylist(context, PlaylistsUtil.createPlaylist(context, context.getString(R.string.favorites)));\n+        Playlist favoritesPlaylist = getFavoritesPlaylist(context);\n+        if (favoritesPlaylist.id == -1) {\n+            return PlaylistLoader.getPlaylist(context, PlaylistsUtil.createPlaylist(context, context.getString(R.string.favorites)));\n+        }\n+        return favoritesPlaylist;\n     }\n \n     public static boolean isFavorite(@NonNull final Context context, @NonNull final Song song) {"], "edit": ["-        return PlaylistLoader.getPlaylist(context, PlaylistsUtil.createPlaylist(context, context.getString(R.string.favorites)));", "+        Playlist favoritesPlaylist = getFavoritesPlaylist(context);", "+        if (favoritesPlaylist.id == -1) {", "+            return PlaylistLoader.getPlaylist(context, PlaylistsUtil.createPlaylist(context, context.getString(R.string.favorites)));", "+        }", "+        return favoritesPlaylist;"], "url": ["https://api.github.com/repos/AdrienPoupa/VinylMusicPlayer/commits/2c0de3df485c57554fca6cba9cfec36f2566ddfb"]}