{"new_feature": "1029,4,0,66,10,0.62", "commitmessage": "More accuracy fixes wrt output messages.", "patch": ["@@ -17,7 +17,7 @@\n  * your own identifying information:\n  * \"Portions Copyrighted [year] [name of copyright owner]\"\n  *\n- * $Id: CmdService.java,v 1.29 2008/02/02 06:40:51 akara Exp $\n+ * $Id: CmdService.java,v 1.30 2008/02/02 07:29:20 akara Exp $\n  *\n  * Copyright 2005 Sun Microsystems Inc. All Rights Reserved\n  */\n@@ -775,7 +775,8 @@ public Boolean call() throws RemoteException, InterruptedException {\n                     break;\n                 } else {\n                     logger.finer(\"Too large time difference of \" + timeDiff +\n-                            \" ms to \" + hostName + \". Only 10 ms are allowed.\");\n+                            \" ms to \" + hostName + \". Only \" + ACCURACY +\n+                            \" ms are allowed.\");\n                     lag += timeDiff;\n                 }\n             }"], "edit": ["- * $Id: CmdService.java,v 1.29 2008/02/02 06:40:51 akara Exp $", "+ * $Id: CmdService.java,v 1.30 2008/02/02 07:29:20 akara Exp $", "-                            \" ms to \" + hostName + \". Only 10 ms are allowed.\");", "+                            \" ms to \" + hostName + \". Only \" + ACCURACY +", "+                            \" ms are allowed.\");"], "url": ["https://api.github.com/repos/akara/faban/commits/2c247dcd7a65986329b52a6317b8261db7505cf2"]}