{"new_feature": "579,12,7,51,15,0.56", "commitmessage": "fix desc", "patch": ["@@ -530,7 +530,7 @@\n                     <td  ><br>\n                          <p><sub>\u524d\u7aef\u4e1a\u52a1\u5904\u7406\u7ebf\u7a0b\u6c60\u6570\u91cf</sub></p><br></td>\n                     <td  ><br>\n-                         <p><sub>\u9ed8\u8ba4<br>(\u5355\u68384,\u5426\u52192\u500d\u6838\u6570)</sub></p><br></td>\n+                         <p><sub>\u9ed8\u8ba4<br>(\u5355\u6838\u4e3a2,\u5426\u5219\u7b49\u4e8e\u5bbf\u4e3b\u673a\u6838\u6570)</sub></p><br></td>\n                     <td  ><br>\n                          <p><sub>\u8fdb\u884c\u524d\u7aef\u5177\u4f53\u4e1a\u52a1\u5904\u7406\u7684\u7ebf\u7a0b\u6c60\u5927\u5c0f\uff0c\u8d1f\u8d23\u89e3\u6790\u8def\u7531\u4e0b\u53d1</sub></p><br></td>\n                     <td  ><br>\n@@ -545,7 +545,7 @@\n                     <td  ><br>\n                          <p><sub>\u540e\u7aef\u4e1a\u52a1\u5904\u7406\u7ebf\u7a0b\u6c60\u6570\u91cf</sub></p><br></td>\n                     <td  ><br>\n-                         <p><sub>\u9ed8\u8ba4<br>(\u5355\u68384,\u5426\u52192\u500d\u6838\u6570)</sub></p><br></td>\n+                         <p><sub>\u9ed8\u8ba4<br>(\u5355\u6838\u4e3a2,\u5426\u5219\u7b49\u4e8e\u5bbf\u4e3b\u673a\u6838\u6570)</sub></p><br></td>\n                     <td  ><br>\n                          <p><sub>\u8fdb\u884c\u540e\u7aef\u5177\u4f53\u4e1a\u52a1\u5904\u7406\u7684\u7ebf\u7a0b\u6c60\u5927\u5c0f\uff0c\u8d1f\u8d23\u56de\u6536\u7ed3\u679c\u96c6\u5e76\u5408\u5e76</sub></p><br></td>\n                     <td  ><br>\n@@ -560,7 +560,7 @@\n                     <td  ><br>\n                          <p><sub>\u590d\u6742\u67e5\u8be2\u540e\u7aef\u4e1a\u52a1\u7ebf\u7a0b\u6c60\u6570\u91cf</sub></p><br></td>\n                     <td  ><br>\n-                         <p><sub>\u9ed8\u8ba4<br>(\u5355\u68384,\u5426\u52192\u500d\u6838\u6570)\u6700\u591a8</sub></p><br></td>\n+                         <p><sub>\u9ed8\u8ba4<br>(\u5355\u6838\u4e3a2,\u5426\u5219\u7b49\u4e8e\u5bbf\u4e3b\u673a\u6838\u6570\uff0c\u5bbf\u4e3b\u673a\u6838\u6570\u5927\u4e8e8\u65f6\uff0c\u6570\u91cf\u4e3a8</sub></p><br></td>\n                     <td  ><br>\n                          <p><sub>\u8d1f\u8d23\u590d\u6742\u67e5\u8be2\u6216\u8005\u5b50\u547d\u4ee4\u7ed3\u679c\u96c6\u7684\u56de\u6536</sub></p><br></td>\n                     <td  ><br>"], "edit": ["-                         <p><sub>\u9ed8\u8ba4<br>(\u5355\u68384,\u5426\u52192\u500d\u6838\u6570)</sub></p><br></td>", "+                         <p><sub>\u9ed8\u8ba4<br>(\u5355\u6838\u4e3a2,\u5426\u5219\u7b49\u4e8e\u5bbf\u4e3b\u673a\u6838\u6570)</sub></p><br></td>", "-                         <p><sub>\u9ed8\u8ba4<br>(\u5355\u68384,\u5426\u52192\u500d\u6838\u6570)</sub></p><br></td>", "+                         <p><sub>\u9ed8\u8ba4<br>(\u5355\u6838\u4e3a2,\u5426\u5219\u7b49\u4e8e\u5bbf\u4e3b\u673a\u6838\u6570)</sub></p><br></td>", "-                         <p><sub>\u9ed8\u8ba4<br>(\u5355\u68384,\u5426\u52192\u500d\u6838\u6570)\u6700\u591a8</sub></p><br></td>", "+                         <p><sub>\u9ed8\u8ba4<br>(\u5355\u6838\u4e3a2,\u5426\u5219\u7b49\u4e8e\u5bbf\u4e3b\u673a\u6838\u6570\uff0c\u5bbf\u4e3b\u673a\u6838\u6570\u5927\u4e8e8\u65f6\uff0c\u6570\u91cf\u4e3a8</sub></p><br></td>"], "url": ["https://api.github.com/repos/actiontech/dble-docs-cn/commits/2c27bcd95dceae6c1a2c098d39187bed1dd166a4"]}