{"new_feature": "540,2,25,135,7,0.97", "commitmessage": "fixes #10", "patch": ["@@ -45,7 +45,6 @@\n \n     @Override\n     public void init(FilterConfig filterConfig) throws ServletException {\n-        log.info(\"Using Admin Template \" + ResourceBundle.getBundle(\"admin\").getString(\"admin.version\"));\n         String disableAdminFilter = filterConfig.getServletContext().getInitParameter(Constants.InitialParams.DISABLE_FILTER);\n         if (adminConfig.isDisableFilter() || has(disableAdminFilter) && Boolean.valueOf(disableAdminFilter)) {\n             disableFilter = true;", "@@ -0,0 +1,27 @@\n+package com.github.adminfaces.template.session;\n+\n+import org.slf4j.Logger;\n+import org.slf4j.LoggerFactory;\n+\n+import javax.servlet.ServletContextEvent;\n+import javax.servlet.ServletContextListener;\n+import java.util.ResourceBundle;\n+\n+/**\n+ * Created by rmpestano on 28/04/17.\n+ */\n+public class AdminServletContextListener implements ServletContextListener {\n+    private static final Logger log = LoggerFactory.getLogger(AdminFilter.class.getCanonicalName());\n+\n+\n+    @Override\n+    public void contextInitialized(ServletContextEvent servletContextEvent) {\n+        log.info(\"Using Admin Template \" + ResourceBundle.getBundle(\"admin\").getString(\"admin.version\"));\n+        log.info(\"Using Admin Theme \" + ResourceBundle.getBundle(\"admin-theme\").getString(\"theme.version\"));\n+    }\n+\n+    @Override\n+    public void contextDestroyed(ServletContextEvent servletContextEvent) {\n+\n+    }\n+}", "@@ -37,4 +37,10 @@\n         <location>/optimistic.xhtml</location>\r\n     </error-page>\r\n \r\n+    <listener>\r\n+        <listener-class>\r\n+            com.github.adminfaces.template.session.AdminServletContextListener\r\n+        </listener-class>\r\n+    </listener>\r\n+\r\n </web-fragment>\n\\ No newline at end of file"], "edit": ["-        log.info(\"Using Admin Template \" + ResourceBundle.getBundle(\"admin\").getString(\"admin.version\"));", "+package com.github.adminfaces.template.session;", "+", "+import org.slf4j.Logger;", "+import org.slf4j.LoggerFactory;", "+", "+import javax.servlet.ServletContextEvent;", "+import javax.servlet.ServletContextListener;", "+import java.util.ResourceBundle;", "+", "+/**", "+ * Created by rmpestano on 28/04/17.", "+ */", "+public class AdminServletContextListener implements ServletContextListener {", "+    private static final Logger log = LoggerFactory.getLogger(AdminFilter.class.getCanonicalName());", "+", "+", "+    @Override", "+    public void contextInitialized(ServletContextEvent servletContextEvent) {", "+        log.info(\"Using Admin Template \" + ResourceBundle.getBundle(\"admin\").getString(\"admin.version\"));", "+        log.info(\"Using Admin Theme \" + ResourceBundle.getBundle(\"admin-theme\").getString(\"theme.version\"));", "+    }", "+", "+    @Override", "+    public void contextDestroyed(ServletContextEvent servletContextEvent) {", "+", "+    }", "+}", "+    <listener>", "+        <listener-class>", "+            com.github.adminfaces.template.session.AdminServletContextListener", "+        </listener-class>", "+    </listener>", "+"], "url": ["https://api.github.com/repos/adminfaces/admin-template/commits/2c2d50d0496a6de32196c2b65d32ca1494b1b81a"]}