{"new_feature": "2146,31,17,479,17,0.20", "commitmessage": "Code style fix (#512)\n\n* ucore xa flag set\r\n\r\n* git ignore\r\n\r\n* code style fix\r\n\r\n* code style fix\r\n\r\n* code style fix\r\n\r\n* Update ShowTableStatus.java\r\n\r\ncode style fix", "patch": ["@@ -76,6 +76,7 @@ local.properties\n \n # IntelliJ\n /out/\n+.idea/\n \n # mpeltonen/sbt-idea plugin\n .idea_modules/", "@@ -2,6 +2,7 @@\n \n import com.actiontech.dble.DbleServer;\n import com.actiontech.dble.backend.mysql.PacketUtil;\n+import com.actiontech.dble.config.ErrorCode;\n import com.actiontech.dble.config.Fields;\n import com.actiontech.dble.manager.handler.PackageBufINf;\n import com.actiontech.dble.meta.SchemaMeta;\n@@ -48,15 +49,20 @@ public static void response(ServerConnection c, String stmt) {\n \n \n     private static void responseDirect(ServerConnection c, String cSchema) {\n-        ByteBuffer buffer = c.allocate();\n+        if (cSchema == null) {\n+            c.writeErrMessage(\"3D000\", \"No database selected\", ErrorCode.ER_NO_DB_ERROR);\n+            return;\n+        }\n         SchemaMeta schemata = DbleServer.getInstance().getTmManager().getCatalogs().get(cSchema);\n         if (schemata == null) {\n-            //error\n+            c.writeErrMessage(\"42000\", \"Unknown database \" + cSchema, ErrorCode.ER_BAD_DB_ERROR);\n+            return;\n         }\n+        ByteBuffer buffer = c.allocate();\n         Map<String, StructureMeta.TableMeta> meta = schemata.getTableMetas();\n         PackageBufINf bufInf;\n \n-        bufInf = writeTablesHeaderAndRows(buffer, c, meta, cSchema);\n+        bufInf = writeTablesHeaderAndRows(buffer, c, meta);\n \n         writeRowEof(bufInf.getBuffer(), c, bufInf.getPacketId());\n     }\n@@ -71,7 +77,7 @@ private static void writeRowEof(ByteBuffer buffer, ServerConnection c, byte pack\n         c.write(buffer);\n     }\n \n-    public static PackageBufINf writeTablesHeaderAndRows(ByteBuffer buffer, ServerConnection c, Map<String, StructureMeta.TableMeta> tableMap, String cSchema) {\n+    private static PackageBufINf writeTablesHeaderAndRows(ByteBuffer buffer, ServerConnection c, Map<String, StructureMeta.TableMeta> tableMap) {\n         int fieldCount = 18;\n         ResultSetHeaderPacket header = PacketUtil.getHeader(fieldCount);\n         FieldPacket[] fields = new FieldPacket[fieldCount];\n@@ -122,7 +128,7 @@ public static PackageBufINf writeTablesHeaderAndRows(ByteBuffer buffer, ServerCo\n     }\n \n \n-    public static byte getAllField(FieldPacket[] fields, byte packetId) {\n+    private static byte getAllField(FieldPacket[] fields, byte packetId) {\n         int i = 0;\n         fields[i] = PacketUtil.getField(\"Name\", Fields.FIELD_TYPE_VAR_STRING);\n         fields[i++].setPacketId(++packetId);"], "edit": ["+.idea/", "+import com.actiontech.dble.config.ErrorCode;", "-        ByteBuffer buffer = c.allocate();", "+        if (cSchema == null) {", "+            c.writeErrMessage(\"3D000\", \"No database selected\", ErrorCode.ER_NO_DB_ERROR);", "+            return;", "+        }", "-            //error", "+            c.writeErrMessage(\"42000\", \"Unknown database \" + cSchema, ErrorCode.ER_BAD_DB_ERROR);", "+            return;", "+        ByteBuffer buffer = c.allocate();", "-        bufInf = writeTablesHeaderAndRows(buffer, c, meta, cSchema);", "+        bufInf = writeTablesHeaderAndRows(buffer, c, meta);", "-    public static PackageBufINf writeTablesHeaderAndRows(ByteBuffer buffer, ServerConnection c, Map<String, StructureMeta.TableMeta> tableMap, String cSchema) {", "+    private static PackageBufINf writeTablesHeaderAndRows(ByteBuffer buffer, ServerConnection c, Map<String, StructureMeta.TableMeta> tableMap) {", "-    public static byte getAllField(FieldPacket[] fields, byte packetId) {", "+    private static byte getAllField(FieldPacket[] fields, byte packetId) {"], "url": ["https://api.github.com/repos/actiontech/dble/commits/2c5d1ebc91185d1df9c13e604639041d5d21b6b8"]}