{"new_feature": "468,1,0,678,8,0.91", "commitmessage": "fix:\u65e5\u5fd7\u6587\u4ef6\u51fa\u73b0\u4e24\u4e2a \u539f\u56e0\u662fspring\u81ea\u8eab\u6709\u4e2aFile\u8f93\u51fa \u6587\u4ef6\u91cc\u53c8\u5b9a\u5236\u4e86\u4e00\u4e2a.", "patch": ["@@ -2,17 +2,11 @@\n <configuration>\n \n     <!-- \u6b64xml\u5728spring-boot-1.5.3.RELEASE.jar\u91cc -->\n-    <include resource=\"org/springframework/boot/logging/logback/base.xml\"/>\n+    <include resource=\"org/springframework/boot/logging/logback/defaults.xml\" />\n+    <include resource=\"org/springframework/boot/logging/logback/console-appender.xml\" />\n     <!-- \u5f00\u542f\u540e\u53ef\u4ee5\u901a\u8fc7jmx\u52a8\u6001\u63a7\u5236\u65e5\u5fd7\u7ea7\u522b(springboot Admin\u7684\u529f\u80fd) -->\n     <!--<jmxConfigurator/>-->\n \n-    <appender name=\"Console\" class=\"ch.qos.logback.core.ConsoleAppender\">\n-        <Target>System.out</Target>\n-        <encoder>\n-            <pattern>%date [%level] [%thread] %logger{60} [%file : %line] %msg%n</pattern>\n-        </encoder>\n-    </appender>\n-\n     <appender name=\"FILE\" class=\"ch.qos.logback.core.rolling.RollingFileAppender\">\n         <File>${LOG_PATH}${LOG_FILE}</File>\n         <encoder>\n@@ -32,7 +26,7 @@\n     <!--<logger name=\"org.apache.kafka.clients.producer.ProducerConfig\" level=\"warn\"/>-->\n \n     <root level=\"INFO\">\n-        <!--<appender-ref ref=\"Console\"/>-->\n+        <appender-ref ref=\"CONSOLE\"/>\n         <appender-ref ref=\"FILE\"/>\n     </root>\n </configuration>\n\\ No newline at end of file"], "edit": ["-    <include resource=\"org/springframework/boot/logging/logback/base.xml\"/>", "+    <include resource=\"org/springframework/boot/logging/logback/defaults.xml\" />", "+    <include resource=\"org/springframework/boot/logging/logback/console-appender.xml\" />", "-    <appender name=\"Console\" class=\"ch.qos.logback.core.ConsoleAppender\">", "-        <Target>System.out</Target>", "-        <encoder>", "-            <pattern>%date [%level] [%thread] %logger{60} [%file : %line] %msg%n</pattern>", "-        </encoder>", "-    </appender>", "-", "-        <!--<appender-ref ref=\"Console\"/>-->", "+        <appender-ref ref=\"CONSOLE\"/>"], "url": ["https://api.github.com/repos/abel533/guns/commits/2c680e46baea329dc4d528ad47690acef4469be4"]}