{"new_feature": "4880,99,0,51,8,0.11", "commitmessage": "Fixing optional -> option conversions", "patch": ["@@ -41,7 +41,7 @@ class MoleculeFinder {\n       val peakSet: Set[Peak] = peaks.peakSpectra.peaks\n \n       def toFormula(n: RawMetabolite): NamedFormula = {\n-        NamedFormula(MassToFormula.getFormulaMap(n.getMolecule), Option(n.getName.get))\n+        NamedFormula(MassToFormula.getFormulaMap(n.getMolecule), Option(n.getName.orElse(null)))\n       }\n \n       def bestFormulaeMatches(peak: Peak): List[NamedFormula] = {\n@@ -107,7 +107,7 @@ class MoleculeFinder {\n       val peakSet: Set[Peak] = peaks.peakSpectra.peaks\n \n       def toInchi(n: RawMetabolite): NamedInchi = {\n-        NamedInchi(n.getMolecule, Option(n.getName.get))\n+        NamedInchi(n.getMolecule, Option(n.getName.orElse(null)))\n       }\n \n       def bestInchisMatches(peak: Peak): List[NamedInchi] = {"], "edit": ["-        NamedFormula(MassToFormula.getFormulaMap(n.getMolecule), Option(n.getName.get))", "+        NamedFormula(MassToFormula.getFormulaMap(n.getMolecule), Option(n.getName.orElse(null)))", "-        NamedInchi(n.getMolecule, Option(n.getName.get))", "+        NamedInchi(n.getMolecule, Option(n.getName.orElse(null)))"], "url": ["https://api.github.com/repos/20n/act/commits/2ca648e72c650fac8bc0aae095eeda827033c0dc"]}