{"new_feature": "1212,68,81,7340,22,0.60", "commitmessage": "atlas databinding bugfix", "patch": ["@@ -33,6 +33,7 @@\n import java.lang.reflect.Method;\n import java.util.HashMap;\n import java.util.List;\n+import java.io.File;\n \n /**\n  * Utility class to create {@link ViewDataBinding} from layouts.\n@@ -366,7 +367,7 @@ private static Object getDataBinderMapper(Application application, Resources res\n             String assetsPath = (String)AssetManager.class.getMethod(\"getCookieName\", new Class[] { Integer.TYPE }).invoke(resource.getAssets(), new Object[] { Integer.valueOf(cookie) });\n             if (assetsPath.endsWith(\".zip\"))\n             {\n-                bundleLocation = substringBetween(assetsPath, \"/storage/\", \"/version.\");\n+                bundleLocation = substringBetween(assetsPath,\"/storage/\",\"/\");\n                 className = String.format(\"%s.%s\", new Object[] { bundleLocation, \"DataBinderMapper\" });\n             }\n             else if (assetsPath.endsWith(\".so\"))"], "edit": ["+import java.io.File;", "-                bundleLocation = substringBetween(assetsPath, \"/storage/\", \"/version.\");", "+                bundleLocation = substringBetween(assetsPath,\"/storage/\",\"/\");"], "url": ["https://api.github.com/repos/alibaba/atlas/commits/2ce1a0842e3cc3bb13823bbb75cf34162d695f21"]}