{"new_feature": "1029,4,0,66,10,0.62", "commitmessage": "Fixed typo in registration messages.", "patch": ["@@ -17,7 +17,7 @@\n  * your own identifying information:\n  * \"Portions Copyrighted [year] [name of copyright owner]\"\n  *\n- * $Id: AgentBootstrap.java,v 1.11 2008/03/15 08:36:26 akara Exp $\n+ * $Id: AgentBootstrap.java,v 1.12 2008/03/21 01:33:13 akara Exp $\n  *\n  * Copyright 2005 Sun Microsystems Inc. All Rights Reserved\n  */\n@@ -381,7 +381,7 @@ private static void reregister(String name, Remote service)\n             throws RemoteException {\n         if (registeredNames.add(name)) {\n             registry.reregister(name, service);\n-            logger.fine(\"Succeeded re-gistering \" + name);\n+            logger.fine(\"Succeeded re-registering \" + name);\n         }\n     }\n "], "edit": ["- * $Id: AgentBootstrap.java,v 1.11 2008/03/15 08:36:26 akara Exp $", "+ * $Id: AgentBootstrap.java,v 1.12 2008/03/21 01:33:13 akara Exp $", "-            logger.fine(\"Succeeded re-gistering \" + name);", "+            logger.fine(\"Succeeded re-registering \" + name);"], "url": ["https://api.github.com/repos/akara/faban/commits/2d007cab65a5ff75a451f48bee63e7adb7377453"]}