{"new_feature": "1029,4,0,66,10,0.62", "commitmessage": "Fixed NPE on getting CmdAgent.", "patch": ["@@ -17,19 +17,18 @@\n  * your own identifying information:\n  * \"Portions Copyrighted [year] [name of copyright owner]\"\n  *\n- * $Id: GenericBenchmark.java,v 1.4 2006/07/26 06:58:10 akara Exp $\n+ * $Id: GenericBenchmark.java,v 1.5 2006/07/27 07:00:05 akara Exp $\n  *\n  * Copyright 2005 Sun Microsystems Inc. All Rights Reserved\n  */\n package com.sun.faban.harness.engine;\n \n+import com.sun.faban.common.Command;\n+import com.sun.faban.common.CommandHandle;\n+import com.sun.faban.harness.agent.CmdAgent;\n import com.sun.faban.harness.common.BenchmarkDescription;\n import com.sun.faban.harness.common.Config;\n import com.sun.faban.harness.common.Run;\n-import com.sun.faban.harness.agent.CmdAgent;\n-import com.sun.faban.harness.agent.CmdAgentImpl;\n-import com.sun.faban.common.Command;\n-import com.sun.faban.common.CommandHandle;\n \n import java.io.BufferedWriter;\n import java.io.File;\n@@ -323,7 +322,7 @@ private boolean postProcess() {\n         CmdAgent masterAgent = null;\n         try {\n             // Obtain the local CmdAgent\n-            masterAgent = (CmdAgent) CmdAgentImpl.getRegistry().\n+            masterAgent = (CmdAgent) CmdService.getHandle().getRegistry().\n                     getService(Config.CMD_AGENT);\n             CommandHandle handle = masterAgent.execute(xanadu);\n             if (handle.exitValue() != 0)"], "edit": ["- * $Id: GenericBenchmark.java,v 1.4 2006/07/26 06:58:10 akara Exp $", "+ * $Id: GenericBenchmark.java,v 1.5 2006/07/27 07:00:05 akara Exp $", "+import com.sun.faban.common.Command;", "+import com.sun.faban.common.CommandHandle;", "+import com.sun.faban.harness.agent.CmdAgent;", "-import com.sun.faban.harness.agent.CmdAgent;", "-import com.sun.faban.harness.agent.CmdAgentImpl;", "-import com.sun.faban.common.Command;", "-import com.sun.faban.common.CommandHandle;", "-            masterAgent = (CmdAgent) CmdAgentImpl.getRegistry().", "+            masterAgent = (CmdAgent) CmdService.getHandle().getRegistry()."], "url": ["https://api.github.com/repos/akara/faban/commits/2d1645d4264b05c6807633f2c1766e7d78d5498c"]}