{"new_feature": "37,1,5,83,7,0.03", "commitmessage": "Replace \"compile\" with \"implementation\"\n\nThis fixes a warning generated when building this project. For more details see here: http://d.android.com/r/tools/update-dependency-configurations.html", "patch": ["@@ -25,6 +25,6 @@ allprojects {\n }\n \n dependencies {\n-    compile \"com.facebook.react:react-native:+\"\n-    compile 'com.cocosw:bottomsheet:1.+@aar'\n+    implementation \"com.facebook.react:react-native:+\"\n+    implementation 'com.cocosw:bottomsheet:1.+@aar'\n }"], "edit": ["-    compile \"com.facebook.react:react-native:+\"", "-    compile 'com.cocosw:bottomsheet:1.+@aar'", "+    implementation \"com.facebook.react:react-native:+\"", "+    implementation 'com.cocosw:bottomsheet:1.+@aar'"], "url": ["https://api.github.com/repos/acaziasoftcom/react-native-bottomsheet/commits/2d30e3c9db43ab6a78b158b045ba6ecee6a59cb2"]}