{"new_feature": "852,1,0,121,25,0.20", "commitmessage": "Fix exclusions for libthrift", "patch": ["@@ -195,7 +195,7 @@\n                                         </goals>\n                                     </pluginExecutionFilter>\n                                     <action>\n-                                        <ignore/>\n+                                        <ignore />\n                                     </action>\n                                 </pluginExecution>\n                                 <pluginExecution>"], "edit": ["-                                        <ignore/>", "+                                        <ignore />"], "url": ["https://api.github.com/repos/airlift/drift/commits/2d4ac83a34838845490a18a2872054efc00e674a"]}