{"new_feature": "2146,31,17,479,17,0.65", "commitmessage": "fix 54b695b", "patch": ["@@ -322,12 +322,11 @@ public static int findNextBreak(String sql) {\n                 case '\\'':\n                 case '\\\"':\n                     if (!breakFlag) {\n-                        if (beginChar == 0) {\n-                            beginChar = c;\n-                        }\n                         breakFlag = true;\n+                        beginChar = c;\n                     } else if (c == beginChar) {\n                         breakFlag = false;\n+                        beginChar = 0;\n                     }\n                     break;\n                 case ';':", "@@ -336,5 +336,12 @@ public void testDivide() {\n         sql = \"delete from tablex where name = \\\"sdfsd\\\\\\\\\\\\\\\";'f\\\";\";\n         Assert.assertEquals(46, ParseUtil.findNextBreak(sql));\n \n+        sql = \"update char_columns set c_char ='1',c_char2=\\\"2\\\";\";\n+        Assert.assertEquals(47, ParseUtil.findNextBreak(sql));\n+\n+        sql = \"update char_columns set c_char ='1;',c_char2=\\\";2\\\";\";\n+        Assert.assertEquals(49, ParseUtil.findNextBreak(sql));\n+\n+\n     }\n }"], "edit": ["-                        if (beginChar == 0) {", "-                            beginChar = c;", "-                        }", "+                        beginChar = c;", "+                        beginChar = 0;", "+        sql = \"update char_columns set c_char ='1',c_char2=\\\"2\\\";\";", "+        Assert.assertEquals(47, ParseUtil.findNextBreak(sql));", "+", "+        sql = \"update char_columns set c_char ='1;',c_char2=\\\";2\\\";\";", "+        Assert.assertEquals(49, ParseUtil.findNextBreak(sql));", "+", "+"], "url": ["https://api.github.com/repos/actiontech/dble/commits/2dd5622521aebc50128f17b46641944fa9787954"]}