{"new_feature": "1227,9,21,922,30,0.08", "commitmessage": "Try to show a progress bar in the media player\n\nThis commit is kind of a hack to force MediaElement.js to show a\nprogress bar when we are loading a song.\n\nNormally, in vanilla HTML5 MediaElement, we'd explicitely call 'play()'\nwhen loading a song. Here, we cannot ensure playback will work well if\nwe don't wait for the 'canplay' event to be fired, but the progress bar\nwon't show up without 'play()'...\n\nThis commit emits a fake 'waiting' event to let the MEJS know that it\nshould update the UI.", "patch": ["@@ -577,6 +577,12 @@\n         // the 'createMediaElementPlayer()' function above.\n         //\n         // player.play();\n+\n+        // FIXME: Remove once https://github.com/mediaelement/mediaelement/issues/2650 is fixed.\n+        //\n+        // Instead, we're triggering a 'waiting' event so that the player shows\n+        // a progress bar to indicate that it's loading the stream.\n+        player.dispatchEvent(new Event(\"waiting\"));\n     }\n \n     function skip(index, position) {"], "edit": ["+", "+        // FIXME: Remove once https://github.com/mediaelement/mediaelement/issues/2650 is fixed.", "+        //", "+        // Instead, we're triggering a 'waiting' event so that the player shows", "+        // a progress bar to indicate that it's loading the stream.", "+        player.dispatchEvent(new Event(\"waiting\"));"], "url": ["https://api.github.com/repos/airsonic/airsonic/commits/2e0134259d9db9eed5d9630efbf5eb59db51d815"]}