{"new_feature": "177,3,6,273,2,0.98", "commitmessage": "[fixbug] Fix ReplaceCommand and ResetToCommand", "patch": ["@@ -31,6 +31,7 @@ public boolean execute(NavigationContext navigationContext, NavigationFactory na\n \n \t\tif(intent != null) {\n \t\t\tcontext.startActivity(intent);\n+\t\t\tnavigationContext.getActivity().finish();\n \t\t\treturn false;\n \t\t} else if (fragment != null) {\n \t\t\tFragmentManager fragmentManager = navigationContext.getFragmentManager();", "@@ -30,6 +30,7 @@ public boolean execute(NavigationContext navigationContext, NavigationFactory na\n \t\tFragment fragment = navigationFactory.createFragment(mScreen);\n \n \t\tif(intent != null) {\n+\t\t\tintent.addFlags(Intent.FLAG_ACTIVITY_NEW_TASK | Intent.FLAG_ACTIVITY_CLEAR_TASK);\n \t\t\tcontext.startActivity(intent);\n \t\t\treturn false;\n \t\t} else if (fragment != null) {"], "edit": ["+\t\t\tnavigationContext.getActivity().finish();", "+\t\t\tintent.addFlags(Intent.FLAG_ACTIVITY_NEW_TASK | Intent.FLAG_ACTIVITY_CLEAR_TASK);"], "url": ["https://api.github.com/repos/aartikov/Alligator/commits/2e0b6b66ec107a73abcc56217061feb557fd9021"]}