{"new_feature": "334,1,0,93,1,1.00", "commitmessage": "\u3010Fixed Bug\u3011 \u4fee\u590d\u5c06\u540c\u540d\u6b4c\u66f2\u6dfb\u52a0\u5230\u540c\u4e00\u4e2a\u64ad\u653e\u5217\u8868\u4e2d\u5d29\u6e83Bug\u3002", "patch": ["@@ -152,11 +152,14 @@ private void initListener() {\n                     if (beanList.size() > 0) {\n                         ToastUtil.songalreadyExist(mActivity);\n                     } else {\n-                        MusicBean musicBean = mMusicBeanDao.queryBuilder().where(MusicBeanDao.Properties.Title.eq(mSongName)).build().unique();\n-                        musicBean.setPlayListFlag(playListBean.getTitle());\n-                        mMusicBeanDao.update(musicBean);\n-                        playListBean.setSongCount(playListBean.getSongCount() + 1);\n-                        mPlayListDao.update(playListBean);\n+                        List<MusicBean> musicBeans = mMusicBeanDao.queryBuilder().where(MusicBeanDao.Properties.Title.eq(mSongName)).build().list();\n+                        if (musicBeans.size() > 0) {\n+                            MusicBean musicBean = musicBeans.get(0);\n+                            musicBean.setPlayListFlag(playListBean.getTitle());\n+                            mMusicBeanDao.update(musicBean);\n+                            playListBean.setSongCount(playListBean.getSongCount() + 1);\n+                            mPlayListDao.update(playListBean);\n+                        }\n                     }\n                     ((OnFinishActivityListener) mContext).finishActivity();\n                 }", "@@ -24,7 +24,8 @@\n \n                 <TextView\n                     android:id=\"@+id/tv_edit\"\n-                    android:layout_width=\"48dp\"\n+                    android:layout_width=\"wrap_content\"\n+                    android:minWidth=\"48dp\"\n                     android:layout_height=\"30dp\"\n                     android:layout_centerVertical=\"true\"\n                     android:background=\"@drawable/shape_btn_edit_selector\""], "edit": ["-                        MusicBean musicBean = mMusicBeanDao.queryBuilder().where(MusicBeanDao.Properties.Title.eq(mSongName)).build().unique();", "-                        musicBean.setPlayListFlag(playListBean.getTitle());", "-                        mMusicBeanDao.update(musicBean);", "-                        playListBean.setSongCount(playListBean.getSongCount() + 1);", "-                        mPlayListDao.update(playListBean);", "+                        List<MusicBean> musicBeans = mMusicBeanDao.queryBuilder().where(MusicBeanDao.Properties.Title.eq(mSongName)).build().list();", "+                        if (musicBeans.size() > 0) {", "+                            MusicBean musicBean = musicBeans.get(0);", "+                            musicBean.setPlayListFlag(playListBean.getTitle());", "+                            mMusicBeanDao.update(musicBean);", "+                            playListBean.setSongCount(playListBean.getSongCount() + 1);", "+                            mPlayListDao.update(playListBean);", "+                        }", "-                    android:layout_width=\"48dp\"", "+                    android:layout_width=\"wrap_content\"", "+                    android:minWidth=\"48dp\""], "url": ["https://api.github.com/repos/1900Star/SmartisanMusicPlayer/commits/2e194a595cb1a9ad77f8526d2fde1563a5c7e2a6"]}