{"new_feature": "1029,4,0,66,10,0.62", "commitmessage": "Fix for issue#31: Disabled phone-home in Fenxi.", "patch": ["@@ -13,12 +13,12 @@ fi\n FENXI_HOST=localhost\n export FENXI_HOST\n \n-LOG_FILE=/net/romulus.sfbay/export/home/fenxi2/usage-log/log\n+# LOG_FILE=/net/romulus.sfbay/export/home/fenxi2/usage-log/log\n \n-if [ -w $LOG_FILE ] ; then\n-    who am i | awk '{print $3, $4, $5, $1};' >> $LOG_FILE\n-    uname -a | awk '{print $2, $3, $5};' >> $LOG_FILE\n-fi\n+# if [ -w $LOG_FILE ] ; then\n+#    who am i | awk '{print $3, $4, $5, $1};' >> $LOG_FILE\n+#    uname -a | awk '{print $2, $3, $5};' >> $LOG_FILE\n+# fi\n \n if [ -n \"$JAVA_HOME\" ] ; then\n     PATH=$JAVA_HOME/bin:$PATH"], "edit": ["-LOG_FILE=/net/romulus.sfbay/export/home/fenxi2/usage-log/log", "+# LOG_FILE=/net/romulus.sfbay/export/home/fenxi2/usage-log/log", "-if [ -w $LOG_FILE ] ; then", "-    who am i | awk '{print $3, $4, $5, $1};' >> $LOG_FILE", "-    uname -a | awk '{print $2, $3, $5};' >> $LOG_FILE", "-fi", "+# if [ -w $LOG_FILE ] ; then", "+#    who am i | awk '{print $3, $4, $5, $1};' >> $LOG_FILE", "+#    uname -a | awk '{print $2, $3, $5};' >> $LOG_FILE", "+# fi"], "url": ["https://api.github.com/repos/akara/faban/commits/2e75d90631228753cb6e0e303f0fc91c4965fed3"]}