{"new_feature": "4880,99,0,51,8,0.27", "commitmessage": "Fix incorrect substructure search page title.", "patch": ["@@ -12,7 +12,7 @@\n       <script src=\"https://oss.maxcdn.com/respond/1.4.2/respond.min.js\"></script>\n     <![endif]-->\n \n-    <title>React App</title>\n+    <title>Substructure Search</title>\n   </head>\n   <body>\n     <script src=\"https://ajax.googleapis.com/ajax/libs/jquery/1.12.4/jquery.min.js\"></script>"], "edit": ["-    <title>React App</title>", "+    <title>Substructure Search</title>"], "url": ["https://api.github.com/repos/20n/act/commits/2ead60e94e8734f4f8ec774036c72a4c6e00b4a8"]}