{"new_feature": "41,1,1,172,3,0.74", "commitmessage": "bugfix \u7ffb\u8bd1\u95ee\u9898 #1 @Harlber", "patch": ["@@ -6,7 +6,7 @@\n \n ## Features\n \n-* Two platform support (`iOS` & `Android`).\n+* Two platforms support (`iOS` & `Android`).\n * Collect click and exposure event tracelessly, noninvasively.\n * Support multiple application scenarios\uff08begin to scroll, end to scroll, auto scroll, window replace inside page, switch page in the TabActivity, enter into the next page, switch back and forth when press Home button).\n * Caller can set the custom data commit method."], "edit": ["-* Two platform support (`iOS` & `Android`).", "+* Two platforms support (`iOS` & `Android`)."], "url": ["https://api.github.com/repos/alibaba/android_viewtracker/commits/2f364f71c20e63213c79a1467316159973633e3b"]}