{"new_feature": "2276,1,0,88,30,0.01", "commitmessage": "Fixed checkstyle violation", "patch": ["@@ -18,7 +18,6 @@\n \n package com.SecUpwN.AIMSICD.fragments;\n \n-import android.app.Activity;\n import android.content.ComponentName;\n import android.content.Context;\n import android.content.Intent;\n@@ -30,7 +29,6 @@\n import android.support.v4.widget.SwipeRefreshLayout;\n import android.text.TextUtils;\n import android.view.View;\n-import android.widget.Button;\n import android.widget.ListView;\n import android.widget.TableRow;\n import android.widget.TextView;"], "edit": ["-import android.app.Activity;", "-import android.widget.Button;"], "url": ["https://api.github.com/repos/5GSD/AIMSICDL/commits/2f57b7168c62c5d4113c042b0c3474afac1806cd"]}