{"new_feature": "1050,1,6,586,29,0.62", "commitmessage": "Attempting to fix the compilation of the scala example.", "patch": ["@@ -4,7 +4,7 @@ script:\n - ./gradlew clean build\n - jdk_switcher use oraclejdk8\n - ./gradlew clean build publishToMavenLocal\n-- cd ./example/play-framework-2.4.6-java && ./activator test\n+- cd ./example/play-framework-2.4.6-java && ./activator test && cd ../..\n - cd ./example/play-framework-2.4.6-scala && ./activator test\n notifications:\n   slack:"], "edit": ["- ./gradlew clean build", "- jdk_switcher use oraclejdk8", "- ./gradlew clean build publishToMavenLocal", "-- cd ./example/play-framework-2.4.6-java && ./activator test", "+- cd ./example/play-framework-2.4.6-java && ./activator test && cd ../..", "- cd ./example/play-framework-2.4.6-scala && ./activator test"], "url": ["https://api.github.com/repos/airbnb/okreplay/commits/2f6837606e787a800596e3295c7f5f5acf7db127"]}