{"new_feature": "1577,1,17,193,30,0.71", "commitmessage": "Fixed the low res heart icon bug on lollipop.", "patch": ["@@ -18,6 +18,7 @@\n         android:padding=\"72dp\"\n         android:tint=\"@color/md_pink_A400\"\n         android:tintMode=\"src_in\"\n+        android:scaleType=\"fitXY\"\n         android:visibility=\"invisible\"\n         app:srcCompat=\"@drawable/ic_favorite_white_24dp\"\n         tools:ignore=\"ContentDescription,UnusedAttribute\" />"], "edit": ["+        android:scaleType=\"fitXY\""], "url": ["https://api.github.com/repos/AdrienPoupa/VinylMusicPlayer/commits/2f907b9b464d3a8e2c13e8e4d9931c9e2481ee6b"]}