{"new_feature": "1050,1,6,586,29,0.62", "commitmessage": "fix ordering of top level properties in YAML\n\nwas only sorting if for `Tape` class not any implementation of it", "patch": ["@@ -32,8 +32,7 @@\n \n /**\n  * Applies a fixed ordering to properties and excludes `null` valued\n- * properties,\n- * empty collections and empty maps.\n+ * properties, empty collections and empty maps.\n  */\n public class TapeRepresenter extends Representer {\n \n@@ -109,13 +108,13 @@ public Node representData(Object data) {\n         protected Set<Property> createPropertySet(Class<?> type, BeanAccess bAccess) {\n             try {\n                 Set<Property> properties = super.createPropertySet(type, bAccess);\n-                if (type.equals(Tape.class)) {\n+                if (Tape.class.isAssignableFrom(type)) {\n                     return sort(properties, \"name\", \"interactions\");\n-                } else if (type.equals(RecordedInteraction.class)) {\n+                } else if (RecordedInteraction.class.isAssignableFrom(type)) {\n                     return sort(properties, \"recorded\", \"request\", \"response\");\n-                } else if (type.equals(RecordedRequest.class)) {\n+                } else if (RecordedRequest.class.isAssignableFrom(type)) {\n                     return sort(properties, \"method\", \"uri\", \"headers\", \"body\");\n-                } else if (type.equals(RecordedResponse.class)) {\n+                } else if (RecordedResponse.class.isAssignableFrom(type)) {\n                     return sort(properties, \"status\", \"headers\", \"body\");\n                 } else {\n                     return properties;\n@@ -126,13 +125,18 @@ public Node representData(Object data) {\n         }\n \n         private Set<Property> sort(Set<Property> properties, String... names) {\n-            return new LinkedHashSet<Property>(Ordering.from(new OrderedPropertyComparator(names)).sortedCopy(properties));\n+            return Sets.newLinkedHashSet(Ordering.from(OrderedPropertyComparator.forNames(names)).sortedCopy(properties));\n         }\n     }\n \n-    public class OrderedPropertyComparator implements Comparator<Property> {\n-        public OrderedPropertyComparator(String... propertyNames) {\n-            this.propertyNames = Lists.newArrayList(propertyNames);\n+    public static class OrderedPropertyComparator implements Comparator<Property> {\n+\n+        public static OrderedPropertyComparator forNames(String... propertyNames) {\n+            return new OrderedPropertyComparator(propertyNames);\n+        }\n+\n+        private OrderedPropertyComparator(String... propertyNames) {\n+            this.propertyNames = Arrays.asList(propertyNames);\n         }\n \n         public int compare(Property a, Property b) {"], "edit": ["- * properties,", "- * empty collections and empty maps.", "+ * properties, empty collections and empty maps.", "-                if (type.equals(Tape.class)) {", "+                if (Tape.class.isAssignableFrom(type)) {", "-                } else if (type.equals(RecordedInteraction.class)) {", "+                } else if (RecordedInteraction.class.isAssignableFrom(type)) {", "-                } else if (type.equals(RecordedRequest.class)) {", "+                } else if (RecordedRequest.class.isAssignableFrom(type)) {", "-                } else if (type.equals(RecordedResponse.class)) {", "+                } else if (RecordedResponse.class.isAssignableFrom(type)) {", "-            return new LinkedHashSet<Property>(Ordering.from(new OrderedPropertyComparator(names)).sortedCopy(properties));", "+            return Sets.newLinkedHashSet(Ordering.from(OrderedPropertyComparator.forNames(names)).sortedCopy(properties));", "-    public class OrderedPropertyComparator implements Comparator<Property> {", "-        public OrderedPropertyComparator(String... propertyNames) {", "-            this.propertyNames = Lists.newArrayList(propertyNames);", "+    public static class OrderedPropertyComparator implements Comparator<Property> {", "+", "+        public static OrderedPropertyComparator forNames(String... propertyNames) {", "+            return new OrderedPropertyComparator(propertyNames);", "+        }", "+", "+        private OrderedPropertyComparator(String... propertyNames) {", "+            this.propertyNames = Arrays.asList(propertyNames);"], "url": ["https://api.github.com/repos/airbnb/okreplay/commits/2ff51c703341db9f3e800df0f0c83e41520a65da"]}