{"new_feature": "101,1,10,76,1,1.00", "commitmessage": "usage fixes, release 0.0.8 preparation", "patch": ["@@ -3,7 +3,7 @@\n     <modelVersion>4.0.0</modelVersion>\n     <groupId>com.airhacks</groupId>\n     <artifactId>wad</artifactId>\n-    <version>0.0.8-SNAPSHOT</version>\n+    <version>0.0.8</version>\n     <packaging>jar</packaging>\n     <dependencies>\n         <dependency>", "@@ -32,7 +32,7 @@ static void exit() {\n \n     public static void printUsage() {\n         String message = loadMessage(\"usage.txt\");\n-        System.out.println(\"message = \" + message);\n+        System.out.println(message);\n     }\n \n     public static String loadMessage(String fileName) {"], "edit": ["-    <version>0.0.8-SNAPSHOT</version>", "+    <version>0.0.8</version>", "-        System.out.println(\"message = \" + message);", "+        System.out.println(message);"], "url": ["https://api.github.com/repos/AdamBien/wad/commits/3a6275855a0f7e3bf29e78dc92b1b51f2999ea4f"]}