{"new_feature": "1050,1,6,586,29,0.62", "commitmessage": "Keep test dependencies out of pom. Fixes #28", "patch": ["@@ -17,7 +17,7 @@ apply plugin: \"signing\"\n apply plugin: \"idea\"\n \n group = \"com.github.robfletcher\"\n-version = \"1.0-M1\"\n+version = \"1.0-M2-SNAPSHOT\"\n \n // custom tasks for creating source/javadoc jars\n task sourcesJar(type: Jar, dependsOn: classes) {\n@@ -131,13 +131,10 @@ uploadPublished {\n \tproject.poms << project.deployer.pom\n }\n \n-//uploadPublished {\n-//\trepositories {\n-//\t\tmavenDeployer {\n-//\t\t\tbeforeDeployment { deployment -> signPom(deployment) }\n-//\t\t}\n-//\t}\n-//}\n+// Remove test deps from all poms\n+project.poms*.whenConfigured { pom ->\n+\tpom.dependencies.removeAll(pom.dependencies.findAll { it.scope == \"test\" })\n+}\n \n task wrapper(type: Wrapper) {\n \tgradleVersion = \"1.0-milestone-3\""], "edit": ["-version = \"1.0-M1\"", "+version = \"1.0-M2-SNAPSHOT\"", "-//uploadPublished {", "-//\trepositories {", "-//\t\tmavenDeployer {", "-//\t\t\tbeforeDeployment { deployment -> signPom(deployment) }", "-//\t\t}", "-//\t}", "-//}", "+// Remove test deps from all poms", "+project.poms*.whenConfigured { pom ->", "+\tpom.dependencies.removeAll(pom.dependencies.findAll { it.scope == \"test\" })", "+}"], "url": ["https://api.github.com/repos/airbnb/okreplay/commits/3a6fb9af4454fac9d7b3ea98ca1f3a9668ad6eec"]}