{"new_feature": "41,1,0,128,1,1.00", "commitmessage": "fix", "patch": ["@@ -3,6 +3,7 @@\n import com.lq.entity.SysLogWithBLOBs;\n import com.lq.mapping.BeanMapper;\n import org.springframework.beans.factory.annotation.Autowired;\n+import org.springframework.scheduling.annotation.EnableAsync;\n import org.springframework.stereotype.Service;\n import org.springframework.transaction.annotation.Transactional;\n import org.springframework.data.domain.Pageable;\n@@ -15,6 +16,7 @@\n import java.util.List;\n \n @Service\n+@EnableAsync\n public class SysLogServiceImpl implements SysLogService {\n \n \t@Autowired", "@@ -3,8 +3,8 @@\n        xmlns:xsi=\"http://www.w3.org/2001/XMLSchema-instance\" xmlns:tx=\"http://www.springframework.org/schema/tx\"\n        xmlns:context=\"http://www.springframework.org/schema/context\"\n        xsi:schemaLocation=\"http://www.springframework.org/schema/beans http://www.springframework.org/schema/beans/spring-beans.xsd http://www.alibaba.com/schema/stat http://www.alibaba.com/schema/stat.xsd http://www.springframework.org/schema/context http://www.springframework.org/schema/context/spring-context.xsd http://www.springframework.org/schema/tx http://www.springframework.org/schema/tx/spring-tx.xsd\">\n-    <context:property-placeholder location=\"redis.properties\"></context:property-placeholder>\n \n+    <context:property-placeholder location=\"classpath:redis.properties\"/>\n     <bean id=\"jedisPoolConfig\" class=\"redis.clients.jedis.JedisPoolConfig\">\n         <property name=\"maxTotal\">\n             <value>${redis.pool.maxActive}</value>", "@@ -2,24 +2,24 @@\n <beans xmlns=\"http://www.springframework.org/schema/beans\"\n        xmlns:xsi=\"http://www.w3.org/2001/XMLSchema-instance\"\n        xmlns:context=\"http://www.springframework.org/schema/context\"\n-       xmlns:mvc=\"http://www.springframework.org/schema/mvc\"\n+       xmlns:mvc=\"http://www.springframework.org/schema/mvc\" xmlns:task=\"http://www.springframework.org/schema/task\"\n        xsi:schemaLocation=\"http://www.springframework.org/schema/beans\n     http://www.springframework.org/schema/beans/spring-beans.xsd\n     http://www.springframework.org/schema/context\n     http://www.springframework.org/schema/context/spring-context.xsd\n     http://www.springframework.org/schema/mvc\n-    http://www.springframework.org/schema/mvc/spring-mvc-3.2.xsd\">\n+    http://www.springframework.org/schema/mvc/spring-mvc-3.2.xsd http://www.springframework.org/schema/task http://www.springframework.org/schema/task/spring-task.xsd\">\n     <context:component-scan base-package=\"com.lq.*\"/>\n \n     <context:annotation-config/>\n     <mvc:interceptors>\n         <bean class=\"com.lq.interceptor.HttpInteceptor\"/>\n     </mvc:interceptors>\n     <mvc:resources mapping=\"static/**\" location=\"static/\"/>\n-   <!-- <mvc:resources mapping=\"/js/**\" location=\"WEB-INF/js/\"/>\n-    <mvc:resources mapping=\"/css/**\" location=\"WEB-INF/css/\"/>\n-    <mvc:resources mapping=\"/font/**\" location=\"WEB-INF/font/\"/>\n-    <mvc:resources mapping=\"/images/**\" location=\"WEB-INF/images/face/\"/>-->\n+    <!-- <mvc:resources mapping=\"/js/**\" location=\"WEB-INF/js/\"/>\n+     <mvc:resources mapping=\"/css/**\" location=\"WEB-INF/css/\"/>\n+     <mvc:resources mapping=\"/font/**\" location=\"WEB-INF/font/\"/>\n+     <mvc:resources mapping=\"/images/**\" location=\"WEB-INF/images/face/\"/>-->\n \n     <mvc:annotation-driven>\n         <mvc:argument-resolvers>\n@@ -37,4 +37,7 @@\n     </bean>\n \n     <bean class=\"com.lq.utils.ApplicationContextHelper\" lazy-init=\"false\"/>\n+\n+    <task:executor id=\"executor\" pool-size=\"15\"/>\n+    <task:annotation-driven executor=\"executor\"/>\n </beans>\n\\ No newline at end of file", "@@ -13,6 +13,7 @@\n             <param-value>/WEB-INF/spring-web.xml</param-value>\n         </init-param>\n         <load-on-startup>1</load-on-startup>\n+        <async-supported>true</async-supported>\n     </servlet>\n     <servlet-mapping>\n         <servlet-name>dispatcherServlet</servlet-name>"], "edit": ["+import org.springframework.scheduling.annotation.EnableAsync;", "+@EnableAsync", "-    <context:property-placeholder location=\"redis.properties\"></context:property-placeholder>", "+    <context:property-placeholder location=\"classpath:redis.properties\"/>", "-       xmlns:mvc=\"http://www.springframework.org/schema/mvc\"", "+       xmlns:mvc=\"http://www.springframework.org/schema/mvc\" xmlns:task=\"http://www.springframework.org/schema/task\"", "-    http://www.springframework.org/schema/mvc/spring-mvc-3.2.xsd\">", "+    http://www.springframework.org/schema/mvc/spring-mvc-3.2.xsd http://www.springframework.org/schema/task http://www.springframework.org/schema/task/spring-task.xsd\">", "-   <!-- <mvc:resources mapping=\"/js/**\" location=\"WEB-INF/js/\"/>", "-    <mvc:resources mapping=\"/css/**\" location=\"WEB-INF/css/\"/>", "-    <mvc:resources mapping=\"/font/**\" location=\"WEB-INF/font/\"/>", "-    <mvc:resources mapping=\"/images/**\" location=\"WEB-INF/images/face/\"/>-->", "+    <!-- <mvc:resources mapping=\"/js/**\" location=\"WEB-INF/js/\"/>", "+     <mvc:resources mapping=\"/css/**\" location=\"WEB-INF/css/\"/>", "+     <mvc:resources mapping=\"/font/**\" location=\"WEB-INF/font/\"/>", "+     <mvc:resources mapping=\"/images/**\" location=\"WEB-INF/images/face/\"/>-->", "+", "+    <task:executor id=\"executor\" pool-size=\"15\"/>", "+    <task:annotation-driven executor=\"executor\"/>", "+        <async-supported>true</async-supported>"], "url": ["https://api.github.com/repos/1144388620lq/permission/commits/3af789072e6315c031f65bac4308642001a24727"]}