{"new_feature": "102,1,0,58,1,1.00", "commitmessage": "Hackerland Radio Transmitters", "patch": ["@@ -0,0 +1,37 @@\n+import java.io.*;\n+import java.util.*;\n+import java.text.*;\n+import java.math.*;\n+import java.util.regex.*;\n+\n+public class Solution {\n+\n+    static int hackerlandRadioTransmitters(int[] x, int k) {\n+        Arrays.sort(x);\n+        int counter = 0;\n+        int i = 0;\n+        while (i < x.length) {\n+            counter++;\n+            int leftStartingPoint = i;\n+            while((i + 1 < x.length) && (x[i + 1] - x[leftStartingPoint] <= k)) { i++; }\n+            int middlePoint = i;\n+            while((i + 1 < x.length) && (x[i + 1] - x[middlePoint] <= k)) { i++; }\n+            i++;\n+        }\n+\n+        return counter;\n+    }\n+\n+    public static void main(String[] args) {\n+        Scanner in = new Scanner(System.in);\n+        int n = in.nextInt();\n+        int k = in.nextInt();\n+        int[] x = new int[n];\n+        for(int x_i = 0; x_i < n; x_i++){\n+            x[x_i] = in.nextInt();\n+        }\n+        int result = hackerlandRadioTransmitters(x, k);\n+        System.out.println(result);\n+        in.close();\n+    }\n+}", "@@ -1,7 +1,7 @@\n <div align=\"center\">\n <img src=\"https://github.com/alexprut/HackerRank/raw/master/hackerrank-logo.png\" width=\"450\" height=\"auto\"/>\n \n-[![Solutions](https://img.shields.io/badge/solutions-241-green.svg?style=flat-square)](https://github.com/alexprut/HackerRank#table-of-contents)\n+[![Solutions](https://img.shields.io/badge/solutions-242-green.svg?style=flat-square)](https://github.com/alexprut/HackerRank#table-of-contents)\n [![Languages](https://img.shields.io/badge/languages-c%2B%2B%2Cjava%2Chaskell-yellow.svg)](https://github.com/alexprut/HackerRank#table-of-contents)\n [![Author](https://img.shields.io/badge/author-alexprut-brightgreen.svg?style=flat-square)](https://www.hackerrank.com/alexprut)\n [![MIT](https://img.shields.io/dub/l/vibe-d.svg?style=flat-square)](https://github.com/alexprut/HackerRank/blob/master/LICENSE)\n@@ -74,6 +74,7 @@ platform tests of a given problem.\n |Sorting|[The Full Counting Sort](https://www.hackerrank.com/challenges/countingsort4)|Medium|40|[Solution.java](Algorithms/Sorting/The%20Full%20Counting%20Sort/Solution.java)|\n |Sorting|[Closest Numbers](https://www.hackerrank.com/challenges/closest-numbers)|Easy|35|[Solution.cpp](Algorithms/Sorting/Closest%20Numbers/Solution.cpp)|\n |Sorting|[Find the Median](https://www.hackerrank.com/challenges/find-the-median)|Easy|35|[Solution.java](Algorithms/Sorting/Find%20the%20Median/Solution.java)|\n+|Search|[Hackerland Radio Transmitters](https://www.hackerrank.com/challenges/hackerland-radio-transmitters)|Medium|25|[Solution.java](Algorithms/Search/Hackerland%20Radio%20Transmitters/Solution.java)|\n |Search|[Ice Cream Parlor](https://www.hackerrank.com/challenges/icecream-parlor)|Easy|30|[Solution.java](Algorithms/Search/Ice%20Cream%20Parlor/Solution.java)|\n |Search|[KnightL on a Chessboard](https://www.hackerrank.com/challenges/knightl-on-chessboard)|Medium|35|[Solution.cpp](Algorithms/Search/KnightL%20on%20a%20Chessboard/Solution.cpp)|\n |Search|[Missing Numbers](https://www.hackerrank.com/challenges/missing-numbers)|Easy|45|[Solution.java](Algorithms/Search/Missing%20Numbers/Solution.java)|"], "edit": ["+import java.io.*;", "+import java.util.*;", "+import java.text.*;", "+import java.math.*;", "+import java.util.regex.*;", "+", "+public class Solution {", "+", "+    static int hackerlandRadioTransmitters(int[] x, int k) {", "+        Arrays.sort(x);", "+        int counter = 0;", "+        int i = 0;", "+        while (i < x.length) {", "+            counter++;", "+            int leftStartingPoint = i;", "+            while((i + 1 < x.length) && (x[i + 1] - x[leftStartingPoint] <= k)) { i++; }", "+            int middlePoint = i;", "+            while((i + 1 < x.length) && (x[i + 1] - x[middlePoint] <= k)) { i++; }", "+            i++;", "+        }", "+", "+        return counter;", "+    }", "+", "+    public static void main(String[] args) {", "+        Scanner in = new Scanner(System.in);", "+        int n = in.nextInt();", "+        int k = in.nextInt();", "+        int[] x = new int[n];", "+        for(int x_i = 0; x_i < n; x_i++){", "+            x[x_i] = in.nextInt();", "+        }", "+        int result = hackerlandRadioTransmitters(x, k);", "+        System.out.println(result);", "+        in.close();", "+    }", "+}", "-[![Solutions](https://img.shields.io/badge/solutions-241-green.svg?style=flat-square)](https://github.com/alexprut/HackerRank#table-of-contents)", "+[![Solutions](https://img.shields.io/badge/solutions-242-green.svg?style=flat-square)](https://github.com/alexprut/HackerRank#table-of-contents)", "+|Search|[Hackerland Radio Transmitters](https://www.hackerrank.com/challenges/hackerland-radio-transmitters)|Medium|25|[Solution.java](Algorithms/Search/Hackerland%20Radio%20Transmitters/Solution.java)|"], "url": ["https://api.github.com/repos/alexprut/HackerRank/commits/3af932e849516fd1a81b0422343e1204e5a3ad61"]}