{"new_feature": "216,3,0,256,8,0.25", "commitmessage": "#42 - Fixed behavior of keyPairExists()\n\nAn Exception should only be thrown in cases the app user didn\u2019t influence the method result, e.g. by clearing app cache", "patch": ["@@ -33,8 +33,10 @@\n import java.security.KeyPairGenerator;\n import java.security.KeyStore;\n import java.security.KeyStoreException;\n+import java.security.NoSuchAlgorithmException;\n import java.security.PrivateKey;\n import java.security.PublicKey;\n+import java.security.UnrecoverableKeyException;\n import java.util.ArrayList;\n import java.util.Calendar;\n import java.util.List;\n@@ -123,14 +125,13 @@ static String decryptMessage(@NonNull Context context, @NonNull String encrypted\n     }\n \n     static boolean keyPairExists() throws SecureStorageException {\n-        boolean keyExists;\n         try {\n-            keyExists = getKeyStoreInstance().getKey(KEY_ALIAS, null) != null;\n-        } catch (Exception e) {\n+            return getKeyStoreInstance().getKey(KEY_ALIAS, null) != null;\n+        } catch (NoSuchAlgorithmException e) {\n             throw new SecureStorageException(e.getMessage(), e, KEYSTORE_EXCEPTION);\n+        } catch (KeyStoreException | UnrecoverableKeyException e) {\n+            return false;\n         }\n-\n-        return keyExists;\n     }\n \n     static void generateKeyPair(@NonNull Context context) throws SecureStorageException {\n@@ -178,7 +179,6 @@ private static PublicKey getPublicKey(@NonNull Context context) throws SecureSto\n         } catch (Exception e) {\n             throw new SecureStorageException(e.getMessage(), e, KEYSTORE_EXCEPTION);\n         }\n-\n         return publicKey;\n     }\n \n@@ -196,7 +196,6 @@ private static PrivateKey getPrivateKey(@NonNull Context context) throws SecureS\n                 }\n             } else {\n                 if (BuildConfig.DEBUG) {\n-\n                     Log.e(KeystoreTool.class.getName(), context.getString(R.string.message_keypair_does_not_exist));\n                 }\n                 throw new SecureStorageException(context.getString(R.string.message_keypair_does_not_exist), null, INTERNAL_LIBRARY_EXCEPTION);"], "edit": ["+import java.security.NoSuchAlgorithmException;", "+import java.security.UnrecoverableKeyException;", "-        boolean keyExists;", "-            keyExists = getKeyStoreInstance().getKey(KEY_ALIAS, null) != null;", "-        } catch (Exception e) {", "+            return getKeyStoreInstance().getKey(KEY_ALIAS, null) != null;", "+        } catch (NoSuchAlgorithmException e) {", "+        } catch (KeyStoreException | UnrecoverableKeyException e) {", "+            return false;", "-", "-        return keyExists;", "-", "-"], "url": ["https://api.github.com/repos/adorsys/secure-storage-android/commits/3b1b37641f3e706ce253548ace0382297135024f"]}