{"new_feature": "1029,4,0,66,10,0.62", "commitmessage": "Issue#54: Patch submitted by Shanti and fixed the duplicate entry issue.", "patch": ["@@ -32,7 +32,7 @@ cat ${logfile}  | nawk -v smon=\"$smon\" -v sday=\"$sday\" -v stime=\"$stime\" \\\n                     if (eday > xday) print $0\n                 } else if (smon == xmon && eday > xday) {\n                             print $0                                                  \n-                } else if (smon == xmon && sday == xday) {                         \n+                } else if (smon == xmon && sday == xday) {\n                          if (startArr[1] < arr[1] && endArr[1] > arr[1]) {\n                                 print $0\n                          } else if (startArr[1] == arr[1] && endArr[1] > arr[1]) { \n@@ -49,8 +49,7 @@ cat ${logfile}  | nawk -v smon=\"$smon\" -v sday=\"$sday\" -v stime=\"$stime\" \\\n                          } \n                      \n                 \n-                 }\n-                if (emon ==xmon && eday == xday) {                     \n+                 } else if (emon ==xmon && eday == xday) {                     \n                      if (endArr[1] > arr[1]) print $0\n                      if (endArr[1] == arr[1] && endArr[2] > arr[2]) print $0  \n                 }"], "edit": ["-                } else if (smon == xmon && sday == xday) {", "+                } else if (smon == xmon && sday == xday) {", "-                 }", "-                if (emon ==xmon && eday == xday) {", "+                 } else if (emon ==xmon && eday == xday) {"], "url": ["https://api.github.com/repos/akara/faban/commits/3b35b2e00910b8a3c9833197632025fe530dc1b5"]}