{"new_feature": "1147,17,0,59,14,0.56", "commitmessage": "Fix QF", "patch": ["@@ -42,7 +42,7 @@\n   @Override\n   public List<Diagnostic> getDiagnostics() {\n     this.visitFile(fileInfo.getTree());\n-    return diagnostics;\n+    return new ArrayList<>(diagnostics);\n   }\n \n   @Override", "@@ -28,7 +28,6 @@\n import org.github._1c_syntax.intellij.bsl.lsp.server.utils.RangeHelper;\n \n import java.util.ArrayList;\n-import java.util.Collection;\n import java.util.HashMap;\n import java.util.List;\n import java.util.Map;\n@@ -38,9 +37,6 @@\n \n   private FileInfo fileInfo;\n \n-  public LineLengthDiagnostic() {\n-  }\n-\n   public List<Diagnostic> getDiagnostics() {\n     List<Token> tokens = fileInfo.getTokens();\n     List<Diagnostic> diagnostics = new ArrayList<>();"], "edit": ["-    return diagnostics;", "+    return new ArrayList<>(diagnostics);", "-import java.util.Collection;", "-  public LineLengthDiagnostic() {", "-  }", "-"], "url": ["https://api.github.com/repos/1c-syntax/bsl-language-server/commits/3b45c2f2260d4fedb1b9ce7b796807ec5e4592f1"]}