{"new_feature": "2276,1,0,88,30,0.40", "commitmessage": "Fixed a few typos", "patch": ["@@ -5,7 +5,7 @@\n \n * Removed: Commented out unused imports and re-ordered variable declarations\n * Updated: Shortened badge of `Development Status` in `README` for better display\n-* Added: More clarifying code co\u00b4mments in `CellTracker.java`\n+* Added: More clarifying code comments in `CellTracker.java`\n \n #### 05.07.2015 - WIP-Internal v0.1.30-alpha-build-16\n \n@@ -27,7 +27,7 @@\n #### 03.07.2015 - WIP-Internal v0.1.30-alpha-build-13\n \n * Fixed: Comments in `RequestTask.java` have been fixed to reflect code changes\n-* Fixed: Silenced some spammy XPrivacy items using: `XPrivacy/XRuntime:S Xposed:S`\n+* Fixed: Silenced some spammy XPrivacy items using `XPrivacy/XRuntime:S Xposed:S`\n \n ---\n \n@@ -88,7 +88,7 @@\n \n #### 24.06.2015 - WIP-Internal v0.1.30-alpha-build-04\n \n-* Added: Toasts are now being cancelled on new toast to prevent overapping of toasts\n+* Added: Toasts are now being cancelled on new toast to prevent overlapping of toasts\n \n ---\n "], "edit": ["-* Added: More clarifying code co\u00b4mments in `CellTracker.java`", "+* Added: More clarifying code comments in `CellTracker.java`", "-* Fixed: Silenced some spammy XPrivacy items using: `XPrivacy/XRuntime:S Xposed:S`", "+* Fixed: Silenced some spammy XPrivacy items using `XPrivacy/XRuntime:S Xposed:S`", "---", "-* Added: Toasts are now being cancelled on new toast to prevent overapping of toasts", "+* Added: Toasts are now being cancelled on new toast to prevent overlapping of toasts", "---"], "url": ["https://api.github.com/repos/5GSD/AIMSICDL/commits/3b4effb14b957765c05575ddc19a6708a6244b23"]}