{"new_feature": "4880,99,0,51,8,0.21", "commitmessage": "fixing Any as return value", "patch": ["@@ -110,10 +110,10 @@ object TextToRxns {\n     rxns\n   }\n \n-  def getRxnsFromURL(url: String): List[ValidatedRxn] = getRxnsFrom(Some(new WebURL(url)))\n-  def getRxnsFromPDF(fileLoc: String): List[ValidatedRxn] = getRxnsFrom(Some(new PdfFile(fileLoc)))\n-  def getRxnsFromTxt(fileLoc: String): List[ValidatedRxn] = getRxnsFrom(Some(new TextFile(fileLoc)))\n-  def getRxnsFromString(sentence: String): List[ValidatedRxn] = getRxnsFrom(Some(new RawText(sentence)))\n+  def getRxnsFromURL(url: String) = getRxnsFrom(Some(new WebURL(url)))\n+  def getRxnsFromPDF(fileLoc: String) = getRxnsFrom(Some(new PdfFile(fileLoc)))\n+  def getRxnsFromTxt(fileLoc: String) = getRxnsFrom(Some(new TextFile(fileLoc)))\n+  def getRxnsFromString(sentence: String) = getRxnsFrom(Some(new RawText(sentence)))\n \n   val optOutFile = new OptDesc(\n                     param = \"o\",\n@@ -211,7 +211,7 @@ class TextToRxns(val webCacheLoc: String = \"text2rxns.webcache\") {\n \n   def extract(dataSrc: Option[InputType]) = {\n     dataSrc match {\n-      case None => \n+      case None => List()\n       case Some(incoming) => {\n         val textData = incoming match {\n           case WebURL(url) => {"], "edit": ["-  def getRxnsFromURL(url: String): List[ValidatedRxn] = getRxnsFrom(Some(new WebURL(url)))", "-  def getRxnsFromPDF(fileLoc: String): List[ValidatedRxn] = getRxnsFrom(Some(new PdfFile(fileLoc)))", "-  def getRxnsFromTxt(fileLoc: String): List[ValidatedRxn] = getRxnsFrom(Some(new TextFile(fileLoc)))", "-  def getRxnsFromString(sentence: String): List[ValidatedRxn] = getRxnsFrom(Some(new RawText(sentence)))", "+  def getRxnsFromURL(url: String) = getRxnsFrom(Some(new WebURL(url)))", "+  def getRxnsFromPDF(fileLoc: String) = getRxnsFrom(Some(new PdfFile(fileLoc)))", "+  def getRxnsFromTxt(fileLoc: String) = getRxnsFrom(Some(new TextFile(fileLoc)))", "+  def getRxnsFromString(sentence: String) = getRxnsFrom(Some(new RawText(sentence)))", "-      case None =>", "+      case None => List()"], "url": ["https://api.github.com/repos/20n/act/commits/3b7a5545ce4d3b078ac34f63934a8bf53c9d6c0d"]}