{"new_feature": "2146,31,17,479,17,0.20", "commitmessage": "#289 fix the error handling when xa transaction error in prepare", "patch": ["@@ -25,7 +25,7 @@\n     protected static final Logger LOGGER = LoggerFactory.getLogger(AbstractCommitNodesHandler.class);\n     protected Lock lockForErrorHandle = new ReentrantLock();\n     protected Condition sendFinished = lockForErrorHandle.newCondition();\n-    protected boolean sendFinishedFlag = true;\n+    protected volatile boolean sendFinishedFlag = true;\n \n     public AbstractCommitNodesHandler(NonBlockingSession session) {\n         super(session);\n@@ -61,10 +61,13 @@ public void commit() {\n                 }\n             }\n         } finally {\n-            lockForErrorHandle.lock();\n-            sendFinishedFlag = true;\n-            sendFinished.signalAll();\n-            lockForErrorHandle.unlock();\n+            try {\n+                lockForErrorHandle.lock();\n+                sendFinishedFlag = true;\n+                sendFinished.signalAll();\n+            }finally {\n+                lockForErrorHandle.unlock();\n+            }\n         }\n \n     }", "@@ -82,17 +82,15 @@ protected boolean executeCommit(MySQLConnection mysqlCon, int position) {\n             commitPhase(mysqlCon);\n         } else if (state == TxState.TX_PREPARE_UNCONNECT_STATE) {\n             if (decrementCountBy(1)) {\n-                Thread theard = new Thread(new Runnable() {\n+                DbleServer.getInstance().getBusinessExecutor().execute(new Runnable() {\n                     @Override\n                     public void run() {\n                         ErrorPacket error = new ErrorPacket();\n-                        error.setMessage(\"BACKEND PREPARE UNCONNECTED XA TRANSTION ROLLBACKED\".getBytes());\n                         error.setErrNo(ER_ERROR_DURING_COMMIT);\n                         XAAutoRollbackNodesHandler nextHandler = new XAAutoRollbackNodesHandler(session, error.toBytes(), null, null);\n                         nextHandler.rollback();\n                     }\n                 });\n-                theard.start();\n             }\n         }\n         return true;\n@@ -252,13 +250,12 @@ public void connectionError(Throwable e, BackendConnection conn) {\n     @Override\n     public void connectionClose(final BackendConnection conn, final String reason) {\n         final XACommitNodesHandler thisHandler = this;\n-        Thread newThreadFor = new Thread(new Runnable() {\n+        DbleServer.getInstance().getBusinessExecutor().execute(new Runnable() {\n             @Override\n             public void run() {\n                 thisHandler.connectionCloseLocal(conn, reason);\n             }\n         });\n-        newThreadFor.start();\n     }\n \n "], "edit": ["-    protected boolean sendFinishedFlag = true;", "+    protected volatile boolean sendFinishedFlag = true;", "-            lockForErrorHandle.lock();", "-            sendFinishedFlag = true;", "-            sendFinished.signalAll();", "-            lockForErrorHandle.unlock();", "+            try {", "+                lockForErrorHandle.lock();", "+                sendFinishedFlag = true;", "+                sendFinished.signalAll();", "+            }finally {", "+                lockForErrorHandle.unlock();", "+            }", "-                Thread theard = new Thread(new Runnable() {", "+                DbleServer.getInstance().getBusinessExecutor().execute(new Runnable() {", "-                        error.setMessage(\"BACKEND PREPARE UNCONNECTED XA TRANSTION ROLLBACKED\".getBytes());", "-                theard.start();", "-        Thread newThreadFor = new Thread(new Runnable() {", "+        DbleServer.getInstance().getBusinessExecutor().execute(new Runnable() {", "-        newThreadFor.start();"], "url": ["https://api.github.com/repos/actiontech/dble/commits/3bd92a4d0295e9eb5f5759aac1b77c0870ee1ec1"]}