{"new_feature": "36,2,2,162,3,0.75", "commitmessage": "* Fixing Mic Icon Not Showing", "patch": ["@@ -7,7 +7,7 @@ publish {\n     groupId = 'com.devlomi.record-view'\n     artifactId = 'record-view'\n     uploadName = 'RecordView'\n-    publishVersion = '1.1beta'\n+    publishVersion = '1.2beta'\n     desc = 'a Simple Audio Recorder View with hold to Record Button and Swipe to Cancel'\n     dryRun = false\n     website = 'https://github.com/3llomi/RecordView'", "@@ -45,7 +45,7 @@ private void init(Context context, AttributeSet attrs) {\n         if (attrs != null) {\n             TypedArray typedArray = context.obtainStyledAttributes(attrs, R.styleable.RecordButton);\n \n-            int imageResource = typedArray.getResourceId(R.styleable.RecordView_slide_to_cancel_arrow, -1);\n+            int imageResource = typedArray.getResourceId(R.styleable.RecordButton_src, -1);\n \n \n             if (imageResource != -1) {"], "edit": ["-    publishVersion = '1.1beta'", "+    publishVersion = '1.2beta'", "-            int imageResource = typedArray.getResourceId(R.styleable.RecordView_slide_to_cancel_arrow, -1);", "+            int imageResource = typedArray.getResourceId(R.styleable.RecordButton_src, -1);"], "url": ["https://api.github.com/repos/3llomi/RecordView/commits/3be17ad1dbdce691992f5728181c62f677084aeb"]}