{"new_feature": "852,1,0,121,25,0.38", "commitmessage": "Fix generator name mangling with underscored inputs\n\nGenerator currently mangles names like \"UNKNOWN_ERROR\" to \"UNKNOWN__ERROR\" because it treats all non-caps characters as lowercase letters. Fix is to differentiate between lowercase letters and other non-letter characters.", "patch": ["@@ -208,10 +208,14 @@ public static final String mangleJavaConstantName(final String src)\n                     sb.append(Character.toUpperCase(src.charAt(i)));\n                     lowerCase = false;\n                 }\n-                else {\n+                else if (Character.isLowerCase(src.charAt(i))) {\n                     sb.append(Character.toUpperCase(src.charAt(i)));\n                     lowerCase = true;\n                 }\n+                else {\n+                    // Not a letter (e.g. underscore) just emit it\n+                    sb.append(src.charAt(i));\n+                }\n             }\n         }\n         return sb.toString();", "@@ -1,6 +1,7 @@\n include \"common/fb303/if/fb303.thrift\"\n \n namespace java com.facebook.maestro\n+namespace java.swift com.facebook.swift.maestro\n namespace py maestro.Maestro\n namespace py.twisted maestro_twisted.Maestro\n ", "@@ -22,6 +22,7 @@\n  */\n \n namespace java com.facebook.fb303\n+namespace java.swift com.facebook.swift.fb303\n namespace cpp facebook.fb303\n namespace perl Facebook.FB303\n ", "@@ -22,6 +22,7 @@\n  */\n \n namespace java com.facebook.fb303\n+namespace java.swift com.facebook.swift.fb303\n namespace cpp facebook.fb303\n namespace perl Facebook.FB303\n \n@@ -35,6 +36,7 @@ enum fb_status {\n   STOPPING = 3,\n   STOPPED = 4,\n   WARNING = 5,\n+  TEST_VALUE = 6,\n }\n \n /**", "@@ -25,6 +25,7 @@\n include \"share/fb303/if/fb303.thrift\"\n \n namespace java org.apache.hadoop.hive.metastore.api\n+namespace java.swift org.apache.swift.hadoop.hive.metastore.api\n namespace php metastore\n namespace cpp Apache.Hadoop.Hive\n ", "@@ -22,6 +22,7 @@\n  */\n \n namespace java com.facebook.fb303\n+namespace java.swift com.facebook.swift.fb303\n namespace cpp facebook.fb303\n namespace perl Facebook.FB303\n "], "edit": ["-                else {", "+                else if (Character.isLowerCase(src.charAt(i))) {", "+                else {", "+                    // Not a letter (e.g. underscore) just emit it", "+                    sb.append(src.charAt(i));", "+                }", "+namespace java.swift com.facebook.swift.maestro", "+namespace java.swift com.facebook.swift.fb303", "+namespace java.swift com.facebook.swift.fb303", "+  TEST_VALUE = 6,", "+namespace java.swift org.apache.swift.hadoop.hive.metastore.api", "+namespace java.swift com.facebook.swift.fb303"], "url": ["https://api.github.com/repos/airlift/drift/commits/3bfb0d930adf8bf7aa507feb57a8c0893e882902"]}