{"new_feature": "2276,1,0,88,30,0.40", "commitmessage": "Updated ServiceMode parser to fix #402", "patch": ["@@ -10,6 +10,7 @@\n import java.io.ByteArrayOutputStream;\n import java.io.DataOutputStream;\n import java.io.IOException;\n+import android.content.Context;\n \n /*\n  * These are the OEM commands used by the MulticlientRil ServiceMode menu scraper,\n@@ -51,7 +52,7 @@\n     public static final char OEM_SM_TYPE_SUB_FACTORY_RESET_ENTER = 13;\n     public static final char OEM_SM_TYPE_SUB_FACTORY_PRECONFIG_ENTER = 14;\n     public static final char OEM_SM_TYPE_SUB_TFS4_EXPLORE_ENTER = 15;\n-    // E:V:A  What is 16?\n+    // E:V:A  What is 16? // SecUpwN: Does not seem to be defined. Remove this line?\n     public static final char OEM_SM_TYPE_SUB_RSC_FILE_VERSION_ENTER = 17;\n     public static final char OEM_SM_TYPE_SUB_USB_DRIVER_ENTER = 18;\n     public static final char OEM_SM_TYPE_SUB_USB_UART_DIAG_CONTROL_ENTER = 19;\n@@ -73,13 +74,31 @@\n     public static final char OEM_SM_TYPE_SUB_TST_FTA_SW_VERSION_ENTER = 4098;\n     public static final char OEM_SM_TYPE_SUB_TST_FTA_HW_VERSION_ENTER = 4099;\n \n-    public static byte[] getEnterServiceModeData(int modeType, int subType, int query) {\n+ private int mApiVersion;\n+\t\t\t\n+\t\t\tprivate OemCommands(int apiVersion) {\n+\t\t\tmApiVersion = apiVersion;\n+\t\t\t}\n+\t\t\t\n+\t\t\tpublic static OemCommands getInstance(Context context) {\n+\t\t\tint apiVersion = context.getResources().getInteger(R.integer.config_api_version);\n+\t\t\treturn new OemCommands(apiVersion);\n+\t\t\t}\n+\t\t\t\n+\t\t\tpublic byte[] getEnterServiceModeData(int modeType, int subType, int query) {\n         try {\n             ByteArrayOutputStream baos = new ByteArrayOutputStream();\n             DataOutputStream dos = new DataOutputStream(baos);\n             dos.writeByte(OEM_SERVM_FUNCTAG);\n             dos.writeByte(OEM_SM_ENTER_MODE_MESSAGE);\n-            dos.writeShort(7);\n+ if (mApiVersion == 1) {\n+\t\t\tdos.writeShort(7);\n+\t\t\t} else if (mApiVersion == 2) {\n+\t\t\tdos.writeShort(8);\n+\t\t\tdos.writeByte(4);\n+\t\t\t} else {\n+\t\t\tthrow new IllegalArgumentException(\"Invalid API version \" + mApiVersion);\n+\t\t\t}\n             dos.writeByte(modeType);\n             dos.writeByte(subType);\n             dos.writeByte(query);\n@@ -90,13 +109,20 @@\n         return null;\n     }\n \n-    public static byte[] getEndServiceModeData(int modeType) {\n+ public byte[] getEndServiceModeData(int modeType) {\n         try {\n             ByteArrayOutputStream baos = new ByteArrayOutputStream();\n             DataOutputStream dos = new DataOutputStream(baos);\n             dos.writeByte(OEM_SERVM_FUNCTAG);\n             dos.writeByte(OEM_SM_END_MODE_MESSAGE);\n-            dos.writeShort(5);\n+ if (mApiVersion == 1) {\n+\t\t\tdos.writeShort(5);\n+\t\t\t} else if (mApiVersion == 2) {\n+\t\t\tdos.writeShort(6);\n+\t\t\tdos.writeByte(4);\n+\t\t\t} else {\n+\t\t\tthrow new IllegalArgumentException(\"Invalid API version \" + mApiVersion);\n+\t\t\t}\n             dos.writeByte(modeType);\n             return baos.toByteArray();\n         } catch (IOException e) {\n@@ -105,13 +131,20 @@\n         return null;\n     }\n \n-    public static byte[] getPressKeyData(int keycode, int query) {\n+ public byte[] getPressKeyData(int keycode, int query) {\n         try {\n             ByteArrayOutputStream baos = new ByteArrayOutputStream();\n             DataOutputStream dos = new DataOutputStream(baos);\n             dos.writeByte(OEM_SERVM_FUNCTAG);\n             dos.writeByte(OEM_SM_PROCESS_KEY_MESSAGE);\n-            dos.writeShort(6);\n+ if (mApiVersion == 1) {\n+\t\t\tdos.writeShort(6);\n+\t\t\t} else if (mApiVersion == 2) {\n+\t\t\tdos.writeShort(7);\n+\t\t\tdos.writeByte(4);\n+\t\t\t} else {\n+\t\t\tthrow new IllegalArgumentException(\"Invalid API version \" + mApiVersion);\n+\t\t\t}\n             dos.writeByte(keycode);\n             dos.writeByte(query);\n             return baos.toByteArray();\n@@ -121,4 +154,4 @@\n         return null;\n     }\n \n-}\n\\ No newline at end of file\n+}"], "edit": ["+import android.content.Context;", "-    // E:V:A  What is 16?", "+    // E:V:A  What is 16? // SecUpwN: Does not seem to be defined. Remove this line?", "-    public static byte[] getEnterServiceModeData(int modeType, int subType, int query) {", "+ private int mApiVersion;", "+", "+\t\t\tprivate OemCommands(int apiVersion) {", "+\t\t\tmApiVersion = apiVersion;", "+\t\t\t}", "+", "+\t\t\tpublic static OemCommands getInstance(Context context) {", "+\t\t\tint apiVersion = context.getResources().getInteger(R.integer.config_api_version);", "+\t\t\treturn new OemCommands(apiVersion);", "+\t\t\t}", "+", "+\t\t\tpublic byte[] getEnterServiceModeData(int modeType, int subType, int query) {", "-            dos.writeShort(7);", "+ if (mApiVersion == 1) {", "+\t\t\tdos.writeShort(7);", "+\t\t\t} else if (mApiVersion == 2) {", "+\t\t\tdos.writeShort(8);", "+\t\t\tdos.writeByte(4);", "+\t\t\t} else {", "+\t\t\tthrow new IllegalArgumentException(\"Invalid API version \" + mApiVersion);", "+\t\t\t}", "-    public static byte[] getEndServiceModeData(int modeType) {", "+ public byte[] getEndServiceModeData(int modeType) {", "-            dos.writeShort(5);", "+ if (mApiVersion == 1) {", "+\t\t\tdos.writeShort(5);", "+\t\t\t} else if (mApiVersion == 2) {", "+\t\t\tdos.writeShort(6);", "+\t\t\tdos.writeByte(4);", "+\t\t\t} else {", "+\t\t\tthrow new IllegalArgumentException(\"Invalid API version \" + mApiVersion);", "+\t\t\t}", "-    public static byte[] getPressKeyData(int keycode, int query) {", "+ public byte[] getPressKeyData(int keycode, int query) {", "-            dos.writeShort(6);", "+ if (mApiVersion == 1) {", "+\t\t\tdos.writeShort(6);", "+\t\t\t} else if (mApiVersion == 2) {", "+\t\t\tdos.writeShort(7);", "+\t\t\tdos.writeByte(4);", "+\t\t\t} else {", "+\t\t\tthrow new IllegalArgumentException(\"Invalid API version \" + mApiVersion);", "+\t\t\t}", "-}", "+}"], "url": ["https://api.github.com/repos/5GSD/AIMSICDL/commits/3c164755893feef03d5581ad2ed53db76f0b1b74"]}