{"new_feature": "1227,9,21,922,30,0.03", "commitmessage": "Fix null exception when creating a new podcast channel\n\nUntil the podcast channel has been updated to provide it with a title, there\r\nis no point to doing any further processing since the directory where episodes\r\nare stored is derived from the title.\r\n\r\nWhile this change is unrelated to #176, it fixes the traceback shown in that\r\nissue.", "patch": ["@@ -177,7 +177,8 @@ private String sanitizeUrl(String url) {\n      */\n     public PodcastChannel getChannel(int channelId) {\n         PodcastChannel channel = podcastDao.getChannel(channelId);\n-        addMediaFileIdToChannels(Arrays.asList(channel));\n+        if (channel.getTitle() != null)\n+            addMediaFileIdToChannels(Arrays.asList(channel));\n         return channel;\n     }\n \n@@ -272,6 +273,10 @@ public PodcastEpisode getEpisode(int episodeId, boolean includeDeleted) {\n     private List<PodcastChannel> addMediaFileIdToChannels(List<PodcastChannel> channels) {\n         for (PodcastChannel channel : channels) {\n             try {\n+                if (channel.getTitle() == null) {\n+                    LOG.warn(\"Podcast channel id {} has null title\", channel.getId());\n+                    continue;\n+                }\n                 File dir = getChannelDirectory(channel);\n                 MediaFile mediaFile = mediaFileService.getMediaFile(dir);\n                 if (mediaFile != null) {"], "edit": ["-        addMediaFileIdToChannels(Arrays.asList(channel));", "+        if (channel.getTitle() != null)", "+            addMediaFileIdToChannels(Arrays.asList(channel));", "+                if (channel.getTitle() == null) {", "+                    LOG.warn(\"Podcast channel id {} has null title\", channel.getId());", "+                    continue;", "+                }"], "url": ["https://api.github.com/repos/airsonic/airsonic/commits/3c5735e03ec719b073775b611fe50ea8c91a5b16"]}