{"new_feature": "1577,1,17,193,30,0.71", "commitmessage": "Fixed fab color in the tag editor. Fixes #42", "patch": ["@@ -281,7 +281,7 @@ private void setUpPlayPauseButton() {\n \n         int fabColor = getThemeColorAccent();\n         int fabDrawableColor = ColorUtil.getDrawableColorForBackground(this, fabColor);\n-        playPauseFab.setBackgroundTintList(ColorStateList.valueOf(getThemeColorAccent()));\n+        playPauseFab.setBackgroundTintList(ColorStateList.valueOf(fabColor));\n         playPauseFab.getDrawable().setColorFilter(fabDrawableColor, PorterDuff.Mode.SRC_IN);\n \n         final GestureDetector gestureDetector = new GestureDetector(this, new GestureDetector.SimpleOnGestureListener() {", "@@ -3,8 +3,10 @@\n import android.app.SearchManager;\n import android.content.Intent;\n import android.content.pm.ActivityInfo;\n+import android.content.res.ColorStateList;\n import android.graphics.Bitmap;\n import android.graphics.BitmapFactory;\n+import android.graphics.PorterDuff;\n import android.media.MediaScannerConnection;\n import android.net.Uri;\n import android.os.Build;\n@@ -22,13 +24,13 @@\n import android.widget.LinearLayout;\n \n import com.afollestad.materialdialogs.MaterialDialog;\n-import com.afollestad.materialdialogs.ThemeSingleton;\n import com.afollestad.materialdialogs.util.DialogUtils;\n import com.github.ksoichiro.android.observablescrollview.ObservableScrollView;\n import com.kabouzeid.gramophone.R;\n import com.kabouzeid.gramophone.misc.LagTracker;\n import com.kabouzeid.gramophone.misc.SimpleObservableScrollViewCallbacks;\n import com.kabouzeid.gramophone.ui.activities.base.AbsBaseActivity;\n+import com.kabouzeid.gramophone.util.ColorUtil;\n import com.kabouzeid.gramophone.util.MusicUtil;\n import com.kabouzeid.gramophone.util.Util;\n import com.kabouzeid.gramophone.util.ViewUtil;\n@@ -192,12 +194,15 @@ public void onClick(View v) {\n                 save();\n             }\n         });\n-        fab.setBackgroundTintList(ThemeSingleton.get().positiveColor);\n+\n+        int fabColor = getThemeColorAccent();\n+        int fabDrawableColor = ColorUtil.getDrawableColorForBackground(this, fabColor);\n+        fab.setBackgroundTintList(ColorStateList.valueOf(fabColor));\n+        fab.getDrawable().setColorFilter(fabDrawableColor, PorterDuff.Mode.SRC_IN);\n     }\n \n     protected abstract void save();\n \n-\n     private void resetColors() {\n         paletteColorPrimary = getThemeColorPrimary();\n         observableScrollViewCallbacks.onScrollChanged(observableScrollView.getCurrentScrollY(), false, false);"], "edit": ["-        playPauseFab.setBackgroundTintList(ColorStateList.valueOf(getThemeColorAccent()));", "+        playPauseFab.setBackgroundTintList(ColorStateList.valueOf(fabColor));", "+import android.content.res.ColorStateList;", "+import android.graphics.PorterDuff;", "-import com.afollestad.materialdialogs.ThemeSingleton;", "+import com.kabouzeid.gramophone.util.ColorUtil;", "-        fab.setBackgroundTintList(ThemeSingleton.get().positiveColor);", "+", "+        int fabColor = getThemeColorAccent();", "+        int fabDrawableColor = ColorUtil.getDrawableColorForBackground(this, fabColor);", "+        fab.setBackgroundTintList(ColorStateList.valueOf(fabColor));", "+        fab.getDrawable().setColorFilter(fabDrawableColor, PorterDuff.Mode.SRC_IN);", "-"], "url": ["https://api.github.com/repos/AdrienPoupa/VinylMusicPlayer/commits/3c80bd789b302228f6f7b24dac6ab74affc69189"]}