{"new_feature": "2146,31,17,479,17,0.65", "commitmessage": "fix bug for child table insert", "patch": ["@@ -152,7 +152,7 @@ private RouteResultset parserChildTable(SchemaInfo schemaInfo, RouteResultset rr\n         // try to route by ER parent partion key\n         RouteResultset theRrs = ReplaceInsertUtil.routeByERParentKey(rrs, tc, realVal);\n         if (theRrs != null) {\n-            rrs.setFinishedRoute(true);\n+            theRrs.setFinishedRoute(true);\n             return theRrs;\n         }\n         // route by sql query root parent's datanode"], "edit": ["-            rrs.setFinishedRoute(true);", "+            theRrs.setFinishedRoute(true);"], "url": ["https://api.github.com/repos/actiontech/dble/commits/3ca75b6f7cf74746681092107f054d812abf6993"]}