{"new_feature": "1577,1,17,193,30,0.71", "commitmessage": "Fixed a color when using the dark theme", "patch": ["@@ -18,6 +18,7 @@\n import android.widget.ImageView;\n import android.widget.TextView;\n \n+import com.afollestad.materialdialogs.internal.ThemeSingleton;\n import com.kabouzeid.gramophone.R;\n import com.kabouzeid.gramophone.adapter.base.MediaEntryViewHolder;\n import com.kabouzeid.gramophone.adapter.song.PlayingQueueAdapter;\n@@ -322,13 +323,23 @@ public AnimatorSet createDefaultColorChangeAnimatorSet(PlayerFragment fragment,\n                 backgroundAnimator = ViewUtil.createBackgroundColorTransition(fragment.colorBackground, fragment.lastColor, newColor);\n             }\n \n-            Animator subHeaderAnimator = ViewUtil.createTextColorTransition(fragment.playerQueueSubHeader, fragment.lastColor, newColor);\n-\n             AnimatorSet animatorSet = new AnimatorSet();\n-            animatorSet.playTogether(backgroundAnimator, subHeaderAnimator);\n+            animatorSet.play(backgroundAnimator);\n+\n+            if (!ThemeSingleton.get().darkTheme) {\n+                animatorSet.play(ViewUtil.createTextColorTransition(fragment.playerQueueSubHeader, fragment.lastColor, newColor));\n+            }\n+\n             animatorSet.setDuration(ViewUtil.PHONOGRAPH_ANIM_TIME);\n             return animatorSet;\n         }\n+\n+        @Override\n+        public void animateColorChange(PlayerFragment fragment, int newColor) {\n+            if (ThemeSingleton.get().darkTheme) {\n+                fragment.playerQueueSubHeader.setTextColor(ColorUtil.getSecondaryTextColor(fragment.getActivity(), false));\n+            }\n+        }\n     }\n \n     @SuppressWarnings(\"ConstantConditions\")\n@@ -369,6 +380,8 @@ public void updateCurrentSong(PlayerFragment fragment, Song song) {\n \n         @Override\n         public void animateColorChange(PlayerFragment fragment, int newColor) {\n+            super.animateColorChange(fragment, newColor);\n+\n             fragment.slidingUpPanelLayout.setBackgroundColor(fragment.lastColor);\n \n             createDefaultColorChangeAnimatorSet(fragment, newColor).start();\n@@ -399,6 +412,8 @@ public void updateCurrentSong(PlayerFragment fragment, Song song) {\n \n         @Override\n         public void animateColorChange(PlayerFragment fragment, int newColor) {\n+            super.animateColorChange(fragment, newColor);\n+\n             fragment.slidingUpPanelLayout.setBackgroundColor(fragment.lastColor);\n \n             AnimatorSet animatorSet = createDefaultColorChangeAnimatorSet(fragment, newColor);\n@@ -421,6 +436,8 @@ public void init(PlayerFragment fragment) {\n \n         @Override\n         public void animateColorChange(PlayerFragment fragment, int newColor) {\n+            super.animateColorChange(fragment, newColor);\n+\n             fragment.slidingUpPanelLayout.setBackgroundColor(fragment.lastColor);\n \n             AnimatorSet animatorSet = createDefaultColorChangeAnimatorSet(fragment, newColor);"], "edit": ["+import com.afollestad.materialdialogs.internal.ThemeSingleton;", "-            Animator subHeaderAnimator = ViewUtil.createTextColorTransition(fragment.playerQueueSubHeader, fragment.lastColor, newColor);", "-", "-            animatorSet.playTogether(backgroundAnimator, subHeaderAnimator);", "+            animatorSet.play(backgroundAnimator);", "+", "+            if (!ThemeSingleton.get().darkTheme) {", "+                animatorSet.play(ViewUtil.createTextColorTransition(fragment.playerQueueSubHeader, fragment.lastColor, newColor));", "+            }", "+", "+", "+        @Override", "+        public void animateColorChange(PlayerFragment fragment, int newColor) {", "+            if (ThemeSingleton.get().darkTheme) {", "+                fragment.playerQueueSubHeader.setTextColor(ColorUtil.getSecondaryTextColor(fragment.getActivity(), false));", "+            }", "+        }", "+            super.animateColorChange(fragment, newColor);", "+", "+            super.animateColorChange(fragment, newColor);", "+", "+            super.animateColorChange(fragment, newColor);", "+"], "url": ["https://api.github.com/repos/AdrienPoupa/VinylMusicPlayer/commits/3cbd938f2613b339463bd40797cd69452f42f23c"]}