{"new_feature": "240,3,41,177,30,0.45", "commitmessage": "Fix the problem that Nested tests cause an initialization error when starting.", "patch": ["@@ -20,6 +20,7 @@\n import com.adobe.testing.s3mock.testsupport.common.S3MockStarter;\n import com.amazonaws.services.s3.AmazonS3;\n import java.util.Map;\n+\n import org.junit.jupiter.api.extension.AfterAllCallback;\n import org.junit.jupiter.api.extension.BeforeAllCallback;\n import org.junit.jupiter.api.extension.ExtensionContext;\n@@ -63,6 +64,8 @@\n public class S3MockExtension extends S3MockStarter implements BeforeAllCallback, AfterAllCallback,\n     ParameterResolver {\n \n+  private int mockAccess;\n+\n   /**\n    * @return A builder to configure the mock to be created.\n    */\n@@ -83,12 +86,12 @@ private S3MockExtension(final Map<String, Object> properties) {\n \n   @Override\n   public void beforeAll(final ExtensionContext context) {\n-    start();\n+    startOnlySingleInstance();\n   }\n \n   @Override\n   public void afterAll(final ExtensionContext context) {\n-    stop();\n+    stopWhenLastConsumerFinished();\n   }\n \n   @Override\n@@ -118,6 +121,18 @@ private boolean paramHasType(final ParameterContext parameterContext, final Clas\n     return requiredType.isAssignableFrom(cls);\n   }\n \n+  private synchronized void stopWhenLastConsumerFinished() {\n+    if (--mockAccess == 0) {\n+      stop();\n+    }\n+  }\n+\n+  private synchronized void startOnlySingleInstance() {\n+    if (mockAccess++ == 0) {\n+      start();\n+    }\n+  }\n+\n   public static class Builder extends S3MockStarter.BaseBuilder<S3MockExtension> {\n     @Override\n     public S3MockExtension build() {", "@@ -17,22 +17,26 @@\n package com.adobe.testing.s3mock.junit5;\n \n import static org.junit.jupiter.api.Assertions.assertEquals;\n+import static org.junit.jupiter.api.Assertions.assertNotNull;\n \n import com.adobe.testing.s3mock.util.HashUtil;\n import com.amazonaws.services.s3.AmazonS3;\n import com.amazonaws.services.s3.model.PutObjectRequest;\n import com.amazonaws.services.s3.model.S3Object;\n+import org.junit.jupiter.api.Nested;\n+import org.junit.jupiter.api.Test;\n+import org.junit.jupiter.api.extension.ExtendWith;\n+\n import java.io.File;\n import java.io.FileInputStream;\n import java.io.InputStream;\n-import org.junit.jupiter.api.Test;\n-import org.junit.jupiter.api.extension.ExtendWith;\n \n /**\n  * Tests and demonstrates the usage of the {@link S3MockExtension}.\n  */\n @ExtendWith(S3MockExtension.class)\n public class S3MockExtensionDeclarativeTest {\n+\n   private static final String BUCKET_NAME = \"mydemotestbucket\";\n   private static final String UPLOAD_FILE_NAME = \"src/test/resources/sampleFile.txt\";\n \n@@ -58,4 +62,15 @@ public void shouldUploadAndDownloadObject(final AmazonS3 s3Client) throws Except\n \n     assertEquals(uploadHash, downloadedHash, \"Up- and downloaded Files should have equal Hashes\");\n   }\n+\n+  @Nested\n+  class nestedTest {\n+\n+    @Test\n+    void nestedTestShouldNotStartSecondInstanceOfMock(AmazonS3 s3Client){\n+      // Do things with the bucket...\n+      assertNotNull(s3Client);\n+    }\n+\n+  }\n }"], "edit": ["+", "+  private int mockAccess;", "+", "-    start();", "+    startOnlySingleInstance();", "-    stop();", "+    stopWhenLastConsumerFinished();", "+  private synchronized void stopWhenLastConsumerFinished() {", "+    if (--mockAccess == 0) {", "+      stop();", "+    }", "+  }", "+", "+  private synchronized void startOnlySingleInstance() {", "+    if (mockAccess++ == 0) {", "+      start();", "+    }", "+  }", "+", "+import static org.junit.jupiter.api.Assertions.assertNotNull;", "+import org.junit.jupiter.api.Nested;", "+import org.junit.jupiter.api.Test;", "+import org.junit.jupiter.api.extension.ExtendWith;", "+", "-import org.junit.jupiter.api.Test;", "-import org.junit.jupiter.api.extension.ExtendWith;", "+", "+", "+  @Nested", "+  class nestedTest {", "+", "+    @Test", "+    void nestedTestShouldNotStartSecondInstanceOfMock(AmazonS3 s3Client){", "+      // Do things with the bucket...", "+      assertNotNull(s3Client);", "+    }", "+", "+  }"], "url": ["https://api.github.com/repos/adobe/S3Mock/commits/3cbfc755375cc82cbca7d2b4ca4e87ee6213e21d"]}