{"new_feature": "2146,31,17,479,17,0.65", "commitmessage": "not show password", "patch": ["@@ -28,7 +28,9 @@ if [ -z \"$APP_HOME\" ] ; then\n fi \n \n #============run encrypt\n-RUN_CMD=\"$CORE_JAVA_HOME/bin/java -cp $APP_HOME/lib/dble*.jar com.actiontech.dble.util.DecryptUtil $@\" \n-echo $RUN_CMD\n+input=$1\n+PASSWORD=${input/password=/\"\"}\n+RUN_CMD=\"$CORE_JAVA_HOME/bin/java -cp $APP_HOME/lib/dble*.jar com.actiontech.dble.util.DecryptUtil $PASSWORD\"\n+echo \"$CORE_JAVA_HOME/bin/java -cp $APP_HOME/lib/dble*.jar com.actiontech.dble.util.DecryptUtil password=******\"\n eval $RUN_CMD\n #=============================================================================="], "edit": ["-RUN_CMD=\"$CORE_JAVA_HOME/bin/java -cp $APP_HOME/lib/dble*.jar com.actiontech.dble.util.DecryptUtil $@\"", "-echo $RUN_CMD", "+input=$1", "+PASSWORD=${input/password=/\"\"}", "+RUN_CMD=\"$CORE_JAVA_HOME/bin/java -cp $APP_HOME/lib/dble*.jar com.actiontech.dble.util.DecryptUtil $PASSWORD\"", "+echo \"$CORE_JAVA_HOME/bin/java -cp $APP_HOME/lib/dble*.jar com.actiontech.dble.util.DecryptUtil password=******\""], "url": ["https://api.github.com/repos/actiontech/dble/commits/3cca2e3b19525c4f615e97b96af98f9948b2ac16"]}