{"new_feature": "540,2,25,135,7,0.97", "commitmessage": "fixes #73", "patch": ["@@ -164,7 +164,7 @@ function removeBodyClass(clazz) {\n }\n \n function collapseSidebar() {\n-    if (!$(document.body).hasClass('sidebar-collapse')) {\n+    if (!$(document.body).hasClass('sidebar-collapse') && !$(document.body).hasClass('layout-top-nav')) {\n         $(document.body).addClass('sidebar-collapse')\n     }\n }\n@@ -178,7 +178,7 @@ function expandSidebar() {\n function toggleSidebar() {\n     if ($(document.body).hasClass('sidebar-collapse')) {\n         $(document.body).removeClass('sidebar-collapse')\n-    } else {\n+    } else if(!$(document.body).hasClass('layout-top-nav')) {\n         $(document.body).addClass('sidebar-collapse')\n     }\n }"], "edit": ["-    if (!$(document.body).hasClass('sidebar-collapse')) {", "+    if (!$(document.body).hasClass('sidebar-collapse') && !$(document.body).hasClass('layout-top-nav')) {", "-    } else {", "+    } else if(!$(document.body).hasClass('layout-top-nav')) {"], "url": ["https://api.github.com/repos/adminfaces/admin-template/commits/3ce95d200be734f96fc7d9a73a858dfc909d3071"]}