{"new_feature": "1227,9,21,922,30,0.01", "commitmessage": "fixed some derps with merge conflicts", "patch": ["@@ -32,7 +32,6 @@\n     private String urlRedirectCustomUrl;\n     private String urlRedirectType;\n     private int port;\n-<<<<<<< HEAD\n     private boolean toast;\n \n     public void setPortForwardingEnabled(boolean portForwardingEnabled) {\n@@ -74,7 +73,6 @@ public void setPort(int port) {\n         this.port = port;\n     }\n \n-<<<<<<< HEAD\n     public boolean isToast() {\n         return toast;\n     }\n@@ -83,8 +81,6 @@ public void setToast(boolean toast) {\n         this.toast = toast;\n     }\n \n-=======\n-\n     public String getUrlRedirectType() {\n         return urlRedirectType;\n     }", "@@ -82,7 +82,6 @@ private void handleParameters(HttpServletRequest request) {\n         settingsService.save();\n         upnpService.setMediaServerEnabled(dlnaEnabled);\n     }\n-<<<<<<< HEAD\n \n     public void setSettingsService(SettingsService settingsService) {\n         this.settingsService = settingsService;\n@@ -92,4 +91,3 @@ public void setUpnpService(UPnPService upnpService) {\n         this.upnpService = upnpService;\n     }\n }\n-=======", "@@ -82,7 +82,6 @@ private void handleParameters(HttpServletRequest request) {\n         sonosService.setMusicServiceEnabled(false);\n         sonosService.setMusicServiceEnabled(sonosEnabled);\n     }\n-<<<<<<< HEAD\n \n     public void setSettingsService(SettingsService settingsService) {\n         this.settingsService = settingsService;\n@@ -92,4 +91,3 @@ public void setSonosService(SonosService sonosService) {\n         this.sonosService = sonosService;\n     }\n }\n-======="], "edit": ["-<<<<<<< HEAD", "-<<<<<<< HEAD", "-=======", "-", "-<<<<<<< HEAD", "-=======", "-<<<<<<< HEAD", "-======="], "url": ["https://api.github.com/repos/airsonic/airsonic/commits/3d23b540ba6b18a18f9be92da96d201a52aa1bb4"]}