{"new_feature": "1227,9,21,922,30,0.17", "commitmessage": "Mark the player cookie httpOnly\n\nIt doesn't improve much security-wise,\nbut it's a good practise anyway.", "patch": ["@@ -151,6 +151,7 @@ public synchronized Player getPlayer(HttpServletRequest request, HttpServletResp\n             String cookieName = COOKIE_NAME + \"-\" + StringUtil.utf8HexEncode(username);\n             Cookie cookie = new Cookie(cookieName, String.valueOf(player.getId()));\n             cookie.setMaxAge(COOKIE_EXPIRY);\n+            cookie.setHttpOnly(true);\n             String path = request.getContextPath();\n             if (StringUtils.isEmpty(path)) {\n                 path = \"/\";"], "edit": ["+            cookie.setHttpOnly(true);"], "url": ["https://api.github.com/repos/airsonic/airsonic/commits/3d54ef1afbdc80b3f66db6d8440f3d154c79f4cf"]}