{"new_feature": "1050,1,6,586,29,0.20", "commitmessage": "Prepare for v1.2.0 release (#35)\n\n* Prepare for v1.2.0 release\r\n\r\n* Rename references\r\n\r\n* Fix typo", "patch": ["@@ -1,6 +1,6 @@\n PROJECT_DESCRIPTION=OkReplay lets you record and replay OkHttp network interaction your Android application.\n GROUP=com.airbnb.okreplay\n-VERSION_NAME=1.2.0-SNAPSHOT\n+VERSION_NAME=1.3.0-SNAPSHOT\n POM_URL=https://github.com/airbnb/okreplay\n POM_SCM_URL=https://github.com/airbnb/okreplay\n POM_SCM_CONNECTION=scm:git://github.com/airbnb/okreplay.git", "@@ -4,7 +4,7 @@ ext.versions = [\n     okreplayVersion: '1.2.0-SNAPSHOT',\n     kotlinVersion : '1.1.2-4',\n     okhttpVersion : '3.4.2',\n-    appCompatVersion: '25.3.1'\n+    appCompatVersion: '25.4.0'\n ]\n ext {\n   isSnapshot = version.endsWith(\"-SNAPSHOT\")", "@@ -42,14 +42,16 @@ dependencies {\n   compile 'com.squareup.retrofit2:converter-moshi:2.2.0'\n   compile 'com.google.auto.value:auto-value:1.4.1'\n   compile 'io.reactivex.rxjava2:rxandroid:2.0.1'\n+  compile 'com.squareup.okio:okio:1.13.0'\n+  compile 'com.squareup.okhttp3:okhttp:3.8.0'\n   annotationProcessor 'com.ryanharter.auto.value:auto-value-moshi:0.4.3'\n   provided 'com.ryanharter.auto.value:auto-value-moshi-annotations:0.4.3'\n   testCompile 'junit:junit:4.12'\n   androidTestCompile project(':okreplay-espresso')\n   androidTestCompile \"com.android.support:support-annotations:${versions.appCompatVersion}\"\n   androidTestCompile 'com.android.support.test:runner:0.5'\n   androidTestCompile 'com.android.support.test:rules:0.5'\n-  androidTestCompile 'com.squareup.okio:okio:1.11.0'\n-  androidTestCompile 'com.squareup.okhttp3:okhttp:3.6.0'\n+  androidTestCompile 'com.squareup.okio:okio:1.13.0'\n+  androidTestCompile 'com.squareup.okhttp3:okhttp:3.8.0'\n   androidTestCompile 'com.jakewharton.espresso:okhttp3-idling-resource:1.0.0'\n }", "@@ -1,4 +1,4 @@\n-# OkReplay [![Build Status](https://travis-ci.org/felipecsl/okreplay.svg?branch=master)](https://travis-ci.org/felipecsl/okreplay)\n+# OkReplay [![Build Status](https://travis-ci.org/airbnb/okreplay.svg?branch=master)](https://travis-ci.org/airbnb/okreplay)\n \n Automatically record and replay OkHttp network interaction through your Android application.\n This project was based on the great [Betamax](https://github.com/betamaxteam/betamax) library - which was inspired by Ruby's awesome [VCR](https://relishapp.com/vcr/vcr/docs) gem.\n@@ -24,7 +24,7 @@ Tapes are stored to disk as YAML files and can be modified (or even created) by\n to your project\u2019s source control repository so they can be shared by other members of your team and\n used by your CI server. Different tests can use different tapes to simulate various response conditions.\n Each tape can hold multiple request/response interactions. An example tape file can be found\n-[here](https://github.com/felipecsl/okreplay/blob/master/okreplay-tests/src/test/resources/okreplay/tapes/smoke_spec.yaml).\n+[here](https://github.com/airbnb/okreplay/blob/master/okreplay-tests/src/test/resources/okreplay/tapes/smoke_spec.yaml).\n \n ## Usage\n \n@@ -78,7 +78,7 @@ buildscript {\n     maven { url 'https://oss.sonatype.org/content/repositories/snapshots/' }\n   }\n   dependencies {\n-    classpath 'com.airbnb.okreplay:gradle-plugin:1.1.0'\n+    classpath 'com.airbnb.okreplay:gradle-plugin:1.2.0'\n   }\n }\n \n@@ -99,13 +99,15 @@ Download [the latest JAR][2] or grab via Maven:\n ```xml\n <dependency>\n   <groupId>com.airbnb.okreplay</groupId>\n-  <artifactId>okreplay</artifactId>\n-  <version>1.1.0</version>\n+  <artifactId>okreplay-core</artifactId>\n+  <version>1.2.0</version>\n </dependency>\n ```\n or Gradle:\n ```groovy\n-compile 'com.airbnb.okreplay:okreplay:1.1.0'\n+debugCompile 'com.airbnb.okreplay:okreplay:1.2.0'\n+releaseCompile 'com.airbnb.okreplay:okreplay-noop:1.2.0'\n+androidTestCompile 'com.airbnb.okreplay:okreplay-espresso:1.2.0'\n ```\n \n Snapshots of the development version are available in [Sonatype's `snapshots` repository][snap]."], "edit": ["-VERSION_NAME=1.2.0-SNAPSHOT", "+VERSION_NAME=1.3.0-SNAPSHOT", "-    appCompatVersion: '25.3.1'", "+    appCompatVersion: '25.4.0'", "+  compile 'com.squareup.okio:okio:1.13.0'", "+  compile 'com.squareup.okhttp3:okhttp:3.8.0'", "-  androidTestCompile 'com.squareup.okio:okio:1.11.0'", "-  androidTestCompile 'com.squareup.okhttp3:okhttp:3.6.0'", "+  androidTestCompile 'com.squareup.okio:okio:1.13.0'", "+  androidTestCompile 'com.squareup.okhttp3:okhttp:3.8.0'", "-# OkReplay [![Build Status](https://travis-ci.org/felipecsl/okreplay.svg?branch=master)](https://travis-ci.org/felipecsl/okreplay)", "+# OkReplay [![Build Status](https://travis-ci.org/airbnb/okreplay.svg?branch=master)](https://travis-ci.org/airbnb/okreplay)", "-[here](https://github.com/felipecsl/okreplay/blob/master/okreplay-tests/src/test/resources/okreplay/tapes/smoke_spec.yaml).", "+[here](https://github.com/airbnb/okreplay/blob/master/okreplay-tests/src/test/resources/okreplay/tapes/smoke_spec.yaml).", "-    classpath 'com.airbnb.okreplay:gradle-plugin:1.1.0'", "+    classpath 'com.airbnb.okreplay:gradle-plugin:1.2.0'", "-  <artifactId>okreplay</artifactId>", "-  <version>1.1.0</version>", "+  <artifactId>okreplay-core</artifactId>", "+  <version>1.2.0</version>", "-compile 'com.airbnb.okreplay:okreplay:1.1.0'", "+debugCompile 'com.airbnb.okreplay:okreplay:1.2.0'", "+releaseCompile 'com.airbnb.okreplay:okreplay-noop:1.2.0'", "+androidTestCompile 'com.airbnb.okreplay:okreplay-espresso:1.2.0'"], "url": ["https://api.github.com/repos/airbnb/okreplay/commits/3d69f4d80beed89521be945d1f7f45454afa656e"]}