{"new_feature": "1577,1,17,193,30,0.71", "commitmessage": "Fixed tag editor coloring bugs.", "patch": ["@@ -59,7 +59,7 @@ public void setStatusbarColor(int color) {\n                     statusBar.setBackgroundColor(color);\n                 }\n             } else if (Build.VERSION.SDK_INT >= 21) {\n-                getWindow().setStatusBarColor(color);\n+                getWindow().setStatusBarColor(ColorUtil.darkenColor(color));\n                 setLightStatusbarAuto(color);\n             }\n         }", "@@ -235,13 +235,8 @@ protected void setNoImageMode() {\n         observableScrollView.setPadding(0, Util.getActionBarSize(this), 0, 0);\n         observableScrollViewCallbacks.onScrollChanged(observableScrollView.getCurrentScrollY(), false, false);\n \n-        paletteColorPrimary = getIntent().getIntExtra(EXTRA_PALETTE, ThemeStore.primaryColor(this));\n+        setColors(getIntent().getIntExtra(EXTRA_PALETTE, ThemeStore.primaryColor(this)));\n         toolbar.setBackgroundColor(paletteColorPrimary);\n-        header.setBackgroundColor(paletteColorPrimary);\n-\n-        setStatusbarColor(paletteColorPrimary);\n-        setNavigationbarColor(paletteColorPrimary);\n-        setTaskDescriptionColor(paletteColorPrimary);\n     }\n \n     protected void dataChanged() {\n@@ -267,7 +262,7 @@ protected void setImageBitmap(@Nullable final Bitmap bitmap, int bgColor) {\n         setColors(bgColor);\n     }\n \n-    private void setColors(int color) {\n+    protected void setColors(int color) {\n         paletteColorPrimary = color;\n         observableScrollViewCallbacks.onScrollChanged(observableScrollView.getCurrentScrollY(), false, false);\n         header.setBackgroundColor(paletteColorPrimary);", "@@ -19,6 +19,7 @@\n import com.bumptech.glide.request.animation.GlideAnimation;\n import com.bumptech.glide.request.target.SimpleTarget;\n import com.kabouzeid.appthemehelper.util.ATHUtil;\n+import com.kabouzeid.appthemehelper.util.ToolbarContentTintHelper;\n import com.kabouzeid.gramophone.R;\n import com.kabouzeid.gramophone.glide.palette.BitmapPaletteTranscoder;\n import com.kabouzeid.gramophone.glide.palette.BitmapPaletteWrapper;\n@@ -278,4 +279,10 @@ private static Bitmap getResizedAlbumCover(@NonNull Bitmap src, int maxForSmalle\n         }\n         return scaledBitmap;\n     }\n+\n+    @Override\n+    protected void setColors(int color) {\n+        super.setColors(color);\n+        albumTitle.setTextColor(ToolbarContentTintHelper.toolbarTitleColor(this, color));\n+    }\n }", "@@ -7,6 +7,7 @@\n import android.text.TextWatcher;\n import android.widget.EditText;\n \n+import com.kabouzeid.appthemehelper.util.ToolbarContentTintHelper;\n import com.kabouzeid.gramophone.R;\n import com.kabouzeid.gramophone.loader.SongLoader;\n \n@@ -132,4 +133,12 @@ public void onTextChanged(CharSequence s, int start, int before, int count) {\n     public void afterTextChanged(Editable s) {\n         dataChanged();\n     }\n+\n+    @Override\n+    protected void setColors(int color) {\n+        super.setColors(color);\n+        int toolbarTitleColor = ToolbarContentTintHelper.toolbarTitleColor(this, color);\n+        songTitle.setTextColor(toolbarTitleColor);\n+        albumTitle.setTextColor(toolbarTitleColor);\n+    }\n }"], "edit": ["-                getWindow().setStatusBarColor(color);", "+                getWindow().setStatusBarColor(ColorUtil.darkenColor(color));", "-        paletteColorPrimary = getIntent().getIntExtra(EXTRA_PALETTE, ThemeStore.primaryColor(this));", "+        setColors(getIntent().getIntExtra(EXTRA_PALETTE, ThemeStore.primaryColor(this)));", "-        header.setBackgroundColor(paletteColorPrimary);", "-", "-        setStatusbarColor(paletteColorPrimary);", "-        setNavigationbarColor(paletteColorPrimary);", "-        setTaskDescriptionColor(paletteColorPrimary);", "-    private void setColors(int color) {", "+    protected void setColors(int color) {", "+import com.kabouzeid.appthemehelper.util.ToolbarContentTintHelper;", "+", "+    @Override", "+    protected void setColors(int color) {", "+        super.setColors(color);", "+        albumTitle.setTextColor(ToolbarContentTintHelper.toolbarTitleColor(this, color));", "+    }", "+import com.kabouzeid.appthemehelper.util.ToolbarContentTintHelper;", "+", "+    @Override", "+    protected void setColors(int color) {", "+        super.setColors(color);", "+        int toolbarTitleColor = ToolbarContentTintHelper.toolbarTitleColor(this, color);", "+        songTitle.setTextColor(toolbarTitleColor);", "+        albumTitle.setTextColor(toolbarTitleColor);", "+    }"], "url": ["https://api.github.com/repos/AdrienPoupa/VinylMusicPlayer/commits/3d7d69da36c2d35288f6dc79ea68156150660687"]}