{"new_feature": "4880,99,0,51,8,0.21", "commitmessage": "another mailto fix", "patch": ["@@ -54,7 +54,7 @@ Answers _\"Can I use bio-production to make this chemical at scale?\"_\n License and Contributing\n ===\n Code licensed under the GNU General Public License v3.0.\n-If an alternative license is desired, [please contact 20n](act@20n.com).\n+If an alternative license is desired, [please contact 20n](mailto:act@20n.com?Subject=Purchase%20request%20for%2020n-act%20codebase%20under%20commercial%20license).\n \n Original Authors\n ==="], "edit": ["-If an alternative license is desired, [please contact 20n](act@20n.com).", "+If an alternative license is desired, [please contact 20n](mailto:act@20n.com?Subject=Purchase%20request%20for%2020n-act%20codebase%20under%20commercial%20license)."], "url": ["https://api.github.com/repos/20n/act/commits/3dddb9927ac426a68315d4cf4723b8477383251b"]}