{"new_feature": "1227,9,21,922,30,0.17", "commitmessage": "Use a random key to \"encrypt\" the remember-me cookie's value\n\nSince Spring's default remember-me technique is\nterrible security-wise (`user:timstamp:md5(use:timestamp:password:key)`),\nwe should at least use a random key, instead of a fixed one,\notherwise, and attacker able to capture the cookies\nmight be able to trivially bruteforce offline\nthe password of the associated user.", "patch": ["@@ -22,6 +22,8 @@\n import org.springframework.security.web.context.request.async.WebAsyncManagerIntegrationFilter;\n import org.springframework.security.web.util.matcher.AntPathRequestMatcher;\n \n+import java.security.SecureRandom;\n+\n @Configuration\n @Order(SecurityProperties.ACCESS_OVERRIDE_ORDER)\n @EnableGlobalMethodSecurity(securedEnabled = true, prePostEnabled = true)\n@@ -31,6 +33,14 @@\n \n     static final String FAILURE_URL = \"/login?error=1\";\n \n+    private static final String key;\n+\n+    static {\n+      byte[] array = new byte[32];\n+      new SecureRandom().nextBytes(array);\n+      key = new String(array);\n+    }\n+\n     @Autowired\n     private SecurityService securityService;\n \n@@ -162,8 +172,8 @@ protected void configure(HttpSecurity http) throws Exception {\n                     // see http://docs.spring.io/spring-security/site/docs/3.2.4.RELEASE/reference/htmlsingle/#csrf-logout\n                     .and().logout().logoutRequestMatcher(new AntPathRequestMatcher(\"/logout\", \"GET\")).logoutSuccessUrl(\n                     \"/login?logout\")\n-                    .and().rememberMe().key(\"airsonic\");\n+                    .and().rememberMe().key(key);\n         }\n \n     }\n-}\n\\ No newline at end of file\n+}"], "edit": ["+import java.security.SecureRandom;", "+", "+    private static final String key;", "+", "+    static {", "+      byte[] array = new byte[32];", "+      new SecureRandom().nextBytes(array);", "+      key = new String(array);", "+    }", "+", "-                    .and().rememberMe().key(\"airsonic\");", "+                    .and().rememberMe().key(key);", "-}", "+}"], "url": ["https://api.github.com/repos/airsonic/airsonic/commits/3e07ea52885f88d3fbec444dfd592f27bfb65647"]}