{"new_feature": "1050,1,6,586,29,0.62", "commitmessage": "fix test for HttpClient 3.x", "patch": ["@@ -2,14 +2,14 @@ package betamax.proxy\n \n import betamax.proxy.jetty.SimpleServer\n import betamax.util.server.EchoHandler\n-import org.apache.commons.httpclient.HttpClient\n import org.apache.commons.httpclient.methods.GetMethod\n import org.apache.http.HttpHost\n import org.apache.http.impl.conn.ProxySelectorRoutePlanner\n import org.junit.Rule\n import betamax.*\n import groovyx.net.http.*\n import static java.net.HttpURLConnection.HTTP_OK\n+import org.apache.commons.httpclient.*\n import static org.apache.http.HttpHeaders.VIA\n import static org.apache.http.conn.params.ConnRoutePNames.DEFAULT_PROXY\n import spock.lang.*\n@@ -84,12 +84,14 @@ class ProxyNetworkCommsSpec extends Specification {\n         response.getFirstHeader(VIA)?.value == \"Betamax\"\n     }\n \n-    @Ignore\n     @Timeout(10)\n \t@Betamax(tape = \"proxy network comms spec\")\n     def \"proxy intercepts HTTPClient 3.x connections\"() {\n         given:\n         def client = new HttpClient()\n+\t\tclient.hostConfiguration.proxyHost = new ProxyHost(\"localhost\", 5555)\n+\t\t\n+\t\tand:\n         def request = new GetMethod(endpoint.url)\n \n         when:"], "edit": ["-import org.apache.commons.httpclient.HttpClient", "+import org.apache.commons.httpclient.*", "-    @Ignore", "+\t\tclient.hostConfiguration.proxyHost = new ProxyHost(\"localhost\", 5555)", "+", "+\t\tand:"], "url": ["https://api.github.com/repos/airbnb/okreplay/commits/3e0e166af9b2c98702f9921a49ff8c9963e6256b"]}