{"new_feature": "2276,1,0,88,30,0.11", "commitmessage": "prefix fragment layouts with 'fragment_'", "patch": ["@@ -70,7 +70,7 @@\n  *  TODO:   2) Might wanna make the refresh rate lower/higher depending on support\n  *\n  */\n-@XmlLayout(R.layout.cell_fragment)\n+@XmlLayout(R.layout.fragment_cell_info)\n public class CellInfoFragment extends InjectionFragment {\n \n     public static final int STOCK_REQUEST = 1;", "@@ -45,7 +45,7 @@\n  * <p/>\n  * Notes:          See issue #234 for details on how to format the UI\n  */\n-@XmlLayout(R.layout.db_view)\n+@XmlLayout(R.layout.fragment_db_viewer)\n public final class DbViewerFragment extends InjectionFragment {\n \n     private AIMSICDDbAdapter mDb;", "@@ -30,7 +30,7 @@\n import io.freefair.android.injection.app.InjectionFragment;\n import io.freefair.android.util.logging.Logger;\n \n-@XmlLayout(R.layout.device)\n+@XmlLayout(R.layout.fragment_device)\n public class DeviceFragment extends InjectionFragment {\n \n     @Inject"], "edit": ["-@XmlLayout(R.layout.cell_fragment)", "+@XmlLayout(R.layout.fragment_cell_info)", "-@XmlLayout(R.layout.db_view)", "+@XmlLayout(R.layout.fragment_db_viewer)", "-@XmlLayout(R.layout.device)", "+@XmlLayout(R.layout.fragment_device)"], "url": ["https://api.github.com/repos/5GSD/AIMSICDL/commits/3e45b8a6a1ce75cf06a550aca91b069031e17a40"]}