{"new_feature": "4880,99,0,51,8,0.11", "commitmessage": "small fix for jackson", "patch": ["@@ -711,7 +711,8 @@ public void updateFromProjection(ReachablesProjectionUpdate projection) {\n \n   public void updateFromProjectionFile(File file) throws IOException {\n     LOGGER.info(\"Processing projection file: %s\", file.getName());\n-    List<ReachablesProjectionUpdate> projections = Arrays.asList(MAPPER.readValue(file, ReachablesProjectionUpdate[].class));\n+    ReachablesProjectionUpdate[] projectionUpdates = MAPPER.readValue(file, ReachablesProjectionUpdate[].class)\n+    List<ReachablesProjectionUpdate> projections = Arrays.asList(projectionUpdates);\n     projections.forEach(this::updateFromProjection);\n   }\n }", "@@ -12,7 +12,6 @@\n import com.act.analysis.chemicals.molecules.MoleculeImporter;\n import org.apache.logging.log4j.LogManager;\n import org.apache.logging.log4j.Logger;\n-import org.coode.owlapi.latex.LatexOWLObjectRenderer;\n \n import java.io.IOException;\n "], "edit": ["-    List<ReachablesProjectionUpdate> projections = Arrays.asList(MAPPER.readValue(file, ReachablesProjectionUpdate[].class));", "+    ReachablesProjectionUpdate[] projectionUpdates = MAPPER.readValue(file, ReachablesProjectionUpdate[].class)", "+    List<ReachablesProjectionUpdate> projections = Arrays.asList(projectionUpdates);", "-import org.coode.owlapi.latex.LatexOWLObjectRenderer;"], "url": ["https://api.github.com/repos/20n/act/commits/3e48077636ac5772ed301b976f1e5c35ff84b9d5"]}