{"new_feature": "2276,1,0,88,30,0.01", "commitmessage": "Fix for calling msgLong on background thread (no looper.prepare)", "patch": ["@@ -47,20 +47,24 @@ public static void msgLong(final Context context, final String msg) {\n             if (toast!=null){\n                 toast.cancel();\n             }\n-        \n-            toast = Toast.makeText(context, msg, Toast.LENGTH_SHORT);\n \n-            new CountDownTimer(Math.max(TOAST_DURATION_MILLS - SHORT_TOAST_DURATION, 1000), 1000) {\n+            new Handler(context.getMainLooper()).post(new Runnable() {\n                 @Override\n-                public void onFinish() {\n-                    toast.show();\n-                }\n+                public void run() {\n+                    toast = Toast.makeText(context, msg, Toast.LENGTH_SHORT);\n+                    new CountDownTimer(Math.max(TOAST_DURATION_MILLS - SHORT_TOAST_DURATION, 1000), 1000) {\n+                        @Override\n+                        public void onFinish() {\n+                            toast.show();\n+                        }\n \n-                @Override\n-                public void onTick(long millisUntilFinished) {\n-                    toast.show();\n+                        @Override\n+                        public void onTick(long millisUntilFinished) {\n+                            toast.show();\n+                        }\n+                    }.start();\n                 }\n-            }.start();\n+            });\n         }\n     }\n     /**"], "edit": ["-", "-            toast = Toast.makeText(context, msg, Toast.LENGTH_SHORT);", "-            new CountDownTimer(Math.max(TOAST_DURATION_MILLS - SHORT_TOAST_DURATION, 1000), 1000) {", "+            new Handler(context.getMainLooper()).post(new Runnable() {", "-                public void onFinish() {", "-                    toast.show();", "-                }", "+                public void run() {", "+                    toast = Toast.makeText(context, msg, Toast.LENGTH_SHORT);", "+                    new CountDownTimer(Math.max(TOAST_DURATION_MILLS - SHORT_TOAST_DURATION, 1000), 1000) {", "+                        @Override", "+                        public void onFinish() {", "+                            toast.show();", "+                        }", "-                @Override", "-                public void onTick(long millisUntilFinished) {", "-                    toast.show();", "+                        @Override", "+                        public void onTick(long millisUntilFinished) {", "+                            toast.show();", "+                        }", "+                    }.start();", "-            }.start();", "+            });"], "url": ["https://api.github.com/repos/5GSD/AIMSICDL/commits/3ebcdd9d715dd1b4d5ea89641749f95c3b64044f"]}