{"new_feature": "23,1,0,77,1,1.00", "commitmessage": "fixed pending error", "patch": ["@@ -128,7 +128,9 @@\n \t\t\t\tif (activeCount > 0) {\n \t\t\t\t\trecoveredConsole = false;\n \t\t\t\t\tStringBuilder sb = statisticsInfo();\n-\t\t\t\t\tsb.append(\"  pending: \").append(_pool.getTaskCount() - _pool.getCompletedTaskCount());\n+\t\t\t\t\tlong pending = _pool.getTaskCount() - _pool.getCompletedTaskCount();\n+\t\t\t\t\tif (!start) pending -= 1;\n+\t\t\t\t\tsb.append(\"  pending: \").append(pending);\n \t\t\t\t\toutput(sb, consumer);\n \t\t\t\t} else {\n \t\t\t\t\tif (!recoveredConsole) {\n@@ -447,4 +449,4 @@ public boolean verify(String hostname, SSLSession session) {\n \t\t\treturn true;\n \t\t}\n \t}\n-}\n\\ No newline at end of file\n+}"], "edit": ["-\t\t\t\t\tsb.append(\"  pending: \").append(_pool.getTaskCount() - _pool.getCompletedTaskCount());", "+\t\t\t\t\tlong pending = _pool.getTaskCount() - _pool.getCompletedTaskCount();", "+\t\t\t\t\tif (!start) pending -= 1;", "+\t\t\t\t\tsb.append(\"  pending: \").append(pending);", "-}", "+}"], "url": ["https://api.github.com/repos/abedormancy/tinydownloader/commits/3ed7c1a406c01be7c894337523e7b254cc1733d9"]}