{"new_feature": "1577,1,17,193,30,0.09", "commitmessage": "Fix can go up #29", "patch": ["@@ -88,7 +88,7 @@ public Dialog onCreateDialog(Bundle savedInstanceState) {\n         if (!savedInstanceState.containsKey(\"current_path\")) {\n             savedInstanceState.putString(\"current_path\", initialPath);\n         }\n-        parentFolder = new File(savedInstanceState.getString(\"current_path\", File.pathSeparator));\n+        parentFolder = new File(savedInstanceState.getString(\"current_path\", \"/\"));\n         checkIfCanGoUp();\n         parentContents = listFiles();\n         MaterialDialog.Builder builder =\n@@ -104,9 +104,6 @@ public Dialog onCreateDialog(Bundle savedInstanceState) {\n                         .onNegative((materialDialog, dialogAction) -> dismiss())\n                         .positiveText(R.string.add_action)\n                         .negativeText(android.R.string.cancel);\n-        if (File.pathSeparator.equals(initialPath)) {\n-            canGoUp = false;\n-        }\n         return builder.build();\n     }\n \n@@ -130,7 +127,7 @@ public void onSelection(MaterialDialog materialDialog, View view, int i, CharSeq\n \n     private void checkIfCanGoUp() {\n         try {\n-            canGoUp = parentFolder.getPath().split(File.pathSeparator).length > 1;\n+            canGoUp = parentFolder.getPath().split(\"/\").length > 1;\n         } catch (IndexOutOfBoundsException e) {\n             canGoUp = false;\n         }"], "edit": ["-        parentFolder = new File(savedInstanceState.getString(\"current_path\", File.pathSeparator));", "+        parentFolder = new File(savedInstanceState.getString(\"current_path\", \"/\"));", "-        if (File.pathSeparator.equals(initialPath)) {", "-            canGoUp = false;", "-        }", "-            canGoUp = parentFolder.getPath().split(File.pathSeparator).length > 1;", "+            canGoUp = parentFolder.getPath().split(\"/\").length > 1;"], "url": ["https://api.github.com/repos/AdrienPoupa/VinylMusicPlayer/commits/3ee90bf6b7e248630d2870f7507fc923d1d2080d"]}