{"new_feature": "255,35,32,135,1,1.00", "commitmessage": "0.0.17: Fixed bug in working directory cleanup\n\n- Working directory cleanup will now work for non-empty dirs too", "patch": ["@@ -7,7 +7,7 @@\n     <parent>\n         <groupId>com.github.jobson</groupId>\n         <artifactId>jobson-project</artifactId>\n-        <version>0.0.17-dev3</version>\n+        <version>0.0.17</version>\n     </parent>\n \n     <artifactId>jobson-deb</artifactId>", "@@ -7,7 +7,7 @@\n     <parent>\n         <groupId>com.github.jobson</groupId>\n         <artifactId>jobson-project</artifactId>\n-        <version>0.0.17-dev3</version>\n+        <version>0.0.17</version>\n     </parent>\n \n     <artifactId>jobson-docs</artifactId>", "@@ -7,7 +7,7 @@\n     <parent>\n         <groupId>com.github.jobson</groupId>\n         <artifactId>jobson-project</artifactId>\n-        <version>0.0.17-dev3</version>\n+        <version>0.0.17</version>\n     </parent>\n \n     <artifactId>jobson-nix</artifactId>", "@@ -7,7 +7,7 @@\n     <parent>\n         <groupId>com.github.jobson</groupId>\n         <artifactId>jobson-project</artifactId>\n-        <version>0.0.17-dev3</version>\n+        <version>0.0.17</version>\n     </parent>\n \n     <artifactId>jobson</artifactId>", "@@ -6,7 +6,7 @@\n \n     <groupId>com.github.jobson</groupId>\n     <artifactId>jobson-project</artifactId>\n-    <version>0.0.17-dev3</version>\n+    <version>0.0.17</version>\n     <packaging>pom</packaging>\n \n     <name>jobson project</name>"], "edit": ["-        <version>0.0.17-dev3</version>", "+        <version>0.0.17</version>", "-        <version>0.0.17-dev3</version>", "+        <version>0.0.17</version>", "-        <version>0.0.17-dev3</version>", "+        <version>0.0.17</version>", "-        <version>0.0.17-dev3</version>", "+        <version>0.0.17</version>", "-    <version>0.0.17-dev3</version>", "+    <version>0.0.17</version>"], "url": ["https://api.github.com/repos/adamkewley/jobson/commits/3f25d5110e5ddd77c8fb42c58c8a49612ba1b4e8"]}