{"new_feature": "1227,9,21,922,30,0.08", "commitmessage": "Fix dependency error with org.eclipse.jetty.jetty\n\nThis is only used by reflection, and should be provided by the servlet\ncontainer (Tomcat or Jetty).", "patch": ["@@ -492,6 +492,13 @@\n             <scope>provided</scope>\n         </dependency>\n \n+        <!-- Provided by the servlet container, but found by dependency:analyze even if used via reflection -->\n+        <dependency>\n+          <groupId>org.eclipse.jetty</groupId>\n+          <artifactId>jetty-io</artifactId>\n+          <scope>provided</scope>\n+        </dependency>\n+\n         <dependency>\n             <groupId>com.fasterxml.jackson.core</groupId>\n             <artifactId>jackson-core</artifactId>"], "edit": ["+        <!-- Provided by the servlet container, but found by dependency:analyze even if used via reflection -->", "+        <dependency>", "+          <groupId>org.eclipse.jetty</groupId>", "+          <artifactId>jetty-io</artifactId>", "+          <scope>provided</scope>", "+        </dependency>", "+"], "url": ["https://api.github.com/repos/airsonic/airsonic/commits/3f4a49c95a086c846e2dd35388020d13032bfceb"]}