{"new_feature": "1050,1,6,586,29,0.62", "commitmessage": "Fix the example scala app to be updated with the released version 2.0.1", "patch": ["@@ -13,7 +13,7 @@ libraryDependencies ++= Seq(\n   cache,\n   ws,\n   specs2 % Test,\n-  \"software.betamax\" %% \"betamax-specs2\" % \"2.0.0-SNAPSHOT\" % Test\n+  \"software.betamax\" %% \"betamax-specs2\" % \"2.0.1\" % Test\n )\n \n resolvers += \"scalaz-bintray\" at \"http://dl.bintray.com/scalaz/releases\"", "@@ -1 +1,2 @@\n-betamax.tapeRoot=test/resources/betamax/tapes\n\\ No newline at end of file\n+betamax.tapeRoot=test/resources/betamax/tapes\n+betamax.defaultMode=READ_WRITE\n\\ No newline at end of file", "@@ -13,7 +13,7 @@ import scala.concurrent.Await\n   */\n class BetamaxTest extends Specification with DefaultAwaitTimeout {\n   \"A recorded interation\" should {\n-    \"replay /\" in RecordedInteraction(\"index\", tapeMode = TapeMode.READ_WRITE) {\n+    \"replay /\" in RecordedInteraction(\"index\") {\n       val port = 3333\n       new WithServer(port = port) {\n         val response = Await.result(WS.url(s\"http://localhost:$port\").get(), defaultAwaitTimeout.duration)"], "edit": ["-  \"software.betamax\" %% \"betamax-specs2\" % \"2.0.0-SNAPSHOT\" % Test", "+  \"software.betamax\" %% \"betamax-specs2\" % \"2.0.1\" % Test", "-betamax.tapeRoot=test/resources/betamax/tapes", "+betamax.tapeRoot=test/resources/betamax/tapes", "+betamax.defaultMode=READ_WRITE", "-    \"replay /\" in RecordedInteraction(\"index\", tapeMode = TapeMode.READ_WRITE) {", "+    \"replay /\" in RecordedInteraction(\"index\") {"], "url": ["https://api.github.com/repos/airbnb/okreplay/commits/3f4cc5ff5e2d00c996b6bb348c3d2a5fd4536e14"]}