{"new_feature": "2146,31,17,479,17,0.05", "commitmessage": "fix da020cc45326b666a396cbc6f7e6faf14a865c02", "patch": ["@@ -51,7 +51,7 @@ public static void execute(String stmt, ManagerConnection c) {\n         int count = 0;\n         Pair<String[], Integer> keys = ManagerParseStop.getPair(stmt);\n         if (keys.getKey() != null && keys.getValue() != null) {\n-            long time = keys.intValue() * 1000L;\n+            long time = keys.getValue() * 1000L;\n             Map<String, PhysicalDBPool> dns = MycatServer.getInstance().getConfig().getDataHosts();\n             for (String key : keys.getKey()) {\n                 PhysicalDBPool dn = dns.get(key);"], "edit": ["-            long time = keys.intValue() * 1000L;", "+            long time = keys.getValue() * 1000L;"], "url": ["https://api.github.com/repos/actiontech/dble/commits/3f78ff294f1c4ac031f58a8f9b66d30868825122"]}