{"new_feature": "1577,1,17,193,30,0.71", "commitmessage": "Fixed #51 the playlist-list isn't updated when adding a new playlist", "patch": ["@@ -60,7 +60,9 @@ public void onInput(MaterialDialog materialDialog, @NonNull CharSequence charSeq\n                             if (playlistId != -1 && getActivity() != null) {\n                                 //noinspection unchecked\n                                 ArrayList<Song> songs = (ArrayList<Song>) getArguments().getSerializable(\"songs\");\n-                                PlaylistsUtil.addToPlaylist(getActivity(), songs, playlistId, true);\n+                                if (songs != null) {\n+                                    PlaylistsUtil.addToPlaylist(getActivity(), songs, playlistId, true);\n+                                }\n                             }\n                         }\n                     }", "@@ -3,6 +3,7 @@\n import android.content.ContentResolver;\n import android.content.ContentValues;\n import android.content.Context;\n+import android.content.Intent;\n import android.database.Cursor;\n import android.net.Uri;\n import android.provider.BaseColumns;\n@@ -15,6 +16,7 @@\n import com.kabouzeid.gramophone.model.Playlist;\n import com.kabouzeid.gramophone.model.PlaylistSong;\n import com.kabouzeid.gramophone.model.Song;\n+import com.kabouzeid.gramophone.service.MusicService;\n \n import java.util.ArrayList;\n import java.util.List;\n@@ -36,6 +38,8 @@ public static int createPlaylist(@NonNull final Context context, @Nullable final\n                         MediaStore.Audio.Playlists.EXTERNAL_CONTENT_URI,\n                         values);\n                 if (uri != null) {\n+                    // necessary because somehow the MediaStoreObserver is not notified when adding a playlist\n+                    context.sendBroadcast(new Intent(MusicService.MEDIA_STORE_CHANGED));\n                     Toast.makeText(context, context.getResources().getString(\n                             R.string.created_playlist_x, name), Toast.LENGTH_SHORT).show();\n                     id = Integer.parseInt(uri.getLastPathSegment());\n@@ -57,7 +61,6 @@ public static int createPlaylist(@NonNull final Context context, @Nullable final\n     }\n \n     public static void deletePlaylists(@NonNull final Context context, @NonNull final ArrayList<Playlist> playlists) {\n-        final Uri uri = MediaStore.Audio.Playlists.EXTERNAL_CONTENT_URI;\n         final StringBuilder selection = new StringBuilder();\n         selection.append(MediaStore.Audio.Playlists._ID + \" IN (\");\n         for (int i = 0; i < playlists.size(); i++) {\n@@ -67,7 +70,7 @@ public static void deletePlaylists(@NonNull final Context context, @NonNull fina\n             }\n         }\n         selection.append(\")\");\n-        context.getContentResolver().delete(uri, selection.toString(), null);\n+        context.getContentResolver().delete(MediaStore.Audio.Playlists.EXTERNAL_CONTENT_URI, selection.toString(), null);\n     }\n \n     public static void addToPlaylist(@NonNull final Context context, final Song song, final int playlistId, final boolean showToastOnFinish) {"], "edit": ["-                                PlaylistsUtil.addToPlaylist(getActivity(), songs, playlistId, true);", "+                                if (songs != null) {", "+                                    PlaylistsUtil.addToPlaylist(getActivity(), songs, playlistId, true);", "+                                }", "+import android.content.Intent;", "+import com.kabouzeid.gramophone.service.MusicService;", "+                    // necessary because somehow the MediaStoreObserver is not notified when adding a playlist", "+                    context.sendBroadcast(new Intent(MusicService.MEDIA_STORE_CHANGED));", "-        final Uri uri = MediaStore.Audio.Playlists.EXTERNAL_CONTENT_URI;", "-        context.getContentResolver().delete(uri, selection.toString(), null);", "+        context.getContentResolver().delete(MediaStore.Audio.Playlists.EXTERNAL_CONTENT_URI, selection.toString(), null);"], "url": ["https://api.github.com/repos/AdrienPoupa/VinylMusicPlayer/commits/3f815610e4285931e95a4d0871c079ef558cae5d"]}