{"new_feature": "1577,1,17,193,30,0.71", "commitmessage": "Fixed crash on systems below Marshmallow", "patch": ["@@ -50,8 +50,8 @@ android {\n         applicationId \"com.kabouzeid.gramophone\"\n         minSdkVersion 16\n         targetSdkVersion 23\n-        versionCode 65\n-        versionName \"0.9.43 beta6\"\n+        versionCode 66\n+        versionName \"0.9.43 beta7\"\n     }\n     buildTypes {\n         release {", "@@ -25,6 +25,13 @@\n \n <p>You can view the changelog dialog again at any time from the <i>about</i> section.</p>\n \n+<h3>Version 0.9.43 beta6</h3>\n+\n+<ol>\n+    <li><b>FIX:</b> Typo caused 0.9.43 beta5 to crash on systems below Marshmallow.</a>.\n+    </li>\n+</ol>\n+\n <h3>Version 0.9.43 beta5</h3>\n \n <ol>", "@@ -15,6 +15,7 @@\n import android.support.annotation.NonNull;\n import android.widget.Toast;\n \n+import com.kabouzeid.gramophone.R;\n import com.kabouzeid.gramophone.helper.MusicPlayerRemote;\n import com.kabouzeid.gramophone.interfaces.MusicServiceEventListener;\n import com.kabouzeid.gramophone.service.MusicService;\n@@ -196,13 +197,15 @@ public void onReceive(final Context context, @NonNull final Intent intent) {\n \n     private void checkExternalStoragePermissions() {\n         hasExternalStoragePermission = hasExternalStoragePermission();\n-        if (hasExternalStoragePermission) {\n-            requestPermissions(new String[]{Manifest.permission.READ_EXTERNAL_STORAGE, Manifest.permission.WRITE_EXTERNAL_STORAGE}, REQUEST_EXTERNAL_STORAGE_PERMISSION);\n+        if (!hasExternalStoragePermission) {\n+            if (Build.VERSION.SDK_INT >= Build.VERSION_CODES.M) {\n+                requestPermissions(new String[]{Manifest.permission.READ_EXTERNAL_STORAGE, Manifest.permission.WRITE_EXTERNAL_STORAGE}, REQUEST_EXTERNAL_STORAGE_PERMISSION);\n+            }\n         }\n     }\n \n     private boolean hasExternalStoragePermission() {\n-        return Build.VERSION.SDK_INT < Build.VERSION_CODES.M || checkSelfPermission(Manifest.permission.READ_EXTERNAL_STORAGE) != PackageManager.PERMISSION_GRANTED || checkSelfPermission(Manifest.permission.WRITE_EXTERNAL_STORAGE) != PackageManager.PERMISSION_GRANTED;\n+        return Build.VERSION.SDK_INT < Build.VERSION_CODES.M || checkSelfPermission(Manifest.permission.READ_EXTERNAL_STORAGE) == PackageManager.PERMISSION_GRANTED && checkSelfPermission(Manifest.permission.WRITE_EXTERNAL_STORAGE) == PackageManager.PERMISSION_GRANTED;\n     }\n \n     @Override\n@@ -215,7 +218,7 @@ public void onRequestPermissionsResult(int requestCode, @NonNull String[] permis\n                     return;\n                 }\n             }\n-            Toast.makeText(AbsMusicServiceActivity.this, \"You must grant permission to external storage in order to explore your music\", Toast.LENGTH_SHORT).show();\n+            Toast.makeText(AbsMusicServiceActivity.this, getResources().getString(R.string.permission_to_access_external_storage_denied), Toast.LENGTH_SHORT).show();\n         }\n     }\n }", "@@ -182,4 +182,5 @@\n     <string name=\"colored_footers\">Colored footers</string>\n     <string name=\"special_thanks_to\">Special thanks to</string>\n     <string name=\"changelog\">Changelog</string>\n+    <string name=\"permission_to_access_external_storage_denied\">Permission to access external storage denied.</string>\n </resources>"], "edit": ["-        versionCode 65", "-        versionName \"0.9.43 beta6\"", "+        versionCode 66", "+        versionName \"0.9.43 beta7\"", "+<h3>Version 0.9.43 beta6</h3>", "+", "+<ol>", "+    <li><b>FIX:</b> Typo caused 0.9.43 beta5 to crash on systems below Marshmallow.</a>.", "+    </li>", "+</ol>", "+", "+import com.kabouzeid.gramophone.R;", "-        if (hasExternalStoragePermission) {", "-            requestPermissions(new String[]{Manifest.permission.READ_EXTERNAL_STORAGE, Manifest.permission.WRITE_EXTERNAL_STORAGE}, REQUEST_EXTERNAL_STORAGE_PERMISSION);", "+        if (!hasExternalStoragePermission) {", "+            if (Build.VERSION.SDK_INT >= Build.VERSION_CODES.M) {", "+                requestPermissions(new String[]{Manifest.permission.READ_EXTERNAL_STORAGE, Manifest.permission.WRITE_EXTERNAL_STORAGE}, REQUEST_EXTERNAL_STORAGE_PERMISSION);", "+            }", "-        return Build.VERSION.SDK_INT < Build.VERSION_CODES.M || checkSelfPermission(Manifest.permission.READ_EXTERNAL_STORAGE) != PackageManager.PERMISSION_GRANTED || checkSelfPermission(Manifest.permission.WRITE_EXTERNAL_STORAGE) != PackageManager.PERMISSION_GRANTED;", "+        return Build.VERSION.SDK_INT < Build.VERSION_CODES.M || checkSelfPermission(Manifest.permission.READ_EXTERNAL_STORAGE) == PackageManager.PERMISSION_GRANTED && checkSelfPermission(Manifest.permission.WRITE_EXTERNAL_STORAGE) == PackageManager.PERMISSION_GRANTED;", "-            Toast.makeText(AbsMusicServiceActivity.this, \"You must grant permission to external storage in order to explore your music\", Toast.LENGTH_SHORT).show();", "+            Toast.makeText(AbsMusicServiceActivity.this, getResources().getString(R.string.permission_to_access_external_storage_denied), Toast.LENGTH_SHORT).show();", "+    <string name=\"permission_to_access_external_storage_denied\">Permission to access external storage denied.</string>"], "url": ["https://api.github.com/repos/AdrienPoupa/VinylMusicPlayer/commits/3f831281612fe3e3590e5ec4614ea571af044717"]}