{"new_feature": "327,2,0,53,1,1.00", "commitmessage": "Email crash fix", "patch": ["@@ -23,7 +23,7 @@ public EditEmailPresenter(EditEmailView view) {\n             if (email != null) {\n                 getView().showEmailDetails(email);\n             } else {\n-                getView().showToastShort(\"Unable to fetch Email Account\");\n+                getView().popFragment();\n             }\n         };\n     }"], "edit": ["-                getView().showToastShort(\"Unable to fetch Email Account\");", "+                getView().popFragment();"], "url": ["https://api.github.com/repos/abhinav272/KeepSafeNew/commits/3f962ca745777cdd3e68aa9109ce8f271f128166"]}