{"new_feature": "334,1,0,93,1,1.00", "commitmessage": "\u3010Fixed Bug\u3011  1\uff1a\u6536\u85cf\u5217\u8868\u64ad\u653e\u4f4d\u7f6e\u4e0d\u5bf9\u3002 2\uff1a \u5347\u7ea7gradle 3.4.0  , gradle-wrapper.properties 5.1.1.", "patch": ["@@ -102,7 +102,6 @@ private void clearDisposable() {\n         }\n     }\n \n-    //    \u63a5\u6536BottomSheetAdapter\u53d1\u8fc7\u6765\u7684\u5f53\u524d\u70b9\u51fbItem\u7684Position\n \n     private void rxData() {\n         mCompositeDisposable.add(MusicListUtil.getFavoriteList()\n@@ -115,7 +114,7 @@ private void rxData() {\n                     mRecyclerView = RecyclerFactory.creatRecyclerView(Constants.NUMBER_ONE, mAdapter);\n                     mBottomListContent.addView(mRecyclerView);\n                 }));\n-\n+        //    \u63a5\u6536BottomSheetAdapter\u53d1\u8fc7\u6765\u7684\u5f53\u524d\u70b9\u51fbItem\u7684Position\n         mCompositeDisposable.add(mBus.toObservableType(Constants.FAVORITE_POSITION, Object.class)\n                 .subscribeOn(Schedulers.io())\n                 .observeOn(AndroidSchedulers.mainThread())", "@@ -130,7 +130,7 @@ private static int getSortResult(int sortFlag, MusicBean m1, MusicBean m2) {\n         if (sortFlag == Constants.NUMBER_ONE) {\n             value = Float.compare(m2.getAddTime(), m1.getAddTime());\n         } else if (sortFlag == Constants.NUMBER_TWO) {\n-            value = Integer.compare(Integer.valueOf(m2.getTime()), Integer.valueOf(m1.getTime()));\n+//            value = Integer.compare(Integer.parseInt(m2.getTime()), Integer.parseInt(m1.getTime()));\n         } else if (sortFlag == Constants.NUMBER_THRRE) {\n             value = Integer.compare(m2.getPlayFrequency(), m1.getPlayFrequency());\n         } else if (sortFlag == Constants.NUMBER_FOUR) {", "@@ -1,18 +1,20 @@\n package com.yibao.music.util;\n \n+import com.yibao.music.MusicApplication;\n import com.yibao.music.model.MusicBean;\n import com.yibao.music.model.greendao.MusicBeanDao;\n \n import org.greenrobot.greendao.query.WhereCondition;\n \n+import java.util.Collections;\n import java.util.List;\n \n /**\n+ * @author Luoshipeng\n  * @ Name:   QueryMusicFlagListUtil\n  * @ Email:  strangermy98@gmail.com\n  * @ Time:   2018/5/6/ 18:02\n  * @ Des:    //\u6839\u636e\u6761\u4ef6\u67e5\u8be2MusicList\n- * @author Luoshipeng\n  */\n public class QueryMusicFlagListUtil {\n \n@@ -39,7 +41,11 @@\n             return MusicListUtil.sortMusicList(musicBeanDao.queryBuilder().list(), Constants.SORT_DOWN_TIME);\n             // \u6536\u85cf\u5217\u8868\n         } else if (sortListFlag == Constants.NUMBER_EIGHT) {\n-            return MusicListUtil.sortMusicList(musicBeanDao.queryBuilder().where(MusicBeanDao.Properties.IsFavorite.eq(true)).build().list(), Constants.SORT_FAVORITE_TIME);\n+            List<MusicBean> musicBeanList = MusicApplication.getIntstance()\n+                    .getMusicDao().queryBuilder()\n+                    .where(MusicBeanDao.Properties.IsFavorite.eq(true)).build().list();\n+            Collections.sort(musicBeanList);\n+            return musicBeanList;\n             // 10\u8868\u793a\u6309\u6761\u4ef6\u67e5\u8be2\n         } else if (sortListFlag == Constants.NUMBER_TEN) {\n             WhereCondition whereCondition = null;", "@@ -5,7 +5,7 @@ buildscript {\n         google()\n     }\n     dependencies {\n-        classpath 'com.android.tools.build:gradle:3.3.2'\n+        classpath 'com.android.tools.build:gradle:3.4.0'\n         classpath 'org.greenrobot:greendao-gradle-plugin:3.2.2'\n     }\n }", "@@ -1,6 +1,6 @@\n-#Sat Jan 19 12:57:49 CST 2019\n+#Sat May 04 01:03:10 CST 2019\n distributionBase=GRADLE_USER_HOME\n distributionPath=wrapper/dists\n zipStoreBase=GRADLE_USER_HOME\n zipStorePath=wrapper/dists\n-distributionUrl=https\\://services.gradle.org/distributions/gradle-4.10.1-all.zip\n\\ No newline at end of file\n+distributionUrl=https\\://services.gradle.org/distributions/gradle-5.1.1-all.zip"], "edit": ["-    //    \u63a5\u6536BottomSheetAdapter\u53d1\u8fc7\u6765\u7684\u5f53\u524d\u70b9\u51fbItem\u7684Position", "-", "+        //    \u63a5\u6536BottomSheetAdapter\u53d1\u8fc7\u6765\u7684\u5f53\u524d\u70b9\u51fbItem\u7684Position", "-            value = Integer.compare(Integer.valueOf(m2.getTime()), Integer.valueOf(m1.getTime()));", "+//            value = Integer.compare(Integer.parseInt(m2.getTime()), Integer.parseInt(m1.getTime()));", "+import com.yibao.music.MusicApplication;", "+import java.util.Collections;", "+ * @author Luoshipeng", "- * @author Luoshipeng", "-            return MusicListUtil.sortMusicList(musicBeanDao.queryBuilder().where(MusicBeanDao.Properties.IsFavorite.eq(true)).build().list(), Constants.SORT_FAVORITE_TIME);", "+            List<MusicBean> musicBeanList = MusicApplication.getIntstance()", "+                    .getMusicDao().queryBuilder()", "+                    .where(MusicBeanDao.Properties.IsFavorite.eq(true)).build().list();", "+            Collections.sort(musicBeanList);", "+            return musicBeanList;", "-        classpath 'com.android.tools.build:gradle:3.3.2'", "+        classpath 'com.android.tools.build:gradle:3.4.0'", "-#Sat Jan 19 12:57:49 CST 2019", "+#Sat May 04 01:03:10 CST 2019", "-distributionUrl=https\\://services.gradle.org/distributions/gradle-4.10.1-all.zip", "+distributionUrl=https\\://services.gradle.org/distributions/gradle-5.1.1-all.zip"], "url": ["https://api.github.com/repos/1900Star/SmartisanMusicPlayer/commits/3f9bfb567b683003f44acb9146770cdc91e5c67f"]}