{"new_feature": "1050,1,6,586,29,0.62", "commitmessage": "Fixing the @Betamax implementation to allow default values from a properties file.", "patch": ["@@ -66,10 +66,6 @@ public void start(String tapeName, Optional<TapeMode> mode, Optional<MatchRule>\n         }\n     }\n \n-    public void start(String tapeName, TapeMode mode, MatchRule matchRule) {\n-        start(tapeName, mode.toOptional(), Optional.<MatchRule>of(matchRule));\n-    }\n-\n     public void start(String tapeName, TapeMode mode) {\n         start(tapeName, mode.toOptional(), Optional.<MatchRule>absent());\n     }", "@@ -19,6 +19,7 @@\n \n public enum TapeMode {\n \n+    UNDEFINED(false, false, false),\n     READ_WRITE(true, true, false),\n     READ_ONLY(true, false, false),\n     READ_SEQUENTIAL(true, false, true),\n@@ -55,7 +56,11 @@ public boolean asBoolean() {\n     }\n \n     public Optional<TapeMode> toOptional() {\n-        return Optional.of(this);\n+        if (this.equals(TapeMode.UNDEFINED)) {\n+            return Optional.absent();\n+        } else {\n+            return Optional.of(this);\n+        }\n     }\n \n }\n\\ No newline at end of file", "@@ -30,7 +30,7 @@\n public @interface Betamax {\n     String tape() default \"\";\n \n-    TapeMode mode() default TapeMode.READ_ONLY;\n+    TapeMode mode() default TapeMode.UNDEFINED;\n \n-    MatchRules[] match() default {MatchRules.method, MatchRules.uri};\n+    MatchRules[] match() default {};\n }", "@@ -16,6 +16,7 @@\n \n package software.betamax.junit;\n \n+import com.google.common.base.Optional;\n import com.google.common.base.Strings;\n import org.junit.rules.TestRule;\n import org.junit.runner.Description;\n@@ -60,9 +61,16 @@ public void evaluate() throws Throwable {\n                         }\n \n                         TapeMode tapeMode = annotation.mode();\n-                        MatchRule matchRule = ComposedMatchRule.of(annotation.match());\n+                        MatchRules[] matchRules = annotation.match();\n \n-                        start(tapeName, tapeMode, matchRule);\n+                        Optional<MatchRule> matchRule;\n+                        if (matchRules.length > 0) {\n+                            matchRule = Optional.<MatchRule>of(ComposedMatchRule.of(matchRules));\n+                        } else {\n+                            matchRule = Optional.absent();\n+                        }\n+\n+                        start(tapeName, tapeMode.toOptional(), matchRule);\n \n                         statement.evaluate();\n                     } catch (Exception e) {"], "edit": ["-    public void start(String tapeName, TapeMode mode, MatchRule matchRule) {", "-        start(tapeName, mode.toOptional(), Optional.<MatchRule>of(matchRule));", "-    }", "-", "+    UNDEFINED(false, false, false),", "-        return Optional.of(this);", "+        if (this.equals(TapeMode.UNDEFINED)) {", "+            return Optional.absent();", "+        } else {", "+            return Optional.of(this);", "+        }", "-    TapeMode mode() default TapeMode.READ_ONLY;", "+    TapeMode mode() default TapeMode.UNDEFINED;", "-    MatchRules[] match() default {MatchRules.method, MatchRules.uri};", "+    MatchRules[] match() default {};", "+import com.google.common.base.Optional;", "-                        MatchRule matchRule = ComposedMatchRule.of(annotation.match());", "+                        MatchRules[] matchRules = annotation.match();", "-                        start(tapeName, tapeMode, matchRule);", "+                        Optional<MatchRule> matchRule;", "+                        if (matchRules.length > 0) {", "+                            matchRule = Optional.<MatchRule>of(ComposedMatchRule.of(matchRules));", "+                        } else {", "+                            matchRule = Optional.absent();", "+                        }", "+", "+                        start(tapeName, tapeMode.toOptional(), matchRule);"], "url": ["https://api.github.com/repos/airbnb/okreplay/commits/3fa1a12eb6b4ee18dedd0a4c6a7f74e59c8db1d7"]}