{"new_feature": "699,1,173,91,9,0.99", "commitmessage": "fix(ionic): remove decorator usage", "patch": ["@@ -1,86 +1,73 @@\n import { Injectable } from '@angular/core'\n-import { Cordova, IonicNativePlugin, Plugin } from '@ionic-native/core'\n+import { cordova, IonicNativePlugin } from '@ionic-native/core'\n import { fromEvent, Observable } from 'rxjs'\n \n import { AdUnitIDOption } from './shared'\n \n-@Plugin({\n-  plugin: 'cordova-admob-plus',\n-  pluginName: 'AdMob',\n-  pluginRef: 'admob.banner',\n-})\n export class Banner {\n-  @Cordova({ otherPromise: true })\n+  public static plugin = 'cordova-admob-plus'\n+  public static pluginName = 'AdMob'\n+  public static pluginRef = 'admob.banner'\n+\n   public hide(): Promise<any> {\n-    return Promise.resolve()\n+    return cordova(this, 'hide', { otherPromise: true }, arguments)\n   }\n \n-  @Cordova({ otherPromise: true })\n   public show(opts: { id?: AdUnitIDOption }): Promise<any> {\n-    return Promise.resolve()\n+    return cordova(this, 'show', { otherPromise: true }, arguments)\n   }\n }\n \n-@Plugin({\n-  plugin: 'cordova-admob-plus',\n-  pluginName: 'AdMob',\n-  pluginRef: 'admob.interstitial',\n-})\n export class Interstitial {\n-  @Cordova({ otherPromise: true })\n+  public static plugin = 'cordova-admob-plus'\n+  public static pluginName = 'AdMob'\n+  public static pluginRef = 'admob.interstitial'\n+\n   public load(opts: { id?: AdUnitIDOption }): Promise<any> {\n-    return Promise.resolve()\n+    return cordova(this, 'load', { otherPromise: true }, arguments)\n   }\n \n-  @Cordova({ otherPromise: true })\n   public show(): Promise<any> {\n-    return Promise.resolve()\n+    return cordova(this, 'show', { otherPromise: true }, arguments)\n   }\n }\n \n-@Plugin({\n-  plugin: 'cordova-admob-plus',\n-  pluginName: 'AdMob',\n-  pluginRef: 'admob.rewardVideo',\n-})\n export class RewardVideo {\n-  @Cordova({ otherPromise: true })\n+  public static plugin = 'cordova-admob-plus'\n+  public static pluginName = 'AdMob'\n+  public static pluginRef = 'admob.rewardVideo'\n+\n   public load(opts: { id?: AdUnitIDOption }): Promise<any> {\n-    return Promise.resolve()\n+    return cordova(this, 'load', { otherPromise: true }, arguments)\n   }\n \n-  @Cordova({ otherPromise: true })\n   public show(): Promise<any> {\n-    return Promise.resolve()\n+    return cordova(this, 'show', { otherPromise: true }, arguments)\n   }\n }\n \n-@Plugin({\n-  platforms: ['Android', 'iOS'],\n-  plugin: 'cordova-admob-plus',\n-  pluginName: 'AdMob',\n-  pluginRef: 'admob',\n-  repo: 'https://github.com/admob-plus/admob-plus',\n-})\n @Injectable()\n export class AdMob extends IonicNativePlugin {\n+  public static platforms = ['Android', 'iOS']\n+  public static plugin = 'cordova-admob-plus'\n+  public static pluginName = 'AdMob'\n+  public static pluginRef = 'admob'\n+  public static repo = 'https://github.com/admob-plus/admob-plus'\n+\n   public banner = new Banner()\n   public interstitial = new Interstitial()\n   public rewardVideo = new RewardVideo()\n \n-  @Cordova({ otherPromise: true })\n   public setAppMuted(value: boolean): Promise<any> {\n-    return Promise.resolve()\n+    return cordova(this, 'setAppMuted', { otherPromise: true }, arguments)\n   }\n \n-  @Cordova({ otherPromise: true })\n   public setAppVolume(value: number): Promise<any> {\n-    return Promise.resolve()\n+    return cordova(this, 'setAppVolume', { otherPromise: true }, arguments)\n   }\n \n-  @Cordova({ sync: true })\n   public setDevMode(value: boolean): void {\n-    return undefined\n+    return cordova(this, 'setDevMode', { sync: true }, arguments)\n   }\n \n   public on(event: string): Observable<any> {", "@@ -17,11 +17,11 @@\n   },\n   \"devDependencies\": {\n     \"@angular/core\": \"~6.1.1\",\n-    \"@ionic-native/core\": \"^4.17.0\",\n+    \"@ionic-native/core\": \"^5.0.0-beta.21\",\n     \"npm-run-all\": \"^4.1.3\",\n     \"rxjs\": \"^6.3.3\",\n     \"tslint-ionic-rules\": \"0.0.19\",\n-    \"typescript\": \"^3.1.6\"\n+    \"typescript\": \"2.9.2\"\n   },\n   \"author\": \"Ratson\",\n   \"license\": \"MIT\",", "@@ -1,11 +1,10 @@\n {\n-  \"extends\": \"../../tsconfig.json\",\n   \"compilerOptions\": {\n     \"baseUrl\": \".\",\n     \"declaration\": true,\n     \"stripInternal\": true,\n     \"experimentalDecorators\": true,\n-    \"emitDecoratorMetadata\": true,\n+    \"emitDecoratorMetadata\": false,\n     \"noImplicitAny\": true,\n     \"module\": \"es2015\",\n     \"moduleResolution\": \"node\",\n@@ -14,6 +13,7 @@\n     \"target\": \"es5\",\n     \"skipLibCheck\": true,\n     \"lib\": [\"es2017\", \"dom\"],\n-    \"strictPropertyInitialization\": false\n+    \"inlineSources\": true,\n+    \"sourceMap\": true\n   }\n }"], "edit": ["-import { Cordova, IonicNativePlugin, Plugin } from '@ionic-native/core'", "+import { cordova, IonicNativePlugin } from '@ionic-native/core'", "-@Plugin({", "-  plugin: 'cordova-admob-plus',", "-  pluginName: 'AdMob',", "-  pluginRef: 'admob.banner',", "-})", "-  @Cordova({ otherPromise: true })", "+  public static plugin = 'cordova-admob-plus'", "+  public static pluginName = 'AdMob'", "+  public static pluginRef = 'admob.banner'", "+", "-    return Promise.resolve()", "+    return cordova(this, 'hide', { otherPromise: true }, arguments)", "-  @Cordova({ otherPromise: true })", "-    return Promise.resolve()", "+    return cordova(this, 'show', { otherPromise: true }, arguments)", "-@Plugin({", "-  plugin: 'cordova-admob-plus',", "-  pluginName: 'AdMob',", "-  pluginRef: 'admob.interstitial',", "-})", "-  @Cordova({ otherPromise: true })", "+  public static plugin = 'cordova-admob-plus'", "+  public static pluginName = 'AdMob'", "+  public static pluginRef = 'admob.interstitial'", "+", "-    return Promise.resolve()", "+    return cordova(this, 'load', { otherPromise: true }, arguments)", "-  @Cordova({ otherPromise: true })", "-    return Promise.resolve()", "+    return cordova(this, 'show', { otherPromise: true }, arguments)", "-@Plugin({", "-  plugin: 'cordova-admob-plus',", "-  pluginName: 'AdMob',", "-  pluginRef: 'admob.rewardVideo',", "-})", "-  @Cordova({ otherPromise: true })", "+  public static plugin = 'cordova-admob-plus'", "+  public static pluginName = 'AdMob'", "+  public static pluginRef = 'admob.rewardVideo'", "+", "-    return Promise.resolve()", "+    return cordova(this, 'load', { otherPromise: true }, arguments)", "-  @Cordova({ otherPromise: true })", "-    return Promise.resolve()", "+    return cordova(this, 'show', { otherPromise: true }, arguments)", "-@Plugin({", "-  platforms: ['Android', 'iOS'],", "-  plugin: 'cordova-admob-plus',", "-  pluginName: 'AdMob',", "-  pluginRef: 'admob',", "-  repo: 'https://github.com/admob-plus/admob-plus',", "-})", "+  public static platforms = ['Android', 'iOS']", "+  public static plugin = 'cordova-admob-plus'", "+  public static pluginName = 'AdMob'", "+  public static pluginRef = 'admob'", "+  public static repo = 'https://github.com/admob-plus/admob-plus'", "+", "-  @Cordova({ otherPromise: true })", "-    return Promise.resolve()", "+    return cordova(this, 'setAppMuted', { otherPromise: true }, arguments)", "-  @Cordova({ otherPromise: true })", "-    return Promise.resolve()", "+    return cordova(this, 'setAppVolume', { otherPromise: true }, arguments)", "-  @Cordova({ sync: true })", "-    return undefined", "+    return cordova(this, 'setDevMode', { sync: true }, arguments)", "-    \"@ionic-native/core\": \"^4.17.0\",", "+    \"@ionic-native/core\": \"^5.0.0-beta.21\",", "-    \"typescript\": \"^3.1.6\"", "+    \"typescript\": \"2.9.2\"", "-  \"extends\": \"../../tsconfig.json\",", "-    \"emitDecoratorMetadata\": true,", "+    \"emitDecoratorMetadata\": false,", "-    \"strictPropertyInitialization\": false", "+    \"inlineSources\": true,", "+    \"sourceMap\": true"], "url": ["https://api.github.com/repos/admob-plus/admob-plus/commits/4a4022fe02eb683580b4cd4258225d79617c7768"]}