{"new_feature": "37,1,5,83,7,0.74", "commitmessage": "Fixed backward compatible with 0.47.1", "patch": ["@@ -25,6 +25,10 @@ public RNBottomSheetPackage() {\n         return modules;\n     }\n \n+    public List<Class<? extends JavaScriptModule>> createJSModules() {\n+        return null;\n+    }\n+\n     @Override\n     public List<ViewManager> createViewManagers(ReactApplicationContext reactContext) {\n         return Collections.emptyList();", "@@ -1,6 +1,6 @@\n {\n   \"name\": \"react-native-bottomsheet\",\n-  \"version\": \"1.5.0\",\n+  \"version\": \"1.6.1\",\n   \"description\": \"True Cross-platform ActionSheet for Android and iOS\",\n   \"main\": \"index.js\",\n   \"scripts\": {"], "edit": ["+    public List<Class<? extends JavaScriptModule>> createJSModules() {", "+        return null;", "+    }", "+", "-  \"version\": \"1.5.0\",", "+  \"version\": \"1.6.1\","], "url": ["https://api.github.com/repos/acaziasoftcom/react-native-bottomsheet/commits/4a57ebb798d9c77816bcebb36f6a4126c2564e1b"]}