{"new_feature": "302,16,130,204,9,0.43", "commitmessage": "fix(version): update org.activiti.dependencies:activiti-dependencies to 7.1.22 (#103)", "patch": ["@@ -24,7 +24,7 @@\n     <java.version>11</java.version>\n     <maven.compiler.source>${java.version}</maven.compiler.source>\n     <maven.compiler.target>${java.version}</maven.compiler.target>\n-    <activiti-dependencies.version>7.1.21</activiti-dependencies.version>\n+    <activiti-dependencies.version>7.1.22</activiti-dependencies.version>\n   </properties>\n   <dependencyManagement>\n     <dependencies>", "@@ -24,7 +24,7 @@\n     <java.version>11</java.version>\n     <maven.compiler.source>${java.version}</maven.compiler.source>\n     <maven.compiler.target>${java.version}</maven.compiler.target>\n-    <activiti-dependencies.version>7.1.21</activiti-dependencies.version>\n+    <activiti-dependencies.version>7.1.22</activiti-dependencies.version>\n   </properties>\n   <dependencyManagement>\n     <dependencies>", "@@ -24,7 +24,7 @@\n     <java.version>11</java.version>\n     <maven.compiler.source>${java.version}</maven.compiler.source>\n     <maven.compiler.target>${java.version}</maven.compiler.target>\n-    <activiti-dependencies.version>7.1.21</activiti-dependencies.version>\n+    <activiti-dependencies.version>7.1.22</activiti-dependencies.version>\n   </properties>\n   <dependencyManagement>\n     <dependencies>", "@@ -24,7 +24,7 @@\n     <java.version>11</java.version>\n     <maven.compiler.source>${java.version}</maven.compiler.source>\n     <maven.compiler.target>${java.version}</maven.compiler.target>\n-    <activiti-dependencies.version>7.1.21</activiti-dependencies.version>\n+    <activiti-dependencies.version>7.1.22</activiti-dependencies.version>\n   </properties>\n   <dependencyManagement>\n     <dependencies>", "@@ -24,7 +24,7 @@\n     <java.version>11</java.version>\n     <maven.compiler.source>${java.version}</maven.compiler.source>\n     <maven.compiler.target>${java.version}</maven.compiler.target>\n-    <activiti-dependencies.version>7.1.21</activiti-dependencies.version>\n+    <activiti-dependencies.version>7.1.22</activiti-dependencies.version>\n   </properties>\n   <dependencyManagement>\n     <dependencies>", "@@ -24,7 +24,7 @@\n     <java.version>11</java.version>\n    <maven.compiler.source>${java.version}</maven.compiler.source>\n    <maven.compiler.target>${java.version}</maven.compiler.target>\n-    <activiti-dependencies.version>7.1.21</activiti-dependencies.version>\n+    <activiti-dependencies.version>7.1.22</activiti-dependencies.version>\n   </properties>\n   <dependencyManagement>\n     <dependencies>", "@@ -40,7 +40,7 @@\n    <java.version>11</java.version>\n    <maven.compiler.source>${java.version}</maven.compiler.source>\n    <maven.compiler.target>${java.version}</maven.compiler.target>\n-    <activiti-dependencies.version>7.1.21</activiti-dependencies.version>\n+    <activiti-dependencies.version>7.1.22</activiti-dependencies.version>\n   </properties>\n   <dependencyManagement>\n     <dependencies>"], "edit": ["-    <activiti-dependencies.version>7.1.21</activiti-dependencies.version>", "+    <activiti-dependencies.version>7.1.22</activiti-dependencies.version>", "-    <activiti-dependencies.version>7.1.21</activiti-dependencies.version>", "+    <activiti-dependencies.version>7.1.22</activiti-dependencies.version>", "-    <activiti-dependencies.version>7.1.21</activiti-dependencies.version>", "+    <activiti-dependencies.version>7.1.22</activiti-dependencies.version>", "-    <activiti-dependencies.version>7.1.21</activiti-dependencies.version>", "+    <activiti-dependencies.version>7.1.22</activiti-dependencies.version>", "-    <activiti-dependencies.version>7.1.21</activiti-dependencies.version>", "+    <activiti-dependencies.version>7.1.22</activiti-dependencies.version>", "-    <activiti-dependencies.version>7.1.21</activiti-dependencies.version>", "+    <activiti-dependencies.version>7.1.22</activiti-dependencies.version>", "-    <activiti-dependencies.version>7.1.21</activiti-dependencies.version>", "+    <activiti-dependencies.version>7.1.22</activiti-dependencies.version>"], "url": ["https://api.github.com/repos/Activiti/activiti-examples/commits/4a5801f8c86ddb00294fdf0e6601469cbbde3f69"]}