{"new_feature": "4880,99,0,51,8,0.27", "commitmessage": "Fix some oversights and styling.", "patch": ["@@ -61,7 +61,7 @@ class App extends Component {\n     if (isNotSearching) {\n       this.setState({searching: true});\n       const query = this.state.searchText;\n-      axios.get('http://localhost:8080/search', {\n+      axios.get('/search', {\n         params: {q: query},\n         timeout: 5000,\n         responseType: 'json',\n@@ -111,10 +111,10 @@ class App extends Component {\n     }\n \n     const rows = this.state.results.map(function (r, idx) {\n-      const imageName = r.image_name== null ? <div>No image available</div> : <img src={r.image_name} width=\"200\"/>;\n+      const imageName = r.image_name == null ? <div>No image available</div> : <img src={r.image_name} width=\"200\"/>;\n       return <tr key={idx}>\n-        <td>{imageName} </td>\n-        <td><a href={r.link}>{r.page_name}</a></td>\n+        <td className=\"col-md-4\">{imageName}</td>\n+        <td className=\"col-md-8\"><a href={r.link}>{r.page_name}</a></td>\n       </tr>\n     });\n "], "edit": ["-      axios.get('http://localhost:8080/search', {", "+      axios.get('/search', {", "-      const imageName = r.image_name== null ? <div>No image available</div> : <img src={r.image_name} width=\"200\"/>;", "+      const imageName = r.image_name == null ? <div>No image available</div> : <img src={r.image_name} width=\"200\"/>;", "-        <td>{imageName} </td>", "-        <td><a href={r.link}>{r.page_name}</a></td>", "+        <td className=\"col-md-4\">{imageName}</td>", "+        <td className=\"col-md-8\"><a href={r.link}>{r.page_name}</a></td>"], "url": ["https://api.github.com/repos/20n/act/commits/4af8f4e981daa329d2e080f190f66751cc0bdd0c"]}