{"new_feature": "1577,1,17,193,30,0.71", "commitmessage": "Should fix #67", "patch": ["@@ -439,9 +439,16 @@ private void updateRemoteControlClient(boolean showAlbumArt, final boolean blurA\n         final Song song = getCurrentSong();\n         remoteControlClient\n                 .editMetadata(!showAlbumArt)\n-                .putString(MediaMetadataRetriever.METADATA_KEY_ARTIST, song.artistName)\n+\n                 .putString(MediaMetadataRetriever.METADATA_KEY_TITLE, song.title)\n+                .putString(MediaMetadataRetriever.METADATA_KEY_ALBUM, song.albumName)\n+                .putString(MediaMetadataRetriever.METADATA_KEY_ARTIST, song.artistName)\n+                .putString(MediaMetadataRetriever.METADATA_KEY_ALBUMARTIST, song.artistName)\n+\n                 .putLong(MediaMetadataRetriever.METADATA_KEY_DURATION, song.duration)\n+                .putLong(MediaMetadataRetriever.METADATA_KEY_CD_TRACK_NUMBER, song.trackNumber)\n+                .putLong(MediaMetadataRetriever.METADATA_KEY_YEAR, song.year)\n+\n                 .apply();\n         if (showAlbumArt) {\n             final Point screenSize = Util.getScreenSize(MusicService.this);"], "edit": ["-                .putString(MediaMetadataRetriever.METADATA_KEY_ARTIST, song.artistName)", "+", "+                .putString(MediaMetadataRetriever.METADATA_KEY_ALBUM, song.albumName)", "+                .putString(MediaMetadataRetriever.METADATA_KEY_ARTIST, song.artistName)", "+                .putString(MediaMetadataRetriever.METADATA_KEY_ALBUMARTIST, song.artistName)", "+", "+                .putLong(MediaMetadataRetriever.METADATA_KEY_CD_TRACK_NUMBER, song.trackNumber)", "+                .putLong(MediaMetadataRetriever.METADATA_KEY_YEAR, song.year)", "+"], "url": ["https://api.github.com/repos/AdrienPoupa/VinylMusicPlayer/commits/4afa159dd037ef7249c9db05a5c464fd9812a5ba"]}