{"new_feature": "1147,17,0,59,14,0.13", "commitmessage": "test fix", "patch": ["@@ -41,7 +41,7 @@ void testOrder() {\n \n     assertThat(diagnostics).hasSize(1);\n \n-    assertThat(diagnostics.get(0).getRange()).isEqualTo(RangeHelper.newRange(14, 52, 14, 103));\n+    assertThat(diagnostics.get(0).getRange()).isEqualTo(RangeHelper.newRange(14, 52, 14, 102));\n \n   }\n }"], "edit": ["-    assertThat(diagnostics.get(0).getRange()).isEqualTo(RangeHelper.newRange(14, 52, 14, 103));", "+    assertThat(diagnostics.get(0).getRange()).isEqualTo(RangeHelper.newRange(14, 52, 14, 102));"], "url": ["https://api.github.com/repos/1c-syntax/bsl-language-server/commits/4b1fe682d1b20d96af4542847576a5804eb1cefd"]}