{"new_feature": "1577,1,17,193,30,0.71", "commitmessage": "Fixed kabouzeid/phonograph-issue-tracker#50, playlist name changes were not directly updated in the list.", "patch": ["@@ -19,6 +19,8 @@\n import java.util.ArrayList;\n import java.util.List;\n \n+import static android.provider.MediaStore.Audio.Playlists.EXTERNAL_CONTENT_URI;\n+\n /**\n  * @author Karim Abou Zeid (kabouzeid)\n  */\n@@ -28,13 +30,13 @@ public static int createPlaylist(@NonNull final Context context, @Nullable final\n         int id = -1;\n         if (name != null && name.length() > 0) {\n             try {\n-                Cursor cursor = context.getContentResolver().query(MediaStore.Audio.Playlists.EXTERNAL_CONTENT_URI,\n+                Cursor cursor = context.getContentResolver().query(EXTERNAL_CONTENT_URI,\n                         new String[]{MediaStore.Audio.Playlists._ID}, MediaStore.Audio.PlaylistsColumns.NAME + \"=?\", new String[]{name}, null);\n                 if (cursor == null || cursor.getCount() < 1) {\n                     final ContentValues values = new ContentValues(1);\n                     values.put(MediaStore.Audio.PlaylistsColumns.NAME, name);\n                     final Uri uri = context.getContentResolver().insert(\n-                            MediaStore.Audio.Playlists.EXTERNAL_CONTENT_URI,\n+                            EXTERNAL_CONTENT_URI,\n                             values);\n                     if (uri != null) {\n                         // necessary because somehow the MediaStoreObserver is not notified when adding a playlist\n@@ -72,7 +74,7 @@ public static void deletePlaylists(@NonNull final Context context, @NonNull fina\n         }\n         selection.append(\")\");\n         try {\n-            context.getContentResolver().delete(MediaStore.Audio.Playlists.EXTERNAL_CONTENT_URI, selection.toString(), null);\n+            context.getContentResolver().delete(EXTERNAL_CONTENT_URI, selection.toString(), null);\n         } catch (SecurityException ignored) {\n         }\n     }\n@@ -192,18 +194,19 @@ public static void renamePlaylist(@NonNull final Context context, final long id,\n         ContentValues contentValues = new ContentValues();\n         contentValues.put(MediaStore.Audio.PlaylistsColumns.NAME, newName);\n         try {\n-            context.getContentResolver().update(MediaStore.Audio.Playlists.EXTERNAL_CONTENT_URI,\n+            context.getContentResolver().update(EXTERNAL_CONTENT_URI,\n                     contentValues,\n                     MediaStore.Audio.Playlists._ID + \"=?\",\n                     new String[]{String.valueOf(id)});\n+            context.getContentResolver().notifyChange(Uri.parse(\"content://media\"), null);\n         } catch (SecurityException ignored) {\n         }\n     }\n \n     public static String getNameForPlaylist(@NonNull final Context context, final long id) {\n         try {\n             Cursor cursor = context.getContentResolver().query(\n-                    MediaStore.Audio.Playlists.EXTERNAL_CONTENT_URI,\n+                    EXTERNAL_CONTENT_URI,\n                     new String[]{MediaStore.Audio.PlaylistsColumns.NAME},\n                     BaseColumns._ID + \"=?\",\n                     new String[]{String.valueOf(id)},"], "edit": ["+import static android.provider.MediaStore.Audio.Playlists.EXTERNAL_CONTENT_URI;", "+", "-                Cursor cursor = context.getContentResolver().query(MediaStore.Audio.Playlists.EXTERNAL_CONTENT_URI,", "+                Cursor cursor = context.getContentResolver().query(EXTERNAL_CONTENT_URI,", "-                            MediaStore.Audio.Playlists.EXTERNAL_CONTENT_URI,", "+                            EXTERNAL_CONTENT_URI,", "-            context.getContentResolver().delete(MediaStore.Audio.Playlists.EXTERNAL_CONTENT_URI, selection.toString(), null);", "+            context.getContentResolver().delete(EXTERNAL_CONTENT_URI, selection.toString(), null);", "-            context.getContentResolver().update(MediaStore.Audio.Playlists.EXTERNAL_CONTENT_URI,", "+            context.getContentResolver().update(EXTERNAL_CONTENT_URI,", "+            context.getContentResolver().notifyChange(Uri.parse(\"content://media\"), null);", "-                    MediaStore.Audio.Playlists.EXTERNAL_CONTENT_URI,", "+                    EXTERNAL_CONTENT_URI,"], "url": ["https://api.github.com/repos/AdrienPoupa/VinylMusicPlayer/commits/4b49bb82a3142c95aaee253148f79432ae8a74d9"]}