{"new_feature": "4880,99,0,51,8,0.25", "commitmessage": "minor fixes + new field handling", "patch": ["@@ -452,6 +452,16 @@ private void pullChemicalsReferencedInRxns() {\n             System.out.println(\"ERROR: Looks like a metacyc entry chemical, but no metacyc name: \" + id);\n         }\n       }\n+      if (name == null) {\n+        // Try to use wikipedia\n+        Object meta = c.getRef(Chemical.REFS.WIKIPEDIA, new String[] { \"metadata\" });\n+        if (meta != null) {\n+          if (!(meta instanceof JSONObject)) {\n+            throw new RuntimeException(\"Unable to parse Wikipedia metadata.\");\n+          }\n+          name = (String) ((JSONObject) meta).get(\"article\");\n+        }\n+      }\n       if (name == null) {\n         // stuff the inchi into the name\n         name = c.getInChI();", "@@ -166,7 +166,7 @@ public String toDOT() {\n           fullLabel = \"Not Available\";\n         } else {\n           fullLabel = filteredRawLabel.get(0);\n-          if (rawLabel.size() > 1){\n+          if (filteredRawLabel.size() > 1){\n             fullLabel += \" and \" + String.valueOf(filteredRawLabel.size() - 1) + \" more\";\n           }\n         }\n@@ -179,6 +179,9 @@ public String toDOT() {\n         } else if ((boolean) Node.getAttribute(n.id, \"isSpontaneous\")) {\n           String purpleNavy = \"#4E5180\";\n           color = Cascade.quote(purpleNavy);\n+        } else {\n+          String crimsonRed = \"#DC143C\";\n+          color = Cascade.quote(crimsonRed);\n         }\n \n         url = Cascade.quote((String)Node.getAttribute(n.id, \"url_string\"));", "@@ -454,17 +454,15 @@ class Cascade(target: Long) {\n \n   nw.nodeMapping.values().filter(getOrDefault[String](_, \"isrxn\").toBoolean).foreach(node => {\n     val reactionIds = new util.HashSet[Long](getOrDefault[util.HashSet[Long]](node, \"reaction_ids\", new util.HashSet[Long]()).map(x => (x.toLong - Cascade.rxnIdShift): java.lang.Long))\n-    val isSpontaneous = reactionIds.exists(r => {\n-      val isSpontaneous = ReachRxnDescs.rxnIsSpontaneous(r)\n-      isSpontaneous.isDefined && isSpontaneous.get\n+    val isSpontaneous: Boolean = reactionIds.exists(r => {\n+      val thisSpontaneousResult = ReachRxnDescs.rxnIsSpontaneous(r)\n+      thisSpontaneousResult.isDefined && thisSpontaneousResult.get\n     })\n     Node.setAttribute(node.id, \"isSpontaneous\", isSpontaneous)\n \n-\n-\n-    val hasSequence = reactionIds.exists(r => {\n-      val hasSequence= ReachRxnDescs.rxnSequence(r)\n-      hasSequence.isDefined && hasSequence.get.nonEmpty\n+    val hasSequence: Boolean = reactionIds.exists(r => {\n+      val thisSequenceResult = ReachRxnDescs.rxnSequence(r)\n+      thisSequenceResult.isDefined && thisSequenceResult.get.toList.nonEmpty\n     })\n     Node.setAttribute(node.id, \"hasSequence\", hasSequence)\n   })", "@@ -127,7 +127,7 @@ object cascades {\n \n     //TODO Allow CLI options here\n     // THese reachables are ordered such that common biosynthesizable molecules are done first.\n-    val reach: List[Long] = List(878L, 1209L, 552L, 716L, 475L, 4026L, 750L, 1536L, 1490L, 1496L, 341L, 448L, 1293L, 174960L, 1443L, 45655, 19637L, 684L, 358L, 2124L, 6790L) ::: reachables\n+    val reach: List[Long] = List(878L, 1209L, 552L, 716L, 475L, 4026L, 750L, 1536L, 1490L, 1496L, 341L, 448L, 1293L, 1443L, 45655, 19637L, 684L, 358L, 2124L, 6790L) ::: reachables\n \n     // constructInformationForReachable modifies global scope variables, so can't run in parallel.\n     reach.foreach({"], "edit": ["+      if (name == null) {", "+        // Try to use wikipedia", "+        Object meta = c.getRef(Chemical.REFS.WIKIPEDIA, new String[] { \"metadata\" });", "+        if (meta != null) {", "+          if (!(meta instanceof JSONObject)) {", "+            throw new RuntimeException(\"Unable to parse Wikipedia metadata.\");", "+          }", "+          name = (String) ((JSONObject) meta).get(\"article\");", "+        }", "+      }", "-          if (rawLabel.size() > 1){", "+          if (filteredRawLabel.size() > 1){", "+        } else {", "+          String crimsonRed = \"#DC143C\";", "+          color = Cascade.quote(crimsonRed);", "-    val isSpontaneous = reactionIds.exists(r => {", "-      val isSpontaneous = ReachRxnDescs.rxnIsSpontaneous(r)", "-      isSpontaneous.isDefined && isSpontaneous.get", "+    val isSpontaneous: Boolean = reactionIds.exists(r => {", "+      val thisSpontaneousResult = ReachRxnDescs.rxnIsSpontaneous(r)", "+      thisSpontaneousResult.isDefined && thisSpontaneousResult.get", "-", "-", "-    val hasSequence = reactionIds.exists(r => {", "-      val hasSequence= ReachRxnDescs.rxnSequence(r)", "-      hasSequence.isDefined && hasSequence.get.nonEmpty", "+    val hasSequence: Boolean = reactionIds.exists(r => {", "+      val thisSequenceResult = ReachRxnDescs.rxnSequence(r)", "+      thisSequenceResult.isDefined && thisSequenceResult.get.toList.nonEmpty", "-    val reach: List[Long] = List(878L, 1209L, 552L, 716L, 475L, 4026L, 750L, 1536L, 1490L, 1496L, 341L, 448L, 1293L, 174960L, 1443L, 45655, 19637L, 684L, 358L, 2124L, 6790L) ::: reachables", "+    val reach: List[Long] = List(878L, 1209L, 552L, 716L, 475L, 4026L, 750L, 1536L, 1490L, 1496L, 341L, 448L, 1293L, 1443L, 45655, 19637L, 684L, 358L, 2124L, 6790L) ::: reachables"], "url": ["https://api.github.com/repos/20n/act/commits/4b69b361e1e8e00b0635a96b25fa6febf8925a0c"]}