{"new_feature": "1029,4,0,66,10,0.62", "commitmessage": "Fixed the bug in the Xanadu3 hack.", "patch": ["@@ -101,7 +101,7 @@ java -mx756m \\\n editXan() {\n     sed 's%http://pae.sfbay/twiki/pub/TWiki/NSunSkin%/xanadu/html%g' ${1} > ${1}.1\n     sed 's%http://pae.sfbay/~neel%/xanadu/html%g' ${1}.1 > ${1}\n-    rm ${1}.1 ;;\n+    rm ${1}.1\n }\n \n cd $2"], "edit": ["-    rm ${1}.1 ;;", "+    rm ${1}.1"], "url": ["https://api.github.com/repos/akara/faban/commits/4b711a710ff92a9541711e36dfa7badbd82398ae"]}