{"new_feature": "40,2,0,67,2,0.97", "commitmessage": "Fixed wrong repo naming for bintray", "patch": ["@@ -29,7 +29,7 @@ dependencies {\n \n ext {\n     bintrayRepo = 'adorsys'\n-    bintrayName = 'securestorage'\n+    bintrayName = 'smsparser'\n \n     publishedGroupId = 'de.adorsys.android'\n     libraryName = 'smsparser'"], "edit": ["-    bintrayName = 'securestorage'", "+    bintrayName = 'smsparser'"], "url": ["https://api.github.com/repos/adorsys/sms-parser-android/commits/4bfda007a08fe712388fbb5d80756e4d4f6d0328"]}