{"new_feature": "255,35,32,135,1,1.00", "commitmessage": "Updated travis to also build fix branches", "patch": ["@@ -5,6 +5,7 @@ branches:\n   - master\n   - dev\n   - \"/feature-*/\"\n+  - \"/fix-*/\"\n   - \"/\\\\d+.\\\\d+.\\\\d+/\"\n   - \"/\\\\d+.\\\\d+.\\\\d+-staging/\"\n addons:"], "edit": ["- master", "- dev", "- \"/feature-*/\"", "+  - \"/fix-*/\"", "- \"/\\\\d+.\\\\d+.\\\\d+/\"", "- \"/\\\\d+.\\\\d+.\\\\d+-staging/\""], "url": ["https://api.github.com/repos/adamkewley/jobson/commits/4c3781169dda284da4033ac9834ae2074fe811ab"]}