{"new_feature": "1227,9,21,922,30,0.46", "commitmessage": "Restore PasswordSettingsController", "patch": ["@@ -31,7 +31,6 @@\n     private String password;\n     private String confirmPassword;\n     private boolean ldapAuthenticated;\n-    private boolean toast;\n \n     public String getUsername() {\n         return username;\n@@ -65,11 +64,4 @@ public void setLdapAuthenticated(boolean ldapAuthenticated) {\n         this.ldapAuthenticated = ldapAuthenticated;\n     }\n \n-    public boolean isToast() {\n-        return toast;\n-    }\n-\n-    public void setToast(boolean toast) {\n-        this.toast = toast;\n-    }\n }\n\\ No newline at end of file", "@@ -43,7 +43,7 @@\n  */\n @org.springframework.stereotype.Controller\n @RequestMapping(\"/passwordSettings\")\n-@SessionAttributes( value=\"command\", types={PasswordSettingsCommand.class} )\n+//@SessionAttributes( value=\"command\", types={PasswordSettingsCommand.class} )\n public class PasswordSettingsController {\n \n     @Autowired\n@@ -56,14 +56,6 @@ protected void initBinder(WebDataBinder binder) {\n         binder.addValidators(passwordSettingsValidator);\n     }\n \n-  /*  @ModelAttribute\n-    protected Object formBackingObject(HttpServletRequest request) throws Exception {\n-        PasswordSettingsCommand command = new PasswordSettingsCommand();\n-        User user = securityService.getCurrentUser(request);\n-        command.setUsername(user.getUsername());\n-        command.setLdapAuthenticated(user.isLdapAuthenticated());\n-        return command;\n-    }*/\n \n     @RequestMapping(method = RequestMethod.GET)\n     protected ModelAndView displayForm(HttpServletRequest request) throws Exception {\n@@ -75,14 +67,17 @@ protected ModelAndView displayForm(HttpServletRequest request) throws Exception\n     }\n \n     @RequestMapping(method = RequestMethod.POST)\n-    protected String doSubmitAction(@ModelAttribute(\"command\") @Validated PasswordSettingsCommand command) throws Exception {\n-        User user = securityService.getUserByName(command.getUsername());\n-        user.setPassword(command.getPassword());\n-        securityService.updateUser(user);\n+    protected String doSubmitAction(HttpServletRequest request,@ModelAttribute(\"command\") @Validated PasswordSettingsCommand command,BindingResult bindingResult) throws Exception {\n+        if (!bindingResult.hasErrors()) {\n+            User user = securityService.getUserByName(command.getUsername());\n+            user.setPassword(command.getPassword());\n+            securityService.updateUser(user);\n+\n+            command.setPassword(null);\n+            command.setConfirmPassword(null);\n+            request.setAttribute(\"settings_toast\",true);\n \n-        command.setPassword(null);\n-        command.setConfirmPassword(null);\n-        command.setToast(true);\n+        }\n         return \"passwordSettings\";\n     }\n ", "@@ -23,6 +23,7 @@\n         <fmt:message key=\"passwordsettings.title\" var=\"title\"><fmt:param>${command.username}</fmt:param></fmt:message>\n         <h2>${fn:escapeXml(title)}</h2>\n         <form:form method=\"post\" action=\"passwordSettings.view\" commandName=\"command\">\n+            <form:hidden path=\"username\"/>\n             <table class=\"indent\">\n                 <tr>\n                     <td><fmt:message key=\"usersettings.newpassword\"/></td>"], "edit": ["-    private boolean toast;", "-    public boolean isToast() {", "-        return toast;", "-    }", "-", "-    public void setToast(boolean toast) {", "-        this.toast = toast;", "-    }", "-@SessionAttributes( value=\"command\", types={PasswordSettingsCommand.class} )", "+//@SessionAttributes( value=\"command\", types={PasswordSettingsCommand.class} )", "-  /*  @ModelAttribute", "-    protected Object formBackingObject(HttpServletRequest request) throws Exception {", "-        PasswordSettingsCommand command = new PasswordSettingsCommand();", "-        User user = securityService.getCurrentUser(request);", "-        command.setUsername(user.getUsername());", "-        command.setLdapAuthenticated(user.isLdapAuthenticated());", "-        return command;", "-    }*/", "-    protected String doSubmitAction(@ModelAttribute(\"command\") @Validated PasswordSettingsCommand command) throws Exception {", "-        User user = securityService.getUserByName(command.getUsername());", "-        user.setPassword(command.getPassword());", "-        securityService.updateUser(user);", "+    protected String doSubmitAction(HttpServletRequest request,@ModelAttribute(\"command\") @Validated PasswordSettingsCommand command,BindingResult bindingResult) throws Exception {", "+        if (!bindingResult.hasErrors()) {", "+            User user = securityService.getUserByName(command.getUsername());", "+            user.setPassword(command.getPassword());", "+            securityService.updateUser(user);", "+", "+            command.setPassword(null);", "+            command.setConfirmPassword(null);", "+            request.setAttribute(\"settings_toast\",true);", "-        command.setPassword(null);", "-        command.setConfirmPassword(null);", "-        command.setToast(true);", "+        }", "+            <form:hidden path=\"username\"/>"], "url": ["https://api.github.com/repos/airsonic/airsonic/commits/4c49c77641e0910c047278842703c10fc3aadcea"]}