{"new_feature": "2146,31,17,479,17,0.20", "commitmessage": "#303 view support alias  fix", "patch": ["@@ -61,20 +61,22 @@ public ErrorPacket init(boolean isReplace) {\n             MySQLPlanNodeVisitor msv = new MySQLPlanNodeVisitor(this.schema, 63);\n             MySqlSelectQueryBlock selectQueryBlock = (MySqlSelectQueryBlock) selectStatement.getSelect().getQuery();\n \n+            msv.visit(selectStatement.getSelect().getQuery());\n+            PlanNode selNode = msv.getTableNode();\n+            selNode.setUpFields();\n+\n             //set the view column name into\n             if (viewColumnMeta != null) {\n                 //check if the column number of view is same as the selectList in selectStatement\n-                if (viewColumnMeta.size() != selectQueryBlock.getSelectList().size()) {\n+                if (viewColumnMeta.size() != selNode.getColumnsSelected().size()) {\n                     //return error\n                     throw new Exception(\"The Column_list Size and Select_statement Size Not Match\");\n                 }\n                 for (int i = 0; i < viewColumnMeta.size(); i++) {\n-                    selectQueryBlock.getSelectList().get(i).setAlias(viewColumnMeta.get(i).trim());\n+                    selNode.getColumnsSelected().get(i).setAlias(viewColumnMeta.get(i).trim());\n                 }\n             }\n-            msv.visit(selectStatement.getSelect().getQuery());\n-            PlanNode selNode = msv.getTableNode();\n-            //\u8fdb\u884c\u4e00\u6b21\u4f18\u5316\n+\n             viewQuery = new QueryNode(selNode);\n         } catch (Exception e) {\n             //the select part sql is wrong & report the error"], "edit": ["+            msv.visit(selectStatement.getSelect().getQuery());", "+            PlanNode selNode = msv.getTableNode();", "+            selNode.setUpFields();", "+", "-                if (viewColumnMeta.size() != selectQueryBlock.getSelectList().size()) {", "+                if (viewColumnMeta.size() != selNode.getColumnsSelected().size()) {", "-                    selectQueryBlock.getSelectList().get(i).setAlias(viewColumnMeta.get(i).trim());", "+                    selNode.getColumnsSelected().get(i).setAlias(viewColumnMeta.get(i).trim());", "-            msv.visit(selectStatement.getSelect().getQuery());", "-            PlanNode selNode = msv.getTableNode();", "-            //\u8fdb\u884c\u4e00\u6b21\u4f18\u5316", "+"], "url": ["https://api.github.com/repos/actiontech/dble/commits/4c5ab37a7544a41fce0128ca847195c221387b31"]}