{"new_feature": "1050,1,6,586,29,0.62", "commitmessage": "fix up grails app for modular betamax", "patch": ["@@ -21,7 +21,7 @@ grails.project.dependency.resolution = {\n \t\tcompile(\"org.codehaus.groovy.modules.http-builder:http-builder:0.5.1\") {\n \t\t\texcludes \"groovy\", \"xml-apis\"\n \t\t}\n-\t\ttest 'co.freeside:betamax:1.1.2'\n+\t\ttest 'co.freeside:betamax-proxy:1.2-SNAPSHOT'\n \t\ttest \"org.codehaus.geb:geb-spock:$gebVersion\"\n \t\ttest(\"org.seleniumhq.selenium:selenium-htmlunit-driver:$seleniumVersion\") {\n \t\t\texclude \"xml-apis\"", "@@ -1,19 +1,19 @@\n package betamax.examples\n \n-import co.freeside.betamax.Betamax\n-import co.freeside.betamax.Recorder\n+import co.freeside.betamax.*\n import co.freeside.betamax.httpclient.BetamaxRoutePlanner\n import com.gargoylesoftware.htmlunit.ProxyConfig\n import geb.spock.GebSpec\n import grails.util.BuildSettingsHolder\n import org.codehaus.groovy.grails.commons.ApplicationHolder\n import org.junit.Rule\n import org.openqa.selenium.htmlunit.HtmlUnitDriver\n+import static co.freeside.betamax.TapeMode.READ_ONLY\n \n class TwitterPageSpec extends GebSpec {\n \n \tFile baseDir = BuildSettingsHolder.settings?.baseDir ?: new File('examples/grails-betamax')\n-\t@Rule Recorder recorder = new Recorder(tapeRoot: new File(baseDir, 'test/resources/tapes'), ignoreLocalhost: true)\n+\t@Rule Recorder recorder = new ProxyRecorder(tapeRoot: new File(baseDir, 'test/resources/tapes'), ignoreLocalhost: true, defaultMode: READ_ONLY)\n \n \tvoid setupSpec() {\n \t\tdef restClient = ApplicationHolder.application.mainContext.restClient", "@@ -1,21 +1,20 @@\n package betamax.examples\n \n-import java.util.logging.ConsoleHandler\n-import java.util.logging.Logger\n-import co.freeside.betamax.Betamax\n-import co.freeside.betamax.Recorder\n+import java.util.logging.*\n+import co.freeside.betamax.*\n import co.freeside.betamax.httpclient.BetamaxRoutePlanner\n import grails.test.mixin.TestFor\n import grails.util.BuildSettingsHolder\n import groovyx.net.http.RESTClient\n import org.junit.Rule\n import spock.lang.Specification\n+import static co.freeside.betamax.TapeMode.READ_ONLY\n \n @TestFor(TwitterService)\n class TwitterServiceSpec extends Specification {\n \n \tFile baseDir = BuildSettingsHolder.settings?.baseDir ?: new File('examples/grails-betamax')\n-\t@Rule Recorder recorder = new Recorder(tapeRoot: new File(baseDir, 'test/resources/tapes'))\n+\t@Rule Recorder recorder = new ProxyRecorder(tapeRoot: new File(baseDir, 'test/resources/tapes'), defaultMode: READ_ONLY)\n \n \tTwitterService service = new TwitterService()\n "], "edit": ["-\t\ttest 'co.freeside:betamax:1.1.2'", "+\t\ttest 'co.freeside:betamax-proxy:1.2-SNAPSHOT'", "-import co.freeside.betamax.Betamax", "-import co.freeside.betamax.Recorder", "+import co.freeside.betamax.*", "+import static co.freeside.betamax.TapeMode.READ_ONLY", "-\t@Rule Recorder recorder = new Recorder(tapeRoot: new File(baseDir, 'test/resources/tapes'), ignoreLocalhost: true)", "+\t@Rule Recorder recorder = new ProxyRecorder(tapeRoot: new File(baseDir, 'test/resources/tapes'), ignoreLocalhost: true, defaultMode: READ_ONLY)", "-import java.util.logging.ConsoleHandler", "-import java.util.logging.Logger", "-import co.freeside.betamax.Betamax", "-import co.freeside.betamax.Recorder", "+import java.util.logging.*", "+import co.freeside.betamax.*", "+import static co.freeside.betamax.TapeMode.READ_ONLY", "-\t@Rule Recorder recorder = new Recorder(tapeRoot: new File(baseDir, 'test/resources/tapes'))", "+\t@Rule Recorder recorder = new ProxyRecorder(tapeRoot: new File(baseDir, 'test/resources/tapes'), defaultMode: READ_ONLY)"], "url": ["https://api.github.com/repos/airbnb/okreplay/commits/4cec038ea51e82601748a0ccced317d67e458512"]}