{"new_feature": "1212,68,81,7340,22,0.60", "commitmessage": "[atlas-core] fix logic", "patch": ["@@ -479,7 +479,6 @@ public  boolean isUpdated(Context context){\n                 }\n             }catch(Throwable e){\n //                throw new RuntimeException(e);\n-                return false;\n             }finally {\n                 if(in!=null){\n                     try {"], "edit": ["-                return false;"], "url": ["https://api.github.com/repos/alibaba/atlas/commits/4cef4c1db66b4a8f3dd8e867882104219f6d014e"]}