{"new_feature": "255,35,32,135,1,1.00", "commitmessage": "Fixed artefacts from the project merge", "patch": ["@@ -48,5 +48,5 @@ after_deploy: |\n   cd gh-pages\n   git add -A\n   git commit -m \"Updated docs for ${TRAVIS_TAG}\"\n-  git remote add origin-pages https://${GH_TOKEN}@github.com/adamkewley/jobsond.git > /dev/null 2>&1\n+  git remote add origin-pages https://${GH_TOKEN}@github.com/adamkewley/jobson.git > /dev/null 2>&1\n   git push origin-pages gh-pages", "@@ -1,8 +1,8 @@\n # jobson\n \n-[Documentation](https://adamkewley.github.io/jobsond)\n+[Documentation](https://adamkewley.github.io/jobson)\n \n-[![Build Status](https://travis-ci.org/adamkewley/jobson.svg?branch=master)](https://travis-ci.org/adamkewley/jobsond)\n+[![Build Status](https://travis-ci.org/adamkewley/jobson.svg?branch=master)](https://travis-ci.org/adamkewley/jobson)\n \n A webserver that turns command-line applications into a job system.\n Once hosted, [Jobson UI](https://github.com/adamkewley/jobson-ui) can then\n@@ -50,7 +50,7 @@ jobson new --demo\n jobson serve config.yml\n ```\n \n-See [documentation](https://adamkewley.github.io/jobsond) for a comprehensive\n+See [documentation](https://adamkewley.github.io/jobson) for a comprehensive\n walkthrough.\n \n ", "@@ -7,7 +7,7 @@\n     <parent>\n         <groupId>com.github.jobson</groupId>\n         <artifactId>jobson-project</artifactId>\n-        <version>0.0.16-dev1</version>\n+        <version>0.0.16-dev2</version>\n     </parent>\n \n     <artifactId>jobson-deb</artifactId>", "@@ -7,7 +7,7 @@\n     <parent>\n         <groupId>com.github.jobson</groupId>\n         <artifactId>jobson-project</artifactId>\n-        <version>0.0.16-dev1</version>\n+        <version>0.0.16-dev2</version>\n     </parent>\n \n     <artifactId>jobson-docs</artifactId>", "@@ -7,7 +7,7 @@\n     <parent>\n         <groupId>com.github.jobson</groupId>\n         <artifactId>jobson-project</artifactId>\n-        <version>0.0.16-dev1</version>\n+        <version>0.0.16-dev2</version>\n     </parent>\n \n     <artifactId>jobson-nix</artifactId>", "@@ -7,7 +7,7 @@\n     <parent>\n         <groupId>com.github.jobson</groupId>\n         <artifactId>jobson-project</artifactId>\n-        <version>0.0.16-dev1</version>\n+        <version>0.0.16-dev2</version>\n     </parent>\n \n     <artifactId>jobson</artifactId>", "@@ -6,7 +6,7 @@\n \n     <groupId>com.github.jobson</groupId>\n     <artifactId>jobson-project</artifactId>\n-    <version>0.0.16-dev1</version>\n+    <version>0.0.16-dev2</version>\n     <packaging>pom</packaging>\n \n     <name>jobson project</name>"], "edit": ["-  git remote add origin-pages https://${GH_TOKEN}@github.com/adamkewley/jobsond.git > /dev/null 2>&1", "+  git remote add origin-pages https://${GH_TOKEN}@github.com/adamkewley/jobson.git > /dev/null 2>&1", "-[Documentation](https://adamkewley.github.io/jobsond)", "+[Documentation](https://adamkewley.github.io/jobson)", "-[![Build Status](https://travis-ci.org/adamkewley/jobson.svg?branch=master)](https://travis-ci.org/adamkewley/jobsond)", "+[![Build Status](https://travis-ci.org/adamkewley/jobson.svg?branch=master)](https://travis-ci.org/adamkewley/jobson)", "-See [documentation](https://adamkewley.github.io/jobsond) for a comprehensive", "+See [documentation](https://adamkewley.github.io/jobson) for a comprehensive", "-        <version>0.0.16-dev1</version>", "+        <version>0.0.16-dev2</version>", "-        <version>0.0.16-dev1</version>", "+        <version>0.0.16-dev2</version>", "-        <version>0.0.16-dev1</version>", "+        <version>0.0.16-dev2</version>", "-        <version>0.0.16-dev1</version>", "+        <version>0.0.16-dev2</version>", "-    <version>0.0.16-dev1</version>", "+    <version>0.0.16-dev2</version>"], "url": ["https://api.github.com/repos/adamkewley/jobson/commits/4d18ac53f6d49e4a738c87874d6ff48a2a6f1678"]}