{"new_feature": "540,2,25,135,7,0.97", "commitmessage": "fixes #18\nrefs https://github.com/adminfaces/admin-starter/issues/3", "patch": ["@@ -1,5 +1,14 @@\n //slideoutjs integration\n $(document).ready(function () {\n+    initSlideout();\n+});\n+\n+$(window).on('resize', function(){\n+    initSlideout();\n+});\n+\n+\n+function initSlideout() {\n     if (isMobile() && !$(document.body).hasClass(\"layout-top-nav\")) {\n         var slideout = new Slideout({\n             'panel': document.getElementById('content'),\n@@ -37,17 +46,18 @@ $(document).ready(function () {\n             }\n         });\n \n-    }\n-\n-    function slideoutClose() {\n-        document.getElementById('sidebar').style.display = 'none';\n-        removeBodyClass('sidebar-open');\n-    }\n-\n-    function slideoutOpen() {\n+    } else {\n         document.getElementById('sidebar').style.display = 'block';\n-        removeBodyClass('sidebar-open');\n+        document.getElementById('content').style.transform = 'initial';\n     }\n+}\n \n+function slideoutClose() {\n+    document.getElementById('sidebar').style.display = 'none';\n+    removeBodyClass('sidebar-open');\n+}\n \n-});\n+function slideoutOpen() {\n+    document.getElementById('sidebar').style.display = 'block';\n+    removeBodyClass('sidebar-open');\n+}"], "edit": ["+    initSlideout();", "+});", "+", "+$(window).on('resize', function(){", "+    initSlideout();", "+});", "+", "+", "+function initSlideout() {", "-    }", "-", "-    function slideoutClose() {", "-        document.getElementById('sidebar').style.display = 'none';", "-        removeBodyClass('sidebar-open');", "-    }", "-", "-    function slideoutOpen() {", "+    } else {", "-        removeBodyClass('sidebar-open');", "+        document.getElementById('content').style.transform = 'initial';", "+}", "+function slideoutClose() {", "+    document.getElementById('sidebar').style.display = 'none';", "+    removeBodyClass('sidebar-open');", "+}", "-});", "+function slideoutOpen() {", "+    document.getElementById('sidebar').style.display = 'block';", "+    removeBodyClass('sidebar-open');", "+}"], "url": ["https://api.github.com/repos/adminfaces/admin-template/commits/4dc918caf7f3b053bae8d7c3edd6516c26026e86"]}