{"new_feature": "37,1,5,83,7,0.03", "commitmessage": "Fix Android compilation error with RN 0.47\n\nMethod createJSModules was removed from RN 0.47. Which leads to compilation error due to @override annotation. This method can be removed right now (https://github.com/facebook/react-native/issues/15232)", "patch": ["@@ -25,13 +25,8 @@ public RNBottomSheetPackage() {\n         return modules;\n     }\n \n-    @Override\n-    public List<Class<? extends JavaScriptModule>> createJSModules() {\n-        return Collections.emptyList();\n-    }\n-\n     @Override\n     public List<ViewManager> createViewManagers(ReactApplicationContext reactContext) {\n         return Collections.emptyList();\n     }\n-}\n\\ No newline at end of file\n+}"], "edit": ["-    @Override", "-    public List<Class<? extends JavaScriptModule>> createJSModules() {", "-        return Collections.emptyList();", "-    }", "-", "-}", "+}"], "url": ["https://api.github.com/repos/acaziasoftcom/react-native-bottomsheet/commits/4dcfe4c4656ac2dd94564b724082ac5ebf713d95"]}