{"new_feature": "1227,9,21,922,30,0.17", "commitmessage": "Remove pngfix\n\npngfix.js is used for compatibility's reason\nwith IE 5 and 6. I think that now that we're in 2019,\nwe can get rid of it.\n\nSigned-off-by: jvoisin <julien.voisin@dustri.org>", "patch": ["@@ -6,9 +6,6 @@\n \n <html><head>\n      <%@ include file=\"head.jsp\" %>\n-    <!--[if lt IE 7.]>\n-    <script defer type=\"text/javascript\" src=\"script/pngfix.js\"></script>\n-    <![endif]-->\n     <meta http-equiv=\"Content-Type\" content=\"text/html; charset=UTF-8\">\n \n </head>", "@@ -1,8 +1,5 @@\n <%@ include file=\"include.jsp\" %>\n \n-<!--[if lt IE 7.]>\n-<script defer type=\"text/javascript\" src=\"<c:url value=\"/script/pngfix.js\"/>\"></script>\n-<![endif]-->\n <meta http-equiv=\"Content-Type\" content=\"text/html; charset=UTF-8\">\n <c:set var=\"styleSheet\"><spring:theme code=\"styleSheet\"/></c:set>\n <link rel=\"apple-touch-icon\" sizes=\"180x180\" href=\"<c:url value=\"/icons/apple-touch-icon.png\"/>\"/>", "@@ -1,39 +0,0 @@\n-/*\n-\n-Correctly handle PNG transparency in Win IE 5.5 & 6.\n-http://homepage.ntlworld.com/bobosola. Updated 18-Jan-2006.\n-\n-Use in <HEAD> with DEFER keyword wrapped in conditional comments:\n-<!--[if lt IE 7]>\n-<script defer type=\"text/javascript\" src=\"pngfix.js\"></script>\n-<![endif]-->\n-\n-*/\n-\n-var arVersion = navigator.appVersion.split(\"MSIE\")\n-var version = parseFloat(arVersion[1])\n-\n-if ((version >= 5.5) && (document.body.filters))\n-{\n-   for(var i=0; i<document.images.length; i++)\n-   {\n-      var img = document.images[i]\n-      var imgName = img.src.toUpperCase()\n-      if (imgName.substring(imgName.length-3, imgName.length) == \"PNG\")\n-      {\n-         var imgID = (img.id) ? \"id='\" + img.id + \"' \" : \"\"\n-         var imgClass = (img.className) ? \"class='\" + img.className + \"' \" : \"\"\n-         var imgTitle = (img.title) ? \"title='\" + img.title + \"' \" : \"title='\" + img.alt + \"' \"\n-         var imgStyle = \"display:inline-block;\" + img.style.cssText\n-         if (img.align == \"left\") imgStyle = \"float:left;\" + imgStyle\n-         if (img.align == \"right\") imgStyle = \"float:right;\" + imgStyle\n-         if (img.parentElement.href) imgStyle = \"cursor:hand;\" + imgStyle\n-         var strNewHTML = \"<span \" + imgID + imgClass + imgTitle\n-         + \" style=\\\"\" + \"width:\" + img.width + \"px; height:\" + img.height + \"px;\" + imgStyle + \";\"\n-         + \"filter:progid:DXImageTransform.Microsoft.AlphaImageLoader\"\n-         + \"(src=\\'\" + img.src + \"\\', sizingMethod='image');\\\"></span>\"\n-         img.outerHTML = strNewHTML\n-         i = i-1\n-      }\n-   }\n-}\n\\ No newline at end of file"], "edit": ["-    <!--[if lt IE 7.]>", "-    <script defer type=\"text/javascript\" src=\"script/pngfix.js\"></script>", "-    <![endif]-->", "-<!--[if lt IE 7.]>", "-<script defer type=\"text/javascript\" src=\"<c:url value=\"/script/pngfix.js\"/>\"></script>", "-<![endif]-->", "-/*", "-", "-Correctly handle PNG transparency in Win IE 5.5 & 6.", "-http://homepage.ntlworld.com/bobosola. Updated 18-Jan-2006.", "-", "-Use in <HEAD> with DEFER keyword wrapped in conditional comments:", "-<!--[if lt IE 7]>", "-<script defer type=\"text/javascript\" src=\"pngfix.js\"></script>", "-<![endif]-->", "-", "-*/", "-", "-var arVersion = navigator.appVersion.split(\"MSIE\")", "-var version = parseFloat(arVersion[1])", "-", "-if ((version >= 5.5) && (document.body.filters))", "-{", "-   for(var i=0; i<document.images.length; i++)", "-   {", "-      var img = document.images[i]", "-      var imgName = img.src.toUpperCase()", "-      if (imgName.substring(imgName.length-3, imgName.length) == \"PNG\")", "-      {", "-         var imgID = (img.id) ? \"id='\" + img.id + \"' \" : \"\"", "-         var imgClass = (img.className) ? \"class='\" + img.className + \"' \" : \"\"", "-         var imgTitle = (img.title) ? \"title='\" + img.title + \"' \" : \"title='\" + img.alt + \"' \"", "-         var imgStyle = \"display:inline-block;\" + img.style.cssText", "-         if (img.align == \"left\") imgStyle = \"float:left;\" + imgStyle", "-         if (img.align == \"right\") imgStyle = \"float:right;\" + imgStyle", "-         if (img.parentElement.href) imgStyle = \"cursor:hand;\" + imgStyle", "-         var strNewHTML = \"<span \" + imgID + imgClass + imgTitle", "-         + \" style=\\\"\" + \"width:\" + img.width + \"px; height:\" + img.height + \"px;\" + imgStyle + \";\"", "-         + \"filter:progid:DXImageTransform.Microsoft.AlphaImageLoader\"", "-         + \"(src=\\'\" + img.src + \"\\', sizingMethod='image');\\\"></span>\"", "-         img.outerHTML = strNewHTML", "-         i = i-1", "-      }", "-   }", "-}"], "url": ["https://api.github.com/repos/airsonic/airsonic/commits/4de26ac319233afe5b59be8a92686d6f7e24ba84"]}