{"new_feature": "4880,99,0,51,8,0.11", "commitmessage": "fixing getter for dna org ecnum", "patch": ["@@ -459,7 +459,7 @@ private String makeSourceDocName(Reachable r) throws IOException {\n \n \n   private List<String> renderDNADesignMetadata(DNAOrgECNum dnaOrgECNum) {\n-    Set<Set<OrgAndEcnum>> setOfOrgAndEcnum = dnaOrgECNum.getSetOfOrganismAndEcNums();\n+    List<Set<OrgAndEcnum>> setOfOrgAndEcnum = dnaOrgECNum.getListOfOrganismAndEcNums();\n     return setOfOrgAndEcnum.stream().filter(Objects::nonNull).\n         map(setOrgEcNum -> StringUtils.capitalize(String.join(\", \", setOrgEcNum.stream().filter(Objects::nonNull).\n             map(this::renderProteinMetadata)."], "edit": ["-    Set<Set<OrgAndEcnum>> setOfOrgAndEcnum = dnaOrgECNum.getSetOfOrganismAndEcNums();", "+    List<Set<OrgAndEcnum>> setOfOrgAndEcnum = dnaOrgECNum.getListOfOrganismAndEcNums();"], "url": ["https://api.github.com/repos/20n/act/commits/4df8fd1a5029cbb629c2f6bd4506473fb7817ad3"]}