{"new_feature": "77,1,5,87,1,1.00", "commitmessage": "Open crash detail on tap of crash notification", "patch": ["@@ -7,7 +7,6 @@\n     android:allowBackup=\"true\"\n     android:label=\"@string/app_name\"\n     android:supportsRtl=\"true\"\n-    android:theme=\"@style/SherlockTheme\"\n     tools:node=\"replace\">\n     <activity android:name=\".crashes.CrashActivity\"/>\n   </application>", "@@ -2,9 +2,15 @@\n \n import android.app.Notification;\n import android.app.NotificationManager;\n+import android.app.PendingIntent;\n import android.content.Context;\n+import android.content.Intent;\n+import android.support.v4.app.TaskStackBuilder;\n \n import com.singhajit.sherlock.R;\n+import com.singhajit.sherlock.crashes.CrashActivity;\n+\n+import static android.app.PendingIntent.FLAG_UPDATE_CURRENT;\n \n public class CrimeReporter {\n   private final Context context;\n@@ -14,10 +20,21 @@ public CrimeReporter(Context context) {\n   }\n \n   public void report(CrimeViewModel crimeViewModel) {\n+    Intent crashActivityIntent = new Intent(context, CrashActivity.class);\n+    crashActivityIntent.putExtra(CrashActivity.CRASH_ID, crimeViewModel.getIdentifier());\n+\n+    TaskStackBuilder stackBuilder = TaskStackBuilder.create(context);\n+    stackBuilder.addParentStack(CrashActivity.class);\n+    stackBuilder.addNextIntent(crashActivityIntent);\n+\n+    PendingIntent pendingIntent = stackBuilder.getPendingIntent(221, FLAG_UPDATE_CURRENT);\n+\n     Notification notification = new Notification.Builder(context)\n         .setContentTitle(crimeViewModel.getPlaceOfCrime())\n         .setContentText(crimeViewModel.getDate())\n-        .setSmallIcon(R.mipmap.ic_launcher)\n+        .setSmallIcon(R.mipmap.ic_stat_sherlock_logo)\n+        .setContentIntent(pendingIntent)\n+        .setAutoCancel(true)\n         .build();\n \n     NotificationManager notificationManager = (NotificationManager) context.getSystemService(Context.NOTIFICATION_SERVICE);"], "edit": ["-    android:theme=\"@style/SherlockTheme\"", "+import android.app.PendingIntent;", "+import android.content.Intent;", "+import android.support.v4.app.TaskStackBuilder;", "+import com.singhajit.sherlock.crashes.CrashActivity;", "+", "+import static android.app.PendingIntent.FLAG_UPDATE_CURRENT;", "+    Intent crashActivityIntent = new Intent(context, CrashActivity.class);", "+    crashActivityIntent.putExtra(CrashActivity.CRASH_ID, crimeViewModel.getIdentifier());", "+", "+    TaskStackBuilder stackBuilder = TaskStackBuilder.create(context);", "+    stackBuilder.addParentStack(CrashActivity.class);", "+    stackBuilder.addNextIntent(crashActivityIntent);", "+", "+    PendingIntent pendingIntent = stackBuilder.getPendingIntent(221, FLAG_UPDATE_CURRENT);", "+", "-        .setSmallIcon(R.mipmap.ic_launcher)", "+        .setSmallIcon(R.mipmap.ic_stat_sherlock_logo)", "+        .setContentIntent(pendingIntent)", "+        .setAutoCancel(true)"], "url": ["https://api.github.com/repos/ajitsing/Sherlock/commits/4e391f73d19fa7fcadf9150d58558a3fe3fa3b49"]}