{"new_feature": "59,1,5,96,1,1.00", "commitmessage": "Permission Fix for android versions < M", "patch": ["@@ -3,7 +3,7 @@ apply plugin: 'com.android.library'\n ext {\n     PUBLISH_GROUP_ID = 'com.adityak'\n     PUBLISH_ARTIFACT_ID = 'browsemyfiles'\n-    PUBLISH_VERSION = '1.5.1'\n+    PUBLISH_VERSION = '1.6'\n }\n \n android {\n@@ -14,8 +14,8 @@ android {\n         //applicationId \"com.aditya.filebrowser\"\n         minSdkVersion 15\n         targetSdkVersion 25\n-        versionCode 7\n-        versionName \"1.5.1\"\n+        versionCode 8\n+        versionName \"1.6\"\n     }\n     buildTypes {\n         release {", "@@ -47,6 +47,9 @@ public void requestPermissions(String []permissions) {\n                         permissionsToBeAsked.toArray(new String[permissionsToBeAsked.size()]),\n                         APP_PERMISSIONS_REQUEST);\n             }\n+        } else {\n+            setResult(Activity.RESULT_OK);\n+            finish();\n         }\n     }\n "], "edit": ["-    PUBLISH_VERSION = '1.5.1'", "+    PUBLISH_VERSION = '1.6'", "-        versionCode 7", "-        versionName \"1.5.1\"", "+        versionCode 8", "+        versionName \"1.6\"", "+        } else {", "+            setResult(Activity.RESULT_OK);", "+            finish();"], "url": ["https://api.github.com/repos/adityak368/Android-FileBrowser-FilePicker/commits/4ebf184235239095c09ec3e7b83993bd7bb419ce"]}