{"new_feature": "699,1,173,91,9,0.99", "commitmessage": "ci(travis): fix link-plugin script", "patch": ["@@ -8,7 +8,7 @@\n     \"prepare:cordova\": \"cordova prepare --searchpath ../../packages\",\n     \"prepare:lint-on\": \"replace-in-file 'abortOnError false;' 'abortOnError true;' platforms/android/app/build.gradle\",\n     \"clean\": \"del package-lock.json platforms plugins\",\n-    \"link-plugin\": \"run-s prepare:plugin link-plugin:*\",\n+    \"link-plugin\": \"run-s link-plugin:*\",\n     \"link-plugin:rm\": \"cordova plugin rm cordova-admob-plus --nosave > /dev/null 2>&1 || true\",\n     \"link-plugin:add\": \"cordova plugin add ../../packages/cordova --link --nosave --variable APP_ID_ANDROID=ca-app-pub-3940256099942544~334751171 --variable APP_ID_IOS=test\",\n     \"dev\": \"run-p dev-android dev-ios\","], "edit": ["-    \"link-plugin\": \"run-s prepare:plugin link-plugin:*\",", "+    \"link-plugin\": \"run-s link-plugin:*\","], "url": ["https://api.github.com/repos/admob-plus/admob-plus/commits/4ec6989f5da0175193c70d26b4eb281cbc39cc4a"]}