{"new_feature": "2146,31,17,479,17,0.20", "commitmessage": "#326 Transaction consistency does not keep on once dble restarts or crashes when \"xa_commit\"", "patch": ["@@ -949,10 +949,11 @@ private void tryRecovery(CoordinatorLogEntry coordinatorLogEntry, boolean needCo\n                             LOGGER.debug(String.format(\"[%s] Host:[%s] schema:[%s]\", xaCmd, dn.getName(), dn.getDatabase()));\n \n                             //reset xaCmd\n+                            xaCmd.setLength(0);\n                             if (needCommit) {\n-                                xaCmd = new StringBuilder(\"XA COMMIT \");\n+                                xaCmd.append(\"XA COMMIT \");\n                             } else {\n-                                xaCmd = new StringBuilder(\"XA ROLLBACK \");\n+                                xaCmd.append(\"XA ROLLBACK \");\n                             }\n                             break outLoop;\n                         }"], "edit": ["+                            xaCmd.setLength(0);", "-                                xaCmd = new StringBuilder(\"XA COMMIT \");", "+                                xaCmd.append(\"XA COMMIT \");", "-                                xaCmd = new StringBuilder(\"XA ROLLBACK \");", "+                                xaCmd.append(\"XA ROLLBACK \");"], "url": ["https://api.github.com/repos/actiontech/dble/commits/4f01ff65063a6f864a84e939746a8ef6f6f6a6a3"]}