{"new_feature": "1050,1,6,586,29,0.62", "commitmessage": "Test for HTTP basic auth support\n\nFixes #48", "patch": ["@@ -1,31 +1,69 @@\n package co.freeside.betamax\n \n import co.freeside.betamax.util.httpbuilder.BetamaxRESTClient\n-import groovyx.net.http.RESTClient\n+import org.apache.http.HttpHost\n import org.apache.http.auth.*\n import org.junit.Rule\n import spock.lang.*\n-import static org.apache.http.auth.AuthScope.ANY\n+import static co.freeside.betamax.MatchRule.*\n+import static co.freeside.betamax.TapeMode.*\n+import static co.freeside.betamax.proxy.jetty.BetamaxProxy.X_BETAMAX\n+import static co.freeside.betamax.util.FileUtils.newTempDir\n+import static java.net.HttpURLConnection.*\n \n+@Unroll\n+@Stepwise\n class BasicAuthSpec extends Specification {\n \n-\tstatic final URL endpoint = 'http://httpbin.org/basic-auth/user/passwd'.toURL()\n+\t@Shared endpoint = 'http://httpbin.org/basic-auth/user/passwd'.toURL()\n+\t@Shared targetHost = new HttpHost(endpoint.host, endpoint.port)\n \n-\t@Shared @AutoCleanup('deleteDir') File tapeRoot = new File(System.properties.'java.io.tmpdir', 'tapes')\n+\t@Shared @AutoCleanup('deleteDir') File tapeRoot = newTempDir('tapes')\n \t@Rule Recorder recorder = new Recorder(tapeRoot: tapeRoot)\n-\tRESTClient http = new BetamaxRESTClient()\n+\tdef http = new BetamaxRESTClient()\n \n-\t@Betamax(tape = 'basic auth')\n-\tvoid 'can record response from authenticated endpoint'() {\n+\tvoid setup() {\n+\t\thttp.handler[HTTP_UNAUTHORIZED] = { resp -> resp }\n+\t}\n+\n+\t@Betamax(tape = 'basic auth', mode = WRITE_ONLY, match = [method, uri, headers])\n+\tvoid 'can record #status response from authenticated endpoint'() {\n+\t\tgiven:\n+\t\thttp.client.credentialsProvider.setCredentials(new AuthScope(targetHost), credentials)\n+\n+\t\twhen:\n+\t\tdef response = http.get(uri: endpoint)\n+\n+\t\tthen:\n+\t\tresponse.status == status\n+\t\tresponse.getFirstHeader(X_BETAMAX).value == 'REC'\n+\n+\t\twhere:\n+\t\tpassword    | status\n+\t\t'passwd'    | HTTP_OK\n+\t\t'INCORRECT' | HTTP_UNAUTHORIZED\n+\n+\t\tcredentials = new UsernamePasswordCredentials('user', password)\n+\t}\n+\n+\t@Betamax(tape = 'basic auth', mode = READ_ONLY, match = [method, uri, headers])\n+\tvoid 'can play back #status response from authenticated endpoint'() {\n \t\tgiven:\n-\t\thttp.client.credentialsProvider.setCredentials(ANY, new UsernamePasswordCredentials('user', 'passwd'))\n+\t\thttp.client.credentialsProvider.setCredentials(new AuthScope(targetHost), credentials)\n \n \t\twhen:\n \t\tdef response = http.get(uri: endpoint)\n \n \t\tthen:\n-\t\tresponse.data.authenticated\n-\t\tresponse.data.user == 'user'\n+\t\tresponse.status == status\n+\t\tresponse.getFirstHeader(X_BETAMAX).value == 'PLAY'\n+\n+\t\twhere:\n+\t\tpassword    | status\n+\t\t'passwd'    | HTTP_OK\n+\t\t'INCORRECT' | HTTP_UNAUTHORIZED\n+\n+\t\tcredentials = new UsernamePasswordCredentials('user', password)\n \t}\n \n }"], "edit": ["-import groovyx.net.http.RESTClient", "+import org.apache.http.HttpHost", "-import static org.apache.http.auth.AuthScope.ANY", "+import static co.freeside.betamax.MatchRule.*", "+import static co.freeside.betamax.TapeMode.*", "+import static co.freeside.betamax.proxy.jetty.BetamaxProxy.X_BETAMAX", "+import static co.freeside.betamax.util.FileUtils.newTempDir", "+import static java.net.HttpURLConnection.*", "+@Unroll", "+@Stepwise", "-\tstatic final URL endpoint = 'http://httpbin.org/basic-auth/user/passwd'.toURL()", "+\t@Shared endpoint = 'http://httpbin.org/basic-auth/user/passwd'.toURL()", "+\t@Shared targetHost = new HttpHost(endpoint.host, endpoint.port)", "-\t@Shared @AutoCleanup('deleteDir') File tapeRoot = new File(System.properties.'java.io.tmpdir', 'tapes')", "+\t@Shared @AutoCleanup('deleteDir') File tapeRoot = newTempDir('tapes')", "-\tRESTClient http = new BetamaxRESTClient()", "+\tdef http = new BetamaxRESTClient()", "-\t@Betamax(tape = 'basic auth')", "-\tvoid 'can record response from authenticated endpoint'() {", "+\tvoid setup() {", "+\t\thttp.handler[HTTP_UNAUTHORIZED] = { resp -> resp }", "+\t}", "+", "+\t@Betamax(tape = 'basic auth', mode = WRITE_ONLY, match = [method, uri, headers])", "+\tvoid 'can record #status response from authenticated endpoint'() {", "+\t\tgiven:", "+\t\thttp.client.credentialsProvider.setCredentials(new AuthScope(targetHost), credentials)", "+", "+\t\twhen:", "+\t\tdef response = http.get(uri: endpoint)", "+", "+\t\tthen:", "+\t\tresponse.status == status", "+\t\tresponse.getFirstHeader(X_BETAMAX).value == 'REC'", "+", "+\t\twhere:", "+\t\tpassword    | status", "+\t\t'passwd'    | HTTP_OK", "+\t\t'INCORRECT' | HTTP_UNAUTHORIZED", "+", "+\t\tcredentials = new UsernamePasswordCredentials('user', password)", "+\t}", "+", "+\t@Betamax(tape = 'basic auth', mode = READ_ONLY, match = [method, uri, headers])", "+\tvoid 'can play back #status response from authenticated endpoint'() {", "-\t\thttp.client.credentialsProvider.setCredentials(ANY, new UsernamePasswordCredentials('user', 'passwd'))", "+\t\thttp.client.credentialsProvider.setCredentials(new AuthScope(targetHost), credentials)", "-\t\tresponse.data.authenticated", "-\t\tresponse.data.user == 'user'", "+\t\tresponse.status == status", "+\t\tresponse.getFirstHeader(X_BETAMAX).value == 'PLAY'", "+", "+\t\twhere:", "+\t\tpassword    | status", "+\t\t'passwd'    | HTTP_OK", "+\t\t'INCORRECT' | HTTP_UNAUTHORIZED", "+", "+\t\tcredentials = new UsernamePasswordCredentials('user', password)"], "url": ["https://api.github.com/repos/airbnb/okreplay/commits/4f1a2a3e8f54a2f384afdad310a76516e4ef0013"]}