{"new_feature": "302,16,130,204,9,0.43", "commitmessage": "fix(version): update org.activiti.dependencies:activiti-dependencies to 7.0.101 (#68)", "patch": ["@@ -24,7 +24,7 @@\n     <java.version>11</java.version>\n     <maven.compiler.source>${java.version}</maven.compiler.source>\n     <maven.compiler.target>${java.version}</maven.compiler.target>\n-    <activiti-dependencies.version>7.0.100</activiti-dependencies.version>\n+    <activiti-dependencies.version>7.0.101</activiti-dependencies.version>\n   </properties>\n   <dependencyManagement>\n     <dependencies>", "@@ -24,7 +24,7 @@\n     <java.version>11</java.version>\n     <maven.compiler.source>${java.version}</maven.compiler.source>\n     <maven.compiler.target>${java.version}</maven.compiler.target>\n-    <activiti-dependencies.version>7.0.100</activiti-dependencies.version>\n+    <activiti-dependencies.version>7.0.101</activiti-dependencies.version>\n   </properties>\n   <dependencyManagement>\n     <dependencies>", "@@ -24,7 +24,7 @@\n     <java.version>11</java.version>\n     <maven.compiler.source>${java.version}</maven.compiler.source>\n     <maven.compiler.target>${java.version}</maven.compiler.target>\n-    <activiti-dependencies.version>7.0.100</activiti-dependencies.version>\n+    <activiti-dependencies.version>7.0.101</activiti-dependencies.version>\n   </properties>\n   <dependencyManagement>\n     <dependencies>", "@@ -24,7 +24,7 @@\n     <java.version>11</java.version>\n     <maven.compiler.source>${java.version}</maven.compiler.source>\n     <maven.compiler.target>${java.version}</maven.compiler.target>\n-    <activiti-dependencies.version>7.0.100</activiti-dependencies.version>\n+    <activiti-dependencies.version>7.0.101</activiti-dependencies.version>\n   </properties>\n   <dependencyManagement>\n     <dependencies>", "@@ -24,7 +24,7 @@\n     <java.version>11</java.version>\n    <maven.compiler.source>${java.version}</maven.compiler.source>\n    <maven.compiler.target>${java.version}</maven.compiler.target>\n-    <activiti-dependencies.version>7.0.100</activiti-dependencies.version>\n+    <activiti-dependencies.version>7.0.101</activiti-dependencies.version>\n   </properties>\n   <dependencyManagement>\n     <dependencies>", "@@ -40,7 +40,7 @@\n    <java.version>11</java.version>\n    <maven.compiler.source>${java.version}</maven.compiler.source>\n    <maven.compiler.target>${java.version}</maven.compiler.target>\n-    <activiti-dependencies.version>7.0.100</activiti-dependencies.version>\n+    <activiti-dependencies.version>7.0.101</activiti-dependencies.version>\n   </properties>\n   <dependencyManagement>\n     <dependencies>"], "edit": ["-    <activiti-dependencies.version>7.0.100</activiti-dependencies.version>", "+    <activiti-dependencies.version>7.0.101</activiti-dependencies.version>", "-    <activiti-dependencies.version>7.0.100</activiti-dependencies.version>", "+    <activiti-dependencies.version>7.0.101</activiti-dependencies.version>", "-    <activiti-dependencies.version>7.0.100</activiti-dependencies.version>", "+    <activiti-dependencies.version>7.0.101</activiti-dependencies.version>", "-    <activiti-dependencies.version>7.0.100</activiti-dependencies.version>", "+    <activiti-dependencies.version>7.0.101</activiti-dependencies.version>", "-    <activiti-dependencies.version>7.0.100</activiti-dependencies.version>", "+    <activiti-dependencies.version>7.0.101</activiti-dependencies.version>", "-    <activiti-dependencies.version>7.0.100</activiti-dependencies.version>", "+    <activiti-dependencies.version>7.0.101</activiti-dependencies.version>"], "url": ["https://api.github.com/repos/Activiti/activiti-examples/commits/4f289749f4ed49d58a618c286455869ab1156acb"]}