{"new_feature": "1227,9,21,922,30,0.08", "commitmessage": "Fix issue with volume up/down shortcut", "patch": ["@@ -241,7 +241,8 @@\n             var volume = parseInt($(\"#castVolume\").slider(\"option\", \"value\")) + gain;\n             $(\"#castVolume\").slider(\"option\", \"value\", volume);\n         } else if (jwplayer()) {\n-            jwplayer().setVolume(jwplayer().getVolume() + gain);\n+            var volume = parseInt(jwplayer().getVolume());\n+            jwplayer().setVolume(volume + gain);\n         } else {\n             var value = parseInt($(\"#jukeboxVolume\").slider(\"option\", \"value\"));\n             $(\"#jukeboxVolume\").slider(\"option\", \"value\", volume);"], "edit": ["-            jwplayer().setVolume(jwplayer().getVolume() + gain);", "+            var volume = parseInt(jwplayer().getVolume());", "+            jwplayer().setVolume(volume + gain);"], "url": ["https://api.github.com/repos/airsonic/airsonic/commits/4f2887e60af6afa89ac5f0f087d603fbc0a1e19e"]}