{"new_feature": "2276,1,0,88,30,0.40", "commitmessage": "Removed description prefix for #672", "patch": ["@@ -6,16 +6,13 @@\n package com.SecUpwN.AIMSICD.constants;\n \n /**\n- * Description:     This class add Constants for examples as used to pre-populate\n- *                  various tables used in the Database Viewer (DBV).\n- *\n- * Dependencies:    DbViewerFragment.java\n+ *  This class add Constants for examples as used to pre-populate\n+ *  various tables used in the Database Viewer (DBV).\n  */\n public class Examples {\n \n     /**\n-     * Description:     Constants of examples for EventLogItemData\n-     * Dependencies:    EventLogItemData.java\n+     *  Constants of examples for EventLogItemData\n      */\n     public static class EVENT_LOG_DATA {\n         public static final String LAC = \"12345\";\n@@ -28,8 +25,7 @@\n     }\n \n     /**\n-     * Description:     Constants of examples for SilentSmsCardData\n-     * Dependencies:    SilentSmsCardData.java\n+     * Constants of examples for SilentSmsCardData\n      */\n     public static class SILENT_SMS_CARD_DATA {\n         public static final String ADDRESS = \"ADREZZ\";"], "edit": ["- * Description:     This class add Constants for examples as used to pre-populate", "- *                  various tables used in the Database Viewer (DBV).", "- *", "- * Dependencies:    DbViewerFragment.java", "+ *  This class add Constants for examples as used to pre-populate", "+ *  various tables used in the Database Viewer (DBV).", "-     * Description:     Constants of examples for EventLogItemData", "-     * Dependencies:    EventLogItemData.java", "+     *  Constants of examples for EventLogItemData", "-     * Description:     Constants of examples for SilentSmsCardData", "-     * Dependencies:    SilentSmsCardData.java", "+     * Constants of examples for SilentSmsCardData"], "url": ["https://api.github.com/repos/5GSD/AIMSICDL/commits/4f499330ad4fd03b769ba1aee5d038f38e3b1bca"]}