{"new_feature": "1577,1,17,193,30,0.71", "commitmessage": "Fixed a bug in the library fragment adapters where the footers would be transparent.", "patch": ["@@ -145,6 +145,8 @@ public void onLoadCleared(Drawable placeholder) {\n                     public void onColorReady(int color) {\n                         if (usePalette)\n                             setColors(color, holder);\n+                        else\n+                            setColors(getDefaultFooterColor(), holder);\n                     }\n                 });\n     }", "@@ -155,6 +155,8 @@ public void onLoadCleared(Drawable placeholder) {\n                     public void onColorReady(int color) {\n                         if (usePalette)\n                             setColors(color, holder);\n+                        else\n+                            setColors(getDefaultFooterColor(), holder);\n                     }\n                 });\n     }", "@@ -142,6 +142,8 @@ public void onLoadCleared(Drawable placeholder) {\n                     public void onColorReady(int color) {\n                         if (usePalette)\n                             setColors(color, holder);\n+                        else\n+                            setColors(getDefaultFooterColor(), holder);\n                     }\n                 });\n     }"], "edit": ["+                        else", "+                            setColors(getDefaultFooterColor(), holder);", "+                        else", "+                            setColors(getDefaultFooterColor(), holder);", "+                        else", "+                            setColors(getDefaultFooterColor(), holder);"], "url": ["https://api.github.com/repos/AdrienPoupa/VinylMusicPlayer/commits/4f4c6d05ed3cbb4ac385508347bc053df7612cb1"]}