{"new_feature": "160,4,0,78,9,0.14", "commitmessage": "fix address", "patch": ["@@ -2,7 +2,7 @@\n \r\n \u041f\u043e\u0434\u0434\u0435\u0440\u0436\u043a\u0430 \u044f\u0437\u044b\u043a\u0430 1\u0421:\u041f\u0440\u0435\u0434\u043f\u0440\u0438\u044f\u0442\u0438\u0435 8 \u0438 OneScript \u0434\u043b\u044f [SonarQube](http://sonarqube.org).\r\n \r\n-\u0421\u0430\u0439\u0442 \u043f\u0440\u043e\u0435\u043a\u0442\u0430 -> https://otymko.github.io/sonar-bsl-plugin-community/\r\n+\u0421\u0430\u0439\u0442 \u043f\u0440\u043e\u0435\u043a\u0442\u0430 -> https://1c-syntax.github.io/sonar-bsl-plugin-community/\r\n \r\n ## \u0412\u043e\u0437\u043c\u043e\u0436\u043d\u043e\u0441\u0442\u0438\r\n \r"], "edit": ["-\u0421\u0430\u0439\u0442 \u043f\u0440\u043e\u0435\u043a\u0442\u0430 -> https://otymko.github.io/sonar-bsl-plugin-community/", "+\u0421\u0430\u0439\u0442 \u043f\u0440\u043e\u0435\u043a\u0442\u0430 -> https://1c-syntax.github.io/sonar-bsl-plugin-community/"], "url": ["https://api.github.com/repos/1c-syntax/sonar-bsl-plugin-community/commits/4f65c1140d94740ec3a1e1562072faa460101ae1"]}