{"new_feature": "699,1,173,91,9,0.99", "commitmessage": "fix(ionic): build lib with es2017", "patch": ["@@ -13,7 +13,7 @@\n     \"rootDir\": \".\",\n     \"target\": \"es5\",\n     \"skipLibCheck\": true,\n-    \"lib\": [\"es2015\", \"dom\"],\n+    \"lib\": [\"es2017\", \"dom\"],\n     \"strictPropertyInitialization\": false\n   }\n }"], "edit": ["-    \"lib\": [\"es2015\", \"dom\"],", "+    \"lib\": [\"es2017\", \"dom\"],"], "url": ["https://api.github.com/repos/admob-plus/admob-plus/commits/4f919f90b02dac5386d2a44648af80b168169926"]}