{"new_feature": "4880,99,0,51,8,0.27", "commitmessage": "Fix pathways cursor by skipping duplicate chemicals, and log better.", "patch": ["@@ -27,9 +27,11 @@\n import java.util.Arrays;\n import java.util.Collections;\n import java.util.HashMap;\n+import java.util.HashSet;\n import java.util.LinkedList;\n import java.util.List;\n import java.util.Map;\n+import java.util.Set;\n import java.util.stream.Collectors;\n \n public class FreemarkerRenderer {\n@@ -100,6 +102,8 @@ public void writePageToDir(File reachableDestination,\n \n     DBCursor<ReactionPath> reachableDBCursor = Cascade.get_pathway_collection().find();\n \n+    Set<Long> seenIds = new HashSet<>();\n+\n     int i = 0;\n     while(reachableDBCursor.hasNext()) {\n       // Hacked cursor munging to only consider targets of pathways.\n@@ -110,6 +114,11 @@ public void writePageToDir(File reachableDestination,\n       }\n       Reachable r = loader.getJacksonReachablesCollection().findOne(new BasicDBObject(\"_id\", thisPath.getTarget()));\n \n+      if (seenIds.contains(thisPath.getTarget())) {\n+        LOGGER.info(\"Skipping duplicate id %d\", thisPath.getTarget());\n+        continue;\n+      }\n+      seenIds.add(thisPath.getTarget());\n \n       String inchiKey = r.getInchiKey();\n       if (inchiKey != null) {\n@@ -249,7 +258,7 @@ private String truncateSequence(String seq) {\n \n       if (target == null) {\n         // This should not happen, methinks.\n-        String msg = String.format(\"Unable to located chemical %d in reachables db\", path.getTarget());\n+        String msg = String.format(\"Unable to locate chemical %d in reachables db\", path.getTarget());\n         LOGGER.error(msg);\n         throw new RuntimeException(msg);\n       }\n@@ -346,7 +355,7 @@ private String makeSourceDocName(Reachable r) throws IOException {\n       } else {\n         Reachable r = loader.getJacksonReachablesCollection().findOne(new BasicDBObject(\"_id\", i.getId()));\n         if (r == null) {\n-          LOGGER.error(\"Unable to located chemical %d in reachables db\", p.getTarget());\n+          LOGGER.error(\"Unable to locate pathway chemical %d in reachables db\", i.getId());\n           nodeModel.put(\"name\", \"(unknown)\");\n         } else {\n           nodeModel.put(\"link\", r.getInchiKey());"], "edit": ["+import java.util.HashSet;", "+import java.util.Set;", "+    Set<Long> seenIds = new HashSet<>();", "+", "+      if (seenIds.contains(thisPath.getTarget())) {", "+        LOGGER.info(\"Skipping duplicate id %d\", thisPath.getTarget());", "+        continue;", "+      }", "+      seenIds.add(thisPath.getTarget());", "-        String msg = String.format(\"Unable to located chemical %d in reachables db\", path.getTarget());", "+        String msg = String.format(\"Unable to locate chemical %d in reachables db\", path.getTarget());", "-          LOGGER.error(\"Unable to located chemical %d in reachables db\", p.getTarget());", "+          LOGGER.error(\"Unable to locate pathway chemical %d in reachables db\", i.getId());"], "url": ["https://api.github.com/repos/20n/act/commits/4fae865f142147605994dd51776fb736e2b4893e"]}