{"new_feature": "2276,1,0,88,30,0.11", "commitmessage": "fix checkstyle errors", "patch": ["@@ -1,56 +0,0 @@\n-/* Android IMSI-Catcher Detector | (c) AIMSICD Privacy Project\n- * -----------------------------------------------------------\n- * LICENSE:  http://git.io/vki47 | TERMS:  http://git.io/vki4o\n- * -----------------------------------------------------------\n- */\n-package com.SecUpwN.AIMSICD.test;\n-\n-import android.test.AndroidTestCase;\n-\n-import com.SecUpwN.AIMSICD.adapters.AIMSICDDbAdapter;\n-import com.SecUpwN.AIMSICD.utils.Cell;\n-\n-/**\n- * Test detection 1: Changing LAC\n- */\n-public class Detection1 extends AndroidTestCase {\n-    AIMSICDDbAdapter dbHelper;\n-    public final static int CELL_ID = 123456;\n-\n-    @Override\n-    protected void setUp() throws Exception {\n-        super.setUp();\n-        dbHelper = new AIMSICDDbAdapter(getContext());\n-        \n-    }\n-\n-    @Override\n-    protected void tearDown() throws Exception {\n-        \n-        super.tearDown();\n-    }\n-\n-    public void testChangingLAC() {\n-        // First delete any records for test cell\n-        dbHelper.deleteCell(CELL_ID);\n-/*\n-        // add a test cell into the db\n-        Cell cell = new Cell();\n-        cell.setCID(CELL_ID);\n-        cell.setLat(21.00);\n-        cell.setLon(21.00);\n-        cell.setLAC(123);\n-\n-        long recId = dbHelper.insertCell(cell);\n-        assertTrue(recId != 0l);\n-        assertTrue(dbHelper.checkLAC(cell));\n-\n-        // change it's LAC and test\n-        cell = new Cell();\n-        cell.setCID(CELL_ID);\n-        cell.setLAC(234);\n-        assertFalse(dbHelper.checkLAC(cell));\n-*/\n-    }\n-\n-}", "@@ -88,6 +88,6 @@\n     /**\n      * The constant indicates the number of types of menu items\n      */\n-    public final static int COUNT_OF_MENU_TYPE = 2;\n+    public static final int COUNT_OF_MENU_TYPE = 2;\n \n }", "@@ -17,6 +17,6 @@\n      * (applies to the case where the application has been minimized,\n      * and at this point the download was completed in the map)\n      */\n-    public final static String FINISHED_LOAD_IN_MAP = \"FINISHED_LOAD_IN_MAP\";\n+    public static final String FINISHED_LOAD_IN_MAP = \"FINISHED_LOAD_IN_MAP\";\n \n }", "@@ -17,7 +17,7 @@\n \n public class HexDump {\n \n-    private final static char[] HEX_DIGITS = {'0', '1', '2', '3', '4', '5', '6', '7', '8', '9', 'A',\n+    private static final char[] HEX_DIGITS = {'0', '1', '2', '3', '4', '5', '6', '7', '8', '9', 'A',\n             'B', 'C', 'D', 'E', 'F'};\n \n     public static String dumpHexString(byte[] array) {"], "edit": ["-/* Android IMSI-Catcher Detector | (c) AIMSICD Privacy Project", "- * -----------------------------------------------------------", "- * LICENSE:  http://git.io/vki47 | TERMS:  http://git.io/vki4o", "- * -----------------------------------------------------------", "- */", "-package com.SecUpwN.AIMSICD.test;", "-", "-import android.test.AndroidTestCase;", "-", "-import com.SecUpwN.AIMSICD.adapters.AIMSICDDbAdapter;", "-import com.SecUpwN.AIMSICD.utils.Cell;", "-", "-/**", "- * Test detection 1: Changing LAC", "- */", "-public class Detection1 extends AndroidTestCase {", "-    AIMSICDDbAdapter dbHelper;", "-    public final static int CELL_ID = 123456;", "-", "-    @Override", "-    protected void setUp() throws Exception {", "-        super.setUp();", "-        dbHelper = new AIMSICDDbAdapter(getContext());", "-", "-    }", "-", "-    @Override", "-    protected void tearDown() throws Exception {", "-", "-        super.tearDown();", "-    }", "-", "-    public void testChangingLAC() {", "-        // First delete any records for test cell", "-        dbHelper.deleteCell(CELL_ID);", "-/*", "-        // add a test cell into the db", "-        Cell cell = new Cell();", "-        cell.setCID(CELL_ID);", "-        cell.setLat(21.00);", "-        cell.setLon(21.00);", "-        cell.setLAC(123);", "-", "-        long recId = dbHelper.insertCell(cell);", "-        assertTrue(recId != 0l);", "-        assertTrue(dbHelper.checkLAC(cell));", "-", "-        // change it's LAC and test", "-        cell = new Cell();", "-        cell.setCID(CELL_ID);", "-        cell.setLAC(234);", "-        assertFalse(dbHelper.checkLAC(cell));", "-*/", "-    }", "-", "-}", "-    public final static int COUNT_OF_MENU_TYPE = 2;", "+    public static final int COUNT_OF_MENU_TYPE = 2;", "-    public final static String FINISHED_LOAD_IN_MAP = \"FINISHED_LOAD_IN_MAP\";", "+    public static final String FINISHED_LOAD_IN_MAP = \"FINISHED_LOAD_IN_MAP\";", "-    private final static char[] HEX_DIGITS = {'0', '1', '2', '3', '4', '5', '6', '7', '8', '9', 'A',", "+    private static final char[] HEX_DIGITS = {'0', '1', '2', '3', '4', '5', '6', '7', '8', '9', 'A',"], "url": ["https://api.github.com/repos/5GSD/AIMSICDL/commits/4fb981ec9febec351333a8a62256c75304bdc174"]}