{"new_feature": "1577,1,17,193,30,0.71", "commitmessage": "Fixed a FC", "patch": ["@@ -179,26 +179,37 @@ public ViewHolder(View itemView) {\n                 menu.setOnClickListener(new View.OnClickListener() {\n                     @Override\n                     public void onClick(View v) {\n-                        callbacks.onFileMenuClicked(dataSet.get(getAdapterPosition()));\n+                        int position = getAdapterPosition();\n+                        if (isPositionInRange(position)) {\n+                            callbacks.onFileMenuClicked(dataSet.get(position));\n+                        }\n                     }\n                 });\n             }\n         }\n \n         @Override\n         public void onClick(View v) {\n-            if (isInQuickSelectMode()) {\n-                toggleChecked(getAdapterPosition());\n-            } else {\n-                if (callbacks != null) {\n-                    callbacks.onFileSelected(dataSet.get(getAdapterPosition()));\n+            int position = getAdapterPosition();\n+            if (isPositionInRange(position)) {\n+                if (isInQuickSelectMode()) {\n+                    toggleChecked(position);\n+                } else {\n+                    if (callbacks != null) {\n+                        callbacks.onFileSelected(dataSet.get(position));\n+                    }\n                 }\n             }\n         }\n \n         @Override\n         public boolean onLongClick(View view) {\n-            return toggleChecked(getAdapterPosition());\n+            int position = getAdapterPosition();\n+            return isPositionInRange(position) && toggleChecked(position);\n+        }\n+\n+        private boolean isPositionInRange(int position) {\n+            return position >= 0 && position < dataSet.size();\n         }\n     }\n "], "edit": ["-                        callbacks.onFileMenuClicked(dataSet.get(getAdapterPosition()));", "+                        int position = getAdapterPosition();", "+                        if (isPositionInRange(position)) {", "+                            callbacks.onFileMenuClicked(dataSet.get(position));", "+                        }", "-            if (isInQuickSelectMode()) {", "-                toggleChecked(getAdapterPosition());", "-            } else {", "-                if (callbacks != null) {", "-                    callbacks.onFileSelected(dataSet.get(getAdapterPosition()));", "+            int position = getAdapterPosition();", "+            if (isPositionInRange(position)) {", "+                if (isInQuickSelectMode()) {", "+                    toggleChecked(position);", "+                } else {", "+                    if (callbacks != null) {", "+                        callbacks.onFileSelected(dataSet.get(position));", "+                    }", "-            return toggleChecked(getAdapterPosition());", "+            int position = getAdapterPosition();", "+            return isPositionInRange(position) && toggleChecked(position);", "+        }", "+", "+        private boolean isPositionInRange(int position) {", "+            return position >= 0 && position < dataSet.size();"], "url": ["https://api.github.com/repos/AdrienPoupa/VinylMusicPlayer/commits/4fe4e2475cdb0139246e1e98f34f6d688ec1ec22"]}