{"new_feature": "852,1,0,121,25,0.38", "commitmessage": "Fix license header", "patch": ["@@ -1,5 +1,5 @@\n-/**\n- * Copyright 2013 Facebook, Inc.\n+/*\n+ * Copyright (C) 2012 Facebook, Inc.\n  *\n  * Licensed under the Apache License, Version 2.0 (the \"License\"); you may\n  * not use this file except in compliance with the License. You may obtain"], "edit": ["-/**", "- * Copyright 2013 Facebook, Inc.", "+/*", "+ * Copyright (C) 2012 Facebook, Inc."], "url": ["https://api.github.com/repos/airlift/drift/commits/4fe55445ab13ca0b480429431130ce2d16bdd6e4"]}