{"new_feature": "93,2,0,74,1,1.00", "commitmessage": "fix MinLines error", "patch": ["@@ -34,9 +34,16 @@ class ShowMoreAnimationActivityActivity : AppCompatActivity() {\n         super.onCreate(savedInstanceState)\n         setContentView(R.layout.activity_show_more_animation_activity)\n         mTextView = R.id.target_text_view.toView()\n+        mTextView.setOnClickListener {\n+            toggle()\n+        }\n     }\n \n     fun toggle(view: View) {\n+        toggle()\n+    }\n+\n+    private fun toggle() {\n         mTextView.setMaxLinesWithAnimation(if (mTextView.maxLines == 3) {\n             Int.MAX_VALUE\n         } else {", "@@ -70,6 +70,7 @@ public static void setMaxLinesWithAnimation(@NotNull final TextView textView, fi\n             textView.setMaxLines(maxLine);\n             return;\n         }\n+        final int minLines = textView.getMinLines();\n         final int targetHeight = textHeight + textView.getCompoundPaddingBottom() + textView.getCompoundPaddingTop();\n         animatorToHeight(textView, targetHeight, new AnimatorListenerAdapter() {\n             public void onAnimationStart(Animator animation) {\n@@ -78,7 +79,7 @@ public void onAnimationStart(Animator animation) {\n \n             public void onAnimationEnd(Animator animation) {\n                 super.onAnimationEnd(animation);\n-                textView.setMinLines(0);\n+                textView.setMinLines(minLines);\n                 textView.setMaxLines(maxLine);\n             }\n         });"], "edit": ["+        mTextView.setOnClickListener {", "+            toggle()", "+        }", "+        toggle()", "+    }", "+", "+    private fun toggle() {", "+        final int minLines = textView.getMinLines();", "-                textView.setMinLines(0);", "+                textView.setMinLines(minLines);"], "url": ["https://api.github.com/repos/aesean/ActivityStack/commits/4feb69e79bdf7d60d78670854021a5182b9990f7"]}