{"new_feature": "49,1,6,71,2,0.98", "commitmessage": "fix some merge errors", "patch": ["@@ -64,11 +64,11 @@ public AvatarImageView(Context context, AttributeSet attrs) {\n         if (attrs != null) {\n             TypedArray a = context.obtainStyledAttributes(attrs, R.styleable.AvatarImageView, 0, 0);\n \n-            initial = a.getString(R.styleable.AvatarImageView_avatar_text);\n-            textColor = a.getColor(R.styleable.AvatarImageView_avatar_textColor, textColor);\n-            textSize = a.getDimensionPixelSize(R.styleable.AvatarImageView_avatar_textSize, textSize);\n-            backgroundColor = a.getColor(R.styleable.AvatarImageView_avatar_backgroundColor, backgroundColor);\n-            showState = a.getInt(R.styleable.AvatarImageView_avatar_state, showState);\n+            initial = a.getString(R.styleable.AvatarImageView_text);\n+            textColor = a.getColor(R.styleable.AvatarImageView_textColor, textColor);\n+            textSize = a.getDimensionPixelSize(R.styleable.AvatarImageView_textSize, textSize);\n+            backgroundColor = a.getColor(R.styleable.AvatarImageView_avatarBackgroundColor, backgroundColor);\n+            showState = a.getInt(R.styleable.AvatarImageView_state, showState);\n \n             a.recycle();\n         }\n@@ -110,11 +110,11 @@ protected void onDraw(Canvas canvas) {\n     }\n \n     @NonNull\n-    public String getInitial() {\n+    public String getText() {\n         return mInitial;\n     }\n \n-    public void setInitial(@Nullable String letter) {\n+    public void setText(@Nullable String letter) {\n         mInitial = extractInitial(letter);\n         updateTextBounds();\n         invalidate();\n@@ -134,12 +134,12 @@ public void setState(@State int state) {\n         invalidate();\n     }\n \n-    @Dimension(unit = Dimension.PX)\n+    @Dimension\n     public float getTextSize() {\n         return mTextPaint.getTextSize();\n     }\n \n-    public void setTextSize(@Dimension(unit = Dimension.PX) float size) {\n+    public void setTextSize(@Dimension float size) {\n         mTextPaint.setTextSize(size);\n         updateTextBounds();\n         invalidate();"], "edit": ["-            initial = a.getString(R.styleable.AvatarImageView_avatar_text);", "-            textColor = a.getColor(R.styleable.AvatarImageView_avatar_textColor, textColor);", "-            textSize = a.getDimensionPixelSize(R.styleable.AvatarImageView_avatar_textSize, textSize);", "-            backgroundColor = a.getColor(R.styleable.AvatarImageView_avatar_backgroundColor, backgroundColor);", "-            showState = a.getInt(R.styleable.AvatarImageView_avatar_state, showState);", "+            initial = a.getString(R.styleable.AvatarImageView_text);", "+            textColor = a.getColor(R.styleable.AvatarImageView_textColor, textColor);", "+            textSize = a.getDimensionPixelSize(R.styleable.AvatarImageView_textSize, textSize);", "+            backgroundColor = a.getColor(R.styleable.AvatarImageView_avatarBackgroundColor, backgroundColor);", "+            showState = a.getInt(R.styleable.AvatarImageView_state, showState);", "-    public String getInitial() {", "+    public String getText() {", "-    public void setInitial(@Nullable String letter) {", "+    public void setText(@Nullable String letter) {", "-    @Dimension(unit = Dimension.PX)", "+    @Dimension", "-    public void setTextSize(@Dimension(unit = Dimension.PX) float size) {", "+    public void setTextSize(@Dimension float size) {"], "url": ["https://api.github.com/repos/abdularis/CircularImageView/commits/4ffe810b98744a79bebf91ce426e19a5538a23f6"]}