{"new_feature": "40,11,0,61,2,0.17", "commitmessage": "Simple search - fixed image link in README", "patch": ["@@ -2,7 +2,7 @@\n \n ## Search application overview\n \n-![Simple Search Application](//helpx.adobe.com/content/help/en/experience-manager/kt/sites/using/simple-search-implementation-guide/_jcr_content/main-pars/image_2094777936.img.png/simple-search-application.png)\n+![Simple Search Application](https://helpx.adobe.com/experience-manager/kt/sites/using/simple-search-implementation-guide/_jcr_content/main-pars/image_2094777936.img.png/simple-search-application.png)\n \n 1. **HTL** defines the **HTML** presentation layer, and uses **Sling Models** to obtain the the results to display.\r2. The **Sling Models** are Java data models that represent results.\r3. The **Predicate Factory OSGi services** collect and sanitize query parameters from the HTTP Request or the configured resources.\r4. Each **Provider OSGi service** is engages with AEM (QueryBuilder or Oak) to obtain results.\r5. **QueryBuilder** converts the provided query parameters to a Xpath query and executes the query.\r6. **Oak query engine** selects the best index for the query and collects results\r7. Custom **JavaScript** makes AJAX calls to collect JSON results\r    * Steps 2-6 in the above flow is invoked\r8. The **Sling Model Exporter** framework serializes the Sling Model results into JSON, for DOM injection by the JavaScript\r   * Powers Suggestions and Quick Links\r\n "], "edit": ["-![Simple Search Application](//helpx.adobe.com/content/help/en/experience-manager/kt/sites/using/simple-search-implementation-guide/_jcr_content/main-pars/image_2094777936.img.png/simple-search-application.png)", "+![Simple Search Application](https://helpx.adobe.com/experience-manager/kt/sites/using/simple-search-implementation-guide/_jcr_content/main-pars/image_2094777936.img.png/simple-search-application.png)"], "url": ["https://api.github.com/repos/Adobe-Marketing-Cloud/aem-guides/commits/5ad4a935aaf07ccdea0db21e040722e22713eac9"]}