{"new_feature": "1029,4,0,66,10,0.62", "commitmessage": "Fixed path not liked by Win2008.", "patch": ["@@ -41,7 +41,7 @@ FileRemoveDir, faban, 1\n FileRemoveDir, xanadu\r\n FileCreateDir, faban\r\n SetWorkingDir, faban\r\n-Run, %JavaHome%\\bin\\jar xf ../faban.war, , Hide\r\n+Run, %JavaHome%\\bin\\jar xf ..\\faban.war, , Hide\r\n \r\n SetWorkingDir, %PRGDIR%\r\n Run, %comspec% /c start \"Tomcat\" catalina.bat run %1% %2% %3% %4% %5%\r"], "edit": ["-Run, %JavaHome%\\bin\\jar xf ../faban.war, , Hide", "+Run, %JavaHome%\\bin\\jar xf ..\\faban.war, , Hide"], "url": ["https://api.github.com/repos/akara/faban/commits/5aee65cea5770a28186df9f80dff768d5a2f1e60"]}