{"new_feature": "540,2,25,135,7,0.97", "commitmessage": "fixes #3", "patch": ["@@ -34,6 +34,7 @@\n     private boolean disableFilter;\n     private boolean enableRipple;\n     private boolean renderBreadCrumb;\n+    private String rippleElements;\n \n \n     @PostConstruct\n@@ -68,6 +69,7 @@ protected void loadDefaults() {\n         disableFilter = Boolean.parseBoolean(getProperty(\"admin.disableFilter\"));\n         enableRipple = Boolean.parseBoolean(getProperty(\"admin.enableRipple\"));\n         renderBreadCrumb = Boolean.parseBoolean(getProperty(\"admin.renderBreadCrumb\"));\n+        rippleElements = getProperty(\"admin.rippleElements\");\n \n     }\n \n@@ -163,4 +165,12 @@ public boolean isRenderBreadCrumb() {\n     public void setRenderBreadCrumb(boolean renderBreadCrumb) {\n         this.renderBreadCrumb = renderBreadCrumb;\n     }\n+\n+    public String getRippleElements() {\n+        return rippleElements;\n+    }\n+\n+    public void setRippleElements(String rippleElements) {\n+        this.rippleElements = rippleElements;\n+    }\n }", "@@ -72,7 +72,7 @@\n                     <ui:fragment rendered=\"#{(adminConfig.renderBreadCrumb) and (empty renderBreadCrumb or renderBreadCrumb eq 'true') }\">\r\n                         <ol class=\"breadcrumb\">\r\n                             <li>\r\n-                                <p:link styleClass=\"ripplelink\" href=\"/\" onclick=\"clearBreadCrumbs();\">\r\n+                                <p:link href=\"/\" onclick=\"clearBreadCrumbs();\">\r\n                                     <i class=\"fa fa-home\"></i>\r\n                                     Home\r\n                                 </p:link>\r\n@@ -82,7 +82,7 @@\n                                     <h:panelGroup rendered=\"#{status.last}\">\r\n                                         #{b.title}\r\n                                     </h:panelGroup>\r\n-                                    <p:link styleClass=\"ripplelink\" href=\"#{b.link}\" rendered=\"#{not status.last}\" style=\"color: #3C8DBC\">\r\n+                                    <p:link href=\"#{b.link}\" rendered=\"#{not status.last}\" style=\"color: #3C8DBC\">\r\n                                         #{b.title}\r\n                                     </p:link>\r\n                                 </li>\r\n@@ -130,9 +130,7 @@\n                 window.onscroll = activateScrollToTop;\r\n             <ui:fragment rendered = \"#{adminConfig.enableRipple}\">\r\n                 /*<![CDATA[*/\r\n-                var rippleElements = '.ripplelink,button.ui-button,.ui-selectlistbox-item,.ui-multiselectlistbox-item,.ui-selectonemenu,.ui-selectcheckboxmenu,' +\r\n-                    '.ui-autocomplete,.ui-autocomplete-item,.ui-splitbutton-menubutton,.ui-splitbutton,.input-group,.ui-paginator-page,.ui-paginator-next,.ui-paginator-prev,' +\r\n-                    '.ui-chkbox-icon,.ui-radiobutton-icon,.ui-link,.form-control,.btn,.ui-sortable-column';\r\n+                var rippleElements = '#{adminConfig.rippleElements}';\r\n \r\n                 $(function () {\r\n                     $(document.body).off('mousedown.ripple', rippleElements)\r", "@@ -7,5 +7,9 @@ admin.breadcrumbSize=5\n admin.renderMessages=true\n admin.renderAjaxStatus=true\n admin.disableFilter=false\n-admin.enableRipple=true\n admin.renderBreadCrumb=true\n+admin.enableRipple=true\n+admin.rippleElements=.ripplelink,button.ui-button,.ui-selectlistbox-item,.ui-multiselectlistbox-item,.ui-selectonemenu,.ui-selectcheckboxmenu,\\\n+  .ui-autocomplete, .ui-autocomplete-item, .ui-splitbutton-menubutton, .ui-splitbutton,.input-group, .ui-selectbooleanbutton, \\\n+  div.ui-button,.ui-chkbox-icon, .ui-radiobutton-icon, .ui-link, .form-control, .btn, .ui-sortable-column,.ui-link, .ui-tabs-nav, \\\n+  .ui-accordion-header, .treeview, .sidebar-toggle"], "edit": ["+    private String rippleElements;", "+        rippleElements = getProperty(\"admin.rippleElements\");", "+", "+    public String getRippleElements() {", "+        return rippleElements;", "+    }", "+", "+    public void setRippleElements(String rippleElements) {", "+        this.rippleElements = rippleElements;", "+    }", "-                                <p:link styleClass=\"ripplelink\" href=\"/\" onclick=\"clearBreadCrumbs();\">", "+                                <p:link href=\"/\" onclick=\"clearBreadCrumbs();\">", "-                                    <p:link styleClass=\"ripplelink\" href=\"#{b.link}\" rendered=\"#{not status.last}\" style=\"color: #3C8DBC\">", "+                                    <p:link href=\"#{b.link}\" rendered=\"#{not status.last}\" style=\"color: #3C8DBC\">", "-                var rippleElements = '.ripplelink,button.ui-button,.ui-selectlistbox-item,.ui-multiselectlistbox-item,.ui-selectonemenu,.ui-selectcheckboxmenu,' +", "-                    '.ui-autocomplete,.ui-autocomplete-item,.ui-splitbutton-menubutton,.ui-splitbutton,.input-group,.ui-paginator-page,.ui-paginator-next,.ui-paginator-prev,' +", "-                    '.ui-chkbox-icon,.ui-radiobutton-icon,.ui-link,.form-control,.btn,.ui-sortable-column';", "+                var rippleElements = '#{adminConfig.rippleElements}';", "-admin.enableRipple=true", "+admin.enableRipple=true", "+admin.rippleElements=.ripplelink,button.ui-button,.ui-selectlistbox-item,.ui-multiselectlistbox-item,.ui-selectonemenu,.ui-selectcheckboxmenu,\\", "+  .ui-autocomplete, .ui-autocomplete-item, .ui-splitbutton-menubutton, .ui-splitbutton,.input-group, .ui-selectbooleanbutton, \\", "+  div.ui-button,.ui-chkbox-icon, .ui-radiobutton-icon, .ui-link, .form-control, .btn, .ui-sortable-column,.ui-link, .ui-tabs-nav, \\", "+  .ui-accordion-header, .treeview, .sidebar-toggle"], "url": ["https://api.github.com/repos/adminfaces/admin-template/commits/5b5f9e61953c15f4cff379e1c26efac5d1925c67"]}