{"new_feature": "852,1,0,121,25,0.20", "commitmessage": "Fix sending of header parameters for Netty client", "patch": ["@@ -96,7 +96,7 @@ private synchronized void tryInvocation(Channel channel)\n         }\n \n         try {\n-            invocationFuture = new ThriftRequest(request.getMethod(), request.getParameters());\n+            invocationFuture = new ThriftRequest(request.getMethod(), request.getParameters(), request.getHeaders());\n             channel.writeAndFlush(invocationFuture);\n             Futures.addCallback(invocationFuture, new FutureCallback<Object>()\n             {", "@@ -15,7 +15,6 @@\n  */\n package io.airlift.drift.transport.netty;\n \n-import com.google.common.collect.ImmutableMap;\n import com.google.common.util.concurrent.AbstractFuture;\n import io.airlift.drift.TException;\n import io.airlift.drift.protocol.TTransportException;\n@@ -34,6 +33,7 @@\n \n import java.util.Iterator;\n import java.util.List;\n+import java.util.Map;\n import java.util.OptionalInt;\n import java.util.concurrent.ConcurrentHashMap;\n import java.util.concurrent.atomic.AtomicBoolean;\n@@ -201,11 +201,13 @@ private void onError(ChannelHandlerContext context, Throwable throwable)\n     {\n         private final MethodMetadata method;\n         private final List<Object> parameters;\n+        private final Map<String, String> headers;\n \n-        public ThriftRequest(MethodMetadata method, List<Object> parameters)\n+        public ThriftRequest(MethodMetadata method, List<Object> parameters, Map<String, String> headers)\n         {\n             this.method = method;\n             this.parameters = parameters;\n+            this.headers = headers;\n         }\n \n         MethodMetadata getMethod()\n@@ -218,6 +220,11 @@ MethodMetadata getMethod()\n             return parameters;\n         }\n \n+        public Map<String, String> getHeaders()\n+        {\n+            return headers;\n+        }\n+\n         boolean isOneway()\n         {\n             return method.isOneway();\n@@ -266,7 +273,12 @@ ByteBuf encodeRequest(ByteBufAllocator allocator)\n                 throws Exception\n         {\n             try {\n-                return messageEncoding.writeRequest(allocator, sequenceId, thriftRequest.getMethod(), thriftRequest.getParameters(), ImmutableMap.of());\n+                return messageEncoding.writeRequest(\n+                        allocator,\n+                        sequenceId,\n+                        thriftRequest.getMethod(),\n+                        thriftRequest.getParameters(),\n+                        thriftRequest.getHeaders());\n             }\n             catch (Throwable throwable) {\n                 onChannelError(throwable);"], "edit": ["-            invocationFuture = new ThriftRequest(request.getMethod(), request.getParameters());", "+            invocationFuture = new ThriftRequest(request.getMethod(), request.getParameters(), request.getHeaders());", "-import com.google.common.collect.ImmutableMap;", "+import java.util.Map;", "+        private final Map<String, String> headers;", "-        public ThriftRequest(MethodMetadata method, List<Object> parameters)", "+        public ThriftRequest(MethodMetadata method, List<Object> parameters, Map<String, String> headers)", "+            this.headers = headers;", "+        public Map<String, String> getHeaders()", "+        {", "+            return headers;", "+        }", "+", "-                return messageEncoding.writeRequest(allocator, sequenceId, thriftRequest.getMethod(), thriftRequest.getParameters(), ImmutableMap.of());", "+                return messageEncoding.writeRequest(", "+                        allocator,", "+                        sequenceId,", "+                        thriftRequest.getMethod(),", "+                        thriftRequest.getParameters(),", "+                        thriftRequest.getHeaders());"], "url": ["https://api.github.com/repos/airlift/drift/commits/5b642f51a40dffb9cd937932b45bb7b912422977"]}