{"new_feature": "540,2,25,135,7,0.97", "commitmessage": "fixes #171", "patch": ["@@ -53,6 +53,7 @@\n     private boolean renderMenuSearch;\n     private boolean renderFormAsterisks;\n     private boolean closableLoading;\n+    private boolean enableMobileHeader;\n     //controlsidebar\n     private ControlSidebarConfig controlSidebar;\n     private String pageSuffix;\n@@ -110,6 +111,7 @@ protected void loadDefaults() {\n         rippleMobileOnly = Boolean.parseBoolean(getProperty(\"admin.rippleMobileOnly\"));\n         renderMenuSearch = Boolean.parseBoolean(getProperty(\"admin.renderMenuSearch\"));\n         renderFormAsterisks = Boolean.parseBoolean(getProperty(\"admin.renderFormAsterisks\"));\n+        enableMobileHeader = Boolean.parseBoolean(getProperty(\"admin.enableMobileHeader\"));\n         closableLoading = Boolean.parseBoolean(getProperty(\"admin.closableLoading\"));\n         messagesHideTimeout = getProperty(\"admin.messagesHideTimeout\");\n         leftMenuTemplate = Boolean.parseBoolean(getProperty(\"admin.controlSidebar.leftMenuTemplate\"));\n@@ -250,6 +252,14 @@ public void setControlSidebar(ControlSidebarConfig controlSidebarConfig) {\n         this.controlSidebar = controlSidebarConfig;\n     }\n \n+    public boolean isEnableMobileHeader() {\n+        return enableMobileHeader;\n+    }\n+\n+    public void setEnableMobileHeader(boolean enableMobileHeader) {\n+        this.enableMobileHeader = enableMobileHeader;\n+    }\n+\n     public boolean isRippleMobileOnly() {\n         return rippleMobileOnly;\n     }\n@@ -381,4 +391,4 @@ public boolean isClosableLoading() {\n     public void setClosableLoading(boolean closableLoading) {\n         this.closableLoading = closableLoading;\n     }\n-}\n+}\n\\ No newline at end of file", "@@ -577,6 +577,9 @@\n             });\n         </script>\n     </ui:fragment>\n+    <ui:fragment rendered=\"#{adminConfig.enableMobileHeader and (empty enableMobileHeader or enableMobileHeader)}\">\n+        <div id=\"enableMobileHeader\"></div>\n+    </ui:fragment>\n \n     <ui:fragment rendered=\"#{adminConfig.iconsEffect and (empty iconsEffect or iconsEffect)}\">\n         <script type=\"text/javascript\">", "@@ -54,6 +54,9 @@\n                     <div class=\"center-navbar\">\n                         <ui:insert name=\"center-header\"/>\n                     </div>\n+                     <div class=\"mobile-header\">\n+                        <h4></h4>\n+                     </div>\n                     <!-- /.navbar-custom-menu -->\n                 </div>\n                 <!-- /.container-fluid -->", "@@ -31,6 +31,9 @@\n             <div class=\"center-navbar\">\n                 <ui:insert name=\"center-header\"/>\n             </div>\n+            <div class=\"mobile-header\">\n+                <h4></h4>\n+            </div>\n         </nav>\n     </ui:define>\n ", "@@ -40,7 +40,6 @@ function saveCurrentActivatedUrl(url) {\n         //console.log(\"saving :\" + url);\n         localStorage.setItem(\"activatedMenuUrl\", url);\n     }\n-\n }\n \n /* set active style in menu based on current url */\n@@ -51,6 +50,12 @@ function activateMenu(url, activated) {\n         //console.log(\"activePage:\" + activePage +\" currentPage:\" + currentPage);\n         if (activePage == currentPage) {\n             $(this).parent().addClass('active');\n+            if(isMobile() && $('#enableMobileHeader').length) {\n+                $('.mobile-header > h4').html($(this).html());\n+                if($('.mobile-header > h4 span.label').length) {\n+                    $('.mobile-header > h4 span.label').remove();\n+                }\n+            }\n             activated = true;\n         } else {\n             $(this).parent().removeClass('active');\n@@ -291,7 +296,6 @@ function isMobile() {\n     return (typeof mq != 'undefined' && mq.matches);\n }\n \n-\n function activateScrollToTop() {\n     if (isMobile() && window.pageYOffset > 400) {\n         $('#scrollTop').show(500);", "@@ -22,6 +22,7 @@ admin.controlSidebar.fixed=false\n admin.controlSidebar.darkSkin=true\n admin.autoHideMessages=true\n admin.renderFormAsterisks=false\n+admin.enableMobileHeader=true\n admin.closableLoading=true\n admin.messagesHideTimeout=2500\n admin.skin=skin-blue"], "edit": ["+    private boolean enableMobileHeader;", "+        enableMobileHeader = Boolean.parseBoolean(getProperty(\"admin.enableMobileHeader\"));", "+    public boolean isEnableMobileHeader() {", "+        return enableMobileHeader;", "+    }", "+", "+    public void setEnableMobileHeader(boolean enableMobileHeader) {", "+        this.enableMobileHeader = enableMobileHeader;", "+    }", "+", "-}", "+}", "+    <ui:fragment rendered=\"#{adminConfig.enableMobileHeader and (empty enableMobileHeader or enableMobileHeader)}\">", "+        <div id=\"enableMobileHeader\"></div>", "+    </ui:fragment>", "+                     <div class=\"mobile-header\">", "+                        <h4></h4>", "+                     </div>", "+            <div class=\"mobile-header\">", "+                <h4></h4>", "+            </div>", "-", "+            if(isMobile() && $('#enableMobileHeader').length) {", "+                $('.mobile-header > h4').html($(this).html());", "+                if($('.mobile-header > h4 span.label').length) {", "+                    $('.mobile-header > h4 span.label').remove();", "+                }", "+            }", "-", "+admin.enableMobileHeader=true"], "url": ["https://api.github.com/repos/adminfaces/admin-template/commits/5b80e55ca85fc1b6f8cee536e6ee39fbb0215520"]}