{"new_feature": "1029,4,0,66,10,0.62", "commitmessage": "Fixed bug for zero-length run sequence file. Should no longer throw an IndexOutOfBoundsException.", "patch": ["@@ -17,7 +17,7 @@\n  * your own identifying information:\n  * \"Portions Copyrighted [year] [name of copyright owner]\"\n  *\n- * $Id: MasterImpl.java,v 1.4 2006/10/19 18:48:19 akara Exp $\n+ * $Id: MasterImpl.java,v 1.5 2006/11/14 06:12:06 akara Exp $\n  *\n  * Copyright 2005 Sun Microsystems Inc. All Rights Reserved\n  */\n@@ -283,7 +283,7 @@ protected void postRun() throws Exception {\n      * @param increment Whether the file shall be incremented or not\n      */\n     public String getRunID(boolean increment) throws IOException{\n-        int runID;\n+        int runID = -1;\n \n         String seqFileName = homeDir + fs +\n                 benchDef.name.toLowerCase() + \".seq\";\n@@ -309,14 +309,16 @@ public String getRunID(boolean increment) throws IOException{\n                         \"file \" + seqFileName + '.', e);\n                 throw e;\n             }\n-            // Strip off the newlines\n-            if (buffer[length - 1] == '\\n')\n-                --length;\n-            if (buffer[length - 1] == '\\r')\n-                --length;\n-            runID = Integer.parseInt(new String(buffer, 0, length));\n+            if (length > 0) {\n+                // Strip off the newlines\n+                if (buffer[length - 1] == '\\n')\n+                    --length;\n+                if (buffer[length - 1] == '\\r')\n+                    --length;\n+                runID = Integer.parseInt(new String(buffer, 0, length));\n+            }\n         }\n-        else {\n+        if (runID == -1) {\n             if (increment) // Only create file in case we increment it\n                 try {\n                     seqFile.createNewFile();"], "edit": ["- * $Id: MasterImpl.java,v 1.4 2006/10/19 18:48:19 akara Exp $", "+ * $Id: MasterImpl.java,v 1.5 2006/11/14 06:12:06 akara Exp $", "-        int runID;", "+        int runID = -1;", "-            // Strip off the newlines", "-            if (buffer[length - 1] == '\\n')", "-                --length;", "-            if (buffer[length - 1] == '\\r')", "-                --length;", "-            runID = Integer.parseInt(new String(buffer, 0, length));", "+            if (length > 0) {", "+                // Strip off the newlines", "+                if (buffer[length - 1] == '\\n')", "+                    --length;", "+                if (buffer[length - 1] == '\\r')", "+                    --length;", "+                runID = Integer.parseInt(new String(buffer, 0, length));", "+            }", "-        else {", "+        if (runID == -1) {"], "url": ["https://api.github.com/repos/akara/faban/commits/5b8dbf8acfa884180ea15d75a55eb4ddf553d008"]}