{"new_feature": "1029,4,0,66,10,0.62", "commitmessage": "Fixed issue#36: logging.properties get currupted in NFS setup\nChanged logging<hostname>.properties to logging.hostname.properties for better readability.", "patch": ["@@ -17,7 +17,7 @@\n  * your own identifying information:\n  * \"Portions Copyrighted [year] [name of copyright owner]\"\n  *\n- * $Id: AgentBootstrap.java,v 1.15 2009/01/14 19:03:59 sheetalpatil Exp $\n+ * $Id: AgentBootstrap.java,v 1.16 2009/01/14 20:09:00 sheetalpatil Exp $\n  *\n  * Copyright 2005 Sun Microsystems Inc. All Rights Reserved\n  */\n@@ -175,7 +175,7 @@ private static synchronized void startAgents(String[] args)\n                                                         fs + \"faban.policy\");\n         host = InetAddress.getLocalHost().getHostName();\n         jvmOptions.add(\"-Djava.util.logging.config.file=\" + escapedHome +\n-                                        \"config\" + fs + \"logging\" + host +\n+                                        \"config\" + fs + \"logging.\" + host +\n                                         \".properties\");\n \n         // There may be optional JVM args\n@@ -446,13 +446,13 @@ private static void setLogger() {\n                  log.getProperty(\"java.util.logging.SocketHandler.port\", \"\").\n                     equals(String.valueOf(Config.LOGGING_PORT)))){\n \n-                logger.fine(\"Updating \" + Config.CONFIG_DIR + \"logging\" +\n+                logger.fine(\"Updating \" + Config.CONFIG_DIR + \"logging.\" +\n                                            host + \".properties\");\n                 log.setProperty(\"java.util.logging.SocketHandler.host\", master);\n                 log.setProperty(\"java.util.logging.SocketHandler.port\",\n                                         String.valueOf(Config.LOGGING_PORT));\n                 FileOutputStream out = new FileOutputStream(\n-                        new File(Config.CONFIG_DIR + \"logging\" + host +\n+                        new File(Config.CONFIG_DIR + \"logging.\" + host +\n                                                                 \".properties\"));\n                 log.store(out, \"Faban logging properties\");\n                 out.close();\n@@ -467,7 +467,7 @@ private static void setLogger() {\n     private static void resetLogger() {\n         try {\n             FileOutputStream out = new FileOutputStream(\n-                    new File(Config.CONFIG_DIR + \"logging\" + host +\n+                    new File(Config.CONFIG_DIR + \"logging.\" + host +\n                                                              \".properties\"));\n             origLogProperties.store(out, \"Faban logging properties\");\n             out.close();"], "edit": ["- * $Id: AgentBootstrap.java,v 1.15 2009/01/14 19:03:59 sheetalpatil Exp $", "+ * $Id: AgentBootstrap.java,v 1.16 2009/01/14 20:09:00 sheetalpatil Exp $", "-                                        \"config\" + fs + \"logging\" + host +", "+                                        \"config\" + fs + \"logging.\" + host +", "-                logger.fine(\"Updating \" + Config.CONFIG_DIR + \"logging\" +", "+                logger.fine(\"Updating \" + Config.CONFIG_DIR + \"logging.\" +", "-                        new File(Config.CONFIG_DIR + \"logging\" + host +", "+                        new File(Config.CONFIG_DIR + \"logging.\" + host +", "-                    new File(Config.CONFIG_DIR + \"logging\" + host +", "+                    new File(Config.CONFIG_DIR + \"logging.\" + host +"], "url": ["https://api.github.com/repos/akara/faban/commits/5b9599e8d66f20d9952516f74273a244eda79e07"]}