{"new_feature": "1227,9,21,922,30,0.46", "commitmessage": "Fix build dependency\n\nSigned-off-by: Andrew DeMaria <lostonamountain@gmail.com>", "patch": ["@@ -38,6 +38,10 @@\n             <scope>test</scope>\n         </dependency>\n \n+        <dependency>\n+            <groupId>org.springframework</groupId>\n+            <artifactId>spring-core</artifactId>\n+        </dependency>\n \n         <dependency>\n             <groupId>org.springframework</groupId>", "@@ -95,6 +95,11 @@\n \n     <dependencyManagement>\n         <dependencies>\n+            <dependency>\n+                <groupId>org.springframework</groupId>\n+                <artifactId>spring-core</artifactId>\n+                <version>${spring.version}</version>\n+            </dependency>\n             <dependency>\n                 <groupId>org.springframework</groupId>\n                 <artifactId>spring-webmvc</artifactId>"], "edit": ["+        <dependency>", "+            <groupId>org.springframework</groupId>", "+            <artifactId>spring-core</artifactId>", "+        </dependency>", "+            <dependency>", "+                <groupId>org.springframework</groupId>", "+                <artifactId>spring-core</artifactId>", "+                <version>${spring.version}</version>", "+            </dependency>"], "url": ["https://api.github.com/repos/airsonic/airsonic/commits/5ba7e77e11ff5441e8b507755c0787db485a6d27"]}