{"new_feature": "2276,1,0,88,30,0.08", "commitmessage": "MapViewer Cell Info Display Fix\n\nAdd MCC & MNC details to the Map Marker display window for local database\ncell information, this was already displayed for OpenCellID Cell info\nbut was not added to the tracked cell details loaded from the local\ndatabase.", "patch": ["@@ -335,6 +335,8 @@ private void loadEntries() {\n                 final int cellID = c.getInt(0);\n                 final int lac = c.getInt(1);\n                 final int net = c.getInt(2);\n+                final int mcc = c.getInt(6);\n+                final int mnc = c.getInt(7);\n                 final double dlat = Double.parseDouble(c.getString(3));\n                 final double dlng = Double.parseDouble(c.getString(4));\n                 if (dlat == 0.0 && dlng == 0.0) {\n@@ -402,7 +404,7 @@ private void loadEntries() {\n                             .draggable(false)\n                             .title(\"CellID - \" + cellID));\n                     mMarkerMap.put(marker, new MarkerData(\"\" + cellID, \"\" + loc.latitude,\n-                            \"\" + loc.longitude, \"\" + lac, \"\", \"\", \"\", false));\n+                            \"\" + loc.longitude, \"\" + lac, \"\" + mcc, \"\" + mnc, \"\", false));\n                 }\n \n             } while (c.moveToNext());"], "edit": ["+                final int mcc = c.getInt(6);", "+                final int mnc = c.getInt(7);", "-                            \"\" + loc.longitude, \"\" + lac, \"\", \"\", \"\", false));", "+                            \"\" + loc.longitude, \"\" + lac, \"\" + mcc, \"\" + mnc, \"\", false));"], "url": ["https://api.github.com/repos/5GSD/AIMSICDL/commits/5bdc089e246e67c948495ff976c25452ec0e5a92"]}