{"new_feature": "1227,9,21,922,30,0.02", "commitmessage": "Update airsonic-main/src/test/java/org/airsonic/player/service/search/AnalyzerFactoryTestCase.java\r\n\r\nFix comment\n\nCo-Authored-By: jvoisin <jvoisin@users.noreply.github.com>", "patch": ["@@ -434,7 +434,7 @@ public void testUax29() {\n         assertEquals(\"cafe\", terms.get(3));\n         assertEquals(\"zimmermann\", terms.get(4));\n \n-        // Underbars around words and slashes\n+        // Underscores around words and slashes.\n         query = \"_ID3_ARTIST_ Sarah Walker/Nash Ensemble\";\n         terms = toTermString(query);\n         assertEquals(5, terms.size());"], "edit": ["-        // Underbars around words and slashes", "+        // Underscores around words and slashes."], "url": ["https://api.github.com/repos/airsonic/airsonic/commits/5bfc2320211536643544b6e708e97b5b3c9089e7"]}