{"new_feature": "2146,31,17,479,17,0.20", "commitmessage": "#289 fix the error handling when xa transaction error in prepare", "patch": ["@@ -34,9 +34,7 @@ public BackendConnection getBackConn() throws IOException {\n             return backConn;\n         } catch (InterruptedException e) {\n             LOGGER.warn(\"getBackConn \" + e);\n-            return null;\n-        } catch (IOException e) {\n-            throw e;\n+            throw new IOException(e.getMessage());\n         } finally {\n             lock.unlock();\n         }"], "edit": ["-            return null;", "-        } catch (IOException e) {", "-            throw e;", "+            throw new IOException(e.getMessage());"], "url": ["https://api.github.com/repos/actiontech/dble/commits/5c63bc9b27a670497ff1e3254c885e34e4eb8ad4"]}