{"new_feature": "2146,31,17,479,17,0.65", "commitmessage": "fix 315374f\n\n315374f fixed SelectedProcessor bug,but import new bug for GLOBAL JOIN", "patch": ["@@ -16,7 +16,7 @@\n import java.util.Map;\n \n /**\n- * push down merge/join's order by ,contains implicit order byi,eg:groupBy\n+ * push down merge/join's order by ,contains implicit order by,eg:groupBy\n  *\n  * @author ActionTech 2015-07-10\n  */", "@@ -237,7 +237,7 @@ public static boolean isERNode(PlanNode node) {\n     }\n \n     public static boolean isGlobalOrER(PlanNode node) {\n-        if (isGlobal(node)) {\n+        if (node.getNoshardNode() != null & node.type() != PlanNodeType.TABLE) {\n             return true;\n         } else {\n             return isERNode(node);"], "edit": ["- * push down merge/join's order by ,contains implicit order byi,eg:groupBy", "+ * push down merge/join's order by ,contains implicit order by,eg:groupBy", "-        if (isGlobal(node)) {", "+        if (node.getNoshardNode() != null & node.type() != PlanNodeType.TABLE) {"], "url": ["https://api.github.com/repos/actiontech/dble/commits/5c6a6f91b6bf8767a2bcedaf89247fac1620c6fa"]}