{"new_feature": "1050,1,6,586,29,0.62", "commitmessage": "Fixing a spelling error in the readme.", "patch": ["@@ -2,7 +2,7 @@\n \n Betamax is a tool for mocking external HTTP resources in your tests. The project was inspired by the [VCR](https://relishapp.com/vcr/vcr/docs) library for Ruby.\n \n-[The official Betamax](https://github.com/robfletcher/betamax) seems to have gone into disrepair, so the rival is in-progress.\n+[The official Betamax](https://github.com/robfletcher/betamax) seems to have gone into disrepair, so the revival is in-progress.\n \n Documentation will follow soon. Please feel free to [file an issue](https://github.com/cowboygneox/betamax/issues) if there is something you'd like to see.\n \n@@ -33,4 +33,4 @@ The existing cert did not use any custom values in the certificate, but for refe\n       [no]:  yes\n     \n     Enter key password for <betamax>\n-      (RETURN if same as keystore password):\n\\ No newline at end of file\n+      (RETURN if same as keystore password):"], "edit": ["-[The official Betamax](https://github.com/robfletcher/betamax) seems to have gone into disrepair, so the rival is in-progress.", "+[The official Betamax](https://github.com/robfletcher/betamax) seems to have gone into disrepair, so the revival is in-progress.", "-      (RETURN if same as keystore password):", "+      (RETURN if same as keystore password):"], "url": ["https://api.github.com/repos/airbnb/okreplay/commits/5cbfffdd64abbc9f0d7d8beedf9c7371f953dc26"]}