{"new_feature": "699,1,173,91,9,0.99", "commitmessage": "fix(cordova-android): revert back to use <config-file />", "patch": ["@@ -16,11 +16,11 @@\n         <preference name=\"APP_ID_ANDROID\" default=\"test\" />\n         <preference name=\"PLAY_SERVICES_VERSION\" default=\"+\" />\n \n-        <edit-config target=\"AndroidManifest.xml\" parent=\"/manifest/application/meta-data[@android:name='com.google.android.gms.ads.APPLICATION_ID']\" mode=\"overwrite\">\n+        <config-file target=\"AndroidManifest.xml\" parent=\"/manifest/application\">\n             <meta-data\n                 android:name=\"com.google.android.gms.ads.APPLICATION_ID\"\n                 android:value=\"$APP_ID_ANDROID\" />\n-        </edit-config>\n+        </config-file>\n \n         <config-file target=\"res/xml/config.xml\" parent=\"/*\">\n             <feature name=\"AdMob\">"], "edit": ["-        <edit-config target=\"AndroidManifest.xml\" parent=\"/manifest/application/meta-data[@android:name='com.google.android.gms.ads.APPLICATION_ID']\" mode=\"overwrite\">", "+        <config-file target=\"AndroidManifest.xml\" parent=\"/manifest/application\">", "-        </edit-config>", "+        </config-file>"], "url": ["https://api.github.com/repos/admob-plus/admob-plus/commits/5cc5ecc505f680ed58f89684050d061959ec7aa0"]}