{"new_feature": "699,1,173,91,9,0.99", "commitmessage": "fix(cordova-ios): add banner view only once", "patch": ["@@ -13,11 +13,11 @@ class AMSBanner: AMSAdBase, GADBannerViewDelegate {\n             bannerView.isHidden = false\n         } else {\n             bannerView = GADBannerView(adSize: kGADAdSizeBanner)\n+            bannerView.delegate = self\n+            addBannerViewToView(bannerView)\n+            bannerView.rootViewController = plugin.viewController\n         }\n \n-        bannerView.delegate = self\n-        addBannerViewToView(bannerView)\n-        bannerView.rootViewController = plugin.viewController\n         bannerView.adUnitID = adUnitID\n         let request = createGADRequest()\n         bannerView.load(request)"], "edit": ["+            bannerView.delegate = self", "+            addBannerViewToView(bannerView)", "+            bannerView.rootViewController = plugin.viewController", "-        bannerView.delegate = self", "-        addBannerViewToView(bannerView)", "-        bannerView.rootViewController = plugin.viewController"], "url": ["https://api.github.com/repos/admob-plus/admob-plus/commits/5cc6e8782dde0b03524e754acfcc0b96595bb555"]}