{"new_feature": "2146,31,17,479,17,0.20", "commitmessage": "Union fix (#672)\n\n* Union fix\r\n\r\n* Union push down do not set pushDownName to null", "patch": ["@@ -312,6 +312,17 @@ protected void setUpSelects() {\n         outerFields.clear();\n         nameContext.setFindInSelect(false);\n         nameContext.setSelectFirst(false);\n+        if (parent instanceof MergeNode) {\n+            if (parent.getChildren().get(1) != null && parent.getChildren().get(1) == this) {\n+                List<Item> alaisList = parent.getChildren().get(0).getColumnsSelected();\n+                for (int i = 0; i < columnsSelected.size(); i++) {\n+                    Item sel = columnsSelected.get(i);\n+                    Item beforeUnion = alaisList.get(i);\n+                    sel.setAlias(beforeUnion.getAlias() == null ? beforeUnion.getItemName() : beforeUnion.getAlias());\n+                }\n+            }\n+        }\n+\n         for (Item sel : columnsSelected) {\n             setUpItem(sel);\n             NamedField field = makeOutNamedField(sel);", "@@ -312,7 +312,6 @@ private static ItemFunc pushFunctionToUnionChild(ItemFunc toPush, Map<String, In\n             Item pushedArg = pushItemToUnionChild(arg, colIndexs, childSelects);\n             func.arguments().set(index, pushedArg);\n         }\n-        func.setPushDownName(null);\n         refreshReferTables(func);\n         return func;\n     }"], "edit": ["+        if (parent instanceof MergeNode) {", "+            if (parent.getChildren().get(1) != null && parent.getChildren().get(1) == this) {", "+                List<Item> alaisList = parent.getChildren().get(0).getColumnsSelected();", "+                for (int i = 0; i < columnsSelected.size(); i++) {", "+                    Item sel = columnsSelected.get(i);", "+                    Item beforeUnion = alaisList.get(i);", "+                    sel.setAlias(beforeUnion.getAlias() == null ? beforeUnion.getItemName() : beforeUnion.getAlias());", "+                }", "+            }", "+        }", "+", "-        func.setPushDownName(null);"], "url": ["https://api.github.com/repos/actiontech/dble/commits/5cc94e2db92091625ebd890b700a30c579f86ac0"]}