{"new_feature": "3619,54,46,449,30,0.94", "commitmessage": "use getFullPath utility method which should fix issue865", "patch": ["@@ -9,11 +9,11 @@\n import java.io.InputStream;\n import java.util.Arrays;\n \n-import org.apache.commons.io.FilenameUtils;\n import org.slf4j.Logger;\n import org.slf4j.LoggerFactory;\n \n import ro.isdc.wro.manager.factory.standalone.StandaloneContext;\n+import ro.isdc.wro.util.WroUtil;\n \n \n /**\n@@ -63,7 +63,7 @@ public InputStream locate(final String uri)\n   private InputStream locateStreamWithContextFolder(final String uri, final String contextFolder)\n       throws IOException, FileNotFoundException {\n     if (getWildcardStreamLocator().hasWildcard(uri)) {\n-      final String fullPath = FilenameUtils.getFullPath(uri);\n+      final String fullPath = WroUtil.getFullPath(uri);\n       final String realPath = contextFolder + fullPath;\n       return getWildcardStreamLocator().locateStream(uri, new File(realPath));\n     }", "@@ -13,7 +13,6 @@\n import java.util.Stack;\n import java.util.concurrent.ConcurrentHashMap;\n \n-import org.apache.commons.io.FilenameUtils;\n import org.apache.commons.io.IOUtils;\n import org.apache.commons.lang3.Validate;\n import org.apache.commons.lang3.tuple.ImmutablePair;\n@@ -33,6 +32,7 @@\n import ro.isdc.wro.model.resource.processor.ResourcePreProcessor;\n import ro.isdc.wro.model.resource.processor.support.CssImportInspector;\n import ro.isdc.wro.util.StringUtils;\n+import ro.isdc.wro.util.WroUtil;\n \n \n /**\n@@ -203,7 +203,7 @@ private Resource createImportedResource(final String resourceUri, final String i\n    * @return absolute url of the resource to import.\n    */\n   private String computeAbsoluteUrl(final String relativeResourceUri, final String importUrl) {\n-    final String folder = FilenameUtils.getFullPath(relativeResourceUri);\n+    final String folder = WroUtil.getFullPath(relativeResourceUri);\n     // remove '../' & normalize the path.\n     final String absoluteImportUrl = StringUtils.cleanPath(folder + importUrl);\n     return absoluteImportUrl;", "@@ -22,6 +22,7 @@\n import ro.isdc.wro.model.group.Inject;\r\n import ro.isdc.wro.model.resource.locator.factory.UriLocatorFactory;\r\n import ro.isdc.wro.model.resource.processor.support.DataUriGenerator;\r\n+import ro.isdc.wro.util.WroUtil;\r\n \r\n \r\n /**\r\n@@ -82,7 +83,7 @@ protected String replaceImageUrl(final String cssUri, final String imageUrl) {\n      * This should not be allowed.\r\n      */\r\n     if (isImageUrlChangeRequired(cleanImageUrl)) {\r\n-      fullPath = FilenameUtils.getFullPath(cssUri) + cleanImageUrl;\r\n+      fullPath = WroUtil.getFullPath(cssUri) + cleanImageUrl;\r\n     }\r\n     String result = imageUrl;\r\n     InputStream is = null;\r"], "edit": ["-import org.apache.commons.io.FilenameUtils;", "+import ro.isdc.wro.util.WroUtil;", "-      final String fullPath = FilenameUtils.getFullPath(uri);", "+      final String fullPath = WroUtil.getFullPath(uri);", "-import org.apache.commons.io.FilenameUtils;", "+import ro.isdc.wro.util.WroUtil;", "-    final String folder = FilenameUtils.getFullPath(relativeResourceUri);", "+    final String folder = WroUtil.getFullPath(relativeResourceUri);", "+import ro.isdc.wro.util.WroUtil;", "-      fullPath = FilenameUtils.getFullPath(cssUri) + cleanImageUrl;", "+      fullPath = WroUtil.getFullPath(cssUri) + cleanImageUrl;"], "url": ["https://api.github.com/repos/alexo/wro4j/commits/5d36f78e259c8381772bf0d7f3c911c345229539"]}