{"new_feature": "1227,9,21,922,30,0.46", "commitmessage": "Add token to m3u controller to fix #419\n\nSigned-off-by: Andrew DeMaria <lostonamountain@gmail.com>", "patch": ["@@ -22,16 +22,17 @@\n import org.libresonic.player.domain.MediaFile;\n import org.libresonic.player.domain.PlayQueue;\n import org.libresonic.player.domain.Player;\n+import org.libresonic.player.service.JWTSecurityService;\n import org.libresonic.player.service.NetworkService;\n import org.libresonic.player.service.PlayerService;\n-import org.libresonic.player.service.SettingsService;\n import org.libresonic.player.service.TranscodingService;\n import org.libresonic.player.util.StringUtil;\n import org.springframework.beans.factory.annotation.Autowired;\n import org.springframework.stereotype.Controller;\n import org.springframework.web.bind.annotation.RequestMapping;\n import org.springframework.web.bind.annotation.RequestMethod;\n import org.springframework.web.servlet.ModelAndView;\n+import org.springframework.web.util.UriComponentsBuilder;\n \n import javax.servlet.http.HttpServletRequest;\n import javax.servlet.http.HttpServletResponse;\n@@ -52,9 +53,9 @@\n     @Autowired\n     private PlayerService playerService;\n     @Autowired\n-    private SettingsService settingsService;\n-    @Autowired\n     private TranscodingService transcodingService;\n+    @Autowired\n+    private JWTSecurityService jwtSecurityService;\n \n     @RequestMapping(method = RequestMethod.GET)\n     public ModelAndView handleRequest(HttpServletRequest request, HttpServletResponse response) throws Exception {\n@@ -89,7 +90,12 @@ private void createClientSidePlaylist(PrintWriter out, Player player, String url\n                 duration = -1;\n             }\n             out.println(\"#EXTINF:\" + duration + \",\" + mediaFile.getArtist() + \" - \" + mediaFile.getTitle());\n-            out.println(url + \"player=\" + player.getId() + \"&id=\" + mediaFile.getId() + \"&suffix=.\" + transcodingService.getSuffix(player, mediaFile, null));\n+\n+            String urlNoAuth = url +  \"player=\" + player.getId() + \"&id=\" + mediaFile.getId() + \"&suffix=.\" +\n+                    transcodingService.getSuffix(player, mediaFile, null);\n+            String urlWithAuth = jwtSecurityService.addJWTToken(UriComponentsBuilder.fromUriString(urlNoAuth)).build().toUriString();\n+            out.println(urlWithAuth);\n+            out.println();\n         }\n     }\n "], "edit": ["+import org.libresonic.player.service.JWTSecurityService;", "-import org.libresonic.player.service.SettingsService;", "+import org.springframework.web.util.UriComponentsBuilder;", "-    private SettingsService settingsService;", "-    @Autowired", "+    @Autowired", "+    private JWTSecurityService jwtSecurityService;", "-            out.println(url + \"player=\" + player.getId() + \"&id=\" + mediaFile.getId() + \"&suffix=.\" + transcodingService.getSuffix(player, mediaFile, null));", "+", "+            String urlNoAuth = url +  \"player=\" + player.getId() + \"&id=\" + mediaFile.getId() + \"&suffix=.\" +", "+                    transcodingService.getSuffix(player, mediaFile, null);", "+            String urlWithAuth = jwtSecurityService.addJWTToken(UriComponentsBuilder.fromUriString(urlNoAuth)).build().toUriString();", "+            out.println(urlWithAuth);", "+            out.println();"], "url": ["https://api.github.com/repos/airsonic/airsonic/commits/5d7f7e118141c66d4e62ab87d611b1f40287fca2"]}