{"new_feature": "72,1,0,70,1,1.00", "commitmessage": "minor fix", "patch": ["@@ -6,8 +6,8 @@ android {\n         applicationId \"com.aa65535.tabikaeruarchivemodifier\"\n         minSdkVersion 15\n         targetSdkVersion 27\n-        versionCode 5\n-        versionName \"1.1.1\"\n+        versionCode 6\n+        versionName \"1.1.2\"\n         testInstrumentationRunner \"android.support.test.runner.AndroidJUnitRunner\"\n     }\n     signingConfigs {", "@@ -75,7 +75,8 @@ private void pickArchive() {\n                 .withFileFilter(new String[]{\"sav\"})\n                 .withMutilyMode(false)\n                 .withChooseMode(true)\n-                .withStartPath(dataDir.getAbsolutePath())\n+                .withStartPath(archive.exists()\n+                        ? archive.getParentFile().getAbsolutePath() : dataDir.getAbsolutePath())\n                 .start();\n     }\n \n@@ -267,7 +268,7 @@ public void onTextChanged(CharSequence s, int start, int before, int count) {\n \n         @Override\n         public void afterTextChanged(Editable s) {\n-            button.setEnabled(!s.toString().equals(button.getTag()));\n+            button.setEnabled(s.length() > 0 && !s.toString().equals(button.getTag()));\n         }\n     }\n }"], "edit": ["-        versionCode 5", "-        versionName \"1.1.1\"", "+        versionCode 6", "+        versionName \"1.1.2\"", "-                .withStartPath(dataDir.getAbsolutePath())", "+                .withStartPath(archive.exists()", "+                        ? archive.getParentFile().getAbsolutePath() : dataDir.getAbsolutePath())", "-            button.setEnabled(!s.toString().equals(button.getTag()));", "+            button.setEnabled(s.length() > 0 && !s.toString().equals(button.getTag()));"], "url": ["https://api.github.com/repos/aa65535/TabikaeruArchiveModifier/commits/5e2fd187f7b09c9053b8d581ba210809c76546fb"]}