{"new_feature": "1029,4,0,66,10,0.62", "commitmessage": "Fixed residual issue from renaming core to engine.", "patch": ["@@ -19,7 +19,7 @@\n * your own identifying information:\n * \"Portions Copyrighted [year] [name of copyright owner]\"\n *\n-* $Id: build.xml,v 1.6 2009/05/04 19:22:57 akara Exp $\n+* $Id: build.xml,v 1.7 2009/06/23 17:14:15 akara Exp $\n *\n * Copyright 2005 Sun Microsystems Inc. All Rights Reserved\n -->\n@@ -160,7 +160,7 @@\n         description=\"Create rmi stubs and skeletons\">\n         <rmic base=\"${compile.output}\"\n               stubversion=\"${compiler.target.version}\"\n-              includes=\"**/core/*Impl.class\"/>\n+              includes=\"**/engine/*Impl.class\"/>\n     </target>\n \n     <target name=\"fabandriver.jar\" depends=\"rmic\""], "edit": ["-* $Id: build.xml,v 1.6 2009/05/04 19:22:57 akara Exp $", "+* $Id: build.xml,v 1.7 2009/06/23 17:14:15 akara Exp $", "-->", "-              includes=\"**/core/*Impl.class\"/>", "+              includes=\"**/engine/*Impl.class\"/>"], "url": ["https://api.github.com/repos/akara/faban/commits/5e3383562bc56fad1c443b616a46ce0c92359a4c"]}