{"new_feature": "1227,9,21,922,30,0.46", "commitmessage": "Fix maven profile mixup with sign/tomcat-embed\n\nSigned-off-by: Andrew DeMaria <lostonamountain@gmail.com>", "patch": ["@@ -598,25 +598,5 @@\n                 <boot.artifact.excludes>spring-boot-starter-tomcat</boot.artifact.excludes>\n             </properties>\n         </profile>\n-        <profile>\n-            <id>sign</id>\n-            <build>\n-                <plugins>\n-                    <plugin>\n-                        <groupId>org.apache.maven.plugins</groupId>\n-                        <artifactId>maven-gpg-plugin</artifactId>\n-                        <version>1.6</version>\n-                        <executions>\n-                            <execution>\n-                                <phase>package</phase>\n-                                <goals>\n-                                    <goal>sign</goal>\n-                                </goals>\n-                            </execution>\n-                        </executions>\n-                    </plugin>\n-                </plugins>\n-            </build>\n-        </profile>\n     </profiles>\n </project>", "@@ -293,5 +293,25 @@\n                 <module>install/docker</module>\n             </modules>\n         </profile>\n+        <profile>\n+            <id>sign</id>\n+            <build>\n+                <plugins>\n+                    <plugin>\n+                        <groupId>org.apache.maven.plugins</groupId>\n+                        <artifactId>maven-gpg-plugin</artifactId>\n+                        <version>1.6</version>\n+                        <executions>\n+                            <execution>\n+                                <phase>package</phase>\n+                                <goals>\n+                                    <goal>sign</goal>\n+                                </goals>\n+                            </execution>\n+                        </executions>\n+                    </plugin>\n+                </plugins>\n+            </build>\n+        </profile>\n     </profiles>\n </project>"], "edit": ["-        <profile>", "-            <id>sign</id>", "-            <build>", "-                <plugins>", "-                    <plugin>", "-                        <groupId>org.apache.maven.plugins</groupId>", "-                        <artifactId>maven-gpg-plugin</artifactId>", "-                        <version>1.6</version>", "-                        <executions>", "-                            <execution>", "-                                <phase>package</phase>", "-                                <goals>", "-                                    <goal>sign</goal>", "-                                </goals>", "-                            </execution>", "-                        </executions>", "-                    </plugin>", "-                </plugins>", "-            </build>", "-        </profile>", "+        <profile>", "+            <id>sign</id>", "+            <build>", "+                <plugins>", "+                    <plugin>", "+                        <groupId>org.apache.maven.plugins</groupId>", "+                        <artifactId>maven-gpg-plugin</artifactId>", "+                        <version>1.6</version>", "+                        <executions>", "+                            <execution>", "+                                <phase>package</phase>", "+                                <goals>", "+                                    <goal>sign</goal>", "+                                </goals>", "+                            </execution>", "+                        </executions>", "+                    </plugin>", "+                </plugins>", "+            </build>", "+        </profile>"], "url": ["https://api.github.com/repos/airsonic/airsonic/commits/5e47bc500e45d42401fe84ebb9362508720daea0"]}