{"new_feature": "41,1,0,128,1,1.00", "commitmessage": "fix", "patch": ["@@ -21,7 +21,7 @@\n username: admin@qq.com\n password: 12345678\n \n-\u6f14\u793a\u5730\u5740\uff1ahttp://www.liangbaikai.xin\n+\u6f14\u793a\u5730\u5740\uff1ahttp://www.lq0.top\n \n \u5176\u4ed6\uff1a\n 1\u3001\u5982\u679c\u6682\u65f6\u4e0d\u60f3\u4f7f\u7528redis\uff0c\u5982\u4f55\u79fb\u9664\n@@ -53,3 +53,7 @@ SysUserService.java\u91cc\u7684save() \u65b9\u6cd5\u91cc\u9700\u8981\u79fb\u9664 password = \"12345678\";\n 7. \u65e0\u8bba\u4f60\u662f\u524d\u7aef \u540e\u7aef\u8fd8\u662f\u8fd0\u7ef4 \u6216\u8005\u6d4b\u8bd5\uff0c\u6709\u5174\u8da3\u7684\u5c0f\u4f19\u4f34\u90fd\u53ef\u4ee5email\u6211\uff1a1144388620@qq.com \u540cQQ,\u6b22\u8fce\u6765\u64a9;\n    \u7531\u4e8e\u672c\u4eba\u6280\u672f\u80fd\u529b\u6709\u9650\uff0c\u672c\u9879\u76ee\u8fd8\u8bf7\u5404\u4f4d\u5927\u4f6c\u5634\u4e0b\u7559\u60c5;\n    \u771f\u8bda\u7684\u611f\u8c22\u60a8\u7684\u9605\u8bfb;\n+\n+\n+\n+", "@@ -4,20 +4,17 @@\n import com.lq.factory.ResponseEnvelopFactory;\n import com.lq.mapping.BeanMapper;\n import com.lq.model.SysAclModuleModel;\n-import com.lq.model.SysDeptModel;\n import com.lq.service.SysAclModuleService;\n import com.lq.vo.ResponseEnvelope;\n import com.lq.vo.SysAclModuleVO;\n import org.slf4j.Logger;\n import org.slf4j.LoggerFactory;\n+import org.springframework.beans.factory.annotation.Autowired;\n import org.springframework.data.domain.Page;\n import org.springframework.data.domain.PageImpl;\n-import org.springframework.beans.factory.annotation.Autowired;\n import org.springframework.data.domain.Pageable;\n-import org.springframework.web.bind.annotation.PathVariable;\n import org.springframework.web.bind.annotation.*;\n \n-\n import java.util.List;\n \n @RestController"], "edit": ["-\u6f14\u793a\u5730\u5740\uff1ahttp://www.liangbaikai.xin", "+\u6f14\u793a\u5730\u5740\uff1ahttp://www.lq0.top", "+", "+", "+", "+", "-import com.lq.model.SysDeptModel;", "+import org.springframework.beans.factory.annotation.Autowired;", "-import org.springframework.beans.factory.annotation.Autowired;", "-import org.springframework.web.bind.annotation.PathVariable;", "-"], "url": ["https://api.github.com/repos/1144388620lq/permission/commits/5ef32c036e370d7a098b44250cd331d075cfc402"]}