{"new_feature": "1227,9,21,922,30,0.46", "commitmessage": "Fix for #455 : add a tooltip to inform that folders starting with a dot are ignored in scan.", "patch": ["@@ -858,6 +858,9 @@ helppopup.smtpEncryption.text = <p>The encryption method to be used to connect t\n helppopup.smtpFrom.title = From address\n helppopup.smtpFrom.text = <p>The sender address for mails originating from the Libresonic server. Must be a valid e-mail address.</p>\n \n+helppopup.scanMediaFolders.title = Media folders scanning rules\n+helppopup.scanMediaFolders.text = <p>Note that any subfolder whose name starts with a dot (.) or @eaDir is ignored. Also all Thumbs.db files are.</p>\n+\n # wap/index.jsp\n wap.index.missing = No music found\n wap.index.playlist = Playlist", "@@ -19,6 +19,9 @@\n     </script>\n </head>\n <body class=\"mainframe bgcolor1\" onload=\"init()\">\n+<script type=\"text/javascript\" src=\"<c:url value=\"/script/wz_tooltip.js\"/>\"></script>\n+<script type=\"text/javascript\" src=\"<c:url value=\"/script/tip_balloon.js\"/>\"></script>\n+\n \n <c:import url=\"settingsHeader.jsp\">\n     <c:param name=\"cat\" value=\"musicFolder\"/>\n@@ -89,7 +92,12 @@\n         </span>\n     </div>\n \n-    <p class=\"forward\"><a href=\"musicFolderSettings.view?scanNow\"><fmt:message key=\"musicfoldersettings.scannow\"/></a></p>\n+    <table>\n+        <tr>\n+            <td><div class=\"forward\"><a href=\"musicFolderSettings.view?scanNow\"><fmt:message key=\"musicfoldersettings.scannow\"/></a></div></td>\n+            <td><c:import url=\"helpToolTip.jsp\"><c:param name=\"topic\" value=\"scanMediaFolders\"/></c:import></td>\n+        </tr>\n+    </table>\n \n     <c:if test=\"${command.scanning}\">\n         <p style=\"width:60%\"><b><fmt:message key=\"musicfoldersettings.nowscanning\"/></b></p>"], "edit": ["+helppopup.scanMediaFolders.title = Media folders scanning rules", "+helppopup.scanMediaFolders.text = <p>Note that any subfolder whose name starts with a dot (.) or @eaDir is ignored. Also all Thumbs.db files are.</p>", "+", "+<script type=\"text/javascript\" src=\"<c:url value=\"/script/wz_tooltip.js\"/>\"></script>", "+<script type=\"text/javascript\" src=\"<c:url value=\"/script/tip_balloon.js\"/>\"></script>", "+", "-    <p class=\"forward\"><a href=\"musicFolderSettings.view?scanNow\"><fmt:message key=\"musicfoldersettings.scannow\"/></a></p>", "+    <table>", "+        <tr>", "+            <td><div class=\"forward\"><a href=\"musicFolderSettings.view?scanNow\"><fmt:message key=\"musicfoldersettings.scannow\"/></a></div></td>", "+            <td><c:import url=\"helpToolTip.jsp\"><c:param name=\"topic\" value=\"scanMediaFolders\"/></c:import></td>", "+        </tr>", "+    </table>"], "url": ["https://api.github.com/repos/airsonic/airsonic/commits/5f2ec54178e68f86b26db338a33caf322d5aa86d"]}