{"new_feature": "540,2,25,135,7,0.97", "commitmessage": "fixes #24", "patch": ["@@ -145,10 +145,11 @@\n         <!-- slide in/out menu integration  -->\n         <h:outputScript library=\"js\" name=\"slideout.min.js\" target=\"head\" rendered=\"#{adminConfig.enableSlideMenu}\"/>\n         <h:outputScript library=\"js\" name=\"adminslide.js\" target=\"head\" rendered=\"#{adminConfig.enableSlideMenu}\"/>\n-        <ui:fragment rendered=\"#{not adminConfig.enableSlideMenu}\">\n+        <ui:fragment rendered=\"#{not adminConfig.enableSlideMenu or not empty enableSlideMenu and enableSlideMenu eq 'false'}\">\n             <script type=\"text/javascript\">\n                 $(document).ready(function () {\n                     $('.slideout-menu').removeClass('slideout-menu');\n+                    $('.slideout-panel').removeClass('slideout-panel');\n                 });\n \n             </script>"], "edit": ["-        <ui:fragment rendered=\"#{not adminConfig.enableSlideMenu}\">", "+        <ui:fragment rendered=\"#{not adminConfig.enableSlideMenu or not empty enableSlideMenu and enableSlideMenu eq 'false'}\">", "+                    $('.slideout-panel').removeClass('slideout-panel');"], "url": ["https://api.github.com/repos/adminfaces/admin-template/commits/5f8194a98b6a0d12788811993db879b3173e29a1"]}