{"new_feature": "579,12,7,51,15,0.56", "commitmessage": "fix link error\n\nfix link error", "patch": ["@@ -1,8 +1,8 @@\n # 1.dble\u914d\u7f6e\u6587\u4ef6\u57fa\u7840   \n + \u914d\u7f6e\u6587\u6863\u5217\u8868\u4ee5\u53ca\u76f8\u5173\u5bf9\u5e94\u529f\u80fd\n     - [rule.xml](1.1_rule.xml.md):\u5206\u7247\u89c4\u5219\u5b9a\u4e49\n-    - [server.xml](1.2_schema.xml.md):dble server\u76f8\u5173\u53c2\u6570\u5b9a\u4e49\uff0c\u5305\u62ecdble\u6027\u80fd\uff0c\u5b9a\u65f6\u4efb\u52a1\uff0c\u7aef\u53e3\uff0c\u7528\u6237\u914d\u7f6e\u7b49\n-    - [schema.xml](1.3_server.xml.md):\u5177\u4f53\u5206\u7247\u5b9a\u4e49\uff0c\u89c4\u5b9atable\u548cschema\u4ee5\u53cadataNode\u4e4b\u95f4\u7684\u5173\u7cfb\uff0c\u6307\u5b9a\u6bcf\u4e2a\u8868\u683c\u4f7f\u7528\u54ea\u79cd\u7c7b\u578b\u7684\u5206\u7247\u65b9\u6cd5\uff0c\u5b9a\u4e49\u6bcf\u4e2adataNode\u7684\u8fde\u63a5\u4fe1\u606f\u7b49\n+    - [schema.xml](1.2_schema.xml.md):\u5177\u4f53\u5206\u7247\u5b9a\u4e49\uff0c\u89c4\u5b9atable\u548cschema\u4ee5\u53cadataNode\u4e4b\u95f4\u7684\u5173\u7cfb\uff0c\u6307\u5b9a\u6bcf\u4e2a\u8868\u683c\u4f7f\u7528\u54ea\u79cd\u7c7b\u578b\u7684\u5206\u7247\u65b9\u6cd5\uff0c\u5b9a\u4e49\u6bcf\u4e2adataNode\u7684\u8fde\u63a5\u4fe1\u606f\u7b49\n+    - [server.xml](1.3_server.xml.md):dble server\u76f8\u5173\u53c2\u6570\u5b9a\u4e49\uff0c\u5305\u62ecdble\u6027\u80fd\uff0c\u5b9a\u65f6\u4efb\u52a1\uff0c\u7aef\u53e3\uff0c\u7528\u6237\u914d\u7f6e\u7b49\n     - [wrapper.conf](1.4_wrapper.conf.md)\uff1awrapper\u914d\u7f6e\u6587\u4ef6\uff0c\u914d\u7f6e\u6709JVM\u865a\u62df\u673a\u7b49\u53c2\u6570\n     - [log4j.xml](1.5_log4j2.xml.md)\uff1alog4j2.xml\uff0c\u914d\u7f6e\u65e5\u5fd7\u53c2\u6570\n     - [cache\u914d\u7f6e](1.6_cache.md)\uff1a\u914d\u7f6e\u7f13\u5b58\u53c2\u6570"], "edit": ["+ \u914d\u7f6e\u6587\u6863\u5217\u8868\u4ee5\u53ca\u76f8\u5173\u5bf9\u5e94\u529f\u80fd", "- [rule.xml](1.1_rule.xml.md):\u5206\u7247\u89c4\u5219\u5b9a\u4e49", "-    - [server.xml](1.2_schema.xml.md):dble server\u76f8\u5173\u53c2\u6570\u5b9a\u4e49\uff0c\u5305\u62ecdble\u6027\u80fd\uff0c\u5b9a\u65f6\u4efb\u52a1\uff0c\u7aef\u53e3\uff0c\u7528\u6237\u914d\u7f6e\u7b49", "-    - [schema.xml](1.3_server.xml.md):\u5177\u4f53\u5206\u7247\u5b9a\u4e49\uff0c\u89c4\u5b9atable\u548cschema\u4ee5\u53cadataNode\u4e4b\u95f4\u7684\u5173\u7cfb\uff0c\u6307\u5b9a\u6bcf\u4e2a\u8868\u683c\u4f7f\u7528\u54ea\u79cd\u7c7b\u578b\u7684\u5206\u7247\u65b9\u6cd5\uff0c\u5b9a\u4e49\u6bcf\u4e2adataNode\u7684\u8fde\u63a5\u4fe1\u606f\u7b49", "+    - [schema.xml](1.2_schema.xml.md):\u5177\u4f53\u5206\u7247\u5b9a\u4e49\uff0c\u89c4\u5b9atable\u548cschema\u4ee5\u53cadataNode\u4e4b\u95f4\u7684\u5173\u7cfb\uff0c\u6307\u5b9a\u6bcf\u4e2a\u8868\u683c\u4f7f\u7528\u54ea\u79cd\u7c7b\u578b\u7684\u5206\u7247\u65b9\u6cd5\uff0c\u5b9a\u4e49\u6bcf\u4e2adataNode\u7684\u8fde\u63a5\u4fe1\u606f\u7b49", "+    - [server.xml](1.3_server.xml.md):dble server\u76f8\u5173\u53c2\u6570\u5b9a\u4e49\uff0c\u5305\u62ecdble\u6027\u80fd\uff0c\u5b9a\u65f6\u4efb\u52a1\uff0c\u7aef\u53e3\uff0c\u7528\u6237\u914d\u7f6e\u7b49", "- [wrapper.conf](1.4_wrapper.conf.md)\uff1awrapper\u914d\u7f6e\u6587\u4ef6\uff0c\u914d\u7f6e\u6709JVM\u865a\u62df\u673a\u7b49\u53c2\u6570", "- [log4j.xml](1.5_log4j2.xml.md)\uff1alog4j2.xml\uff0c\u914d\u7f6e\u65e5\u5fd7\u53c2\u6570", "- [cache\u914d\u7f6e](1.6_cache.md)\uff1a\u914d\u7f6e\u7f13\u5b58\u53c2\u6570"], "url": ["https://api.github.com/repos/actiontech/dble-docs-cn/commits/5f95807f95e917d382a41112a086fdf0f9617281"]}