{"new_feature": "1029,4,0,66,10,0.62", "commitmessage": "Fixed bug covering cases where the host field already exists, either with a value or without a value.", "patch": ["@@ -17,7 +17,7 @@\n  * your own identifying information:\n  * \"Portions Copyrighted [year] [name of copyright owner]\"\n  *\n- * $Id: XMLReader.java,v 1.9 2008/02/12 03:27:40 akara Exp $\n+ * $Id: XMLReader.java,v 1.10 2008/02/12 06:54:14 akara Exp $\n  *\n  * Copyright 2005 Sun Microsystems Inc. All Rights Reserved\n  */\n@@ -294,17 +294,19 @@ private void processHostPorts(Node hostPortNode) {\n         Node firstChild = hostConfig.getFirstChild();\n         Node hostsNode = firstChild;\n         if (hostsNode.getNodeType() != Node.ELEMENT_NODE ||\n-                !\"host\".equals(hostsNode.getNodeName()) ||\n+                hostsNode.getNodeName().endsWith(\":host\") ||\n                 !ParamReader.FABANURI.equals(hostsNode.getNamespaceURI())) {\n             hostsNode = null;\n             NodeList hostConfigNodes = hostConfig.getChildNodes();\n             int length = hostConfigNodes.getLength();\n             for (int i = 0; i < length; i++) {\n                 Node pHost = hostConfigNodes.item(i);\n+                String nodeName = pHost.getNodeName();\n                 if (pHost.getNodeType() == Node.ELEMENT_NODE &&\n-                \"host\".equals(pHost.getNodeName()) &&\n+                pHost.getNodeName().endsWith(\":host\") &&\n                 ParamReader.FABANURI.equals(pHost.getNamespaceURI())) {\n                     hostsNode = pHost;\n+                    break;\n                 }\n             }\n         }\n@@ -336,7 +338,11 @@ private void processHostPorts(Node hostPortNode) {\n             hostConfig.insertBefore(hostsNode, firstChild);\n         } else {\n             Node textNode = hostsNode.getFirstChild();\n-            textNode.setNodeValue(hosts.toString().trim());\n+            if (textNode != null)\n+                textNode.setNodeValue(hosts.toString().trim());\n+            else\n+                hostsNode.appendChild(doc.createTextNode(\n+                        hosts.toString().trim()));                        \n         }\n         hostPortsTable.put(hostPortNode, hostsPorts);\n     }\n@@ -372,7 +378,8 @@ public static void main(String[] args) throws Exception {\n         if(args.length < 3)\n             System.out.println(\"Usage : java XMLReader <XML File> <XPath exp>\");\n \n-        XMLReader util = new XMLReader(args[0]);\n+        XMLReader util = new XMLReader(args[0], true, false);\n+        util.processHostPorts();\n \n         System.out.println(\"File : \" + args[0]);\n         System.out.println(\"XPath : \" + args[1]);"], "edit": ["- * $Id: XMLReader.java,v 1.9 2008/02/12 03:27:40 akara Exp $", "+ * $Id: XMLReader.java,v 1.10 2008/02/12 06:54:14 akara Exp $", "-                !\"host\".equals(hostsNode.getNodeName()) ||", "+                hostsNode.getNodeName().endsWith(\":host\") ||", "+                String nodeName = pHost.getNodeName();", "-                \"host\".equals(pHost.getNodeName()) &&", "+                pHost.getNodeName().endsWith(\":host\") &&", "+                    break;", "-            textNode.setNodeValue(hosts.toString().trim());", "+            if (textNode != null)", "+                textNode.setNodeValue(hosts.toString().trim());", "+            else", "+                hostsNode.appendChild(doc.createTextNode(", "+                        hosts.toString().trim()));", "-        XMLReader util = new XMLReader(args[0]);", "+        XMLReader util = new XMLReader(args[0], true, false);", "+        util.processHostPorts();"], "url": ["https://api.github.com/repos/akara/faban/commits/5fa8de807cb211f127a15af1a2a5275c906fccf3"]}