{"new_feature": "1050,1,6,586,29,0.62", "commitmessage": "fix dependencies under gradle 1.0", "patch": ["@@ -45,7 +45,10 @@ dependencies {\n \n \tcompile 'junit:junit:4.8.2'\n \tcompile 'org.apache.httpcomponents:httpclient:4.2.1'\n-\tcompile 'org.eclipse.jetty:jetty-server:7.6.7.v20120910'\n+\tcompile('org.eclipse.jetty:jetty-server:7.6.7.v20120910') {\n+\t\texclude module: 'javax.servlet'\n+\t}\n+\tcompile 'org.eclipse.jetty.orbit:javax.servlet:2.5.0.v201103041518@jar'\n \tcompile 'org.yaml:snakeyaml:1.11-SNAPSHOT'\n \tcompile 'commons-lang:commons-lang:2.4'\n "], "edit": ["-\tcompile 'org.eclipse.jetty:jetty-server:7.6.7.v20120910'", "+\tcompile('org.eclipse.jetty:jetty-server:7.6.7.v20120910') {", "+\t\texclude module: 'javax.servlet'", "+\t}", "+\tcompile 'org.eclipse.jetty.orbit:javax.servlet:2.5.0.v201103041518@jar'"], "url": ["https://api.github.com/repos/airbnb/okreplay/commits/5fda707dfb19e3cf3016b89e33c41ddc61e80497"]}