{"new_feature": "4880,99,0,51,8,0.27", "commitmessage": "More minor fixes.", "patch": ["@@ -117,10 +117,9 @@\n     add(Option.builder(OPTION_DNA_COLLECTION)\n         .argName(\"collection name\")\n         .desc(String.format(\n-            \"The name of the collection from which to read DNA designs (default: %s)\",\n-            DEFAULT_DNA_COLLECTION))\n+            \"The name of the collection from which to read DNA designs (default: %s)\", DEFAULT_DNA_COLLECTION))\n         .hasArg()\n-        .longOpt(\"seq-collection\")\n+        .longOpt(\"dna-collection\")\n     );\n     add(Option.builder(OPTION_RENDERING_CACHE)\n         .argName(\"path to cache\")\n@@ -181,6 +180,15 @@ public static void main(String[] args) throws Exception {\n     File pathsOut = new File(baseOutputDir, \"Paths\");\n     File seqsOut = new File(baseOutputDir, \"Sequences\");\n \n+    for (File subdir : Arrays.asList(reachablesOut, pathsOut, seqsOut)) {\n+      if (!subdir.exists()) {\n+        LOGGER.info(\"Creating output directory at %s\", subdir.getAbsolutePath());\n+      } else if (!subdir.isDirectory()) {\n+        cliUtil.failWithMessage(\"Output directory at %s is not a directory\", subdir.getAbsolutePath());\n+        return;\n+      }\n+    }\n+\n     FreemarkerRenderer renderer = FreemarkerRendererFactory.build(\n         cl.getOptionValue(OPTION_DB_HOST, DEFAULT_HOST),\n         Integer.valueOf(cl.getOptionValue(OPTION_DB_PORT, DEFAULT_PORT.toString())),"], "edit": ["-            \"The name of the collection from which to read DNA designs (default: %s)\",", "-            DEFAULT_DNA_COLLECTION))", "+            \"The name of the collection from which to read DNA designs (default: %s)\", DEFAULT_DNA_COLLECTION))", "-        .longOpt(\"seq-collection\")", "+        .longOpt(\"dna-collection\")", "+    for (File subdir : Arrays.asList(reachablesOut, pathsOut, seqsOut)) {", "+      if (!subdir.exists()) {", "+        LOGGER.info(\"Creating output directory at %s\", subdir.getAbsolutePath());", "+      } else if (!subdir.isDirectory()) {", "+        cliUtil.failWithMessage(\"Output directory at %s is not a directory\", subdir.getAbsolutePath());", "+        return;", "+      }", "+    }", "+"], "url": ["https://api.github.com/repos/20n/act/commits/6a07af77c71f4661b3ac8f1bb6493c28d4d7b69e"]}