{"new_feature": "4880,99,0,51,8,0.27", "commitmessage": "Fix rebase error.", "patch": ["@@ -227,14 +227,6 @@ public Loader(String host, Integer port, String targetDB,\n     jacksonSequenceCollection.createIndex(new BasicDBObject(SequenceData.sequenceFieldName, \"hashed\"));\n     jacksonSequenceCollection.createIndex(new BasicDBObject(SequenceData.organismFieldName, 1));\n   }\n-  public JacksonDBCollection<Reachable, String> getJacksonReachablesCollection() {\n-    return jacksonReachablesCollection;\n-  }\n-\n-  public JacksonDBCollection<SequenceData, String> getJacksonSequenceCollection() {\n-    return jacksonSequenceCollection;\n-  }\n-\n \n   public JacksonDBCollection<Reachable, String> getJacksonReachablesCollection() {\n     return jacksonReachablesCollection;"], "edit": ["-  public JacksonDBCollection<Reachable, String> getJacksonReachablesCollection() {", "-    return jacksonReachablesCollection;", "-  }", "-", "-  public JacksonDBCollection<SequenceData, String> getJacksonSequenceCollection() {", "-    return jacksonSequenceCollection;", "-  }", "-"], "url": ["https://api.github.com/repos/20n/act/commits/6a1f4905450f6b31432b37dc1aa12075ba9bfbf9"]}