{"new_feature": "1147,17,0,59,14,0.56", "commitmessage": "Fix qf", "patch": ["@@ -44,10 +44,9 @@\n @DiagnosticMetadata(\n   type = DiagnosticType.CODE_SMELL,\n   severity = DiagnosticSeverity.MINOR,\n-  minutesToFix = 10,\n-  scope = DiagnosticScope.ALL\n+  scope = DiagnosticScope.ALL,\n+  minutesToFix = 10\n )\n-\n public class NestedConstructorsInStructureDeclarationDiagnostic extends AbstractVisitorDiagnostic {\n \n   private Collection<ParseTree> nestedNewContext = new ArrayList<>();\n@@ -79,9 +78,9 @@ public ParseTree visitNewExpression(NewExpressionContext ctx) {\n       .forEach(parseTree -> Trees.findAllRuleNodes(parseTree, BSLParser.RULE_newExpression)\n         .stream()\n         .limit(1)\n-        .filter(newContext -> {\n+        .filter((ParseTree newContext) -> {\n             BSLParser.DoCallContext doCallContext = ((NewExpressionContext) newContext).doCall();\n-            return doCallContext != null && doCallContext.callParamList().callParam().size() > 0;\n+            return doCallContext != null && !doCallContext.callParamList().callParam().isEmpty();\n           }\n         ).collect(Collectors.toCollection(() -> nestedNewContext)));\n ", "@@ -350,4 +350,4 @@ private boolean isEnabled(Class<? extends BSLDiagnostic> diagnosticClass) {\n       || diagnosticConfiguration.isRight()\n       || (diagnosticConfiguration.isLeft() && diagnosticConfiguration.getLeft());\n   }\n-}\n\\ No newline at end of file\n+}"], "edit": ["-  minutesToFix = 10,", "-  scope = DiagnosticScope.ALL", "+  scope = DiagnosticScope.ALL,", "+  minutesToFix = 10", "-", "-        .filter(newContext -> {", "+        .filter((ParseTree newContext) -> {", "-            return doCallContext != null && doCallContext.callParamList().callParam().size() > 0;", "+            return doCallContext != null && !doCallContext.callParamList().callParam().isEmpty();", "-}", "+}"], "url": ["https://api.github.com/repos/1c-syntax/bsl-language-server/commits/6a625968c7ca705c7df6936fc4e4e30c0f3c7296"]}