{"new_feature": "2276,1,0,88,30,0.40", "commitmessage": "Removed description prefix for #672", "patch": ["@@ -47,9 +47,8 @@\n import io.freefair.android.util.logging.Logger;\n \n /**\n- *  Description:    This starts the (background?) AIMSICD service to check for SMS and track\n- *                  cells with or without GPS enabled.\n- *                  TODO: better and more detailed explanation!\n+ * This starts the (background?) AIMSICD service to check for SMS and track\n+ * cells with or without GPS enabled.\n  */\n public class AimsicdService extends InjectionService {\n "], "edit": ["- *  Description:    This starts the (background?) AIMSICD service to check for SMS and track", "- *                  cells with or without GPS enabled.", "- *                  TODO: better and more detailed explanation!", "+ * This starts the (background?) AIMSICD service to check for SMS and track", "+ * cells with or without GPS enabled."], "url": ["https://api.github.com/repos/5GSD/AIMSICDL/commits/6a79b960cccdb78a7bc290e56eb905e9623427e6"]}