{"new_feature": "1050,1,6,586,29,0.62", "commitmessage": "Fixed WsLiteSpec", "patch": ["@@ -23,6 +23,7 @@ import org.junit.Rule\n import spock.lang.*\n import wslite.rest.RESTClient\n import static co.freeside.betamax.Headers.X_BETAMAX\n+import static co.freeside.betamax.TapeMode.READ_WRITE\n import static co.freeside.betamax.TapeMode.WRITE_ONLY\n import static co.freeside.betamax.util.FileUtils.newTempDir\n import static java.net.HttpURLConnection.HTTP_OK\n@@ -40,7 +41,7 @@ class WsLiteSpec extends Specification {\n \t\thttpsEndpoint.start(HelloHandler)\n \t}\n \n-\t@Betamax(tape = 'wslite spec', mode = TapeMode.READ_WRITE)\n+\t@Betamax(tape = 'wslite spec', mode = READ_WRITE)\n \tvoid 'can record a connection made with WsLite'() {\n \t\tgiven: 'a properly configured wslite instance'\n \t\tdef http = new RESTClient(endpoint.url)\n@@ -54,8 +55,7 @@ class WsLiteSpec extends Specification {\n \t\tresponse.headers[X_BETAMAX] == 'REC'\n \t}\n \n-//\t@IgnoreIf({ javaVersion >= 1.6 && javaVersion < 1.7 })\n-\t@Betamax(tape = 'wslite spec')\n+\t@Betamax(tape = 'wslite spec', mode = READ_WRITE)\n \tvoid 'proxy intercepts HTTPS requests'() {\n \t\tgiven: 'a properly configured wslite instance'\n \t\tdef http = new RESTClient(httpsEndpoint.url)"], "edit": ["+import static co.freeside.betamax.TapeMode.READ_WRITE", "-\t@Betamax(tape = 'wslite spec', mode = TapeMode.READ_WRITE)", "+\t@Betamax(tape = 'wslite spec', mode = READ_WRITE)", "-//\t@IgnoreIf({ javaVersion >= 1.6 && javaVersion < 1.7 })", "-\t@Betamax(tape = 'wslite spec')", "+\t@Betamax(tape = 'wslite spec', mode = READ_WRITE)"], "url": ["https://api.github.com/repos/airbnb/okreplay/commits/6a93a314c10f2bbd77e252fd28f665256be9092c"]}