{"new_feature": "177,3,6,273,2,0.98", "commitmessage": "Fix java doc", "patch": ["@@ -21,18 +21,13 @@\n \t/**\n \t * Constructor\n \t *\n-\t * @param windowAnimationsStyleRes window animation style resource, for example\n-\t\t* <pre>\n-\t\t* <style name=\"DialogAnimation\">\n-\t\t*   <item name=\"android:windowEnterAnimation\">@android:anim/slide_in_left</item>\n-\t\t*   <item name=\"android:windowExitAnimation\">@android:anim/slide_out_right</item>\n-\t\t* </style>\n-\t\t* </pre>\n+\t * @param windowAnimationsStyleRes window animation style resource\n \t */\n+\n \tpublic SimpleDialogAnimation(@StyleRes int windowAnimationsStyleRes) {\n \t\tmWindowAnimationsStyleRes = windowAnimationsStyleRes;\n \t}\n-\n+\t\n \t@Override\n \tpublic void applyAfterShowing(DialogFragment dialogFragment) {\n \t\tif (dialogFragment.getDialog() != null && dialogFragment.getDialog().getWindow() != null) {"], "edit": ["-\t * @param windowAnimationsStyleRes window animation style resource, for example", "-\t\t* <pre>", "-\t\t* <style name=\"DialogAnimation\">", "-\t\t*   <item name=\"android:windowEnterAnimation\">@android:anim/slide_in_left</item>", "-\t\t*   <item name=\"android:windowExitAnimation\">@android:anim/slide_out_right</item>", "-\t\t* </style>", "-\t\t* </pre>", "+\t * @param windowAnimationsStyleRes window animation style resource", "+", "-", "+"], "url": ["https://api.github.com/repos/aartikov/Alligator/commits/6b32121271198988fd2f5f438e7e4637aff47ca7"]}