{"new_feature": "1577,1,17,193,30,0.71", "commitmessage": "Fixed another NPE.", "patch": ["@@ -832,10 +832,16 @@ public int getSongDurationMillis() {\n     }\n \n     public int seek(int millis) {\n-        int newPosition = playback.seek(millis);\n-        savePositionInTrack();\n-        throttledPublicPlayStateChangedNotifier.scheduleIntent();\n-        return newPosition;\n+        synchronized (this) {\n+            try {\n+                int newPosition = playback.seek(millis);\n+                savePositionInTrack();\n+                throttledPublicPlayStateChangedNotifier.scheduleIntent();\n+                return newPosition;\n+            } catch (Exception e) {\n+                return -1;\n+            }\n+        }\n     }\n \n     public void cycleRepeatMode() {"], "edit": ["-        int newPosition = playback.seek(millis);", "-        savePositionInTrack();", "-        throttledPublicPlayStateChangedNotifier.scheduleIntent();", "-        return newPosition;", "+        synchronized (this) {", "+            try {", "+                int newPosition = playback.seek(millis);", "+                savePositionInTrack();", "+                throttledPublicPlayStateChangedNotifier.scheduleIntent();", "+                return newPosition;", "+            } catch (Exception e) {", "+                return -1;", "+            }", "+        }"], "url": ["https://api.github.com/repos/AdrienPoupa/VinylMusicPlayer/commits/6b89fded4f86dfdccd4ea7b4a2d60af0c84eda69"]}