{"new_feature": "1029,4,0,66,10,0.62", "commitmessage": "Faban-98: Fixed very minor formatting issue in summary_report.xsl", "patch": ["@@ -262,7 +262,7 @@\n                                             <td class=\"tablecell\" style=\"color: rgb(255, 0, 0);\">FAILED</td>\n                                         </xsl:when>\n                                         <xsl:otherwise>\n-                                            <td></td>\n+                                            <td class=\"tablecell\"></td>\n                                         </xsl:otherwise>\n                                     </xsl:choose>\n                                 </tr>"], "edit": ["-                                            <td></td>", "+                                            <td class=\"tablecell\"></td>"], "url": ["https://api.github.com/repos/akara/faban/commits/6bcb2e9287e2cff5510e8e5e3c2785de60a701c9"]}