{"new_feature": "302,16,130,204,9,0.43", "commitmessage": "fix(versions): push Activiti/activiti-dependencies ref: master\n\nPush version changes from the source code in repository: Activiti/activiti-dependencies ref: master", "patch": ["@@ -22,7 +22,7 @@\n     <project.build.sourceEncoding>UTF-8</project.build.sourceEncoding>\n     <project.reporting.outputEncoding>UTF-8</project.reporting.outputEncoding>\n     <java.version>1.8</java.version>\n-    <activiti.version>7.0.20</activiti.version>\n+    <activiti.version>7.0.23</activiti.version>\n   </properties>\n   <dependencyManagement>\n     <dependencies>", "@@ -22,7 +22,7 @@\n     <project.build.sourceEncoding>UTF-8</project.build.sourceEncoding>\n     <project.reporting.outputEncoding>UTF-8</project.reporting.outputEncoding>\n     <java.version>1.8</java.version>\n-    <activiti.version>7.0.20</activiti.version>\n+    <activiti.version>7.0.23</activiti.version>\n   </properties>\n   <dependencyManagement>\n     <dependencies>", "@@ -22,7 +22,7 @@\n     <project.build.sourceEncoding>UTF-8</project.build.sourceEncoding>\n     <project.reporting.outputEncoding>UTF-8</project.reporting.outputEncoding>\n     <java.version>1.8</java.version>\n-    <activiti.version>7.0.20</activiti.version>\n+    <activiti.version>7.0.23</activiti.version>\n   </properties>\n   <dependencyManagement>\n     <dependencies>", "@@ -22,7 +22,7 @@\n     <project.build.sourceEncoding>UTF-8</project.build.sourceEncoding>\n     <project.reporting.outputEncoding>UTF-8</project.reporting.outputEncoding>\n     <java.version>1.8</java.version>\n-    <activiti.version>7.0.20</activiti.version>\n+    <activiti.version>7.0.23</activiti.version>\n   </properties>\n   <dependencyManagement>\n     <dependencies>", "@@ -38,7 +38,7 @@\n     <project.build.sourceEncoding>UTF-8</project.build.sourceEncoding>\n     <project.reporting.outputEncoding>UTF-8</project.reporting.outputEncoding>\n     <java.version>1.8</java.version>\n-    <activiti.version>7.0.20</activiti.version>\n+    <activiti.version>7.0.23</activiti.version>\n   </properties>\n   <dependencyManagement>\n     <dependencies>"], "edit": ["-    <activiti.version>7.0.20</activiti.version>", "+    <activiti.version>7.0.23</activiti.version>", "-    <activiti.version>7.0.20</activiti.version>", "+    <activiti.version>7.0.23</activiti.version>", "-    <activiti.version>7.0.20</activiti.version>", "+    <activiti.version>7.0.23</activiti.version>", "-    <activiti.version>7.0.20</activiti.version>", "+    <activiti.version>7.0.23</activiti.version>", "-    <activiti.version>7.0.20</activiti.version>", "+    <activiti.version>7.0.23</activiti.version>"], "url": ["https://api.github.com/repos/Activiti/activiti-examples/commits/6c0d7402e1a6b276c1c4d8acf704e6624544dfa5"]}