{"new_feature": "852,1,0,121,25,0.38", "commitmessage": "Fix config name of connection limit parameter for ThriftServerConfig", "patch": ["@@ -215,7 +215,7 @@ public int getConnectionLimit()\n      * @param connectionLimit The maximum number of concurrent connections\n      * @return This {@link ThriftServerConfig} instance\n      */\n-    @Config(\"thrift.server\")\n+    @Config(\"thrift.connection-limit\")\n     public ThriftServerConfig setConnectionLimit(int connectionLimit)\n     {\n         this.connectionLimit = connectionLimit;"], "edit": ["-    @Config(\"thrift.server\")", "+    @Config(\"thrift.connection-limit\")"], "url": ["https://api.github.com/repos/airlift/drift/commits/6c401f39b8bd0c1d24c0abe27c60e942e1d0ea75"]}