{"new_feature": "540,2,25,135,7,0.97", "commitmessage": "fixes #124", "patch": ["@@ -18,6 +18,10 @@\n         <exception-type>com.github.adminfaces.template.exception.AccessDeniedException</exception-type>\n         <location>/403.xhtml</location>\n     </error-page>\n+    <error-page>\n+        <exception-type>javax.ejb.AccessLocalException</exception-type>\n+        <location>/403.xhtml</location>\n+    </error-page>\n     <error-page>\n         <error-code>404</error-code>\n         <location>/404.xhtml</location>"], "edit": ["+    <error-page>", "+        <exception-type>javax.ejb.AccessLocalException</exception-type>", "+        <location>/403.xhtml</location>", "+    </error-page>"], "url": ["https://api.github.com/repos/adminfaces/admin-template/commits/6c66dd6d12cc09d2aa80e06fb788434a7df80168"]}