{"new_feature": "540,2,25,135,7,0.97", "commitmessage": "fixes #151", "patch": ["@@ -4,7 +4,6 @@\n import com.github.adminfaces.template.util.WebXml;\n import org.omnifaces.util.Exceptions;\n import org.omnifaces.util.Messages;\n-import org.primefaces.context.RequestContext;\n \n import javax.ejb.EJBException;\n import javax.faces.FacesException;\n@@ -23,6 +22,7 @@\n \n import static com.github.adminfaces.template.util.Assert.has;\n import static javax.servlet.RequestDispatcher.*;\n+import org.primefaces.PrimeFaces;\n \n /**\n  * Based on: https://github.com/conventions/core/blob/master/src/main/java/org/conventionsframework/exception/ConventionsExceptionHandler.java\n@@ -167,9 +167,9 @@ private void addFacesMessage(BusinessException be) {\n      * Set primefaces validationFailled callback param\n      */\n     private void validationFailed() {\n-        RequestContext rc = RequestContext.getCurrentInstance();\n-        if (rc != null) {\n-            rc.addCallbackParam(\"validationFailed\", true);\n+        PrimeFaces pf = PrimeFaces.current();\n+        if (pf != null) {\n+            pf.ajax().addCallbackParam(\"validationFailed\", true);\n         }\n     }\n ", "@@ -115,12 +115,16 @@\n                 <ui:fragment rendered=\"#{adminConfig.renderMessages and (empty renderMessages or renderMessages)}\">\n                     <div class=\"row\">\n                         <div class=\"col-sm-12\">\n-                            <p:messages id=\"messages\" closable=\"true\" globalOnly=\"true\" autoUpdate=\"true\"\n-                                        showDetail=\"true\" severity=\"error,fatal\" escape=\"false\"/>\n-                            <!-- we need two messages because info-messages are hidden by javascript  -->\n-                            <p:messages id=\"info-messages\" closable=\"true\" autoUpdate=\"true\" showDetail=\"true\"\n-                                        severity=\"info,warn\" escape=\"false\"/>\n-                            <p:tooltip/> <!-- exception messages with type tooltip -->\n+                            <p:messages id=\"messages\" closable=\"true\" globalOnly=\"true\"\n+                                        showDetail=\"true\" severity=\"error,fatal\" escape=\"false\">\n+                                <p:autoUpdate disabled=\"#{not empty disableMessagesUpdate and disableMessagesUpdate}\"/>\n+                            </p:messages>\n+                            <!-- we need two messages because info-messages are automatically hidden via javascript  -->\n+                            <p:messages id=\"info-messages\" closable=\"true\" showDetail=\"true\"\n+                                        severity=\"info,warn\" escape=\"false\">\n+                                <p:autoUpdate disabled=\"#{not empty disableMessagesUpdate and disableMessagesUpdate}\"/>\n+                            </p:messages>\n+                            <p:tooltip /> <!-- exception messages with type tooltip -->\n                         </div>\n                     </div>\n                 </ui:fragment>"], "edit": ["-import org.primefaces.context.RequestContext;", "+import org.primefaces.PrimeFaces;", "-        RequestContext rc = RequestContext.getCurrentInstance();", "-        if (rc != null) {", "-            rc.addCallbackParam(\"validationFailed\", true);", "+        PrimeFaces pf = PrimeFaces.current();", "+        if (pf != null) {", "+            pf.ajax().addCallbackParam(\"validationFailed\", true);", "-                            <p:messages id=\"messages\" closable=\"true\" globalOnly=\"true\" autoUpdate=\"true\"", "-                                        showDetail=\"true\" severity=\"error,fatal\" escape=\"false\"/>", "-                            <!-- we need two messages because info-messages are hidden by javascript  -->", "-                            <p:messages id=\"info-messages\" closable=\"true\" autoUpdate=\"true\" showDetail=\"true\"", "-                                        severity=\"info,warn\" escape=\"false\"/>", "-                            <p:tooltip/> <!-- exception messages with type tooltip -->", "+                            <p:messages id=\"messages\" closable=\"true\" globalOnly=\"true\"", "+                                        showDetail=\"true\" severity=\"error,fatal\" escape=\"false\">", "+                                <p:autoUpdate disabled=\"#{not empty disableMessagesUpdate and disableMessagesUpdate}\"/>", "+                            </p:messages>", "+                            <!-- we need two messages because info-messages are automatically hidden via javascript  -->", "+                            <p:messages id=\"info-messages\" closable=\"true\" showDetail=\"true\"", "+                                        severity=\"info,warn\" escape=\"false\">", "+                                <p:autoUpdate disabled=\"#{not empty disableMessagesUpdate and disableMessagesUpdate}\"/>", "+                            </p:messages>", "+                            <p:tooltip /> <!-- exception messages with type tooltip -->"], "url": ["https://api.github.com/repos/adminfaces/admin-template/commits/6c7e2e8fc0c97a3d169e0590f0168f23d826bd1f"]}