{"new_feature": "2146,31,17,479,17,0.65", "commitmessage": "fixed for checkstyle", "patch": ["@@ -214,23 +214,11 @@ public void reload(Map<String, UserConfig> newUsers, Map<String, SchemaConfig> n\n     }\n \n     public boolean canRollbackAll() {\n-        if (status != RELOAD_ALL) {\n-            return false;\n-        } else if (users2 == null || schemas2 == null || firewall2 == null || dataNodes2 == null || dataHosts2 == null) {\n-            return false;\n-        } else {\n-            return true;\n-        }\n+        return status == RELOAD_ALL && users2 != null && schemas2 != null && firewall2 != null && dataNodes2 != null && dataHosts2 != null;\n     }\n \n     public boolean canRollback() {\n-        if (status != RELOAD) {\n-            return false;\n-        } else if (users2 == null || schemas2 == null || firewall2 == null) {\n-            return false;\n-        } else {\n-            return true;\n-        }\n+        return status == RELOAD && users2 != null && schemas2 != null && firewall2 != null;\n     }\n \n     public void rollback(Map<String, UserConfig> backupUsers, Map<String, SchemaConfig> backupSchemas,", "@@ -6,7 +6,9 @@\n import org.slf4j.Logger;\n import org.slf4j.LoggerFactory;\n \n-public class ReloadMetaData {\n+public final class ReloadMetaData {\n+    private ReloadMetaData() {\n+    }\n     private static final Logger LOGGER = LoggerFactory.getLogger(ReloadSqlSlowTime.class);\n \n     public static void execute(ManagerConnection c) {\n@@ -17,10 +19,10 @@ public static void execute(ManagerConnection c) {\n         }\n         LOGGER.info(msg);\n         OkPacket ok = new OkPacket();\n-        ok.packetId = 1;\n-        ok.affectedRows = 1;\n-        ok.serverStatus = 2;\n-        ok.message = msg.getBytes();\n+        ok.setPacketId(1);\n+        ok.setAffectedRows(1);\n+        ok.setServerStatus(2);\n+        ok.setMessage(msg.getBytes());\n         ok.write(c);\n     }\n }"], "edit": ["-        if (status != RELOAD_ALL) {", "-            return false;", "-        } else if (users2 == null || schemas2 == null || firewall2 == null || dataNodes2 == null || dataHosts2 == null) {", "-            return false;", "-        } else {", "-            return true;", "-        }", "+        return status == RELOAD_ALL && users2 != null && schemas2 != null && firewall2 != null && dataNodes2 != null && dataHosts2 != null;", "-        if (status != RELOAD) {", "-            return false;", "-        } else if (users2 == null || schemas2 == null || firewall2 == null) {", "-            return false;", "-        } else {", "-            return true;", "-        }", "+        return status == RELOAD && users2 != null && schemas2 != null && firewall2 != null;", "-public class ReloadMetaData {", "+public final class ReloadMetaData {", "+    private ReloadMetaData() {", "+    }", "-        ok.packetId = 1;", "-        ok.affectedRows = 1;", "-        ok.serverStatus = 2;", "-        ok.message = msg.getBytes();", "+        ok.setPacketId(1);", "+        ok.setAffectedRows(1);", "+        ok.setServerStatus(2);", "+        ok.setMessage(msg.getBytes());"], "url": ["https://api.github.com/repos/actiontech/dble/commits/6d40319bba14ed5c6bf8395335bb1909df28d2ff"]}