{"new_feature": "1029,4,0,66,10,0.09", "commitmessage": "Fix issue with Detailed Results breaking link target\n\njqplot changes window name to y9axis which breaks links in resultnavigator.jsp that target display.\nThis provides a workaround by changing the window.name to display after each chart is created\nA long term solution needs to come from jqplot.", "patch": ["@@ -183,6 +183,10 @@ $(function () {\n                 show: true\n             }\n         });\n+        //Hack to prevent jqplot from changing frame name in Chrome\n+        if(window.name=\"y9axis\"){\n+            window.name=\"display\";\n+        }\n     <% } %>\n });\n </script>"], "edit": ["+        //Hack to prevent jqplot from changing frame name in Chrome", "+        if(window.name=\"y9axis\"){", "+            window.name=\"display\";", "+        }"], "url": ["https://api.github.com/repos/akara/faban/commits/6d629545cd4a225bccae43db487171bdde675f9a"]}