{"new_feature": "2146,31,17,479,17,0.65", "commitmessage": "fix #628", "patch": ["@@ -56,6 +56,7 @@ public RouteResultset route(SchemaConfig schema,\n             cacheKey = (schema == null ? \"NULL\" : schema.getName()) + \"_\" + sc.getUser() + \"_\" + stmt;\n             rrs = (RouteResultset) sqlRouteCache.get(cacheKey);\n             if (rrs != null) {\n+                sc.getSession2().endParse();\n                 return rrs;\n             }\n         }"], "edit": ["+                sc.getSession2().endParse();"], "url": ["https://api.github.com/repos/actiontech/dble/commits/6d828f45bc98b958fdcb3a436304f409666a5f12"]}