{"new_feature": "286,1,10,407,7,0.09", "commitmessage": "Fix title casing", "patch": ["@@ -1,4 +1,4 @@\n-# OpenCue Sandbox Environment\n+# OpenCue sandbox environment\n \n The sandbox environment provides a way to run a test OpenCue deployment. You\n can use the test deployment to run small tests or development work. The sandbox"], "edit": ["-# OpenCue Sandbox Environment", "+# OpenCue sandbox environment"], "url": ["https://api.github.com/repos/AcademySoftwareFoundation/OpenCue/commits/6dc5382f0744fafdc5bfc893d6ced387f07c207d"]}