{"new_feature": "4880,99,0,51,8,0.25", "commitmessage": "fixed fake protein errors", "patch": ["@@ -5,6 +5,7 @@\n import act.shared.Chemical;\n import act.shared.Chemical.REFS;\n import act.shared.Reaction;\n+import com.mongodb.BasicDBObject;\n import org.apache.commons.lang3.ArrayUtils;\n import org.apache.commons.lang3.tuple.Pair;\n import org.json.JSONArray;\n@@ -111,7 +112,7 @@ private static void addToNw(Reaction rxn) {\n     inputChemicalsArray = ArrayUtils.addAll(inputChemicalsArray, rxn.getCoenzymes());\n \n     if (Arrays.stream(inputChemicalsArray).anyMatch(x -> ActData.instance().metaCycBigMolsOrRgrp.contains(x))){\n-      //logProgress(String.format(\"Skipping reaction %d as it contains an abstract substrate.\", rxnid));\n+      logProgress(String.format(\"Skipping reaction %d as it contains an abstract substrate.\", rxnid));\n       return;\n     }\n \n@@ -128,7 +129,7 @@ private static void addToNw(Reaction rxn) {\n \n     // Don't bother if we don't get any new chemicals from this.\n     if (outputChemicals.isEmpty()){\n-//      logProgress(String.format(\"Skipping reaction %d as it has no non-abstract products.\", rxnid));\n+      logProgress(String.format(\"Skipping reaction %d as it has no non-abstract products.\", rxnid));\n       return;\n     }\n \n@@ -321,7 +322,8 @@ public void setFieldForExtraChemicals(String f) {\n   }\n \n   private void addReactionsToNetwork() {\n-    DBIterator iterator = this.db.getIteratorOverReactions(true);\n+    BasicDBObject noFakeReactions = new BasicDBObject(\"easy_desc\", new BasicDBObject(\"$regex\", \"^((?!protein).)*$\"));\n+    DBIterator iterator = this.db.getIteratorOverReactions(noFakeReactions, true, null);\n     Reaction r;\n     Map<Reaction.RxnDataSource, Integer> counts = new HashMap<>();\n     for (Reaction.RxnDataSource src : Reaction.RxnDataSource.values())"], "edit": ["+import com.mongodb.BasicDBObject;", "-      //logProgress(String.format(\"Skipping reaction %d as it contains an abstract substrate.\", rxnid));", "+      logProgress(String.format(\"Skipping reaction %d as it contains an abstract substrate.\", rxnid));", "-//      logProgress(String.format(\"Skipping reaction %d as it has no non-abstract products.\", rxnid));", "+      logProgress(String.format(\"Skipping reaction %d as it has no non-abstract products.\", rxnid));", "-    DBIterator iterator = this.db.getIteratorOverReactions(true);", "+    BasicDBObject noFakeReactions = new BasicDBObject(\"easy_desc\", new BasicDBObject(\"$regex\", \"^((?!protein).)*$\"));", "+    DBIterator iterator = this.db.getIteratorOverReactions(noFakeReactions, true, null);"], "url": ["https://api.github.com/repos/20n/act/commits/6e0a988ddb4d7e7336017913f15a812bee2836fd"]}