{"new_feature": "1577,1,17,193,30,0.71", "commitmessage": "Fixed to NPEs.", "patch": ["@@ -1,6 +1,7 @@\n package com.kabouzeid.gramophone.ui.fragments.mainactivity.library;\n \n \n+import android.app.Activity;\n import android.content.Intent;\n import android.os.Bundle;\n import android.support.annotation.NonNull;\n@@ -174,13 +175,17 @@ public void onCreateOptionsMenu(Menu menu, MenuInflater inflater) {\n             menu.removeItem(R.id.action_grid_size);\n             menu.removeItem(R.id.action_colored_footers);\n         }\n+        Activity activity = getActivity();\n+        if (activity == null) return;\n         ToolbarContentTintHelper.handleOnCreateOptionsMenu(getActivity(), toolbar, menu, ATHToolbarActivity.getToolbarBackgroundColor(toolbar));\n     }\n \n     @Override\n     public void onPrepareOptionsMenu(Menu menu) {\n         super.onPrepareOptionsMenu(menu);\n-        ToolbarContentTintHelper.handleOnPrepareOptionsMenu(getActivity(), toolbar);\n+        Activity activity = getActivity();\n+        if (activity == null) return;\n+        ToolbarContentTintHelper.handleOnPrepareOptionsMenu(activity, toolbar);\n     }\n \n     @Override"], "edit": ["+import android.app.Activity;", "+        Activity activity = getActivity();", "+        if (activity == null) return;", "-        ToolbarContentTintHelper.handleOnPrepareOptionsMenu(getActivity(), toolbar);", "+        Activity activity = getActivity();", "+        if (activity == null) return;", "+        ToolbarContentTintHelper.handleOnPrepareOptionsMenu(activity, toolbar);"], "url": ["https://api.github.com/repos/AdrienPoupa/VinylMusicPlayer/commits/6e5408848fd911d23b9f85698df4da41db079baa"]}