{"new_feature": "1050,1,6,586,29,0.62", "commitmessage": "Fix setting of properties on inherited Recorder", "patch": ["@@ -39,18 +39,18 @@ class Recorder implements MethodRule {\n \n \tRecorder() {\n \t\tdef configFile = getClass().classLoader.getResource('BetamaxConfig.groovy')\n+\t\tdef propertiesFile = getClass().classLoader.getResource('betamax.properties')\n \t\tif (configFile) {\n \t\t\tdef config = new ConfigSlurper().parse(configFile)\n \t\t\tconfigureFromConfig(config)\n-\t\t} else {\n-\t\t\tdef propertiesFile = getClass().classLoader.getResource('betamax.properties')\n-\t\t\tif (propertiesFile) {\n-\t\t\t\tdef properties = new Properties()\n-\t\t\t\tpropertiesFile.withReader { reader ->\n-\t\t\t\t\tproperties.load(reader)\n-\t\t\t\t}\n-\t\t\t\tconfigureFromProperties(properties)\n+\t\t} else if (propertiesFile) {\n+\t\t\tdef properties = new Properties()\n+\t\t\tpropertiesFile.withReader { reader ->\n+\t\t\t\tproperties.load(reader)\n \t\t\t}\n+\t\t\tconfigureFromProperties(properties)\n+\t\t} else {\n+\t\t\tconfigureWithDefaults()\n \t\t}\n \t}\n \n@@ -178,12 +178,19 @@ class Recorder implements MethodRule {\n \t}\n \n \tprotected void configureFromConfig(ConfigObject config) {\n-\t\ttapeRoot = config.betamax.tapeRoot ?: DEFAULT_TAPE_ROOT\n+\t\ttapeRoot = config.betamax.tapeRoot ?: new File(DEFAULT_TAPE_ROOT)\n \t\tdefaultMode = config.betamax.defaultMode ?: READ_WRITE\n \t\tignoreHosts = config.betamax.ignoreHosts ?: []\n \t\tignoreLocalhost = config.betamax.ignoreLocalhost\n \t}\n \n+\tprotected void configureWithDefaults() {\n+\t\ttapeRoot = new File(DEFAULT_TAPE_ROOT)\n+\t\tdefaultMode = READ_WRITE\n+\t\tignoreHosts = []\n+\t\tignoreLocalhost = false\n+\t}\n+\n \t/**\n \t * Not just a property as `tapeRoot` gets changed during constructor.\n \t */", "@@ -13,22 +13,22 @@ class BetamaxProxyRecorder extends Recorder {\n \t/**\n \t * The port the Betamax proxy will listen on.\n \t */\n-\tint proxyPort = DEFAULT_PROXY_PORT\n+\tint proxyPort\n \n \t/**\n \t * The time the proxy will wait before aborting a request in milliseconds.\n \t */\n-\tint proxyTimeout = DEFAULT_PROXY_TIMEOUT\n+\tint proxyTimeout\n \n \t/**\n \t * If set to true the proxy is started before and stopped after each annotated test method.\n \t */\n-\t@Deprecated boolean useProxy = true\n+\t@Deprecated boolean useProxy\n \n \t/**\n \t * If set to true add support for proxying SSL (disable certificate checking)\n \t */\n-\tboolean sslSupport = false\n+\tboolean sslSupport\n \n \tprivate final ProxyServer interceptor = new ProxyServer(this)\n \n@@ -46,20 +46,23 @@ class BetamaxProxyRecorder extends Recorder {\n \t\tnew Proxy(Proxy.Type.HTTP, new InetSocketAddress(interceptor.host, interceptor.port))\n \t}\n \n+\t@Override\n \tprotected void startProxy(String tapeName, Map arguments) {\n \t\tif (useProxy && !interceptor.running) {\n \t\t\tinterceptor.start()\n \t\t}\n \t\tsuper.startProxy(tapeName, arguments)\n \t}\n \n+\t@Override\n \tprotected void stopProxy() {\n \t\tif (useProxy) {\n \t\t\tinterceptor.stop()\n \t\t}\n \t\tsuper.stopProxy()\n \t}\n \n+\t@Override\n \tprotected void configureFromProperties(Properties properties) {\n \t\tsuper.configureFromProperties(properties)\n \n@@ -71,6 +74,7 @@ class BetamaxProxyRecorder extends Recorder {\n \t\t}\n \t}\n \n+\t@Override\n \tprotected void configureFromConfig(ConfigObject config) {\n \t\tsuper.configureFromConfig(config)\n \n@@ -80,4 +84,13 @@ class BetamaxProxyRecorder extends Recorder {\n \t\tuseProxy = config.betamax.useProxy\n \t}\n \n+\t@Override\n+\tprotected void configureWithDefaults() {\n+\t\tsuper.configureWithDefaults()\n+\n+\t\tproxyPort = DEFAULT_PROXY_PORT\n+\t\tproxyTimeout = DEFAULT_PROXY_TIMEOUT\n+\t\tsslSupport = false\n+\t\tuseProxy = true\n+\t}\n }"], "edit": ["+\t\tdef propertiesFile = getClass().classLoader.getResource('betamax.properties')", "-\t\t} else {", "-\t\t\tdef propertiesFile = getClass().classLoader.getResource('betamax.properties')", "-\t\t\tif (propertiesFile) {", "-\t\t\t\tdef properties = new Properties()", "-\t\t\t\tpropertiesFile.withReader { reader ->", "-\t\t\t\t\tproperties.load(reader)", "-\t\t\t\t}", "-\t\t\t\tconfigureFromProperties(properties)", "+\t\t} else if (propertiesFile) {", "+\t\t\tdef properties = new Properties()", "+\t\t\tpropertiesFile.withReader { reader ->", "+\t\t\t\tproperties.load(reader)", "+\t\t\tconfigureFromProperties(properties)", "+\t\t} else {", "+\t\t\tconfigureWithDefaults()", "-\t\ttapeRoot = config.betamax.tapeRoot ?: DEFAULT_TAPE_ROOT", "+\t\ttapeRoot = config.betamax.tapeRoot ?: new File(DEFAULT_TAPE_ROOT)", "+\tprotected void configureWithDefaults() {", "+\t\ttapeRoot = new File(DEFAULT_TAPE_ROOT)", "+\t\tdefaultMode = READ_WRITE", "+\t\tignoreHosts = []", "+\t\tignoreLocalhost = false", "+\t}", "+", "-\tint proxyPort = DEFAULT_PROXY_PORT", "+\tint proxyPort", "-\tint proxyTimeout = DEFAULT_PROXY_TIMEOUT", "+\tint proxyTimeout", "-\t@Deprecated boolean useProxy = true", "+\t@Deprecated boolean useProxy", "-\tboolean sslSupport = false", "+\tboolean sslSupport", "+\t@Override", "+\t@Override", "+\t@Override", "+\t@Override", "+\t@Override", "+\tprotected void configureWithDefaults() {", "+\t\tsuper.configureWithDefaults()", "+", "+\t\tproxyPort = DEFAULT_PROXY_PORT", "+\t\tproxyTimeout = DEFAULT_PROXY_TIMEOUT", "+\t\tsslSupport = false", "+\t\tuseProxy = true", "+\t}"], "url": ["https://api.github.com/repos/airbnb/okreplay/commits/6e5eee8867772185cb028a6d263d14e56108bc23"]}