{"new_feature": "540,2,25,135,7,0.97", "commitmessage": "fixes #42", "patch": ["@@ -46,7 +46,7 @@\n                     </span>\n                 </a>\n                 <nav class=\"navbar navbar-static-top\" role=\"navigation\">\n-                    <a href=\"#\" class=\"sidebar-toggle\" data-toggle=\"offcanvas\" role=\"button\">\n+                    <a href=\"#\" class=\"sidebar-toggle\" data-toggle=\"push-menu\" role=\"button\">\n                         <span class=\"sr-only\"></span>\n                     </a>\n                     <div class=\"navbar-custom-menu\">", "@@ -1,250 +1,14 @@\n /*! AdminLTE app.js\n- * ================\n- * Main JS application file for AdminLTE v2. This file\n- * should be included in all pages. It controls some layout\n- * options and implements exclusive AdminLTE plugins.\n- *\n- * @Author  Almsaeed Studio\n- * @Support <http://www.almsaeedstudio.com>\n- * @Email   <abdullah@almsaeedstudio.com>\n- * @version 2.3.7\n- * @license MIT <http://opensource.org/licenses/MIT>\n- */\n-function _init() {\n-    \"use strict\";\n-    $.AdminLTE.layout = {\n-        activate: function () {\n-            var a = this;\n-            a.fix(), a.fixSidebar(), $(window, \".wrapper\").resize(function () {\n-                a.fix(), a.fixSidebar()\n-            })\n-        }, fix: function () {\n-            var a = $(\".main-header\").outerHeight() + $(\".main-footer\").outerHeight(), b = $(window).height(),\n-                c = $(\".sidebar\").height();\n-            if ($(\"body\").hasClass(\"fixed\")) $(\".content-wrapper, .right-side\").css(\"min-height\", b - $(\".main-footer\").outerHeight()); else {\n-                var d;\n-                b >= c ? ($(\".content-wrapper, .right-side\").css(\"min-height\", b - a), d = b - a) : ($(\".content-wrapper, .right-side\").css(\"min-height\", c), d = c);\n-                var e = $($.AdminLTE.options.controlSidebarOptions.selector);\n-                \"undefined\" != typeof e && e.height() > d && $(\".content-wrapper, .right-side\").css(\"min-height\", e.height())\n-            }\n-        }, fixSidebar: function () {\n-            return $(\"body\").hasClass(\"fixed\") ? (\"undefined\" == typeof $.fn.slimScroll && window.console && window.console.error(\"Error: the fixed layout requires the slimscroll plugin!\"), void($.AdminLTE.options.sidebarSlimScroll && \"undefined\" != typeof $.fn.slimScroll && ($(\".sidebar\").slimScroll({destroy: !0}).height(\"auto\"), $(\".sidebar\").slimscroll({\n-                height: $(window).height() - $(\".main-header\").height() + \"px\",\n-                color: \"rgba(0,0,0,0.2)\",\n-                size: \"3px\"\n-            })))) : void(\"undefined\" != typeof $.fn.slimScroll && $(\".sidebar\").slimScroll({destroy: !0}).height(\"auto\"))\n-        }\n-    }, $.AdminLTE.pushMenu = {\n-        activate: function (a) {\n-            var b = $.AdminLTE.options.screenSizes;\n-            $(document).on(\"click\", a, function (a) {\n-                a.preventDefault(), $(window).width() > b.sm - 1 ? $(\"body\").hasClass(\"sidebar-collapse\") ? $(\"body\").removeClass(\"sidebar-collapse\").trigger(\"expanded.pushMenu\") : $(\"body\").addClass(\"sidebar-collapse\").trigger(\"collapsed.pushMenu\") : $(\"body\").hasClass(\"sidebar-open\") ? $(\"body\").removeClass(\"sidebar-open\").removeClass(\"sidebar-collapse\").trigger(\"collapsed.pushMenu\") : $(\"body\").addClass(\"sidebar-open\").trigger(\"expanded.pushMenu\")\n-            }), $(\".content-wrapper\").click(function () {\n-                $(window).width() <= b.sm - 1 && $(\"body\").hasClass(\"sidebar-open\") && $(\"body\").removeClass(\"sidebar-open\")\n-            }), ($.AdminLTE.options.sidebarExpandOnHover || $(\"body\").hasClass(\"fixed\") && $(\"body\").hasClass(\"sidebar-mini\")) && this.expandOnHover()\n-        }, expandOnHover: function () {\n-            var a = this, b = $.AdminLTE.options.screenSizes.sm - 1;\n-            $(\".main-sidebar\").hover(function () {\n-                $(\"body\").hasClass(\"sidebar-mini\") && $(\"body\").hasClass(\"sidebar-collapse\") && $(window).width() > b && a.expand()\n-            }, function () {\n-                $(\"body\").hasClass(\"sidebar-mini\") && $(\"body\").hasClass(\"sidebar-expanded-on-hover\") && $(window).width() > b && a.collapse()\n-            })\n-        }, expand: function () {\n-            $(\"body\").removeClass(\"sidebar-collapse\").addClass(\"sidebar-expanded-on-hover\")\n-        }, collapse: function () {\n-            $(\"body\").hasClass(\"sidebar-expanded-on-hover\") && $(\"body\").removeClass(\"sidebar-expanded-on-hover\").addClass(\"sidebar-collapse\")\n-        }\n-    }, $.AdminLTE.tree = function (a) {\n-        var b = this, c = $.AdminLTE.options.animationSpeed;\n-        $(document).off(\"click\", a + \" li a\").on(\"click\", a + \" li a\", function (a) {\n-            var d = $(this), e = d.next();\n-            if (e.is(\".treeview-menu\") && e.is(\":visible\") && !$(\"body\").hasClass(\"sidebar-collapse\")) e.slideUp(c, function () {\n-                e.removeClass(\"menu-open\")\n-            }), e.parent(\"li\").removeClass(\"active\"); else if (e.is(\".treeview-menu\") && !e.is(\":visible\")) {\n-                var f = d.parents(\"ul\").first(), g = f.find(\"ul:visible\").slideUp(c);\n-                g.removeClass(\"menu-open\");\n-                var h = d.parent(\"li\");\n-                e.slideDown(c, function () {\n-                    e.addClass(\"menu-open\"), f.find(\"li.active\").removeClass(\"active\"), h.addClass(\"active\"), b.layout.fix()\n-                })\n-            }\n-            e.is(\".treeview-menu\") && a.preventDefault()\n-        })\n-    }, $.AdminLTE.controlSidebar = {\n-        activate: function () {\n-            var a = this, b = $.AdminLTE.options.controlSidebarOptions, c = $(b.selector), d = $(b.toggleBtnSelector);\n-            d.on(\"click\", function (d) {\n-                d.preventDefault(), c.hasClass(\"control-sidebar-open\") || $(\"body\").hasClass(\"control-sidebar-open\") ? a.close(c, b.slide) : a.open(c, b.slide)\n-            });\n-            var e = $(\".control-sidebar-bg\");\n-            a._fix(e), $(\"body\").hasClass(\"fixed\") ? a._fixForFixed(c) : $(\".content-wrapper, .right-side\").height() < c.height() && a._fixForContent(c)\n-        }, open: function (a, b) {\n-            b ? a.addClass(\"control-sidebar-open\") : $(\"body\").addClass(\"control-sidebar-open\")\n-        }, close: function (a, b) {\n-            b ? a.removeClass(\"control-sidebar-open\") : $(\"body\").removeClass(\"control-sidebar-open\")\n-        }, _fix: function (a) {\n-            var b = this;\n-            if ($(\"body\").hasClass(\"layout-boxed\")) {\n-                if (a.css(\"position\", \"absolute\"), a.height($(\".wrapper\").height()), b.hasBindedResize) return;\n-                $(window).resize(function () {\n-                    b._fix(a)\n-                }), b.hasBindedResize = !0\n-            } else a.css({position: \"fixed\", height: \"auto\"})\n-        }, _fixForFixed: function (a) {\n-            a.css({position: \"fixed\", \"max-height\": \"100%\", overflow: \"auto\", \"padding-bottom\": \"50px\"})\n-        }, _fixForContent: function (a) {\n-            $(\".content-wrapper, .right-side\").css(\"min-height\", a.height())\n-        }\n-    }, $.AdminLTE.boxWidget = {\n-        selectors: $.AdminLTE.options.boxWidgetOptions.boxWidgetSelectors,\n-        icons: $.AdminLTE.options.boxWidgetOptions.boxWidgetIcons,\n-        animationSpeed: $.AdminLTE.options.animationSpeed,\n-        activate: function (a) {\n-            var b = this;\n-            a || (a = document), $(a).on(\"click\", b.selectors.collapse, function (a) {\n-                a.preventDefault(), b.collapse($(this))\n-            }), $(a).on(\"click\", b.selectors.remove, function (a) {\n-                a.preventDefault(), b.remove($(this))\n-            })\n-        },\n-        collapse: function (a) {\n-            var b = this, c = a.parents(\".box\").first(),\n-                d = c.find(\"> .box-body, > .box-footer, > form  >.box-body, > form > .box-footer\");\n-            c.hasClass(\"collapsed-box\") ? (a.children(\":first\").removeClass(b.icons.open).addClass(b.icons.collapse), d.slideDown(b.animationSpeed, function () {\n-                c.removeClass(\"collapsed-box\")\n-            })) : (a.children(\":first\").removeClass(b.icons.collapse).addClass(b.icons.open), d.slideUp(b.animationSpeed, function () {\n-                c.addClass(\"collapsed-box\")\n-            }))\n-        },\n-        remove: function (a) {\n-            var b = a.parents(\".box\").first();\n-            b.slideUp(this.animationSpeed)\n-        }\n-    }\n-}\n-\n-if (\"undefined\" == typeof jQuery) throw new Error(\"AdminLTE requires jQuery\");\n-$.AdminLTE = {}, $.AdminLTE.options = {\n-    navbarMenuSlimscroll: !0,\n-    navbarMenuSlimscrollWidth: \"3px\",\n-    navbarMenuHeight: \"200px\",\n-    animationSpeed: 500,\n-    sidebarToggleSelector: \"[data-toggle='offcanvas']\",\n-    sidebarPushMenu: !0,\n-    sidebarSlimScroll: !0,\n-    sidebarExpandOnHover: !1,\n-    enableBoxRefresh: !0,\n-    enableBSToppltip: !0,\n-    BSTooltipSelector: \"[data-toggle='tooltip']\",\n-    enableFastclick: !1,\n-    enableControlSidebar: !0,\n-    controlSidebarOptions: {\n-        toggleBtnSelector: \"[data-toggle='control-sidebar']\",\n-        selector: \".control-sidebar\",\n-        slide: !0\n-    },\n-    enableBoxWidget: !0,\n-    boxWidgetOptions: {\n-        boxWidgetIcons: {collapse: \"fa-minus\", open: \"fa-plus\", remove: \"fa-times\"},\n-        boxWidgetSelectors: {remove: '[data-widget=\"remove\"]', collapse: '[data-widget=\"collapse\"]'}\n-    },\n-    directChat: {enable: !0, contactToggleSelector: '[data-widget=\"chat-pane-toggle\"]'},\n-    colors: {\n-        lightBlue: \"#3c8dbc\",\n-        red: \"#f56954\",\n-        green: \"#00a65a\",\n-        aqua: \"#00c0ef\",\n-        yellow: \"#f39c12\",\n-        blue: \"#0073b7\",\n-        navy: \"#001F3F\",\n-        teal: \"#39CCCC\",\n-        olive: \"#3D9970\",\n-        lime: \"#01FF70\",\n-        orange: \"#FF851B\",\n-        fuchsia: \"#F012BE\",\n-        purple: \"#8E24AA\",\n-        maroon: \"#D81B60\",\n-        black: \"#222222\",\n-        gray: \"#d2d6de\"\n-    },\n-    screenSizes: {xs: 480, sm: 768, md: 992, lg: 1200}\n-}, $(function () {\n-    \"use strict\";\n-    $(\"body\").removeClass(\"hold-transition\"), \"undefined\" != typeof AdminLTEOptions && $.extend(!0, $.AdminLTE.options, AdminLTEOptions);\n-    var a = $.AdminLTE.options;\n-    _init(), $.AdminLTE.layout.activate(), $.AdminLTE.tree(\".sidebar\"), a.enableControlSidebar && $.AdminLTE.controlSidebar.activate(), a.navbarMenuSlimscroll && \"undefined\" != typeof $.fn.slimscroll && $(\".navbar .menu\").slimscroll({\n-        height: a.navbarMenuHeight,\n-        alwaysVisible: !1,\n-        size: a.navbarMenuSlimscrollWidth\n-    }).css(\"width\", \"100%\"), a.sidebarPushMenu && $.AdminLTE.pushMenu.activate(a.sidebarToggleSelector), a.enableBSToppltip && $(\"body\").tooltip({selector: a.BSTooltipSelector}), a.enableBoxWidget && $.AdminLTE.boxWidget.activate(), a.enableFastclick && \"undefined\" != typeof FastClick && FastClick.attach(document.body), a.directChat.enable && $(document).on(\"click\", a.directChat.contactToggleSelector, function () {\n-        var a = $(this).parents(\".direct-chat\").first();\n-        a.toggleClass(\"direct-chat-contacts-open\")\n-    }), $('.btn-group[data-toggle=\"btn-toggle\"]').each(function () {\n-        var a = $(this);\n-        $(this).find(\".btn\").on(\"click\", function (b) {\n-            a.find(\".btn.active\").removeClass(\"active\"), $(this).addClass(\"active\"), b.preventDefault()\n-        })\n-    })\n-}), function (a) {\n-    \"use strict\";\n-    a.fn.boxRefresh = function (b) {\n-        function c(a) {\n-            a.append(f), e.onLoadStart.call(a)\n-        }\n-\n-        function d(a) {\n-            a.find(f).remove(), e.onLoadDone.call(a)\n-        }\n-\n-        var e = a.extend({\n-            trigger: \".refresh-btn\", source: \"\", onLoadStart: function (a) {\n-                return a\n-            }, onLoadDone: function (a) {\n-                return a\n-            }\n-        }, b), f = a('<div class=\"overlay\"><div class=\"fa fa-refresh fa-spin\"></div></div>');\n-        return this.each(function () {\n-            if (\"\" === e.source) return void(window.console && window.console.log(\"Please specify a source first - boxRefresh()\"));\n-            var b = a(this), f = b.find(e.trigger).first();\n-            f.on(\"click\", function (a) {\n-                a.preventDefault(), c(b), b.find(\".box-body\").load(e.source, function () {\n-                    d(b)\n-                })\n-            })\n-        })\n-    }\n-}(jQuery), function (a) {\n-    \"use strict\";\n-    a.fn.activateBox = function () {\n-        a.AdminLTE.boxWidget.activate(this)\n-    }, a.fn.toggleBox = function () {\n-        var b = a(a.AdminLTE.boxWidget.selectors.collapse, this);\n-        a.AdminLTE.boxWidget.collapse(b)\n-    }, a.fn.removeBox = function () {\n-        var b = a(a.AdminLTE.boxWidget.selectors.remove, this);\n-        a.AdminLTE.boxWidget.remove(b)\n-    }\n-}(jQuery), function (a) {\n-    \"use strict\";\n-    a.fn.todolist = function (b) {\n-        var c = a.extend({\n-            onCheck: function (a) {\n-                return a\n-            }, onUncheck: function (a) {\n-                return a\n-            }\n-        }, b);\n-        return this.each(function () {\n-            \"undefined\" != typeof a.fn.iCheck ? (a(\"input\", this).on(\"ifChecked\", function () {\n-                var b = a(this).parents(\"li\").first();\n-                b.toggleClass(\"done\"), c.onCheck.call(b)\n-            }), a(\"input\", this).on(\"ifUnchecked\", function () {\n-                var b = a(this).parents(\"li\").first();\n-                b.toggleClass(\"done\"), c.onUncheck.call(b)\n-            })) : a(\"input\", this).on(\"change\", function () {\n-                var b = a(this).parents(\"li\").first();\n-                b.toggleClass(\"done\"), a(\"input\", b).is(\":checked\") ? c.onCheck.call(b) : c.onUncheck.call(b)\n-            })\n-        })\n-    }\n-}(jQuery);\n\\ No newline at end of file\n+* ================\n+* Main JS application file for AdminLTE v2. This file\n+* should be included in all pages. It controls some layout\n+* options and implements exclusive AdminLTE plugins.\n+*\n+* @Author  Almsaeed Studio\n+* @Support <https://www.almsaeedstudio.com>\n+* @Email   <abdullah@almsaeedstudio.com>\n+* @version 2.4.2\n+* @repository git://github.com/almasaeed2010/AdminLTE.git\n+* @license MIT <http://opensource.org/licenses/MIT>\n+*/\n+if(\"undefined\"==typeof jQuery)throw new Error(\"AdminLTE requires jQuery\");+function(a){\"use strict\";function b(b){return this.each(function(){var e=a(this),g=e.data(c);if(!g){var h=a.extend({},d,e.data(),\"object\"==typeof b&&b);e.data(c,g=new f(e,h))}if(\"string\"==typeof g){if(void 0===g[b])throw new Error(\"No method named \"+b);g[b]()}})}var c=\"lte.boxrefresh\",d={source:\"\",params:{},trigger:\".refresh-btn\",content:\".box-body\",loadInContent:!0,responseType:\"\",overlayTemplate:'<div class=\"overlay\"><div class=\"fa fa-refresh fa-spin\"></div></div>',onLoadStart:function(){},onLoadDone:function(a){return a}},e={data:'[data-widget=\"box-refresh\"]'},f=function(b,c){if(this.element=b,this.options=c,this.$overlay=a(c.overlay),\"\"===c.source)throw new Error(\"Source url was not defined. Please specify a url in your BoxRefresh source option.\");this._setUpListeners(),this.load()};f.prototype.load=function(){this._addOverlay(),this.options.onLoadStart.call(a(this)),a.get(this.options.source,this.options.params,function(b){this.options.loadInContent&&a(this.options.content).html(b),this.options.onLoadDone.call(a(this),b),this._removeOverlay()}.bind(this),\"\"!==this.options.responseType&&this.options.responseType)},f.prototype._setUpListeners=function(){a(this.element).on(\"click\",e.trigger,function(a){a&&a.preventDefault(),this.load()}.bind(this))},f.prototype._addOverlay=function(){a(this.element).append(this.$overlay)},f.prototype._removeOverlay=function(){a(this.element).remove(this.$overlay)};var g=a.fn.boxRefresh;a.fn.boxRefresh=b,a.fn.boxRefresh.Constructor=f,a.fn.boxRefresh.noConflict=function(){return a.fn.boxRefresh=g,this},a(window).on(\"load\",function(){a(e.data).each(function(){b.call(a(this))})})}(jQuery),function(a){\"use strict\";function b(b){return this.each(function(){var e=a(this),f=e.data(c);if(!f){var g=a.extend({},d,e.data(),\"object\"==typeof b&&b);e.data(c,f=new h(e,g))}if(\"string\"==typeof b){if(void 0===f[b])throw new Error(\"No method named \"+b);f[b]()}})}var c=\"lte.boxwidget\",d={animationSpeed:500,collapseTrigger:'[data-widget=\"collapse\"]',removeTrigger:'[data-widget=\"remove\"]',collapseIcon:\"fa-minus\",expandIcon:\"fa-plus\",removeIcon:\"fa-times\"},e={data:\".box\",collapsed:\".collapsed-box\",header:\".box-header\",body:\".box-body\",footer:\".box-footer\",tools:\".box-tools\"},f={collapsed:\"collapsed-box\"},g={collapsed:\"collapsed.boxwidget\",expanded:\"expanded.boxwidget\",removed:\"removed.boxwidget\"},h=function(a,b){this.element=a,this.options=b,this._setUpListeners()};h.prototype.toggle=function(){a(this.element).is(e.collapsed)?this.expand():this.collapse()},h.prototype.expand=function(){var b=a.Event(g.expanded),c=this.options.collapseIcon,d=this.options.expandIcon;a(this.element).removeClass(f.collapsed),a(this.element).children(e.header+\", \"+e.body+\", \"+e.footer).children(e.tools).find(\".\"+d).removeClass(d).addClass(c),a(this.element).children(e.body+\", \"+e.footer).slideDown(this.options.animationSpeed,function(){a(this.element).trigger(b)}.bind(this))},h.prototype.collapse=function(){var b=a.Event(g.collapsed),c=this.options.collapseIcon,d=this.options.expandIcon;a(this.element).children(e.header+\", \"+e.body+\", \"+e.footer).children(e.tools).find(\".\"+c).removeClass(c).addClass(d),a(this.element).children(e.body+\", \"+e.footer).slideUp(this.options.animationSpeed,function(){a(this.element).addClass(f.collapsed),a(this.element).trigger(b)}.bind(this))},h.prototype.remove=function(){var b=a.Event(g.removed);a(this.element).slideUp(this.options.animationSpeed,function(){a(this.element).trigger(b),a(this.element).remove()}.bind(this))},h.prototype._setUpListeners=function(){var b=this;a(this.element).on(\"click\",this.options.collapseTrigger,function(c){return c&&c.preventDefault(),b.toggle(a(this)),!1}),a(this.element).on(\"click\",this.options.removeTrigger,function(c){return c&&c.preventDefault(),b.remove(a(this)),!1})};var i=a.fn.boxWidget;a.fn.boxWidget=b,a.fn.boxWidget.Constructor=h,a.fn.boxWidget.noConflict=function(){return a.fn.boxWidget=i,this},a(window).on(\"load\",function(){a(e.data).each(function(){b.call(a(this))})})}(jQuery),function(a){\"use strict\";function b(b){return this.each(function(){var e=a(this),f=e.data(c);if(!f){var g=a.extend({},d,e.data(),\"object\"==typeof b&&b);e.data(c,f=new h(e,g))}\"string\"==typeof b&&f.toggle()})}var c=\"lte.controlsidebar\",d={slide:!0},e={sidebar:\".control-sidebar\",data:'[data-toggle=\"control-sidebar\"]',open:\".control-sidebar-open\",bg:\".control-sidebar-bg\",wrapper:\".wrapper\",content:\".content-wrapper\",boxed:\".layout-boxed\"},f={open:\"control-sidebar-open\",fixed:\"fixed\"},g={collapsed:\"collapsed.controlsidebar\",expanded:\"expanded.controlsidebar\"},h=function(a,b){this.element=a,this.options=b,this.hasBindedResize=!1,this.init()};h.prototype.init=function(){a(this.element).is(e.data)||a(this).on(\"click\",this.toggle),this.fix(),a(window).resize(function(){this.fix()}.bind(this))},h.prototype.toggle=function(b){b&&b.preventDefault(),this.fix(),a(e.sidebar).is(e.open)||a(\"body\").is(e.open)?this.collapse():this.expand()},h.prototype.expand=function(){this.options.slide?a(e.sidebar).addClass(f.open):a(\"body\").addClass(f.open),a(this.element).trigger(a.Event(g.expanded))},h.prototype.collapse=function(){a(\"body, \"+e.sidebar).removeClass(f.open),a(this.element).trigger(a.Event(g.collapsed))},h.prototype.fix=function(){a(\"body\").is(e.boxed)&&this._fixForBoxed(a(e.bg))},h.prototype._fixForBoxed=function(b){b.css({position:\"absolute\",height:a(e.wrapper).height()})};var i=a.fn.controlSidebar;a.fn.controlSidebar=b,a.fn.controlSidebar.Constructor=h,a.fn.controlSidebar.noConflict=function(){return a.fn.controlSidebar=i,this},a(document).on(\"click\",e.data,function(c){c&&c.preventDefault(),b.call(a(this),\"toggle\")})}(jQuery),function(a){\"use strict\";function b(b){return this.each(function(){var d=a(this),e=d.data(c);e||d.data(c,e=new f(d)),\"string\"==typeof b&&e.toggle(d)})}var c=\"lte.directchat\",d={data:'[data-widget=\"chat-pane-toggle\"]',box:\".direct-chat\"},e={open:\"direct-chat-contacts-open\"},f=function(a){this.element=a};f.prototype.toggle=function(a){a.parents(d.box).first().toggleClass(e.open)};var g=a.fn.directChat;a.fn.directChat=b,a.fn.directChat.Constructor=f,a.fn.directChat.noConflict=function(){return a.fn.directChat=g,this},a(document).on(\"click\",d.data,function(c){c&&c.preventDefault(),b.call(a(this),\"toggle\")})}(jQuery),function(a){\"use strict\";function b(b){return this.each(function(){var e=a(this),f=e.data(c);if(!f){var h=a.extend({},d,e.data(),\"object\"==typeof b&&b);e.data(c,f=new g(h))}if(\"string\"==typeof b){if(void 0===f[b])throw new Error(\"No method named \"+b);f[b]()}})}var c=\"lte.layout\",d={slimscroll:!0,resetHeight:!0},e={wrapper:\".wrapper\",contentWrapper:\".content-wrapper\",layoutBoxed:\".layout-boxed\",mainFooter:\".main-footer\",mainHeader:\".main-header\",sidebar:\".sidebar\",controlSidebar:\".control-sidebar\",fixed:\".fixed\",sidebarMenu:\".sidebar-menu\",logo:\".main-header .logo\"},f={fixed:\"fixed\",holdTransition:\"hold-transition\"},g=function(a){this.options=a,this.bindedResize=!1,this.activate()};g.prototype.activate=function(){this.fix(),this.fixSidebar(),a(\"body\").removeClass(f.holdTransition),this.options.resetHeight&&a(\"body, html, \"+e.wrapper).css({height:\"auto\",\"min-height\":\"100%\"}),this.bindedResize||(a(window).resize(function(){this.fix(),this.fixSidebar(),a(e.logo+\", \"+e.sidebar).one(\"webkitTransitionEnd otransitionend oTransitionEnd msTransitionEnd transitionend\",function(){this.fix(),this.fixSidebar()}.bind(this))}.bind(this)),this.bindedResize=!0),a(e.sidebarMenu).on(\"expanded.tree\",function(){this.fix(),this.fixSidebar()}.bind(this)),a(e.sidebarMenu).on(\"collapsed.tree\",function(){this.fix(),this.fixSidebar()}.bind(this))},g.prototype.fix=function(){a(e.layoutBoxed+\" > \"+e.wrapper).css(\"overflow\",\"hidden\");var b=a(e.mainFooter).outerHeight()||0,c=a(e.mainHeader).outerHeight()+b,d=a(window).height(),g=a(e.sidebar).height()||0;if(a(\"body\").hasClass(f.fixed))a(e.contentWrapper).css(\"min-height\",d-b);else{var h;d>=g?(a(e.contentWrapper).css(\"min-height\",d-c),h=d-c):(a(e.contentWrapper).css(\"min-height\",g),h=g);var i=a(e.controlSidebar);void 0!==i&&i.height()>h&&a(e.contentWrapper).css(\"min-height\",i.height())}},g.prototype.fixSidebar=function(){if(!a(\"body\").hasClass(f.fixed))return void(void 0!==a.fn.slimScroll&&a(e.sidebar).slimScroll({destroy:!0}).height(\"auto\"));this.options.slimscroll&&void 0!==a.fn.slimScroll&&a(e.sidebar).slimScroll({height:a(window).height()-a(e.mainHeader).height()+\"px\"})};var h=a.fn.layout;a.fn.layout=b,a.fn.layout.Constuctor=g,a.fn.layout.noConflict=function(){return a.fn.layout=h,this},a(window).on(\"load\",function(){b.call(a(\"body\"))})}(jQuery),function(a){\"use strict\";function b(b){return this.each(function(){var e=a(this),f=e.data(c);if(!f){var g=a.extend({},d,e.data(),\"object\"==typeof b&&b);e.data(c,f=new h(g))}\"toggle\"===b&&f.toggle()})}var c=\"lte.pushmenu\",d={collapseScreenSize:767,expandOnHover:!1,expandTransitionDelay:200},e={collapsed:\".sidebar-collapse\",open:\".sidebar-open\",mainSidebar:\".main-sidebar\",contentWrapper:\".content-wrapper\",searchInput:\".sidebar-form .form-control\",button:'[data-toggle=\"push-menu\"]',mini:\".sidebar-mini\",expanded:\".sidebar-expanded-on-hover\",layoutFixed:\".fixed\"},f={collapsed:\"sidebar-collapse\",open:\"sidebar-open\",mini:\"sidebar-mini\",expanded:\"sidebar-expanded-on-hover\",expandFeature:\"sidebar-mini-expand-feature\",layoutFixed:\"fixed\"},g={expanded:\"expanded.pushMenu\",collapsed:\"collapsed.pushMenu\"},h=function(a){this.options=a,this.init()};h.prototype.init=function(){(this.options.expandOnHover||a(\"body\").is(e.mini+e.layoutFixed))&&(this.expandOnHover(),a(\"body\").addClass(f.expandFeature)),a(e.contentWrapper).click(function(){a(window).width()<=this.options.collapseScreenSize&&a(\"body\").hasClass(f.open)&&this.close()}.bind(this)),a(e.searchInput).click(function(a){a.stopPropagation()})},h.prototype.toggle=function(){var b=a(window).width(),c=!a(\"body\").hasClass(f.collapsed);b<=this.options.collapseScreenSize&&(c=a(\"body\").hasClass(f.open)),c?this.close():this.open()},h.prototype.open=function(){a(window).width()>this.options.collapseScreenSize?a(\"body\").removeClass(f.collapsed).trigger(a.Event(g.expanded)):a(\"body\").addClass(f.open).trigger(a.Event(g.expanded))},h.prototype.close=function(){a(window).width()>this.options.collapseScreenSize?a(\"body\").addClass(f.collapsed).trigger(a.Event(g.collapsed)):a(\"body\").removeClass(f.open+\" \"+f.collapsed).trigger(a.Event(g.collapsed))},h.prototype.expandOnHover=function(){a(e.mainSidebar).hover(function(){a(\"body\").is(e.mini+e.collapsed)&&a(window).width()>this.options.collapseScreenSize&&this.expand()}.bind(this),function(){a(\"body\").is(e.expanded)&&this.collapse()}.bind(this))},h.prototype.expand=function(){setTimeout(function(){a(\"body\").removeClass(f.collapsed).addClass(f.expanded)},this.options.expandTransitionDelay)},h.prototype.collapse=function(){setTimeout(function(){a(\"body\").removeClass(f.expanded).addClass(f.collapsed)},this.options.expandTransitionDelay)};var i=a.fn.pushMenu;a.fn.pushMenu=b,a.fn.pushMenu.Constructor=h,a.fn.pushMenu.noConflict=function(){return a.fn.pushMenu=i,this},a(document).on(\"click\",e.button,function(c){c.preventDefault(),b.call(a(this),\"toggle\")}),a(window).on(\"load\",function(){b.call(a(e.button))})}(jQuery),function(a){\"use strict\";function b(b){return this.each(function(){var e=a(this),f=e.data(c);if(!f){var h=a.extend({},d,e.data(),\"object\"==typeof b&&b);e.data(c,f=new g(e,h))}if(\"string\"==typeof f){if(void 0===f[b])throw new Error(\"No method named \"+b);f[b]()}})}var c=\"lte.todolist\",d={onCheck:function(a){return a},onUnCheck:function(a){return a}},e={data:'[data-widget=\"todo-list\"]'},f={done:\"done\"},g=function(a,b){this.element=a,this.options=b,this._setUpListeners()};g.prototype.toggle=function(a){if(a.parents(e.li).first().toggleClass(f.done),!a.prop(\"checked\"))return void this.unCheck(a);this.check(a)},g.prototype.check=function(a){this.options.onCheck.call(a)},g.prototype.unCheck=function(a){this.options.onUnCheck.call(a)},g.prototype._setUpListeners=function(){var b=this;a(this.element).on(\"change ifChanged\",\"input:checkbox\",function(){b.toggle(a(this))})};var h=a.fn.todoList;a.fn.todoList=b,a.fn.todoList.Constructor=g,a.fn.todoList.noConflict=function(){return a.fn.todoList=h,this},a(window).on(\"load\",function(){a(e.data).each(function(){b.call(a(this))})})}(jQuery),function(a){\"use strict\";function b(b){return this.each(function(){var e=a(this);if(!e.data(c)){var f=a.extend({},d,e.data(),\"object\"==typeof b&&b);e.data(c,new h(e,f))}})}var c=\"lte.tree\",d={animationSpeed:500,accordion:!0,followLink:!1,trigger:\".treeview a\"},e={tree:\".tree\",treeview:\".treeview\",treeviewMenu:\".treeview-menu\",open:\".menu-open, .active\",li:\"li\",data:'[data-widget=\"tree\"]',active:\".active\"},f={open:\"menu-open\",tree:\"tree\"},g={collapsed:\"collapsed.tree\",expanded:\"expanded.tree\"},h=function(b,c){this.element=b,this.options=c,a(this.element).addClass(f.tree),a(e.treeview+e.active,this.element).addClass(f.open),this._setUpListeners()};h.prototype.toggle=function(a,b){var c=a.next(e.treeviewMenu),d=a.parent(),g=d.hasClass(f.open);d.is(e.treeview)&&(this.options.followLink&&\"#\"!==a.attr(\"href\")||b.preventDefault(),g?this.collapse(c,d):this.expand(c,d))},h.prototype.expand=function(b,c){var d=a.Event(g.expanded);if(this.options.accordion){var h=c.siblings(e.open),i=h.children(e.treeviewMenu);this.collapse(i,h)}c.addClass(f.open),b.slideDown(this.options.animationSpeed,function(){a(this.element).trigger(d)}.bind(this))},h.prototype.collapse=function(b,c){var d=a.Event(g.collapsed);b.find(e.open).removeClass(f.open),c.removeClass(f.open),b.slideUp(this.options.animationSpeed,function(){b.find(e.open+\" > \"+e.treeview).slideUp(),a(this.element).trigger(d)}.bind(this))},h.prototype._setUpListeners=function(){var b=this;a(this.element).on(\"click\",this.options.trigger,function(c){b.toggle(a(this),c)})};var i=a.fn.tree;a.fn.tree=b,a.fn.tree.Constructor=h,a.fn.tree.noConflict=function(){return a.fn.tree=i,this},a(window).on(\"load\",function(){a(e.data).each(function(){b.call(a(this))})})}(jQuery);\n\\ No newline at end of file"], "edit": ["-                    <a href=\"#\" class=\"sidebar-toggle\" data-toggle=\"offcanvas\" role=\"button\">", "+                    <a href=\"#\" class=\"sidebar-toggle\" data-toggle=\"push-menu\" role=\"button\">", "- * ================", "- * Main JS application file for AdminLTE v2. This file", "- * should be included in all pages. It controls some layout", "- * options and implements exclusive AdminLTE plugins.", "- *", "- * @Author  Almsaeed Studio", "- * @Support <http://www.almsaeedstudio.com>", "- * @Email   <abdullah@almsaeedstudio.com>", "- * @version 2.3.7", "- * @license MIT <http://opensource.org/licenses/MIT>", "- */", "-function _init() {", "-    \"use strict\";", "-    $.AdminLTE.layout = {", "-        activate: function () {", "-            var a = this;", "-            a.fix(), a.fixSidebar(), $(window, \".wrapper\").resize(function () {", "-                a.fix(), a.fixSidebar()", "-            })", "-        }, fix: function () {", "-            var a = $(\".main-header\").outerHeight() + $(\".main-footer\").outerHeight(), b = $(window).height(),", "-                c = $(\".sidebar\").height();", "-            if ($(\"body\").hasClass(\"fixed\")) $(\".content-wrapper, .right-side\").css(\"min-height\", b - $(\".main-footer\").outerHeight()); else {", "-                var d;", "-                b >= c ? ($(\".content-wrapper, .right-side\").css(\"min-height\", b - a), d = b - a) : ($(\".content-wrapper, .right-side\").css(\"min-height\", c), d = c);", "-                var e = $($.AdminLTE.options.controlSidebarOptions.selector);", "-                \"undefined\" != typeof e && e.height() > d && $(\".content-wrapper, .right-side\").css(\"min-height\", e.height())", "-            }", "-        }, fixSidebar: function () {", "-            return $(\"body\").hasClass(\"fixed\") ? (\"undefined\" == typeof $.fn.slimScroll && window.console && window.console.error(\"Error: the fixed layout requires the slimscroll plugin!\"), void($.AdminLTE.options.sidebarSlimScroll && \"undefined\" != typeof $.fn.slimScroll && ($(\".sidebar\").slimScroll({destroy: !0}).height(\"auto\"), $(\".sidebar\").slimscroll({", "-                height: $(window).height() - $(\".main-header\").height() + \"px\",", "-                color: \"rgba(0,0,0,0.2)\",", "-                size: \"3px\"", "-            })))) : void(\"undefined\" != typeof $.fn.slimScroll && $(\".sidebar\").slimScroll({destroy: !0}).height(\"auto\"))", "-        }", "-    }, $.AdminLTE.pushMenu = {", "-        activate: function (a) {", "-            var b = $.AdminLTE.options.screenSizes;", "-            $(document).on(\"click\", a, function (a) {", "-                a.preventDefault(), $(window).width() > b.sm - 1 ? $(\"body\").hasClass(\"sidebar-collapse\") ? $(\"body\").removeClass(\"sidebar-collapse\").trigger(\"expanded.pushMenu\") : $(\"body\").addClass(\"sidebar-collapse\").trigger(\"collapsed.pushMenu\") : $(\"body\").hasClass(\"sidebar-open\") ? $(\"body\").removeClass(\"sidebar-open\").removeClass(\"sidebar-collapse\").trigger(\"collapsed.pushMenu\") : $(\"body\").addClass(\"sidebar-open\").trigger(\"expanded.pushMenu\")", "-            }), $(\".content-wrapper\").click(function () {", "-                $(window).width() <= b.sm - 1 && $(\"body\").hasClass(\"sidebar-open\") && $(\"body\").removeClass(\"sidebar-open\")", "-            }), ($.AdminLTE.options.sidebarExpandOnHover || $(\"body\").hasClass(\"fixed\") && $(\"body\").hasClass(\"sidebar-mini\")) && this.expandOnHover()", "-        }, expandOnHover: function () {", "-            var a = this, b = $.AdminLTE.options.screenSizes.sm - 1;", "-            $(\".main-sidebar\").hover(function () {", "-                $(\"body\").hasClass(\"sidebar-mini\") && $(\"body\").hasClass(\"sidebar-collapse\") && $(window).width() > b && a.expand()", "-            }, function () {", "-                $(\"body\").hasClass(\"sidebar-mini\") && $(\"body\").hasClass(\"sidebar-expanded-on-hover\") && $(window).width() > b && a.collapse()", "-            })", "-        }, expand: function () {", "-            $(\"body\").removeClass(\"sidebar-collapse\").addClass(\"sidebar-expanded-on-hover\")", "-        }, collapse: function () {", "-            $(\"body\").hasClass(\"sidebar-expanded-on-hover\") && $(\"body\").removeClass(\"sidebar-expanded-on-hover\").addClass(\"sidebar-collapse\")", "-        }", "-    }, $.AdminLTE.tree = function (a) {", "-        var b = this, c = $.AdminLTE.options.animationSpeed;", "-        $(document).off(\"click\", a + \" li a\").on(\"click\", a + \" li a\", function (a) {", "-            var d = $(this), e = d.next();", "-            if (e.is(\".treeview-menu\") && e.is(\":visible\") && !$(\"body\").hasClass(\"sidebar-collapse\")) e.slideUp(c, function () {", "-                e.removeClass(\"menu-open\")", "-            }), e.parent(\"li\").removeClass(\"active\"); else if (e.is(\".treeview-menu\") && !e.is(\":visible\")) {", "-                var f = d.parents(\"ul\").first(), g = f.find(\"ul:visible\").slideUp(c);", "-                g.removeClass(\"menu-open\");", "-                var h = d.parent(\"li\");", "-                e.slideDown(c, function () {", "-                    e.addClass(\"menu-open\"), f.find(\"li.active\").removeClass(\"active\"), h.addClass(\"active\"), b.layout.fix()", "-                })", "-            }", "-            e.is(\".treeview-menu\") && a.preventDefault()", "-        })", "-    }, $.AdminLTE.controlSidebar = {", "-        activate: function () {", "-            var a = this, b = $.AdminLTE.options.controlSidebarOptions, c = $(b.selector), d = $(b.toggleBtnSelector);", "-            d.on(\"click\", function (d) {", "-                d.preventDefault(), c.hasClass(\"control-sidebar-open\") || $(\"body\").hasClass(\"control-sidebar-open\") ? a.close(c, b.slide) : a.open(c, b.slide)", "-            });", "-            var e = $(\".control-sidebar-bg\");", "-            a._fix(e), $(\"body\").hasClass(\"fixed\") ? a._fixForFixed(c) : $(\".content-wrapper, .right-side\").height() < c.height() && a._fixForContent(c)", "-        }, open: function (a, b) {", "-            b ? a.addClass(\"control-sidebar-open\") : $(\"body\").addClass(\"control-sidebar-open\")", "-        }, close: function (a, b) {", "-            b ? a.removeClass(\"control-sidebar-open\") : $(\"body\").removeClass(\"control-sidebar-open\")", "-        }, _fix: function (a) {", "-            var b = this;", "-            if ($(\"body\").hasClass(\"layout-boxed\")) {", "-                if (a.css(\"position\", \"absolute\"), a.height($(\".wrapper\").height()), b.hasBindedResize) return;", "-                $(window).resize(function () {", "-                    b._fix(a)", "-                }), b.hasBindedResize = !0", "-            } else a.css({position: \"fixed\", height: \"auto\"})", "-        }, _fixForFixed: function (a) {", "-            a.css({position: \"fixed\", \"max-height\": \"100%\", overflow: \"auto\", \"padding-bottom\": \"50px\"})", "-        }, _fixForContent: function (a) {", "-            $(\".content-wrapper, .right-side\").css(\"min-height\", a.height())", "-        }", "-    }, $.AdminLTE.boxWidget = {", "-        selectors: $.AdminLTE.options.boxWidgetOptions.boxWidgetSelectors,", "-        icons: $.AdminLTE.options.boxWidgetOptions.boxWidgetIcons,", "-        animationSpeed: $.AdminLTE.options.animationSpeed,", "-        activate: function (a) {", "-            var b = this;", "-            a || (a = document), $(a).on(\"click\", b.selectors.collapse, function (a) {", "-                a.preventDefault(), b.collapse($(this))", "-            }), $(a).on(\"click\", b.selectors.remove, function (a) {", "-                a.preventDefault(), b.remove($(this))", "-            })", "-        },", "-        collapse: function (a) {", "-            var b = this, c = a.parents(\".box\").first(),", "-                d = c.find(\"> .box-body, > .box-footer, > form  >.box-body, > form > .box-footer\");", "-            c.hasClass(\"collapsed-box\") ? (a.children(\":first\").removeClass(b.icons.open).addClass(b.icons.collapse), d.slideDown(b.animationSpeed, function () {", "-                c.removeClass(\"collapsed-box\")", "-            })) : (a.children(\":first\").removeClass(b.icons.collapse).addClass(b.icons.open), d.slideUp(b.animationSpeed, function () {", "-                c.addClass(\"collapsed-box\")", "-            }))", "-        },", "-        remove: function (a) {", "-            var b = a.parents(\".box\").first();", "-            b.slideUp(this.animationSpeed)", "-        }", "-    }", "-}", "-", "-if (\"undefined\" == typeof jQuery) throw new Error(\"AdminLTE requires jQuery\");", "-$.AdminLTE = {}, $.AdminLTE.options = {", "-    navbarMenuSlimscroll: !0,", "-    navbarMenuSlimscrollWidth: \"3px\",", "-    navbarMenuHeight: \"200px\",", "-    animationSpeed: 500,", "-    sidebarToggleSelector: \"[data-toggle='offcanvas']\",", "-    sidebarPushMenu: !0,", "-    sidebarSlimScroll: !0,", "-    sidebarExpandOnHover: !1,", "-    enableBoxRefresh: !0,", "-    enableBSToppltip: !0,", "-    BSTooltipSelector: \"[data-toggle='tooltip']\",", "-    enableFastclick: !1,", "-    enableControlSidebar: !0,", "-    controlSidebarOptions: {", "-        toggleBtnSelector: \"[data-toggle='control-sidebar']\",", "-        selector: \".control-sidebar\",", "-        slide: !0", "-    },", "-    enableBoxWidget: !0,", "-    boxWidgetOptions: {", "-        boxWidgetIcons: {collapse: \"fa-minus\", open: \"fa-plus\", remove: \"fa-times\"},", "-        boxWidgetSelectors: {remove: '[data-widget=\"remove\"]', collapse: '[data-widget=\"collapse\"]'}", "-    },", "-    directChat: {enable: !0, contactToggleSelector: '[data-widget=\"chat-pane-toggle\"]'},", "-    colors: {", "-        lightBlue: \"#3c8dbc\",", "-        red: \"#f56954\",", "-        green: \"#00a65a\",", "-        aqua: \"#00c0ef\",", "-        yellow: \"#f39c12\",", "-        blue: \"#0073b7\",", "-        navy: \"#001F3F\",", "-        teal: \"#39CCCC\",", "-        olive: \"#3D9970\",", "-        lime: \"#01FF70\",", "-        orange: \"#FF851B\",", "-        fuchsia: \"#F012BE\",", "-        purple: \"#8E24AA\",", "-        maroon: \"#D81B60\",", "-        black: \"#222222\",", "-        gray: \"#d2d6de\"", "-    },", "-    screenSizes: {xs: 480, sm: 768, md: 992, lg: 1200}", "-}, $(function () {", "-    \"use strict\";", "-    $(\"body\").removeClass(\"hold-transition\"), \"undefined\" != typeof AdminLTEOptions && $.extend(!0, $.AdminLTE.options, AdminLTEOptions);", "-    var a = $.AdminLTE.options;", "-    _init(), $.AdminLTE.layout.activate(), $.AdminLTE.tree(\".sidebar\"), a.enableControlSidebar && $.AdminLTE.controlSidebar.activate(), a.navbarMenuSlimscroll && \"undefined\" != typeof $.fn.slimscroll && $(\".navbar .menu\").slimscroll({", "-        height: a.navbarMenuHeight,", "-        alwaysVisible: !1,", "-        size: a.navbarMenuSlimscrollWidth", "-    }).css(\"width\", \"100%\"), a.sidebarPushMenu && $.AdminLTE.pushMenu.activate(a.sidebarToggleSelector), a.enableBSToppltip && $(\"body\").tooltip({selector: a.BSTooltipSelector}), a.enableBoxWidget && $.AdminLTE.boxWidget.activate(), a.enableFastclick && \"undefined\" != typeof FastClick && FastClick.attach(document.body), a.directChat.enable && $(document).on(\"click\", a.directChat.contactToggleSelector, function () {", "-        var a = $(this).parents(\".direct-chat\").first();", "-        a.toggleClass(\"direct-chat-contacts-open\")", "-    }), $('.btn-group[data-toggle=\"btn-toggle\"]').each(function () {", "-        var a = $(this);", "-        $(this).find(\".btn\").on(\"click\", function (b) {", "-            a.find(\".btn.active\").removeClass(\"active\"), $(this).addClass(\"active\"), b.preventDefault()", "-        })", "-    })", "-}), function (a) {", "-    \"use strict\";", "-    a.fn.boxRefresh = function (b) {", "-        function c(a) {", "-            a.append(f), e.onLoadStart.call(a)", "-        }", "-", "-        function d(a) {", "-            a.find(f).remove(), e.onLoadDone.call(a)", "-        }", "-", "-        var e = a.extend({", "-            trigger: \".refresh-btn\", source: \"\", onLoadStart: function (a) {", "-                return a", "-            }, onLoadDone: function (a) {", "-                return a", "-            }", "-        }, b), f = a('<div class=\"overlay\"><div class=\"fa fa-refresh fa-spin\"></div></div>');", "-        return this.each(function () {", "-            if (\"\" === e.source) return void(window.console && window.console.log(\"Please specify a source first - boxRefresh()\"));", "-            var b = a(this), f = b.find(e.trigger).first();", "-            f.on(\"click\", function (a) {", "-                a.preventDefault(), c(b), b.find(\".box-body\").load(e.source, function () {", "-                    d(b)", "-                })", "-            })", "-        })", "-    }", "-}(jQuery), function (a) {", "-    \"use strict\";", "-    a.fn.activateBox = function () {", "-        a.AdminLTE.boxWidget.activate(this)", "-    }, a.fn.toggleBox = function () {", "-        var b = a(a.AdminLTE.boxWidget.selectors.collapse, this);", "-        a.AdminLTE.boxWidget.collapse(b)", "-    }, a.fn.removeBox = function () {", "-        var b = a(a.AdminLTE.boxWidget.selectors.remove, this);", "-        a.AdminLTE.boxWidget.remove(b)", "-    }", "-}(jQuery), function (a) {", "-    \"use strict\";", "-    a.fn.todolist = function (b) {", "-        var c = a.extend({", "-            onCheck: function (a) {", "-                return a", "-            }, onUncheck: function (a) {", "-                return a", "-            }", "-        }, b);", "-        return this.each(function () {", "-            \"undefined\" != typeof a.fn.iCheck ? (a(\"input\", this).on(\"ifChecked\", function () {", "-                var b = a(this).parents(\"li\").first();", "-                b.toggleClass(\"done\"), c.onCheck.call(b)", "-            }), a(\"input\", this).on(\"ifUnchecked\", function () {", "-                var b = a(this).parents(\"li\").first();", "-                b.toggleClass(\"done\"), c.onUncheck.call(b)", "-            })) : a(\"input\", this).on(\"change\", function () {", "-                var b = a(this).parents(\"li\").first();", "-                b.toggleClass(\"done\"), a(\"input\", b).is(\":checked\") ? c.onCheck.call(b) : c.onUncheck.call(b)", "-            })", "-        })", "-    }", "-}(jQuery);", "+* ================", "+* Main JS application file for AdminLTE v2. This file", "+* should be included in all pages. It controls some layout", "+* options and implements exclusive AdminLTE plugins.", "+*", "+* @Author  Almsaeed Studio", "+* @Support <https://www.almsaeedstudio.com>", "+* @Email   <abdullah@almsaeedstudio.com>", "+* @version 2.4.2", "+* @repository git://github.com/almasaeed2010/AdminLTE.git", "+* @license MIT <http://opensource.org/licenses/MIT>", "+*/", "+if(\"undefined\"==typeof jQuery)throw new Error(\"AdminLTE requires jQuery\");+function(a){\"use strict\";function b(b){return this.each(function(){var e=a(this),g=e.data(c);if(!g){var h=a.extend({},d,e.data(),\"object\"==typeof b&&b);e.data(c,g=new f(e,h))}if(\"string\"==typeof g){if(void 0===g[b])throw new Error(\"No method named \"+b);g[b]()}})}var c=\"lte.boxrefresh\",d={source:\"\",params:{},trigger:\".refresh-btn\",content:\".box-body\",loadInContent:!0,responseType:\"\",overlayTemplate:'<div class=\"overlay\"><div class=\"fa fa-refresh fa-spin\"></div></div>',onLoadStart:function(){},onLoadDone:function(a){return a}},e={data:'[data-widget=\"box-refresh\"]'},f=function(b,c){if(this.element=b,this.options=c,this.$overlay=a(c.overlay),\"\"===c.source)throw new Error(\"Source url was not defined. Please specify a url in your BoxRefresh source option.\");this._setUpListeners(),this.load()};f.prototype.load=function(){this._addOverlay(),this.options.onLoadStart.call(a(this)),a.get(this.options.source,this.options.params,function(b){this.options.loadInContent&&a(this.options.content).html(b),this.options.onLoadDone.call(a(this),b),this._removeOverlay()}.bind(this),\"\"!==this.options.responseType&&this.options.responseType)},f.prototype._setUpListeners=function(){a(this.element).on(\"click\",e.trigger,function(a){a&&a.preventDefault(),this.load()}.bind(this))},f.prototype._addOverlay=function(){a(this.element).append(this.$overlay)},f.prototype._removeOverlay=function(){a(this.element).remove(this.$overlay)};var g=a.fn.boxRefresh;a.fn.boxRefresh=b,a.fn.boxRefresh.Constructor=f,a.fn.boxRefresh.noConflict=function(){return a.fn.boxRefresh=g,this},a(window).on(\"load\",function(){a(e.data).each(function(){b.call(a(this))})})}(jQuery),function(a){\"use strict\";function b(b){return this.each(function(){var e=a(this),f=e.data(c);if(!f){var g=a.extend({},d,e.data(),\"object\"==typeof b&&b);e.data(c,f=new h(e,g))}if(\"string\"==typeof b){if(void 0===f[b])throw new Error(\"No method named \"+b);f[b]()}})}var c=\"lte.boxwidget\",d={animationSpeed:500,collapseTrigger:'[data-widget=\"collapse\"]',removeTrigger:'[data-widget=\"remove\"]',collapseIcon:\"fa-minus\",expandIcon:\"fa-plus\",removeIcon:\"fa-times\"},e={data:\".box\",collapsed:\".collapsed-box\",header:\".box-header\",body:\".box-body\",footer:\".box-footer\",tools:\".box-tools\"},f={collapsed:\"collapsed-box\"},g={collapsed:\"collapsed.boxwidget\",expanded:\"expanded.boxwidget\",removed:\"removed.boxwidget\"},h=function(a,b){this.element=a,this.options=b,this._setUpListeners()};h.prototype.toggle=function(){a(this.element).is(e.collapsed)?this.expand():this.collapse()},h.prototype.expand=function(){var b=a.Event(g.expanded),c=this.options.collapseIcon,d=this.options.expandIcon;a(this.element).removeClass(f.collapsed),a(this.element).children(e.header+\", \"+e.body+\", \"+e.footer).children(e.tools).find(\".\"+d).removeClass(d).addClass(c),a(this.element).children(e.body+\", \"+e.footer).slideDown(this.options.animationSpeed,function(){a(this.element).trigger(b)}.bind(this))},h.prototype.collapse=function(){var b=a.Event(g.collapsed),c=this.options.collapseIcon,d=this.options.expandIcon;a(this.element).children(e.header+\", \"+e.body+\", \"+e.footer).children(e.tools).find(\".\"+c).removeClass(c).addClass(d),a(this.element).children(e.body+\", \"+e.footer).slideUp(this.options.animationSpeed,function(){a(this.element).addClass(f.collapsed),a(this.element).trigger(b)}.bind(this))},h.prototype.remove=function(){var b=a.Event(g.removed);a(this.element).slideUp(this.options.animationSpeed,function(){a(this.element).trigger(b),a(this.element).remove()}.bind(this))},h.prototype._setUpListeners=function(){var b=this;a(this.element).on(\"click\",this.options.collapseTrigger,function(c){return c&&c.preventDefault(),b.toggle(a(this)),!1}),a(this.element).on(\"click\",this.options.removeTrigger,function(c){return c&&c.preventDefault(),b.remove(a(this)),!1})};var i=a.fn.boxWidget;a.fn.boxWidget=b,a.fn.boxWidget.Constructor=h,a.fn.boxWidget.noConflict=function(){return a.fn.boxWidget=i,this},a(window).on(\"load\",function(){a(e.data).each(function(){b.call(a(this))})})}(jQuery),function(a){\"use strict\";function b(b){return this.each(function(){var e=a(this),f=e.data(c);if(!f){var g=a.extend({},d,e.data(),\"object\"==typeof b&&b);e.data(c,f=new h(e,g))}\"string\"==typeof b&&f.toggle()})}var c=\"lte.controlsidebar\",d={slide:!0},e={sidebar:\".control-sidebar\",data:'[data-toggle=\"control-sidebar\"]',open:\".control-sidebar-open\",bg:\".control-sidebar-bg\",wrapper:\".wrapper\",content:\".content-wrapper\",boxed:\".layout-boxed\"},f={open:\"control-sidebar-open\",fixed:\"fixed\"},g={collapsed:\"collapsed.controlsidebar\",expanded:\"expanded.controlsidebar\"},h=function(a,b){this.element=a,this.options=b,this.hasBindedResize=!1,this.init()};h.prototype.init=function(){a(this.element).is(e.data)||a(this).on(\"click\",this.toggle),this.fix(),a(window).resize(function(){this.fix()}.bind(this))},h.prototype.toggle=function(b){b&&b.preventDefault(),this.fix(),a(e.sidebar).is(e.open)||a(\"body\").is(e.open)?this.collapse():this.expand()},h.prototype.expand=function(){this.options.slide?a(e.sidebar).addClass(f.open):a(\"body\").addClass(f.open),a(this.element).trigger(a.Event(g.expanded))},h.prototype.collapse=function(){a(\"body, \"+e.sidebar).removeClass(f.open),a(this.element).trigger(a.Event(g.collapsed))},h.prototype.fix=function(){a(\"body\").is(e.boxed)&&this._fixForBoxed(a(e.bg))},h.prototype._fixForBoxed=function(b){b.css({position:\"absolute\",height:a(e.wrapper).height()})};var i=a.fn.controlSidebar;a.fn.controlSidebar=b,a.fn.controlSidebar.Constructor=h,a.fn.controlSidebar.noConflict=function(){return a.fn.controlSidebar=i,this},a(document).on(\"click\",e.data,function(c){c&&c.preventDefault(),b.call(a(this),\"toggle\")})}(jQuery),function(a){\"use strict\";function b(b){return this.each(function(){var d=a(this),e=d.data(c);e||d.data(c,e=new f(d)),\"string\"==typeof b&&e.toggle(d)})}var c=\"lte.directchat\",d={data:'[data-widget=\"chat-pane-toggle\"]',box:\".direct-chat\"},e={open:\"direct-chat-contacts-open\"},f=function(a){this.element=a};f.prototype.toggle=function(a){a.parents(d.box).first().toggleClass(e.open)};var g=a.fn.directChat;a.fn.directChat=b,a.fn.directChat.Constructor=f,a.fn.directChat.noConflict=function(){return a.fn.directChat=g,this},a(document).on(\"click\",d.data,function(c){c&&c.preventDefault(),b.call(a(this),\"toggle\")})}(jQuery),function(a){\"use strict\";function b(b){return this.each(function(){var e=a(this),f=e.data(c);if(!f){var h=a.extend({},d,e.data(),\"object\"==typeof b&&b);e.data(c,f=new g(h))}if(\"string\"==typeof b){if(void 0===f[b])throw new Error(\"No method named \"+b);f[b]()}})}var c=\"lte.layout\",d={slimscroll:!0,resetHeight:!0},e={wrapper:\".wrapper\",contentWrapper:\".content-wrapper\",layoutBoxed:\".layout-boxed\",mainFooter:\".main-footer\",mainHeader:\".main-header\",sidebar:\".sidebar\",controlSidebar:\".control-sidebar\",fixed:\".fixed\",sidebarMenu:\".sidebar-menu\",logo:\".main-header .logo\"},f={fixed:\"fixed\",holdTransition:\"hold-transition\"},g=function(a){this.options=a,this.bindedResize=!1,this.activate()};g.prototype.activate=function(){this.fix(),this.fixSidebar(),a(\"body\").removeClass(f.holdTransition),this.options.resetHeight&&a(\"body, html, \"+e.wrapper).css({height:\"auto\",\"min-height\":\"100%\"}),this.bindedResize||(a(window).resize(function(){this.fix(),this.fixSidebar(),a(e.logo+\", \"+e.sidebar).one(\"webkitTransitionEnd otransitionend oTransitionEnd msTransitionEnd transitionend\",function(){this.fix(),this.fixSidebar()}.bind(this))}.bind(this)),this.bindedResize=!0),a(e.sidebarMenu).on(\"expanded.tree\",function(){this.fix(),this.fixSidebar()}.bind(this)),a(e.sidebarMenu).on(\"collapsed.tree\",function(){this.fix(),this.fixSidebar()}.bind(this))},g.prototype.fix=function(){a(e.layoutBoxed+\" > \"+e.wrapper).css(\"overflow\",\"hidden\");var b=a(e.mainFooter).outerHeight()||0,c=a(e.mainHeader).outerHeight()+b,d=a(window).height(),g=a(e.sidebar).height()||0;if(a(\"body\").hasClass(f.fixed))a(e.contentWrapper).css(\"min-height\",d-b);else{var h;d>=g?(a(e.contentWrapper).css(\"min-height\",d-c),h=d-c):(a(e.contentWrapper).css(\"min-height\",g),h=g);var i=a(e.controlSidebar);void 0!==i&&i.height()>h&&a(e.contentWrapper).css(\"min-height\",i.height())}},g.prototype.fixSidebar=function(){if(!a(\"body\").hasClass(f.fixed))return void(void 0!==a.fn.slimScroll&&a(e.sidebar).slimScroll({destroy:!0}).height(\"auto\"));this.options.slimscroll&&void 0!==a.fn.slimScroll&&a(e.sidebar).slimScroll({height:a(window).height()-a(e.mainHeader).height()+\"px\"})};var h=a.fn.layout;a.fn.layout=b,a.fn.layout.Constuctor=g,a.fn.layout.noConflict=function(){return a.fn.layout=h,this},a(window).on(\"load\",function(){b.call(a(\"body\"))})}(jQuery),function(a){\"use strict\";function b(b){return this.each(function(){var e=a(this),f=e.data(c);if(!f){var g=a.extend({},d,e.data(),\"object\"==typeof b&&b);e.data(c,f=new h(g))}\"toggle\"===b&&f.toggle()})}var c=\"lte.pushmenu\",d={collapseScreenSize:767,expandOnHover:!1,expandTransitionDelay:200},e={collapsed:\".sidebar-collapse\",open:\".sidebar-open\",mainSidebar:\".main-sidebar\",contentWrapper:\".content-wrapper\",searchInput:\".sidebar-form .form-control\",button:'[data-toggle=\"push-menu\"]',mini:\".sidebar-mini\",expanded:\".sidebar-expanded-on-hover\",layoutFixed:\".fixed\"},f={collapsed:\"sidebar-collapse\",open:\"sidebar-open\",mini:\"sidebar-mini\",expanded:\"sidebar-expanded-on-hover\",expandFeature:\"sidebar-mini-expand-feature\",layoutFixed:\"fixed\"},g={expanded:\"expanded.pushMenu\",collapsed:\"collapsed.pushMenu\"},h=function(a){this.options=a,this.init()};h.prototype.init=function(){(this.options.expandOnHover||a(\"body\").is(e.mini+e.layoutFixed))&&(this.expandOnHover(),a(\"body\").addClass(f.expandFeature)),a(e.contentWrapper).click(function(){a(window).width()<=this.options.collapseScreenSize&&a(\"body\").hasClass(f.open)&&this.close()}.bind(this)),a(e.searchInput).click(function(a){a.stopPropagation()})},h.prototype.toggle=function(){var b=a(window).width(),c=!a(\"body\").hasClass(f.collapsed);b<=this.options.collapseScreenSize&&(c=a(\"body\").hasClass(f.open)),c?this.close():this.open()},h.prototype.open=function(){a(window).width()>this.options.collapseScreenSize?a(\"body\").removeClass(f.collapsed).trigger(a.Event(g.expanded)):a(\"body\").addClass(f.open).trigger(a.Event(g.expanded))},h.prototype.close=function(){a(window).width()>this.options.collapseScreenSize?a(\"body\").addClass(f.collapsed).trigger(a.Event(g.collapsed)):a(\"body\").removeClass(f.open+\" \"+f.collapsed).trigger(a.Event(g.collapsed))},h.prototype.expandOnHover=function(){a(e.mainSidebar).hover(function(){a(\"body\").is(e.mini+e.collapsed)&&a(window).width()>this.options.collapseScreenSize&&this.expand()}.bind(this),function(){a(\"body\").is(e.expanded)&&this.collapse()}.bind(this))},h.prototype.expand=function(){setTimeout(function(){a(\"body\").removeClass(f.collapsed).addClass(f.expanded)},this.options.expandTransitionDelay)},h.prototype.collapse=function(){setTimeout(function(){a(\"body\").removeClass(f.expanded).addClass(f.collapsed)},this.options.expandTransitionDelay)};var i=a.fn.pushMenu;a.fn.pushMenu=b,a.fn.pushMenu.Constructor=h,a.fn.pushMenu.noConflict=function(){return a.fn.pushMenu=i,this},a(document).on(\"click\",e.button,function(c){c.preventDefault(),b.call(a(this),\"toggle\")}),a(window).on(\"load\",function(){b.call(a(e.button))})}(jQuery),function(a){\"use strict\";function b(b){return this.each(function(){var e=a(this),f=e.data(c);if(!f){var h=a.extend({},d,e.data(),\"object\"==typeof b&&b);e.data(c,f=new g(e,h))}if(\"string\"==typeof f){if(void 0===f[b])throw new Error(\"No method named \"+b);f[b]()}})}var c=\"lte.todolist\",d={onCheck:function(a){return a},onUnCheck:function(a){return a}},e={data:'[data-widget=\"todo-list\"]'},f={done:\"done\"},g=function(a,b){this.element=a,this.options=b,this._setUpListeners()};g.prototype.toggle=function(a){if(a.parents(e.li).first().toggleClass(f.done),!a.prop(\"checked\"))return void this.unCheck(a);this.check(a)},g.prototype.check=function(a){this.options.onCheck.call(a)},g.prototype.unCheck=function(a){this.options.onUnCheck.call(a)},g.prototype._setUpListeners=function(){var b=this;a(this.element).on(\"change ifChanged\",\"input:checkbox\",function(){b.toggle(a(this))})};var h=a.fn.todoList;a.fn.todoList=b,a.fn.todoList.Constructor=g,a.fn.todoList.noConflict=function(){return a.fn.todoList=h,this},a(window).on(\"load\",function(){a(e.data).each(function(){b.call(a(this))})})}(jQuery),function(a){\"use strict\";function b(b){return this.each(function(){var e=a(this);if(!e.data(c)){var f=a.extend({},d,e.data(),\"object\"==typeof b&&b);e.data(c,new h(e,f))}})}var c=\"lte.tree\",d={animationSpeed:500,accordion:!0,followLink:!1,trigger:\".treeview a\"},e={tree:\".tree\",treeview:\".treeview\",treeviewMenu:\".treeview-menu\",open:\".menu-open, .active\",li:\"li\",data:'[data-widget=\"tree\"]',active:\".active\"},f={open:\"menu-open\",tree:\"tree\"},g={collapsed:\"collapsed.tree\",expanded:\"expanded.tree\"},h=function(b,c){this.element=b,this.options=c,a(this.element).addClass(f.tree),a(e.treeview+e.active,this.element).addClass(f.open),this._setUpListeners()};h.prototype.toggle=function(a,b){var c=a.next(e.treeviewMenu),d=a.parent(),g=d.hasClass(f.open);d.is(e.treeview)&&(this.options.followLink&&\"#\"!==a.attr(\"href\")||b.preventDefault(),g?this.collapse(c,d):this.expand(c,d))},h.prototype.expand=function(b,c){var d=a.Event(g.expanded);if(this.options.accordion){var h=c.siblings(e.open),i=h.children(e.treeviewMenu);this.collapse(i,h)}c.addClass(f.open),b.slideDown(this.options.animationSpeed,function(){a(this.element).trigger(d)}.bind(this))},h.prototype.collapse=function(b,c){var d=a.Event(g.collapsed);b.find(e.open).removeClass(f.open),c.removeClass(f.open),b.slideUp(this.options.animationSpeed,function(){b.find(e.open+\" > \"+e.treeview).slideUp(),a(this.element).trigger(d)}.bind(this))},h.prototype._setUpListeners=function(){var b=this;a(this.element).on(\"click\",this.options.trigger,function(c){b.toggle(a(this),c)})};var i=a.fn.tree;a.fn.tree=b,a.fn.tree.Constructor=h,a.fn.tree.noConflict=function(){return a.fn.tree=i,this},a(window).on(\"load\",function(){a(e.data).each(function(){b.call(a(this))})})}(jQuery);"], "url": ["https://api.github.com/repos/adminfaces/admin-template/commits/6e9e9df6f0d1b642749f36633b6dcefed21ea0a5"]}