{"new_feature": "327,2,0,53,1,1.00", "commitmessage": "ECommerce crash fixed", "patch": ["@@ -92,6 +92,7 @@ public void showECommerceDetails(ECommerce eCommerce) {\n     public void onDestroyView() {\n         super.onDestroyView();\n         unbinder.unbind();\n+        presenter.detachView();\n     }\n \n     @OnClick({R.id.fab_delete, R.id.fab_save})", "@@ -22,7 +22,9 @@ public EditECommercePresenter(EditECommerceView view) {\n         eCommerceObserver = eCommerce -> {\n             if (eCommerce != null)\n                 getView().showECommerceDetails(eCommerce);\n-            else getView().showToastShort(\"Unable to fetch e-Commerce account\");\n+            else {\n+                getView().popFragment();\n+            }\n         };\n     }\n "], "edit": ["+        presenter.detachView();", "-            else getView().showToastShort(\"Unable to fetch e-Commerce account\");", "+            else {", "+                getView().popFragment();", "+            }"], "url": ["https://api.github.com/repos/abhinav272/KeepSafeNew/commits/6eac04a488ebf52a7e99d9baaefd421aeb709eb3"]}