{"new_feature": "1050,1,6,586,29,0.62", "commitmessage": "fix configuration test that needs to be able to compare rule instances", "patch": ["@@ -45,4 +45,19 @@ public boolean apply(MatchRule rule) {\n             }\n         });\n     }\n+\n+    @Override\n+    public int hashCode() {\n+        return rules.hashCode();\n+    }\n+\n+    @Override\n+    public boolean equals(Object o) {\n+        if (this == o) return true;\n+        if (o == null || getClass() != o.getClass()) return false;\n+\n+        ComposedMatchRule that = (ComposedMatchRule) o;\n+\n+        return rules.equals(that.rules);\n+    }\n }", "@@ -16,8 +16,7 @@\n \n package co.freeside.betamax.recorder\n \n-import co.freeside.betamax.MatchRules\n-import co.freeside.betamax.ProxyConfiguration\n+import co.freeside.betamax.*\n import com.google.common.io.Files\n import spock.lang.*\n import static co.freeside.betamax.TapeMode.*\n@@ -49,7 +48,7 @@ class ConfigurationSpec extends Specification {\n                 .tapeRoot(tempDir)\n                 .proxyPort(1337)\n                 .defaultMode(READ_ONLY)\n-                .defaultMatchRule([MatchRules.host, MatchRules.headers])\n+                .defaultMatchRules(MatchRules.host, MatchRules.headers)\n                 .proxyTimeoutSeconds(30)\n                 .ignoreHosts([\"freeside.co\"])\n                 .ignoreLocalhost(true)\n@@ -62,7 +61,7 @@ class ConfigurationSpec extends Specification {\n             tapeRoot == tempDir\n             proxyPort == 1337\n             defaultMode == READ_ONLY\n-            defaultMatchRule == [MatchRules.host, MatchRules.headers]\n+            defaultMatchRule == ComposedMatchRule.of(MatchRules.host, MatchRules.headers)\n             proxyTimeoutSeconds == 30\n             ignoreHosts.contains(\"freeside.co\")\n             ignoreLocalhost\n@@ -92,7 +91,7 @@ class ConfigurationSpec extends Specification {\n             tapeRoot == tempDir\n             proxyPort == 1337\n             defaultMode == READ_WRITE\n-            defaultMatchRule == [MatchRules.host, MatchRules.headers]\n+            defaultMatchRule == ComposedMatchRule.of(MatchRules.host, MatchRules.headers)\n             proxyTimeoutSeconds == 30\n             ignoreHosts.contains(\"freeside.co\")\n             ignoreHosts.contains(\"energizedwork.com\")\n@@ -130,7 +129,7 @@ class ConfigurationSpec extends Specification {\n             tapeRoot == tempDir\n             proxyPort == 1337\n             defaultMode == READ_WRITE\n-            defaultMatchRule == [MatchRules.host, MatchRules.headers]\n+            defaultMatchRule == ComposedMatchRule.of(MatchRules.host, MatchRules.headers)\n             proxyTimeoutSeconds == 30\n             ignoreHosts.contains(\"freeside.co\")\n             ignoreHosts.contains(\"energizedwork.com\")\n@@ -168,7 +167,7 @@ class ConfigurationSpec extends Specification {\n                 .tapeRoot(new File(\"test/fixtures/tapes\"))\n                 .proxyPort(1234)\n                 .defaultMode(WRITE_ONLY)\n-                .defaultMatchRule([MatchRules.port, MatchRules.query])\n+                .defaultMatchRules(MatchRules.port, MatchRules.query)\n                 .proxyTimeoutSeconds(10)\n                 .ignoreHosts([\"github.com\"])\n                 .ignoreLocalhost(false)\n@@ -180,7 +179,7 @@ class ConfigurationSpec extends Specification {\n             tapeRoot == new File(\"test/fixtures/tapes\")\n             proxyPort == 1234\n             defaultMode == WRITE_ONLY\n-            defaultMatchRule == [MatchRules.port, MatchRules.query]\n+            defaultMatchRule == ComposedMatchRule.of(MatchRules.port, MatchRules.query)\n             proxyTimeoutSeconds == 10\n             ignoreHosts == [\"github.com\"]\n             !ignoreLocalhost"], "edit": ["+", "+    @Override", "+    public int hashCode() {", "+        return rules.hashCode();", "+    }", "+", "+    @Override", "+    public boolean equals(Object o) {", "+        if (this == o) return true;", "+        if (o == null || getClass() != o.getClass()) return false;", "+", "+        ComposedMatchRule that = (ComposedMatchRule) o;", "+", "+        return rules.equals(that.rules);", "+    }", "-import co.freeside.betamax.MatchRules", "-import co.freeside.betamax.ProxyConfiguration", "+import co.freeside.betamax.*", "-                .defaultMatchRule([MatchRules.host, MatchRules.headers])", "+                .defaultMatchRules(MatchRules.host, MatchRules.headers)", "-            defaultMatchRule == [MatchRules.host, MatchRules.headers]", "+            defaultMatchRule == ComposedMatchRule.of(MatchRules.host, MatchRules.headers)", "-            defaultMatchRule == [MatchRules.host, MatchRules.headers]", "+            defaultMatchRule == ComposedMatchRule.of(MatchRules.host, MatchRules.headers)", "-            defaultMatchRule == [MatchRules.host, MatchRules.headers]", "+            defaultMatchRule == ComposedMatchRule.of(MatchRules.host, MatchRules.headers)", "-                .defaultMatchRule([MatchRules.port, MatchRules.query])", "+                .defaultMatchRules(MatchRules.port, MatchRules.query)", "-            defaultMatchRule == [MatchRules.port, MatchRules.query]", "+            defaultMatchRule == ComposedMatchRule.of(MatchRules.port, MatchRules.query)"], "url": ["https://api.github.com/repos/airbnb/okreplay/commits/6ed52d437be7c707a645d52e7e6956d188030302"]}