{"new_feature": "11,2,1,155,1,1.00", "commitmessage": "fix apk url", "patch": ["@@ -9,9 +9,9 @@ I saw this cool login transition from [Anton Aheichanka](https://dribbble.com/sh\n > [See HQ Animation](https://gfycat.com/ShockingSourJackrabbit)\n \n ### Download APK\n-https://github.com/agusibrahim/xxx\n+https://github.com/agusibrahim/LoginPageConcept/releases/download/1/loginPageConcept-agusibrahim.apk\n \n ### Thnx to following cool library\n * https://github.com/flavioarfaria/KenBurnsView\n * https://github.com/MasayukiSuda/EasingInterpolator\n-* https://github.com/Mulham-Raee/Horizontal-Calendar\n\\ No newline at end of file\n+* https://github.com/Mulham-Raee/Horizontal-Calendar"], "edit": ["-https://github.com/agusibrahim/xxx", "+https://github.com/agusibrahim/LoginPageConcept/releases/download/1/loginPageConcept-agusibrahim.apk", "-* https://github.com/Mulham-Raee/Horizontal-Calendar", "+* https://github.com/Mulham-Raee/Horizontal-Calendar"], "url": ["https://api.github.com/repos/agusibrahim/LoginPageConcept/commits/6ef9cc9db63080057caa8053d2246211f8bbffd3"]}