{"new_feature": "1227,9,21,922,30,0.46", "commitmessage": "Fixed issue with null Integer id return value\n\nSigned-off-by: Andrew DeMaria <lostonamountain@gmail.com>", "patch": ["@@ -86,7 +86,11 @@ public Player getPlayerById(String id) {\n      * @param player The player to create.\n      */\n     public synchronized void createPlayer(Player player) {\n-        int id = getJdbcTemplate().queryForObject(\"select max(id) from player\", Integer.class) + 1;\n+        Integer existingMax = getJdbcTemplate().queryForObject(\"select max(id) from player\", Integer.class);\n+        if(existingMax == null) {\n+            existingMax = 0;\n+        }\n+        int id = existingMax + 1;\n         player.setId(String.valueOf(id));\n         String sql = \"insert into player (\" + COLUMNS + \") values (\" + questionMarks(COLUMNS) + \")\";\n         update(sql, player.getId(), player.getName(), player.getType(), player.getUsername(),", "@@ -82,8 +82,11 @@ public void setTranscodingsForPlayer(String playerId, int[] transcodingIds) {\n      * @param transcoding The transcoding to create.\n      */\n     public synchronized void createTranscoding(Transcoding transcoding) {\n-        int id = getJdbcTemplate().queryForObject(\"select max(id) + 1 from transcoding2\", Integer.class);\n-        transcoding.setId(id);\n+        Integer existingMax = getJdbcTemplate().queryForObject(\"select max(id) from transcoding2\", Integer.class);\n+        if(existingMax == null) {\n+            existingMax = 0;\n+        }\n+        transcoding.setId(existingMax + 1);\n         String sql = \"insert into transcoding2 (\" + COLUMNS + \") values (\" + questionMarks(COLUMNS) + \")\";\n         update(sql, transcoding.getId(), transcoding.getName(), transcoding.getSourceFormats(),\n                 transcoding.getTargetFormat(), transcoding.getStep1(),"], "edit": ["-        int id = getJdbcTemplate().queryForObject(\"select max(id) from player\", Integer.class) + 1;", "+        Integer existingMax = getJdbcTemplate().queryForObject(\"select max(id) from player\", Integer.class);", "+        if(existingMax == null) {", "+            existingMax = 0;", "+        }", "+        int id = existingMax + 1;", "-        int id = getJdbcTemplate().queryForObject(\"select max(id) + 1 from transcoding2\", Integer.class);", "-        transcoding.setId(id);", "+        Integer existingMax = getJdbcTemplate().queryForObject(\"select max(id) from transcoding2\", Integer.class);", "+        if(existingMax == null) {", "+            existingMax = 0;", "+        }", "+        transcoding.setId(existingMax + 1);"], "url": ["https://api.github.com/repos/airsonic/airsonic/commits/6f54dc05d590cf9ffb0fed393f0b03295f4b57ce"]}