{"new_feature": "4880,99,0,51,8,0.11", "commitmessage": "fixed dot graphs", "patch": ["@@ -53,7 +53,7 @@ object Cascade extends Falls {\n \n   val rxnIdShift = 4000000000l\n \n-  val pattern = \"\"\":\\[([\\s\\d\\,]+)\\]\"\"\".r\n+  val pattern = \"\"\":\\[([\\s\\d\\,]*)\\]\"\"\".r\n \n   // dot does not like - in identifiers. Replace those with underscores\n   def rxn_node_ident(id: Long) = rxnIdShift + id\n@@ -163,13 +163,13 @@ object Cascade extends Falls {\n     val inchi = ActData.instance().chemId2Inchis.get(id)\n     println(inchi)\n     // Generate md5 hash for inchi\n-    val md5 = DigestUtils.md5Hex(if (inchi == null) id.toString else inchi)\n+    val md5 = DigestUtils.md5Hex(if (inchi == null) \"\" else inchi)\n     // Format the rendering filename\n     val renderingFilename = String.format(\"molecule-%s.png\", md5)\n     // Construct the string\n-    val name = s\"\"\"\"<td><font point-size=\\\"12\\\">${ActData.instance.chemId2ReadableName.get(id)}</font></td>\"\"\"\n-    val img = s\"\"\"\"val img = s<TD width=\\\"120\\\" height=\\\"100\\\" fixedsize=\\\"true\\\"><IMG SRC=\\\"$renderingFilename\\\" scale=\\\"true\\\"/></TD>\"\"\"\n-    s\"\"\"\"<<TABLE border=\\\"0\\\" cellborder=\\\"0\\\"><TR>$img$name</TR></TABLE>>\"\"\"\n+    val name = s\"\"\"<td><font point-size=\\\"12\\\">${ActData.instance.chemId2ReadableName.get(id)}</font></td>\"\"\"\n+    val img = s\"\"\"<TD width=\\\"120\\\" height=\\\"100\\\" fixedsize=\\\"true\\\"><IMG SRC=\\\"$renderingFilename\\\" scale=\\\"true\\\"/></TD>\"\"\"\n+    s\"\"\"<<TABLE border=\\\"0\\\" cellborder=\\\"0\\\"><TR>$img$name</TR></TABLE>>\"\"\"\n   }\n \n   def mol_node_url_string(inchi: String) = {\n@@ -244,7 +244,7 @@ object Cascade extends Falls {\n \n class Cascade(target: Long) {\n   val t = target\n-\n+  println(t)\n   val nw = Cascade.get_cascade(t, 0).get\n \n   def network() = nw", "@@ -125,8 +125,8 @@ object cascades {\n \n     var cnt = 0\n \n-    val reach = List(878L)\n-    for (reachid <- reach) {\n+    // val reach = List(878L)\n+    for (reachid <- reachables) {\n       print(\"Reachable #\" + cnt + \"\\r\")\n \n       // write to disk; JS front end uses json"], "edit": ["-  val pattern = \"\"\":\\[([\\s\\d\\,]+)\\]\"\"\".r", "+  val pattern = \"\"\":\\[([\\s\\d\\,]*)\\]\"\"\".r", "-    val md5 = DigestUtils.md5Hex(if (inchi == null) id.toString else inchi)", "+    val md5 = DigestUtils.md5Hex(if (inchi == null) \"\" else inchi)", "-    val name = s\"\"\"\"<td><font point-size=\\\"12\\\">${ActData.instance.chemId2ReadableName.get(id)}</font></td>\"\"\"", "-    val img = s\"\"\"\"val img = s<TD width=\\\"120\\\" height=\\\"100\\\" fixedsize=\\\"true\\\"><IMG SRC=\\\"$renderingFilename\\\" scale=\\\"true\\\"/></TD>\"\"\"", "-    s\"\"\"\"<<TABLE border=\\\"0\\\" cellborder=\\\"0\\\"><TR>$img$name</TR></TABLE>>\"\"\"", "+    val name = s\"\"\"<td><font point-size=\\\"12\\\">${ActData.instance.chemId2ReadableName.get(id)}</font></td>\"\"\"", "+    val img = s\"\"\"<TD width=\\\"120\\\" height=\\\"100\\\" fixedsize=\\\"true\\\"><IMG SRC=\\\"$renderingFilename\\\" scale=\\\"true\\\"/></TD>\"\"\"", "+    s\"\"\"<<TABLE border=\\\"0\\\" cellborder=\\\"0\\\"><TR>$img$name</TR></TABLE>>\"\"\"", "-", "+  println(t)", "-    val reach = List(878L)", "-    for (reachid <- reach) {", "+    // val reach = List(878L)", "+    for (reachid <- reachables) {"], "url": ["https://api.github.com/repos/20n/act/commits/6f9f8689241adb99de72581ae7deac27261ae654"]}