{"new_feature": "1029,4,0,66,10,0.62", "commitmessage": "Fixed javadoc bug.", "patch": ["@@ -17,7 +17,7 @@\n  * your own identifying information:\n  * \"Portions Copyrighted [year] [name of copyright owner]\"\n  *\n- * $Id: Agent.java,v 1.5 2008/05/14 07:06:00 akara Exp $\n+ * $Id: Agent.java,v 1.6 2008/05/14 07:43:32 akara Exp $\n  *\n  * Copyright 2005 Sun Microsystems Inc. All Rights Reserved\n  */\n@@ -58,7 +58,7 @@ public void configure(Master master, RunInfo runInfo, int driverType,\n \n     /**\n      * Sets the actual run start time.\n-     * @param nsTime The relative nanosec time of the benchmark start.\n+     * @param msTime The relative millisec time of the benchmark start.\n      * @throws RemoteException\n      */\n     public void setStartTime(int msTime) throws RemoteException;"], "edit": ["- * $Id: Agent.java,v 1.5 2008/05/14 07:06:00 akara Exp $", "+ * $Id: Agent.java,v 1.6 2008/05/14 07:43:32 akara Exp $", "-     * @param nsTime The relative nanosec time of the benchmark start.", "+     * @param msTime The relative millisec time of the benchmark start."], "url": ["https://api.github.com/repos/akara/faban/commits/6fb1b7ea59c85252c5305a75c143b593ef49a710"]}