{"new_feature": "1050,1,6,586,29,0.62", "commitmessage": "#203 Fixing the ContentEncodingSpec to actually check gzip and deflate encoding.", "patch": ["@@ -16,6 +16,8 @@\n \n package software.betamax.tape\n \n+import software.betamax.encoding.DeflateEncoder\n+import software.betamax.encoding.GzipEncoder\n import software.betamax.tape.yaml.YamlTapeLoader\n import software.betamax.util.message.BasicRequest\n import software.betamax.util.message.BasicResponse\n@@ -47,7 +49,13 @@ class ContentEncodingSpec extends Specification {\n         def response = new BasicResponse(HTTP_OK, \"OK\")\n         response.addHeader(CONTENT_TYPE, PLAIN_TEXT_UTF_8.withoutParameters().toString())\n         response.addHeader(CONTENT_ENCODING, encoding)\n-        response.body = \"O HAI!\".bytes\n+        if (encoding == \"gzip\") {\n+            response.body = new GzipEncoder().encode(\"O HAI!\")\n+        } else if (encoding == \"deflate\") {\n+            response.body = new DeflateEncoder().encode(\"O HAI!\")\n+        } else {\n+            response.body = \"O HAI!\".bytes\n+        }\n \n         and:\n         def tape = loader.newTape(\"encoded response tape\")", "@@ -16,6 +16,7 @@\n \n package software.betamax.tape\n \n+import software.betamax.encoding.GzipEncoder\n import software.betamax.message.Request\n import software.betamax.message.Response\n import software.betamax.tape.yaml.YamlTapeLoader\n@@ -40,7 +41,7 @@ class TapeSpec extends Specification {\n     @Shared Tape tape = loader.loadTape('tape_spec')\n \n     Request getRequest = new BasicRequest('GET', 'http://icanhascheezburger.com/')\n-    Response plainTextResponse = new BasicResponse(status: 200, reason: 'OK', body: 'O HAI!'.bytes)\n+    Response plainTextResponse = new BasicResponse(status: 200, reason: 'OK', body: new GzipEncoder().encode('O HAI!'))\n \n     void setup() {\n         plainTextResponse.addHeader(CONTENT_TYPE, 'text/plain;charset=UTF-8')"], "edit": ["+import software.betamax.encoding.DeflateEncoder", "+import software.betamax.encoding.GzipEncoder", "-        response.body = \"O HAI!\".bytes", "+        if (encoding == \"gzip\") {", "+            response.body = new GzipEncoder().encode(\"O HAI!\")", "+        } else if (encoding == \"deflate\") {", "+            response.body = new DeflateEncoder().encode(\"O HAI!\")", "+        } else {", "+            response.body = \"O HAI!\".bytes", "+        }", "+import software.betamax.encoding.GzipEncoder", "-    Response plainTextResponse = new BasicResponse(status: 200, reason: 'OK', body: 'O HAI!'.bytes)", "+    Response plainTextResponse = new BasicResponse(status: 200, reason: 'OK', body: new GzipEncoder().encode('O HAI!'))"], "url": ["https://api.github.com/repos/airbnb/okreplay/commits/6fed235e0e8859198337e03f47c78588a1915de1"]}