{"new_feature": "540,2,25,135,7,0.97", "commitmessage": "fixes #76", "patch": ["@@ -18,4 +18,5 @@ admin.rippleElements=.ripplelink,button.ui-button:not([class*=ui-picklist]):not(\n   .ui-autocomplete-dropdown, .ui-autocomplete-item, .ui-splitbutton-menubutton, .ui-splitbutton button.ui-button,.input-group, .ui-selectbooleanbutton, \\\n   div.ui-button,.ui-chkbox-icon, .ui-link, .form-control, .btn, .ui-sortable-column,.ui-link, .ui-tabs-nav > li,.ui-selectonemenu-trigger, \\\n   .ui-accordion-header, .treeview, .sidebar-toggle, .ui-radiobutton-icon, td[role=\"gridcell\"], .ui-selectcheckboxmenu-trigger,.ui-paginator-page, \\\n-  .ui-panelmenu-header > a\n+  .ui-panelmenu-header > a, a.ui-dialog-titlebar-icon, a.ui-panel-titlebar-icon\n+"], "edit": ["-  .ui-panelmenu-header > a", "+  .ui-panelmenu-header > a, a.ui-dialog-titlebar-icon, a.ui-panel-titlebar-icon", "+"], "url": ["https://api.github.com/repos/adminfaces/admin-template/commits/7a0ec8e83cf0c58e6d6c2cae65f8e19c5f5014e8"]}