{"new_feature": "1029,4,0,66,10,0.62", "commitmessage": "- Fixed log message in RunDaemon.\n- Added fields to harness.xml for the planned additional functionality.", "patch": ["@@ -38,6 +38,16 @@\n         <deployUser>deployer</deployUser>\n         <deployPassword>adminadmin</deployPassword>\n     </security>\n+    <runQueue remote=\"false\">\n+        <rig enabled=\"false\">\n+            <name>master1</name>\n+            <key>ABCDEFGHIJKLMNOP</key>\n+        </rig>\n+        <rig enabled=\"false\">\n+            <name>master2</name>\n+            <key>QRSTUVWXYZABCDEF</key>\n+        </rig>\n+    </runQueue>\n     <replication>\n         <server enabled=\"false\">http://faban.sfbay.sun.com:9980</server>\n         <server enabled=\"false\">http://faban.sunsource.net:9980</server>", "@@ -17,7 +17,7 @@\n  * your own identifying information:\n  * \"Portions Copyrighted [year] [name of copyright owner]\"\n  *\n- * $Id: RunDaemon.java,v 1.7 2006/08/22 22:19:14 akara Exp $\n+ * $Id: RunDaemon.java,v 1.8 2006/10/03 17:50:28 akara Exp $\n  *\n  * Copyright 2005 Sun Microsystems Inc. All Rights Reserved\n  */\n@@ -261,7 +261,7 @@ public String getCurrentRunBenchmark() {\n     public String killCurrentRun(String runId, String user) {\n         if (runId.equals(currRun.getRunName()) && gb != null) {\n             gb.kill();\n-            logger.info(\"Audit: Run \" + runId + \"killed by \" + user);\n+            logger.info(\"Audit: Run \" + runId + \" killed by \" + user);\n             return runId;\n         }\n         return null;"], "edit": ["+    <runQueue remote=\"false\">", "+        <rig enabled=\"false\">", "+            <name>master1</name>", "+            <key>ABCDEFGHIJKLMNOP</key>", "+        </rig>", "+        <rig enabled=\"false\">", "+            <name>master2</name>", "+            <key>QRSTUVWXYZABCDEF</key>", "+        </rig>", "+    </runQueue>", "- * $Id: RunDaemon.java,v 1.7 2006/08/22 22:19:14 akara Exp $", "+ * $Id: RunDaemon.java,v 1.8 2006/10/03 17:50:28 akara Exp $", "-            logger.info(\"Audit: Run \" + runId + \"killed by \" + user);", "+            logger.info(\"Audit: Run \" + runId + \" killed by \" + user);"], "url": ["https://api.github.com/repos/akara/faban/commits/7a3d8ef3759a4f06a3728376720a52734a8d08a2"]}