{"new_feature": "1050,1,6,586,29,0.62", "commitmessage": "Remove all Jetty based code\n\nFixes #66", "patch": ["@@ -1,14 +0,0 @@\n-apply from: \"$rootDir/gradle/groovyModule.gradle\"\n-apply from: \"$rootDir/gradle/publishedModule.gradle\"\n-\n-dependencies {\n-\tcompile project(\":betamax-core\")\n-\tcompile commonDependencies.jetty\n-}\n-\n-modifyPom {\n-\tproject {\n-\t\tname \"Betamax Jetty\"\n-\t\tdescription \"The base Jetty support classes for Betamax.\"\n-\t}\n-}\n\\ No newline at end of file", "@@ -1,114 +0,0 @@\n-/*\n- * Copyright 2011 the original author or authors.\n- *\n- * Licensed under the Apache License, Version 2.0 (the \"License\");\n- * you may not use this file except in compliance with the License.\n- * You may obtain a copy of the License at\n- *\n- *    http://www.apache.org/licenses/LICENSE-2.0\n- *\n- * Unless required by applicable law or agreed to in writing, software\n- * distributed under the License is distributed on an \"AS IS\" BASIS,\n- * WITHOUT WARRANTIES OR CONDITIONS OF ANY KIND, either express or implied.\n- * See the License for the specific language governing permissions and\n- * limitations under the License.\n- */\n-\n-package co.freeside.betamax.proxy.jetty\n-\n-import java.util.concurrent.CountDownLatch\n-import java.util.logging.Logger\n-import org.eclipse.jetty.server.*\n-import org.eclipse.jetty.util.component.AbstractLifeCycle.AbstractLifeCycleListener\n-import org.eclipse.jetty.util.component.LifeCycle\n-\n-class SimpleServer extends AbstractLifeCycleListener {\n-\n-\tstatic final int DEFAULT_PORT = 5000\n-\n-\tfinal String host\n-\tprotected int port\n-\tprivate Server server\n-\tprivate CountDownLatch startedLatch\n-\tprivate CountDownLatch stoppedLatch\n-\n-\tprivate static final log = Logger.getLogger(getClass().name)\n-\n-\tSimpleServer() {\n-\t\tthis(DEFAULT_PORT)\n-\t}\n-\n-\tSimpleServer(int port) {\n-\t\t// if there is no network connection we need to connect to the server via hostname rather than IP. At least this\n-\t\t// is true on a Mac. Suspect it may be OS dependent. I should really make an effort to understand this but this\n-\t\t// workaround means the proxy seems to operate correctly with or without a network connection. The weird thing\n-\t\t// is that the hostName _doesn't_ work when there _is_ a network connection.\n-\t\tdef localAddress = InetAddress.localHost\n-\t\tif (localAddress.loopbackAddress) {\n-\t\t\tlog.info \"local address is loopback, using hostname $localAddress.hostName\"\n-\t\t\thost = localAddress.hostName\n-\t\t} else {\n-\t\t\thost = localAddress.hostAddress\n-\t\t}\n-\t\tthis.port = port\n-\t}\n-\n-\tString getUrl() {\n-\t\t\"http://$host:$port/\"\n-\t}\n-\n-\tvoid start(Class<? extends Handler> handlerClass) {\n-\t\tstart handlerClass.newInstance()\n-\t}\n-\n-\tvoid start(Handler handler) {\n-\t\tstartedLatch = new CountDownLatch(1)\n-\t\tstoppedLatch = new CountDownLatch(1)\n-\n-\t\tserver = createServer(port)\n-\t\tserver.handler = handler\n-\t\tserver.addLifeCycleListener(this)\n-\t\tserver.start()\n-\n-\t\tstartedLatch.await()\n-\t}\n-\n-\tvoid stop() {\n-\t\tif (server) {\n-\t\t\tserver.stop()\n-\t\t\tstoppedLatch.await()\n-\t\t}\n-\t}\n-\n-\tvoid setPort(int port) {\n-\t\tif (running) {\n-\t\t\tthrow new IllegalStateException('Cannot set port once the server is already started')\n-\t\t}\n-\t\tthis.port = port\n-\t}\n-\n-\tint getPort() {\n-\t\tport\n-\t}\n-\n-\tboolean isRunning() {\n-\t\tstartedLatch?.count == 0 && stoppedLatch?.count > 0\n-\t}\n-\n-\t@Override\n-\tvoid lifeCycleStarted(LifeCycle event) {\n-\t\tlog.fine 'started...'\n-\t\tstartedLatch.countDown()\n-\t}\n-\n-\t@Override\n-\tvoid lifeCycleStopped(LifeCycle event) {\n-\t\tlog.fine 'stopped...'\n-\t\tstoppedLatch.countDown()\n-\t}\n-\n-\tprotected Server createServer(int port) {\n-\t\tnew Server(port)\n-    }\n-\n-}", "@@ -27,7 +27,6 @@ allprojects {\n \t\t\t\texclude module: \"httpclient\"\n \t\t\t}),\n \t\t\thttpClient: dependencies.create(\"org.apache.httpcomponents:httpclient:4.2.2\"),\n-\t\t\tjetty: dependencies.create(\"org.eclipse.jetty:jetty-server:7.3.1.v20110307\"),\n \t\t\tjunit: dependencies.create(\"junit:junit:4.10\"),\n \t\t\tnetty: dependencies.create(\"io.netty:netty-all:4.0.7.Final\"),\n \t\t\tspock: dependencies.create(\"org.spockframework:spock-core:0.7-groovy-2.0\", {", "@@ -1,6 +1,5 @@\n include \"betamax-core\",\n \t\t\"betamax-httpclient\",\n-\t\t\"betamax-jetty\",\n \t\t\"betamax-proxy\",\n \t\t\"betamax-manual\",\n \t\t\"betamax-test-support\""], "edit": ["-apply from: \"$rootDir/gradle/groovyModule.gradle\"", "-apply from: \"$rootDir/gradle/publishedModule.gradle\"", "-", "-dependencies {", "-\tcompile project(\":betamax-core\")", "-\tcompile commonDependencies.jetty", "-}", "-", "-modifyPom {", "-\tproject {", "-\t\tname \"Betamax Jetty\"", "-\t\tdescription \"The base Jetty support classes for Betamax.\"", "-\t}", "-}", "-/*", "- * Copyright 2011 the original author or authors.", "- *", "- * Licensed under the Apache License, Version 2.0 (the \"License\");", "- * you may not use this file except in compliance with the License.", "- * You may obtain a copy of the License at", "- *", "- *    http://www.apache.org/licenses/LICENSE-2.0", "- *", "- * Unless required by applicable law or agreed to in writing, software", "- * distributed under the License is distributed on an \"AS IS\" BASIS,", "- * WITHOUT WARRANTIES OR CONDITIONS OF ANY KIND, either express or implied.", "- * See the License for the specific language governing permissions and", "- * limitations under the License.", "- */", "-", "-package co.freeside.betamax.proxy.jetty", "-", "-import java.util.concurrent.CountDownLatch", "-import java.util.logging.Logger", "-import org.eclipse.jetty.server.*", "-import org.eclipse.jetty.util.component.AbstractLifeCycle.AbstractLifeCycleListener", "-import org.eclipse.jetty.util.component.LifeCycle", "-", "-class SimpleServer extends AbstractLifeCycleListener {", "-", "-\tstatic final int DEFAULT_PORT = 5000", "-", "-\tfinal String host", "-\tprotected int port", "-\tprivate Server server", "-\tprivate CountDownLatch startedLatch", "-\tprivate CountDownLatch stoppedLatch", "-", "-\tprivate static final log = Logger.getLogger(getClass().name)", "-", "-\tSimpleServer() {", "-\t\tthis(DEFAULT_PORT)", "-\t}", "-", "-\tSimpleServer(int port) {", "-\t\t// if there is no network connection we need to connect to the server via hostname rather than IP. At least this", "-\t\t// is true on a Mac. Suspect it may be OS dependent. I should really make an effort to understand this but this", "-\t\t// workaround means the proxy seems to operate correctly with or without a network connection. The weird thing", "-\t\t// is that the hostName _doesn't_ work when there _is_ a network connection.", "-\t\tdef localAddress = InetAddress.localHost", "-\t\tif (localAddress.loopbackAddress) {", "-\t\t\tlog.info \"local address is loopback, using hostname $localAddress.hostName\"", "-\t\t\thost = localAddress.hostName", "-\t\t} else {", "-\t\t\thost = localAddress.hostAddress", "-\t\t}", "-\t\tthis.port = port", "-\t}", "-", "-\tString getUrl() {", "-\t\t\"http://$host:$port/\"", "-\t}", "-", "-\tvoid start(Class<? extends Handler> handlerClass) {", "-\t\tstart handlerClass.newInstance()", "-\t}", "-", "-\tvoid start(Handler handler) {", "-\t\tstartedLatch = new CountDownLatch(1)", "-\t\tstoppedLatch = new CountDownLatch(1)", "-", "-\t\tserver = createServer(port)", "-\t\tserver.handler = handler", "-\t\tserver.addLifeCycleListener(this)", "-\t\tserver.start()", "-", "-\t\tstartedLatch.await()", "-\t}", "-", "-\tvoid stop() {", "-\t\tif (server) {", "-\t\t\tserver.stop()", "-\t\t\tstoppedLatch.await()", "-\t\t}", "-\t}", "-", "-\tvoid setPort(int port) {", "-\t\tif (running) {", "-\t\t\tthrow new IllegalStateException('Cannot set port once the server is already started')", "-\t\t}", "-\t\tthis.port = port", "-\t}", "-", "-\tint getPort() {", "-\t\tport", "-\t}", "-", "-\tboolean isRunning() {", "-\t\tstartedLatch?.count == 0 && stoppedLatch?.count > 0", "-\t}", "-", "-\t@Override", "-\tvoid lifeCycleStarted(LifeCycle event) {", "-\t\tlog.fine 'started...'", "-\t\tstartedLatch.countDown()", "-\t}", "-", "-\t@Override", "-\tvoid lifeCycleStopped(LifeCycle event) {", "-\t\tlog.fine 'stopped...'", "-\t\tstoppedLatch.countDown()", "-\t}", "-", "-\tprotected Server createServer(int port) {", "-\t\tnew Server(port)", "-    }", "-", "-}", "-\t\t\tjetty: dependencies.create(\"org.eclipse.jetty:jetty-server:7.3.1.v20110307\"),", "-\t\t\"betamax-jetty\","], "url": ["https://api.github.com/repos/airbnb/okreplay/commits/7a5f84fb82644e09cedef6b3f313ca4b72d4eeef"]}