{"new_feature": "852,1,0,121,25,0.24", "commitmessage": "Fix test expected exception messge", "patch": ["@@ -89,7 +89,7 @@ public void testValidHeaderWithInferredFieldIds()\n                 ImmutableSet.of(new ThriftHeaderParameter(0, \"header1\"), new ThriftHeaderParameter(2, \"header2\")));\n     }\n \n-    @Test(expectedExceptions = IllegalArgumentException.class, expectedExceptionsMessageRegExp = \"ThriftMethod .* parameter 1 can not be annotated with both @ThriftField and @ThriftHeader\")\n+    @Test(expectedExceptions = IllegalArgumentException.class, expectedExceptionsMessageRegExp = \"ThriftMethod .* parameter 1 must not be annotated with both @ThriftField and @ThriftHeader\")\n     public void invalidHeaderAndFieldParameter()\n     {\n         Method validHeaderWithInferredFieldIds = getMethod(\"invalidHeaderAndFieldParameter\", boolean.class, String.class);"], "edit": ["-    @Test(expectedExceptions = IllegalArgumentException.class, expectedExceptionsMessageRegExp = \"ThriftMethod .* parameter 1 can not be annotated with both @ThriftField and @ThriftHeader\")", "+    @Test(expectedExceptions = IllegalArgumentException.class, expectedExceptionsMessageRegExp = \"ThriftMethod .* parameter 1 must not be annotated with both @ThriftField and @ThriftHeader\")"], "url": ["https://api.github.com/repos/airlift/drift/commits/7aa5e430a7bfaf075e649c6d08799a0688d0892f"]}