{"new_feature": "1050,1,6,586,29,0.62", "commitmessage": "fix tape mode getting written out to yaml", "patch": ["@@ -39,14 +39,14 @@\n public abstract class MemoryTape implements Tape {\n \n     private String name;\n-    private TapeMode mode = Configuration.DEFAULT_MODE;\n-    private MatchRule matchRule = Configuration.DEFAULT_MATCH_RULE;\n-    private EntityStorage responseBodyStorage = Configuration.DEFAULT_RESPONSE_BODY_STORAGE;\n-\n     private List<RecordedInteraction> interactions = Lists.newArrayList();\n-    private AtomicInteger orderedIndex = new AtomicInteger();\n \n-    private final FileResolver fileResolver;\n+    private transient TapeMode mode = Configuration.DEFAULT_MODE;\n+    private transient MatchRule matchRule = Configuration.DEFAULT_MATCH_RULE;\n+    private transient EntityStorage responseBodyStorage = Configuration.DEFAULT_RESPONSE_BODY_STORAGE;\n+    private final transient FileResolver fileResolver;\n+\n+    private transient AtomicInteger orderedIndex = new AtomicInteger();\n \n     protected MemoryTape(FileResolver fileResolver) {\n         this.fileResolver = fileResolver;", "@@ -26,7 +26,7 @@\n     public static final Tag TAPE_TAG = new Tag(\"!tape\");\n     public static final Tag FILE_TAG = new Tag(\"!file\");\n \n-    private boolean dirty;\n+    private transient boolean dirty;\n \n     YamlTape(FileResolver fileResolver) {\n         super(fileResolver);", "@@ -26,6 +26,7 @@\n import org.yaml.snakeyaml.*;\n import org.yaml.snakeyaml.constructor.Constructor;\n import org.yaml.snakeyaml.error.YAMLException;\n+import org.yaml.snakeyaml.introspector.BeanAccess;\n import org.yaml.snakeyaml.representer.Representer;\n import static co.freeside.betamax.tape.yaml.YamlTape.TAPE_TAG;\n import static org.yaml.snakeyaml.DumperOptions.FlowStyle.BLOCK;\n@@ -115,7 +116,9 @@ private Yaml getYaml() {\n         dumperOptions.setDefaultFlowStyle(BLOCK);\n         dumperOptions.setWidth(256);\n \n-        return new Yaml(constructor, representer, dumperOptions);\n+        Yaml yaml = new Yaml(constructor, representer, dumperOptions);\n+        yaml.setBeanAccess(BeanAccess.FIELD);\n+        return yaml;\n     }\n \n }", "@@ -82,6 +82,7 @@ class WriteTapeToYamlSpec extends Specification {\n \n         then:\n         def yaml = yamlReader.loadAs(writer.toString(), Map)\n+        yaml.size() == 2\n         yaml.name == tape.name\n \n         yaml.interactions.size() == 1", "@@ -111,7 +111,7 @@ class ProxyRecordAndPlaybackSpec extends Specification {\n             new Yaml().loadAs(reader, Map)\n         }\n         yaml.name == \"proxy record and playback spec\"\n-        yaml.size() == 2\n+        yaml.interactions.size() == 2\n     }\n \n     void \"can load an existing tape from a file\"() {"], "edit": ["-    private TapeMode mode = Configuration.DEFAULT_MODE;", "-    private MatchRule matchRule = Configuration.DEFAULT_MATCH_RULE;", "-    private EntityStorage responseBodyStorage = Configuration.DEFAULT_RESPONSE_BODY_STORAGE;", "-", "-    private AtomicInteger orderedIndex = new AtomicInteger();", "-    private final FileResolver fileResolver;", "+    private transient TapeMode mode = Configuration.DEFAULT_MODE;", "+    private transient MatchRule matchRule = Configuration.DEFAULT_MATCH_RULE;", "+    private transient EntityStorage responseBodyStorage = Configuration.DEFAULT_RESPONSE_BODY_STORAGE;", "+    private final transient FileResolver fileResolver;", "+", "+    private transient AtomicInteger orderedIndex = new AtomicInteger();", "-    private boolean dirty;", "+    private transient boolean dirty;", "+import org.yaml.snakeyaml.introspector.BeanAccess;", "-        return new Yaml(constructor, representer, dumperOptions);", "+        Yaml yaml = new Yaml(constructor, representer, dumperOptions);", "+        yaml.setBeanAccess(BeanAccess.FIELD);", "+        return yaml;", "+        yaml.size() == 2", "-        yaml.size() == 2", "+        yaml.interactions.size() == 2"], "url": ["https://api.github.com/repos/airbnb/okreplay/commits/7ac7799fa1125b28623e71ef89f0b22e0c1a01e6"]}