{"new_feature": "179,4,36,64,28,0.01", "commitmessage": "fix clean field for ie (#107)", "patch": ["@@ -18,7 +18,6 @@\n import com.codeborne.selenide.Condition;\n import com.codeborne.selenide.Selenide;\n import com.codeborne.selenide.SelenideElement;\n-import com.codeborne.selenide.WebDriverRunner;\n import cucumber.api.java.ru.*;\n import lombok.extern.slf4j.Slf4j;\n import org.apache.commons.lang3.RandomStringUtils;\n@@ -347,8 +346,9 @@ public void setFieldValue(String elementName, String value) {\n     @\u041a\u043e\u0433\u0434\u0430(\"^\u043e\u0447\u0438\u0449\u0435\u043d\u043e \u043f\u043e\u043b\u0435 \\\"([^\\\"]*)\\\"$\")\n     public void cleanField(String nameOfField) {\n         SelenideElement valueInput = akitaScenario.getCurrentPage().getElement(nameOfField);\n+        Keys removeKey = isIE() ? Keys.BACK_SPACE : Keys.DELETE;\n         do {\n-            valueInput.doubleClick().sendKeys(Keys.DELETE);\n+            valueInput.doubleClick().sendKeys(removeKey);\n         } while (valueInput.getValue().length() != 0);\n     }\n "], "edit": ["-import com.codeborne.selenide.WebDriverRunner;", "+        Keys removeKey = isIE() ? Keys.BACK_SPACE : Keys.DELETE;", "-            valueInput.doubleClick().sendKeys(Keys.DELETE);", "+            valueInput.doubleClick().sendKeys(removeKey);"], "url": ["https://api.github.com/repos/alfa-laboratory/akita/commits/7ad524e27a096a1728de1689eec2580fb04b18a3"]}