{"new_feature": "2276,1,0,88,30,0.01", "commitmessage": "Fixed #794", "patch": ["@@ -525,22 +525,22 @@ public boolean onCreateOptionsMenu(Menu menu) {\n         inflater.inflate(R.menu.main_menu, menu);\n \n         MenuItem toggleAttackDetectionMenuItem = menu.findItem(R.id.toggle_attack_detection);\n-        toggleAttackDetectionMenuItem.setChecked(true);\n+        toggleAttackDetectionMenuItem.setChecked(mAimsicdService.isMonitoringCell());\n         MenuItem toggleCellTrackingMenuItem = menu.findItem(R.id.toggle_cell_tracking);\n-        toggleCellTrackingMenuItem.setChecked(true);\n+        toggleCellTrackingMenuItem.setChecked(mAimsicdService.isTrackingCell());\n         return true;\n     }\n \n     @Override\n     public boolean onOptionsItemSelected(MenuItem item) {\n         switch (item.getItemId()){\n             case R.id.toggle_attack_detection:\n-                item.setChecked(!item.isChecked());\n                 monitorCell();\n+                item.setChecked(mAimsicdService.isMonitoringCell());\n                 break;\n             case R.id.toggle_cell_tracking:\n-                item.setChecked(!item.isChecked());\n                 trackCell();\n+                item.setChecked(mAimsicdService.isTrackingCell());\n                 break;\n             case R.id.settings:\n                 Intent settingsIntent = new Intent(this, SettingsActivity.class);\n@@ -606,7 +606,7 @@ private void SmsDetection() {\n      * Cell Information Tracking - Enable/Disable\n      */\n     private void trackCell() {\n-        mAimsicdService.setCellTracking(mAimsicdService.isTrackingCell());\n+        mAimsicdService.setCellTracking(!mAimsicdService.isTrackingCell());\n     }\n \n     /**"], "edit": ["-        toggleAttackDetectionMenuItem.setChecked(true);", "+        toggleAttackDetectionMenuItem.setChecked(mAimsicdService.isMonitoringCell());", "-        toggleCellTrackingMenuItem.setChecked(true);", "+        toggleCellTrackingMenuItem.setChecked(mAimsicdService.isTrackingCell());", "-                item.setChecked(!item.isChecked());", "+                item.setChecked(mAimsicdService.isMonitoringCell());", "-                item.setChecked(!item.isChecked());", "+                item.setChecked(mAimsicdService.isTrackingCell());", "-        mAimsicdService.setCellTracking(mAimsicdService.isTrackingCell());", "+        mAimsicdService.setCellTracking(!mAimsicdService.isTrackingCell());"], "url": ["https://api.github.com/repos/5GSD/AIMSICDL/commits/7ae389cc0118ef91d17a63faefdc8100da732fb7"]}