{"new_feature": "1577,1,17,193,30,0.71", "commitmessage": "Fixed artist image updating", "patch": ["@@ -22,6 +22,7 @@\n import com.kabouzeid.gramophone.model.Album;\n import com.kabouzeid.gramophone.model.Artist;\n import com.kabouzeid.gramophone.model.Song;\n+import com.kabouzeid.gramophone.util.ArtistSignatureUtil;\n import com.kabouzeid.gramophone.util.ColorUtil;\n import com.kabouzeid.gramophone.util.MusicUtil;\n import com.kabouzeid.gramophone.util.NavigationUtil;\n@@ -111,6 +112,7 @@ public void onBindViewHolder(@NonNull final ViewHolder holder, int position) {\n                         .diskCacheStrategy(DiskCacheStrategy.NONE)\n                         .error(R.drawable.default_album_art)\n                         .animate(android.R.anim.fade_in)\n+                        .signature(ArtistSignatureUtil.getInstance(activity).getArtistSignature(artist.name))\n                         .into(holder.image);\n                 break;\n             case SONG:", "@@ -27,6 +27,7 @@\n import com.kabouzeid.gramophone.loader.ArtistSongLoader;\n import com.kabouzeid.gramophone.model.Artist;\n import com.kabouzeid.gramophone.model.Song;\n+import com.kabouzeid.gramophone.util.ArtistSignatureUtil;\n import com.kabouzeid.gramophone.util.ColorUtil;\n import com.kabouzeid.gramophone.util.MusicUtil;\n import com.kabouzeid.gramophone.util.NavigationUtil;\n@@ -38,7 +39,6 @@\n  * @author Karim Abou Zeid (kabouzeid)\n  */\n public class ArtistAdapter extends AbsMultiSelectAdapter<ArtistAdapter.ViewHolder, Artist> {\n-    private static final int FADE_IN_TIME = 500;\n \n     protected final AppCompatActivity activity;\n     protected ArrayList<Artist> dataSet;\n@@ -126,6 +126,7 @@ protected void loadArtistImage(Artist artist, final ViewHolder holder) {\n                 .diskCacheStrategy(DiskCacheStrategy.ALL)\n                 .error(R.drawable.default_album_art)\n                 .animate(android.R.anim.fade_in)\n+                .signature(ArtistSignatureUtil.getInstance(activity).getArtistSignature(artist.name))\n                 .into(new PhonographColoredTarget(holder.image) {\n                     @Override\n                     public void onLoadCleared(Drawable placeholder) {", "@@ -56,7 +56,6 @@\n     @Nullable\n     @Bind(R.id.palette_color_container)\n     public View paletteColorContainer;\n-    public int paletteColor;\n \n     public MediaEntryViewHolder(View itemView) {\n         super(itemView);", "@@ -11,6 +11,8 @@\n \n import java.io.InputStream;\n \n+import hugo.weaving.DebugLog;\n+\n /**\n  * @author Karim Abou Zeid (kabouzeid)\n  */\n@@ -30,11 +32,12 @@ public String getId() {\n         return model.artistName;\n     }\n \n+    @DebugLog\n     @Override\n     public InputStream loadData(Priority priority) throws Exception {\n         if (MusicUtil.isArtistNameUnknown(model.artistName)) return null;\n \n-        LastFmArtist lastFmArtist = lastFMRestClient.getApiService().getArtistInfo(model.artistName, model.forceDownload ? \"no-cache\" : null).execute().body();\n+        LastFmArtist lastFmArtist = lastFMRestClient.getApiService().getArtistInfo(model.artistName, model.skipOkHttpCache ? \"no-cache\" : null).execute().body();\n \n         if (isCancelled) return null;\n ", "@@ -5,10 +5,10 @@\n  */\n public class ArtistImageRequest {\n     public final String artistName;\n-    public final boolean forceDownload;\n+    public final boolean skipOkHttpCache;\n \n-    public ArtistImageRequest(String artistName, boolean forceDownload) {\n+    public ArtistImageRequest(String artistName, boolean skipOkHttpCache) {\n         this.artistName = artistName;\n-        this.forceDownload = forceDownload;\n+        this.skipOkHttpCache = skipOkHttpCache;\n     }\n }", "@@ -1,106 +0,0 @@\n-package com.kabouzeid.gramophone.provider;\n-\n-import android.content.ContentValues;\n-import android.content.Context;\n-import android.database.Cursor;\n-import android.database.sqlite.SQLiteDatabase;\n-import android.database.sqlite.SQLiteOpenHelper;\n-import android.support.annotation.NonNull;\n-import android.support.annotation.Nullable;\n-\n-public class AlbumJSONStore extends SQLiteOpenHelper {\n-\n-    public static final String DATABASE_NAME = \"albums_last_fm.db\";\n-    private static final int VERSION = 1;\n-    @Nullable\n-    private static AlbumJSONStore sInstance = null;\n-\n-    public AlbumJSONStore(final Context context) {\n-        super(context, DATABASE_NAME, null, VERSION);\n-    }\n-\n-    @Nullable\n-    public static synchronized AlbumJSONStore getInstance(@NonNull final Context context) {\n-        if (sInstance == null) {\n-            sInstance = new AlbumJSONStore(context.getApplicationContext());\n-        }\n-        return sInstance;\n-    }\n-\n-    public void addAlbumJSON(@Nullable final String albumAndArtistName, @Nullable final String json) {\n-        if (albumAndArtistName == null || json == null) {\n-            return;\n-        }\n-\n-        final SQLiteDatabase database = getWritableDatabase();\n-        final ContentValues values = new ContentValues(2);\n-\n-        database.beginTransaction();\n-\n-        values.put(AlbumJSONColumns.ALBUM_PLUS_ARTIST_NAME, albumAndArtistName.trim().toLowerCase());\n-        values.put(AlbumJSONColumns.JSON_DATA, json);\n-\n-        database.insert(AlbumJSONColumns.NAME, null, values);\n-        database.setTransactionSuccessful();\n-        database.endTransaction();\n-    }\n-\n-    @Nullable\n-    public String getJSONData(@Nullable final String albumAndArtistName) {\n-        if (albumAndArtistName == null) {\n-            return null;\n-        }\n-\n-        final SQLiteDatabase database = getReadableDatabase();\n-        final String[] projection = new String[]{\n-                AlbumJSONColumns.JSON_DATA,\n-                AlbumJSONColumns.ALBUM_PLUS_ARTIST_NAME\n-        };\n-        final String selection = AlbumJSONColumns.ALBUM_PLUS_ARTIST_NAME + \"=?\";\n-        final String[] having = new String[]{\n-                albumAndArtistName.trim().toLowerCase()\n-        };\n-        Cursor cursor = database.query(AlbumJSONColumns.NAME, projection, selection, having, null,\n-                null, null, null);\n-        if (cursor != null && cursor.moveToFirst()) {\n-            final String json = cursor.getString(cursor.getColumnIndexOrThrow(AlbumJSONColumns.JSON_DATA));\n-            cursor.close();\n-            return json;\n-        }\n-        if (cursor != null) {\n-            cursor.close();\n-        }\n-        return null;\n-    }\n-\n-    public void removeAlbumJSON(@NonNull final String albumAndArtistName) {\n-        final SQLiteDatabase database = getReadableDatabase();\n-        database.delete(AlbumJSONColumns.NAME, AlbumJSONColumns.ALBUM_PLUS_ARTIST_NAME + \" = ?\", new String[]{\n-                albumAndArtistName.trim().toLowerCase()\n-        });\n-\n-    }\n-\n-    public interface AlbumJSONColumns {\n-        String NAME = \"album_json\";\n-        String ALBUM_PLUS_ARTIST_NAME = \"album_plus_artist_name\";\n-        String JSON_DATA = \"json_data\";\n-    }\n-\n-    @Override\n-    public void onCreate(@NonNull final SQLiteDatabase db) {\n-        db.execSQL(\"CREATE TABLE IF NOT EXISTS \" + AlbumJSONColumns.NAME +\n-                        \" (\" + AlbumJSONColumns.ALBUM_PLUS_ARTIST_NAME + \" TEXT NOT NULL,\" +\n-                        AlbumJSONColumns.JSON_DATA + \" TEXT NOT NULL);\"\n-        );\n-    }\n-\n-\n-    @Override\n-    public void onUpgrade(@NonNull final SQLiteDatabase db, final int oldVersion, final int newVersion) {\n-        db.execSQL(\"DROP TABLE IF EXISTS \" + AlbumJSONColumns.NAME);\n-        onCreate(db);\n-    }\n-\n-\n-}", "@@ -1,104 +0,0 @@\n-package com.kabouzeid.gramophone.provider;\n-\n-import android.content.ContentValues;\n-import android.content.Context;\n-import android.database.Cursor;\n-import android.database.sqlite.SQLiteDatabase;\n-import android.database.sqlite.SQLiteOpenHelper;\n-import android.support.annotation.NonNull;\n-import android.support.annotation.Nullable;\n-\n-public class ArtistJSONStore extends SQLiteOpenHelper {\n-\n-    public static final String DATABASE_NAME = \"artists_last_fm.db\";\n-    private static final int VERSION = 1;\n-    @Nullable\n-    private static ArtistJSONStore sInstance = null;\n-\n-    public ArtistJSONStore(final Context context) {\n-        super(context, DATABASE_NAME, null, VERSION);\n-    }\n-\n-    @Nullable\n-    public static synchronized ArtistJSONStore getInstance(@NonNull final Context context) {\n-        if (sInstance == null) {\n-            sInstance = new ArtistJSONStore(context.getApplicationContext());\n-        }\n-        return sInstance;\n-    }\n-\n-    public void addArtistJSON(@Nullable final String artistName, @Nullable final String json) {\n-        if (artistName == null || json == null) {\n-            return;\n-        }\n-\n-        final SQLiteDatabase database = getWritableDatabase();\n-        final ContentValues values = new ContentValues(2);\n-\n-        database.beginTransaction();\n-\n-        values.put(ArtistJSONColumns.ARTIST_NAME, artistName.trim().toLowerCase());\n-        values.put(ArtistJSONColumns.JSON_DATA, json);\n-\n-        database.insert(ArtistJSONColumns.NAME, null, values);\n-        database.setTransactionSuccessful();\n-        database.endTransaction();\n-    }\n-\n-    @Nullable\n-    public String getArtistJSON(@Nullable final String artistName) {\n-        if (artistName == null) {\n-            return null;\n-        }\n-\n-        final SQLiteDatabase database = getReadableDatabase();\n-        final String[] projection = new String[]{\n-                ArtistJSONColumns.JSON_DATA,\n-                ArtistJSONColumns.ARTIST_NAME\n-        };\n-        final String selection = ArtistJSONColumns.ARTIST_NAME + \"=?\";\n-        final String[] having = new String[]{\n-                artistName.trim().toLowerCase()\n-        };\n-        Cursor cursor = database.query(ArtistJSONColumns.NAME, projection, selection, having, null,\n-                null, null, null);\n-        if (cursor != null && cursor.moveToFirst()) {\n-            final String json = cursor.getString(cursor.getColumnIndexOrThrow(ArtistJSONColumns.JSON_DATA));\n-            cursor.close();\n-            return json;\n-        }\n-        if (cursor != null) {\n-            cursor.close();\n-        }\n-        return null;\n-    }\n-\n-    public void removeArtistJSON(@NonNull final String artistName) {\n-        final SQLiteDatabase database = getReadableDatabase();\n-        database.delete(ArtistJSONColumns.NAME, ArtistJSONColumns.ARTIST_NAME + \"=?\", new String[]{\n-                artistName.trim().toLowerCase()\n-        });\n-\n-    }\n-\n-    public interface ArtistJSONColumns {\n-        String NAME = \"artist_json\";\n-        String ARTIST_NAME = \"artist_name\";\n-        String JSON_DATA = \"json_data\";\n-    }\n-\n-    @Override\n-    public void onCreate(@NonNull final SQLiteDatabase db) {\n-        db.execSQL(\"CREATE TABLE IF NOT EXISTS \" + ArtistJSONColumns.NAME +\n-                        \" (\" + ArtistJSONColumns.ARTIST_NAME + \" TEXT NOT NULL,\" +\n-                        ArtistJSONColumns.JSON_DATA + \" TEXT NOT NULL);\"\n-        );\n-    }\n-\n-\n-    @Override\n-    public void onUpgrade(@NonNull final SQLiteDatabase db, final int oldVersion, final int newVersion) {\n-        db.execSQL(\"DROP TABLE IF EXISTS \" + ArtistJSONColumns.NAME);\n-        onCreate(db);\n-    }\n-}", "@@ -47,6 +47,7 @@\n import com.kabouzeid.gramophone.model.Artist;\n import com.kabouzeid.gramophone.model.Song;\n import com.kabouzeid.gramophone.ui.activities.base.AbsSlidingMusicPanelActivity;\n+import com.kabouzeid.gramophone.util.ArtistSignatureUtil;\n import com.kabouzeid.gramophone.util.ColorUtil;\n import com.kabouzeid.gramophone.util.NavigationUtil;\n import com.kabouzeid.gramophone.util.Util;\n@@ -250,12 +251,16 @@ private MaterialDialog getBiographyDialog() {\n     }\n \n     private void setUpArtistImageAndApplyPalette(final boolean forceDownload) {\n+        if (forceDownload) {\n+            ArtistSignatureUtil.getInstance(this).updateArtistSignature(artist.name);\n+        }\n         Glide.with(this)\n                 .load(new ArtistImageRequest(artist.name, forceDownload))\n                 .asBitmap()\n                 .transcode(new BitmapPaletteTranscoder(this), BitmapPaletteWrapper.class)\n                 .diskCacheStrategy(DiskCacheStrategy.ALL)\n                 .error(R.drawable.default_album_art)\n+                .signature(ArtistSignatureUtil.getInstance(this).getArtistSignature(artist.name))\n                 .into(new PhonographColoredTarget(artistImage) {\n \n                     @Override", "@@ -0,0 +1,47 @@\n+package com.kabouzeid.gramophone.util;\n+\n+import android.annotation.SuppressLint;\n+import android.content.Context;\n+import android.content.SharedPreferences;\n+import android.support.annotation.NonNull;\n+\n+import com.bumptech.glide.signature.StringSignature;\n+\n+import hugo.weaving.DebugLog;\n+\n+/**\n+ * @author Karim Abou Zeid (kabouzeid)\n+ */\n+public class ArtistSignatureUtil {\n+    private static final String ARTIST_SIGNATURE_PREFS = \"artist_signatures\";\n+\n+    private static ArtistSignatureUtil sInstance;\n+\n+    private final SharedPreferences mPreferences;\n+\n+    private ArtistSignatureUtil(@NonNull final Context context) {\n+        mPreferences = context.getSharedPreferences(ARTIST_SIGNATURE_PREFS, Context.MODE_PRIVATE);\n+    }\n+\n+    public static ArtistSignatureUtil getInstance(@NonNull final Context context) {\n+        if (sInstance == null) {\n+            sInstance = new ArtistSignatureUtil(context.getApplicationContext());\n+        }\n+        return sInstance;\n+    }\n+\n+    @DebugLog\n+    @SuppressLint(\"CommitPrefEdits\")\n+    public void updateArtistSignature(String artistName) {\n+        mPreferences.edit().putLong(artistName, System.currentTimeMillis()).commit();\n+    }\n+\n+    @DebugLog\n+    public long getArtistSignatureRaw(String artistName) {\n+        return mPreferences.getLong(artistName, 0);\n+    }\n+\n+    public StringSignature getArtistSignature(String artistName) {\n+        return new StringSignature(String.valueOf(getArtistSignatureRaw(artistName)));\n+    }\n+}", "@@ -67,7 +67,7 @@\n \n     private final SharedPreferences mPreferences;\n \n-    public PreferenceUtil(@NonNull final Context context) {\n+    private PreferenceUtil(@NonNull final Context context) {\n         mPreferences = PreferenceManager.getDefaultSharedPreferences(context);\n     }\n "], "edit": ["+import com.kabouzeid.gramophone.util.ArtistSignatureUtil;", "+                        .signature(ArtistSignatureUtil.getInstance(activity).getArtistSignature(artist.name))", "+import com.kabouzeid.gramophone.util.ArtistSignatureUtil;", "-    private static final int FADE_IN_TIME = 500;", "+                .signature(ArtistSignatureUtil.getInstance(activity).getArtistSignature(artist.name))", "-    public int paletteColor;", "+import hugo.weaving.DebugLog;", "+", "+    @DebugLog", "-        LastFmArtist lastFmArtist = lastFMRestClient.getApiService().getArtistInfo(model.artistName, model.forceDownload ? \"no-cache\" : null).execute().body();", "+        LastFmArtist lastFmArtist = lastFMRestClient.getApiService().getArtistInfo(model.artistName, model.skipOkHttpCache ? \"no-cache\" : null).execute().body();", "-    public final boolean forceDownload;", "+    public final boolean skipOkHttpCache;", "-    public ArtistImageRequest(String artistName, boolean forceDownload) {", "+    public ArtistImageRequest(String artistName, boolean skipOkHttpCache) {", "-        this.forceDownload = forceDownload;", "+        this.skipOkHttpCache = skipOkHttpCache;", "-package com.kabouzeid.gramophone.provider;", "-", "-import android.content.ContentValues;", "-import android.content.Context;", "-import android.database.Cursor;", "-import android.database.sqlite.SQLiteDatabase;", "-import android.database.sqlite.SQLiteOpenHelper;", "-import android.support.annotation.NonNull;", "-import android.support.annotation.Nullable;", "-", "-public class AlbumJSONStore extends SQLiteOpenHelper {", "-", "-    public static final String DATABASE_NAME = \"albums_last_fm.db\";", "-    private static final int VERSION = 1;", "-    @Nullable", "-    private static AlbumJSONStore sInstance = null;", "-", "-    public AlbumJSONStore(final Context context) {", "-        super(context, DATABASE_NAME, null, VERSION);", "-    }", "-", "-    @Nullable", "-    public static synchronized AlbumJSONStore getInstance(@NonNull final Context context) {", "-        if (sInstance == null) {", "-            sInstance = new AlbumJSONStore(context.getApplicationContext());", "-        }", "-        return sInstance;", "-    }", "-", "-    public void addAlbumJSON(@Nullable final String albumAndArtistName, @Nullable final String json) {", "-        if (albumAndArtistName == null || json == null) {", "-            return;", "-        }", "-", "-        final SQLiteDatabase database = getWritableDatabase();", "-        final ContentValues values = new ContentValues(2);", "-", "-        database.beginTransaction();", "-", "-        values.put(AlbumJSONColumns.ALBUM_PLUS_ARTIST_NAME, albumAndArtistName.trim().toLowerCase());", "-        values.put(AlbumJSONColumns.JSON_DATA, json);", "-", "-        database.insert(AlbumJSONColumns.NAME, null, values);", "-        database.setTransactionSuccessful();", "-        database.endTransaction();", "-    }", "-", "-    @Nullable", "-    public String getJSONData(@Nullable final String albumAndArtistName) {", "-        if (albumAndArtistName == null) {", "-            return null;", "-        }", "-", "-        final SQLiteDatabase database = getReadableDatabase();", "-        final String[] projection = new String[]{", "-                AlbumJSONColumns.JSON_DATA,", "-                AlbumJSONColumns.ALBUM_PLUS_ARTIST_NAME", "-        };", "-        final String selection = AlbumJSONColumns.ALBUM_PLUS_ARTIST_NAME + \"=?\";", "-        final String[] having = new String[]{", "-                albumAndArtistName.trim().toLowerCase()", "-        };", "-        Cursor cursor = database.query(AlbumJSONColumns.NAME, projection, selection, having, null,", "-                null, null, null);", "-        if (cursor != null && cursor.moveToFirst()) {", "-            final String json = cursor.getString(cursor.getColumnIndexOrThrow(AlbumJSONColumns.JSON_DATA));", "-            cursor.close();", "-            return json;", "-        }", "-        if (cursor != null) {", "-            cursor.close();", "-        }", "-        return null;", "-    }", "-", "-    public void removeAlbumJSON(@NonNull final String albumAndArtistName) {", "-        final SQLiteDatabase database = getReadableDatabase();", "-        database.delete(AlbumJSONColumns.NAME, AlbumJSONColumns.ALBUM_PLUS_ARTIST_NAME + \" = ?\", new String[]{", "-                albumAndArtistName.trim().toLowerCase()", "-        });", "-", "-    }", "-", "-    public interface AlbumJSONColumns {", "-        String NAME = \"album_json\";", "-        String ALBUM_PLUS_ARTIST_NAME = \"album_plus_artist_name\";", "-        String JSON_DATA = \"json_data\";", "-    }", "-", "-    @Override", "-    public void onCreate(@NonNull final SQLiteDatabase db) {", "-        db.execSQL(\"CREATE TABLE IF NOT EXISTS \" + AlbumJSONColumns.NAME +", "-                        \" (\" + AlbumJSONColumns.ALBUM_PLUS_ARTIST_NAME + \" TEXT NOT NULL,\" +", "-                        AlbumJSONColumns.JSON_DATA + \" TEXT NOT NULL);\"", "-        );", "-    }", "-", "-", "-    @Override", "-    public void onUpgrade(@NonNull final SQLiteDatabase db, final int oldVersion, final int newVersion) {", "-        db.execSQL(\"DROP TABLE IF EXISTS \" + AlbumJSONColumns.NAME);", "-        onCreate(db);", "-    }", "-", "-", "-}", "-package com.kabouzeid.gramophone.provider;", "-", "-import android.content.ContentValues;", "-import android.content.Context;", "-import android.database.Cursor;", "-import android.database.sqlite.SQLiteDatabase;", "-import android.database.sqlite.SQLiteOpenHelper;", "-import android.support.annotation.NonNull;", "-import android.support.annotation.Nullable;", "-", "-public class ArtistJSONStore extends SQLiteOpenHelper {", "-", "-    public static final String DATABASE_NAME = \"artists_last_fm.db\";", "-    private static final int VERSION = 1;", "-    @Nullable", "-    private static ArtistJSONStore sInstance = null;", "-", "-    public ArtistJSONStore(final Context context) {", "-        super(context, DATABASE_NAME, null, VERSION);", "-    }", "-", "-    @Nullable", "-    public static synchronized ArtistJSONStore getInstance(@NonNull final Context context) {", "-        if (sInstance == null) {", "-            sInstance = new ArtistJSONStore(context.getApplicationContext());", "-        }", "-        return sInstance;", "-    }", "-", "-    public void addArtistJSON(@Nullable final String artistName, @Nullable final String json) {", "-        if (artistName == null || json == null) {", "-            return;", "-        }", "-", "-        final SQLiteDatabase database = getWritableDatabase();", "-        final ContentValues values = new ContentValues(2);", "-", "-        database.beginTransaction();", "-", "-        values.put(ArtistJSONColumns.ARTIST_NAME, artistName.trim().toLowerCase());", "-        values.put(ArtistJSONColumns.JSON_DATA, json);", "-", "-        database.insert(ArtistJSONColumns.NAME, null, values);", "-        database.setTransactionSuccessful();", "-        database.endTransaction();", "-    }", "-", "-    @Nullable", "-    public String getArtistJSON(@Nullable final String artistName) {", "-        if (artistName == null) {", "-            return null;", "-        }", "-", "-        final SQLiteDatabase database = getReadableDatabase();", "-        final String[] projection = new String[]{", "-                ArtistJSONColumns.JSON_DATA,", "-                ArtistJSONColumns.ARTIST_NAME", "-        };", "-        final String selection = ArtistJSONColumns.ARTIST_NAME + \"=?\";", "-        final String[] having = new String[]{", "-                artistName.trim().toLowerCase()", "-        };", "-        Cursor cursor = database.query(ArtistJSONColumns.NAME, projection, selection, having, null,", "-                null, null, null);", "-        if (cursor != null && cursor.moveToFirst()) {", "-            final String json = cursor.getString(cursor.getColumnIndexOrThrow(ArtistJSONColumns.JSON_DATA));", "-            cursor.close();", "-            return json;", "-        }", "-        if (cursor != null) {", "-            cursor.close();", "-        }", "-        return null;", "-    }", "-", "-    public void removeArtistJSON(@NonNull final String artistName) {", "-        final SQLiteDatabase database = getReadableDatabase();", "-        database.delete(ArtistJSONColumns.NAME, ArtistJSONColumns.ARTIST_NAME + \"=?\", new String[]{", "-                artistName.trim().toLowerCase()", "-        });", "-", "-    }", "-", "-    public interface ArtistJSONColumns {", "-        String NAME = \"artist_json\";", "-        String ARTIST_NAME = \"artist_name\";", "-        String JSON_DATA = \"json_data\";", "-    }", "-", "-    @Override", "-    public void onCreate(@NonNull final SQLiteDatabase db) {", "-        db.execSQL(\"CREATE TABLE IF NOT EXISTS \" + ArtistJSONColumns.NAME +", "-                        \" (\" + ArtistJSONColumns.ARTIST_NAME + \" TEXT NOT NULL,\" +", "-                        ArtistJSONColumns.JSON_DATA + \" TEXT NOT NULL);\"", "-        );", "-    }", "-", "-", "-    @Override", "-    public void onUpgrade(@NonNull final SQLiteDatabase db, final int oldVersion, final int newVersion) {", "-        db.execSQL(\"DROP TABLE IF EXISTS \" + ArtistJSONColumns.NAME);", "-        onCreate(db);", "-    }", "-}", "+import com.kabouzeid.gramophone.util.ArtistSignatureUtil;", "+        if (forceDownload) {", "+            ArtistSignatureUtil.getInstance(this).updateArtistSignature(artist.name);", "+        }", "+                .signature(ArtistSignatureUtil.getInstance(this).getArtistSignature(artist.name))", "+package com.kabouzeid.gramophone.util;", "+", "+import android.annotation.SuppressLint;", "+import android.content.Context;", "+import android.content.SharedPreferences;", "+import android.support.annotation.NonNull;", "+", "+import com.bumptech.glide.signature.StringSignature;", "+", "+import hugo.weaving.DebugLog;", "+", "+/**", "+ * @author Karim Abou Zeid (kabouzeid)", "+ */", "+public class ArtistSignatureUtil {", "+    private static final String ARTIST_SIGNATURE_PREFS = \"artist_signatures\";", "+", "+    private static ArtistSignatureUtil sInstance;", "+", "+    private final SharedPreferences mPreferences;", "+", "+    private ArtistSignatureUtil(@NonNull final Context context) {", "+        mPreferences = context.getSharedPreferences(ARTIST_SIGNATURE_PREFS, Context.MODE_PRIVATE);", "+    }", "+", "+    public static ArtistSignatureUtil getInstance(@NonNull final Context context) {", "+        if (sInstance == null) {", "+            sInstance = new ArtistSignatureUtil(context.getApplicationContext());", "+        }", "+        return sInstance;", "+    }", "+", "+    @DebugLog", "+    @SuppressLint(\"CommitPrefEdits\")", "+    public void updateArtistSignature(String artistName) {", "+        mPreferences.edit().putLong(artistName, System.currentTimeMillis()).commit();", "+    }", "+", "+    @DebugLog", "+    public long getArtistSignatureRaw(String artistName) {", "+        return mPreferences.getLong(artistName, 0);", "+    }", "+", "+    public StringSignature getArtistSignature(String artistName) {", "+        return new StringSignature(String.valueOf(getArtistSignatureRaw(artistName)));", "+    }", "+}", "-    public PreferenceUtil(@NonNull final Context context) {", "+    private PreferenceUtil(@NonNull final Context context) {"], "url": ["https://api.github.com/repos/AdrienPoupa/VinylMusicPlayer/commits/7aee3c7c72d01ac4bd0ae7748f268d6fad933538"]}