{"new_feature": "101,1,10,76,1,1.00", "commitmessage": "layout fixed", "patch": ["@@ -7,12 +7,9 @@\n \n {% seo %}\n     <link rel=\"stylesheet\" href=\"{{ \"/assets/css/style.css?v=\" | append: site.github.build_revision | relative_url }}\">\n-    <!--[if lt IE 9]>\n-    <script src=\"//cdnjs.cloudflare.com/ajax/libs/html5shiv/3.7.3/html5shiv.min.js\"></script>\n-    <![endif]-->\n   </head>\n   <body>\n-    <div class=\"wrapper\">\n+    <main>\n       <header>\n         <h1><a href=\"{{ \"/\" | absolute_url }}\">{{ site.title | default: site.github.repository_name }}</a></h1>\n         \n@@ -46,6 +43,6 @@ <h1><a href=\"{{ \"/\" | absolute_url }}\">{{ site.title | default: site.github.repo\n       <footer>\n         <p><small>meet WAD at: <a href=\"http://airhacks.com\">airhacks.com</a></small></p>\n       </footer>\n-    </div>\n+    </main>\n   </body>\n </html>", "@@ -1,4 +1,10 @@\n ---\n ---\n \n-@import \"{{ site.theme }}\";\n\\ No newline at end of file\n+body{\n+    display: flex;\n+    justify-content: center;\n+}\n+main{\n+    width: 80%;\n+}\n\\ No newline at end of file"], "edit": ["-    <!--[if lt IE 9]>", "-    <script src=\"//cdnjs.cloudflare.com/ajax/libs/html5shiv/3.7.3/html5shiv.min.js\"></script>", "-    <![endif]-->", "-    <div class=\"wrapper\">", "+    <main>", "-    </div>", "+    </main>", "---", "---", "-@import \"{{ site.theme }}\";", "+body{", "+    display: flex;", "+    justify-content: center;", "+}", "+main{", "+    width: 80%;", "+}"], "url": ["https://api.github.com/repos/AdamBien/wad/commits/7b64e98feeacdea264af43e686161550d69a2663"]}