{"new_feature": "4880,99,0,51,8,0.27", "commitmessage": "Bug fixes.", "patch": ["@@ -1,4 +1,4 @@\n-= #{pageTitle} =\n+= ${pageTitle} =\n \n '''Chemical Intermediates''':\n {| class='wikitable'", "@@ -39,7 +39,7 @@\n ! Title\n   <#list patents as patent>\n |-\n-| [${patent.link}|${patent.id}]\n+| [${patent.link} ${patent.id}]\n | ''${patent.title}''\n   </#list>\n |}"], "edit": ["-= #{pageTitle} =", "+= ${pageTitle} =", "-| [${patent.link}|${patent.id}]", "+| [${patent.link} ${patent.id}]"], "url": ["https://api.github.com/repos/20n/act/commits/7b79f3bda89e26211feed1e320eada738e4ecd2f"]}