{"new_feature": "102,1,0,58,1,1.00", "commitmessage": "Fix java links", "patch": ["@@ -246,7 +246,7 @@ platform tests of a given problem.\n |Data Structures|[Java 2D Array](https://www.hackerrank.com/challenges/java-2d-array)|Easy|10|[Solution.java](Java/Data%20Structures/Java%202D%20Array/Solution.java)|\n |Data Structures|[Java Subarray](https://www.hackerrank.com/challenges/java-negative-subarray)|Easy|10|[Solution.java](Java/Data%20Structures/Java%20Subarray/Solution.java)|\n |Data Structures|[Java Arraylist](https://www.hackerrank.com/challenges/java-arraylist)|Easy|10|[Solution.java](Java/Data%20Structures/Java%20Arraylist/Solution.java)|\n-|Data Structures|[Java 1D Array (Part 2)](https://www.hackerrank.com/challenges/java-1d-array)|Medium|25|[Solution](Java/Data%20Structures/Java%201D%20Array%20(Part%202)/Solution.)|\n+|Data Structures|[Java 1D Array (Part 2)](https://www.hackerrank.com/challenges/java-1d-array)|Medium|25|[Solution.java](Java/Data%20Structures/Java%201D%20Array%20(Part%202)/Solution.java)|\n |Data Structures|[Java List](https://www.hackerrank.com/challenges/java-list)|Easy|15|[Solution.java](Java/Data%20Structures/Java%20List/Solution.java)|\n |Data Structures|[Java Map](https://www.hackerrank.com/challenges/phone-book)|Easy|10|[Solution.java](Java/Data%20Structures/Java%20Map/Solution.java)|\n |Data Structures|[Java Stack](https://www.hackerrank.com/challenges/java-stack)|Medium|20|[Solution.java](Java/Data%20Structures/Java%20Stack/Solution.java)|\n@@ -270,15 +270,15 @@ platform tests of a given problem.\n |Advanced|[Java Varargs - Simple Addition](https://www.hackerrank.com/challenges/simple-addition-varargs)|Easy|15|[Solution.java](Java/Advanced/Java%20Varargs%20-%20Simple%20Addition/Solution.java)|\n |Advanced|[Java Reflection - Attributes](https://www.hackerrank.com/challenges/java-reflection-attributes)|Easy|15|[Solution.java](Java/Advanced/Java%20Reflection%20-%20Attributes/Solution.java)|\n |Advanced|[Can You Access?](https://www.hackerrank.com/challenges/can-you-access)|Medium|15|[Solution.java](Java/Advanced/Can%20You%20Access?/Solution.java)|\n-|Advanced|[Prime Checker](https://www.hackerrank.com/challenges/prime-checker)|Medium|25|[Solution](Java/Advanced/Prime%20Checker/Solution.)|\n+|Advanced|[Prime Checker](https://www.hackerrank.com/challenges/prime-checker)|Medium|25|[Solution.java](Java/Advanced/Prime%20Checker/Solution.java)|\n |Advanced|[Java Factory Pattern](https://www.hackerrank.com/challenges/java-factory)|Easy|15|[Solution.java](Java/Advanced/Java%20Factory%20Pattern/Solution.java)|\n |Advanced|[Java Singleton Pattern](https://www.hackerrank.com/challenges/java-singleton)|Easy|15|[Solution.java](Java/Advanced/Java%20Singleton%20Pattern/Solution.java)|\n |Advanced|[Java Visitor Pattern](https://www.hackerrank.com/challenges/java-vistor-pattern)|Medium|40|[Solution.java](Java/Advanced/Java%20Visitor%20Pattern/Solution.java)|\n |Advanced|[Java Annotations](https://www.hackerrank.com/challenges/java-annotations)|Medium|25|[Solution.java](Java/Advanced/Java%20Annotations/Solution.java)|\n |Advanced|[Covariant Return Types](https://www.hackerrank.com/challenges/java-covariance)|Easy|20|[Solution.java](Java/Advanced/Covariant%20Return%20Types/Solution.java)|\n |Advanced|[Java Lambda Expressions](https://www.hackerrank.com/challenges/java-lambda-expressions)|Medium|30|[Solution.java](Java/Advanced/Java%20Lambda%20Expressions/Solution.java)|\n-|Advanced|[Java MD5](https://www.hackerrank.com/challenges/java-md5)|Medium|30|[Solution](Java/Advanced/Java%20MD5/Solution.)|\n-|Advanced|[Java SHA-256](https://www.hackerrank.com/challenges/sha-256)|Medium|30|[Solution](Java/Advanced/Java%20SHA-256/Solution.)|\n+|Advanced|[Java MD5](https://www.hackerrank.com/challenges/java-md5)|Medium|30|[Solution.java](Java/Advanced/Java%20MD5/Solution.java)|\n+|Advanced|[Java SHA-256](https://www.hackerrank.com/challenges/sha-256)|Medium|30|[Solution.java](Java/Advanced/Java%20SHA-256/Solution.java)|\n \n ##  C++\n |Subdomain|Challenge|Difficulty|Score|Solution|"], "edit": ["-|Data Structures|[Java 1D Array (Part 2)](https://www.hackerrank.com/challenges/java-1d-array)|Medium|25|[Solution](Java/Data%20Structures/Java%201D%20Array%20(Part%202)/Solution.)|", "+|Data Structures|[Java 1D Array (Part 2)](https://www.hackerrank.com/challenges/java-1d-array)|Medium|25|[Solution.java](Java/Data%20Structures/Java%201D%20Array%20(Part%202)/Solution.java)|", "-|Advanced|[Prime Checker](https://www.hackerrank.com/challenges/prime-checker)|Medium|25|[Solution](Java/Advanced/Prime%20Checker/Solution.)|", "+|Advanced|[Prime Checker](https://www.hackerrank.com/challenges/prime-checker)|Medium|25|[Solution.java](Java/Advanced/Prime%20Checker/Solution.java)|", "-|Advanced|[Java MD5](https://www.hackerrank.com/challenges/java-md5)|Medium|30|[Solution](Java/Advanced/Java%20MD5/Solution.)|", "-|Advanced|[Java SHA-256](https://www.hackerrank.com/challenges/sha-256)|Medium|30|[Solution](Java/Advanced/Java%20SHA-256/Solution.)|", "+|Advanced|[Java MD5](https://www.hackerrank.com/challenges/java-md5)|Medium|30|[Solution.java](Java/Advanced/Java%20MD5/Solution.java)|", "+|Advanced|[Java SHA-256](https://www.hackerrank.com/challenges/sha-256)|Medium|30|[Solution.java](Java/Advanced/Java%20SHA-256/Solution.java)|"], "url": ["https://api.github.com/repos/alexprut/HackerRank/commits/7c1691595261866a2402009c0eedefe8e41b00e9"]}