{"new_feature": "302,16,130,204,9,0.04", "commitmessage": "small fix", "patch": ["@@ -0,0 +1,17 @@\n+<?xml version=\"1.0\" encoding=\"UTF-8\"?>\n+<projectDescription>\n+\t<name>activiti-examples-parent</name>\n+\t<comment></comment>\n+\t<projects>\n+\t</projects>\n+\t<buildSpec>\n+\t\t<buildCommand>\n+\t\t\t<name>org.eclipse.m2e.core.maven2Builder</name>\n+\t\t\t<arguments>\n+\t\t\t</arguments>\n+\t\t</buildCommand>\n+\t</buildSpec>\n+\t<natures>\n+\t\t<nature>org.eclipse.m2e.core.maven2Nature</nature>\n+\t</natures>\n+</projectDescription>", "@@ -4,7 +4,7 @@ pipeline {\n     }\n     environment {\n       ORG               = 'activiti'\n-      APP_NAME          = 'activitiexamples'\n+      APP_NAME          = 'activiti-examples'\n       CHARTMUSEUM_CREDS = credentials('jenkins-x-chartmuseum')\n     }\n     stages {"], "edit": ["+<?xml version=\"1.0\" encoding=\"UTF-8\"?>", "+<projectDescription>", "+\t<name>activiti-examples-parent</name>", "+\t<comment></comment>", "+\t<projects>", "+\t</projects>", "+\t<buildSpec>", "+\t\t<buildCommand>", "+\t\t\t<name>org.eclipse.m2e.core.maven2Builder</name>", "+\t\t\t<arguments>", "+\t\t\t</arguments>", "+\t\t</buildCommand>", "+\t</buildSpec>", "+\t<natures>", "+\t\t<nature>org.eclipse.m2e.core.maven2Nature</nature>", "+\t</natures>", "+</projectDescription>", "-      APP_NAME          = 'activitiexamples'", "+      APP_NAME          = 'activiti-examples'"], "url": ["https://api.github.com/repos/Activiti/activiti-examples/commits/7c4d84dcef6d44cd4b0324808060f2a23a5d8df2"]}