{"new_feature": "59,1,7,647,2,0.98", "commitmessage": "Fix CHANGELOG", "patch": ["@@ -16,8 +16,8 @@\n ## v1.2.0 2017/07/30\n * Add ability to provide clear stack-traces for handled exceptions\n \n-## v1.1.1 2017/07/03\n+## v1.1.0 2017/07/03\n * Add option for empty filters\n \n-## v1.1.0 2017/07/03\n+## v1.0.0 2017/07/03\n * Initial public release"], "edit": ["-## v1.1.1 2017/07/03", "+## v1.1.0 2017/07/03", "-## v1.1.0 2017/07/03", "+## v1.0.0 2017/07/03"], "url": ["https://api.github.com/repos/akaita/RxJava2Debug/commits/7c87faaf1328f88103dc0371a979b9cbe2cc7d58"]}