{"new_feature": "240,3,41,177,30,0.01", "commitmessage": "README.md - typo fix (#4)\n\ns/Out/Our/", "patch": ["@@ -69,7 +69,7 @@ The test [`S3MockRuleTest`](src/test/java/com/adobe/testing/s3mock/S3MockRuleTes\n \n Contributions are welcome. Please fork the project and create for your finished feature a pull request.\n \n-Out [Adobe Code of Conduct](CODE_OF_CONDUCT.md) applies.\n+Our [Adobe Code of Conduct](CODE_OF_CONDUCT.md) applies.\n \n ### Licensing\n "], "edit": ["-Out [Adobe Code of Conduct](CODE_OF_CONDUCT.md) applies.", "+Our [Adobe Code of Conduct](CODE_OF_CONDUCT.md) applies."], "url": ["https://api.github.com/repos/adobe/S3Mock/commits/7ceeda0c40a5be425303374525823b39baec0278"]}