{"new_feature": "1050,1,6,586,29,0.62", "commitmessage": "Made test server listen on hostname instead of IP. Use IP for proxy host. Fixes #19 at last.", "patch": ["@@ -194,8 +194,9 @@ class Recorder implements MethodRule {\n \tprivate void overrideProxySettings() {\n \t\toriginalProxyHost = System.properties.\"http.proxyHost\"\n \t\toriginalProxyPort = System.properties.\"http.proxyPort\"\n-\t\tSystem.properties.\"http.proxyHost\" = \"localhost\"\n+\t\tSystem.properties.\"http.proxyHost\" = InetAddress.localHost.hostAddress\n \t\tSystem.properties.\"http.proxyPort\" = proxyPort.toString()\n+\t\tprintln \"*** set proxy host to ${System.properties.'http.proxyHost'}\"\n \t}\n \n \tprivate void restoreOriginalProxySettings() {", "@@ -36,7 +36,7 @@ class SimpleServer extends AbstractLifeCycleListener {\n \t}\n \n \tSimpleServer(int port) {\n-\t\thost = InetAddress.localHost.hostAddress\n+\t\thost = InetAddress.localHost.hostName\n \t\tthis.port = port\n \t}\n "], "edit": ["-\t\tSystem.properties.\"http.proxyHost\" = \"localhost\"", "+\t\tSystem.properties.\"http.proxyHost\" = InetAddress.localHost.hostAddress", "+\t\tprintln \"*** set proxy host to ${System.properties.'http.proxyHost'}\"", "-\t\thost = InetAddress.localHost.hostAddress", "+\t\thost = InetAddress.localHost.hostName"], "url": ["https://api.github.com/repos/airbnb/okreplay/commits/7cf3f48851c6d845f2ff8b6ecd3d02f4bd38c923"]}