{"new_feature": "17,1,3,268,1,1.00", "commitmessage": "fix FC whith dynamic list size", "patch": ["@@ -12,6 +12,7 @@\n \n import java.util.ArrayList;\n import java.util.List;\n+import java.util.Random;\n \n public class MainActivity extends AppCompatActivity {\n \n@@ -64,9 +65,10 @@ public void onClick(View view) {\n \n     public List<String> getRandomList(String perFix) {\n         List<String> randomData = new ArrayList<>();\n-        randomData.add(perFix + \"1\");\n-        randomData.add(perFix + \"2\");\n-        randomData.add(perFix + \"3\");\n+        Random r = new Random();\n+        for (int i = 1; i < r.nextInt(100); i++) {\n+            randomData.add(perFix + i);\n+        }\n         return randomData;\n     }\n }", "@@ -143,12 +143,20 @@ private void updateStepPicker(final NumberPicker numberPickerBase, NumberPicker\n             data = (ArrayList<String>) stepData.get(numberPickerBase.getValue());\n         }\n \n-        numberPickerStep.setMinValue(0);\n-        numberPickerStep.setMaxValue(data.size() - 1);\n+        // Prevent ArrayOutOfBoundExceptions by setting\n+        // values array to null so its not checked\n+        numberPickerStep.setDisplayedValues(null);\n \n+        // make string array\n         String[] stepDataStrinArray = new String[data.size()];\n         stepDataStrinArray = data.toArray(stepDataStrinArray);\n+\n+        //  update data\n+        numberPickerStep.setMinValue(0);\n+        numberPickerStep.setMaxValue(stepDataStrinArray.length - 1);\n         numberPickerStep.setDisplayedValues(stepDataStrinArray);\n+\n+        numberPickerStep.setValue(1);\n     }\n \n "], "edit": ["+import java.util.Random;", "-        randomData.add(perFix + \"1\");", "-        randomData.add(perFix + \"2\");", "-        randomData.add(perFix + \"3\");", "+        Random r = new Random();", "+        for (int i = 1; i < r.nextInt(100); i++) {", "+            randomData.add(perFix + i);", "+        }", "-        numberPickerStep.setMinValue(0);", "-        numberPickerStep.setMaxValue(data.size() - 1);", "+        // Prevent ArrayOutOfBoundExceptions by setting", "+        // values array to null so its not checked", "+        numberPickerStep.setDisplayedValues(null);", "+        // make string array", "+", "+        //  update data", "+        numberPickerStep.setMinValue(0);", "+        numberPickerStep.setMaxValue(stepDataStrinArray.length - 1);", "+", "+        numberPickerStep.setValue(1);"], "url": ["https://api.github.com/repos/aliab/Two-Step-Picker-Dialog/commits/7d1786cd818451eca945f2a473e8d5bf920ec94a"]}