{"new_feature": "1227,9,21,922,30,0.00", "commitmessage": "Use original file type for display formatting\n\nThe bitrate column uses the original file, so the file type column\nshould do the same for consistency.\n\nFixes #131\n\nSigned-off-by: David Russell <david.russell.scotland@gmail.com>", "patch": ["@@ -697,7 +697,7 @@ private String formatFileSize(Long fileSize, Locale locale) {\n     }\n \n     private String formatFormat(Player player, MediaFile file) {\n-        return transcodingService.getSuffix(player, file, null);\n+        return file.getFormat();\n     }\n \n     private String formatContentType(String format) {"], "edit": ["-        return transcodingService.getSuffix(player, file, null);", "+        return file.getFormat();"], "url": ["https://api.github.com/repos/airsonic/airsonic/commits/7d9aa7055565d8c61bb13b9d487d9d85553fa3f4"]}