{"new_feature": "3619,54,46,449,30,0.94", "commitmessage": "fix failing unit test", "patch": ["@@ -12,6 +12,7 @@\n import org.apache.commons.io.FileUtils;\n import org.apache.maven.plugin.MojoExecutionException;\n import org.apache.maven.project.MavenProject;\n+import org.junit.After;\n import org.junit.Before;\n import org.junit.Test;\n import org.mockito.Mockito;\n@@ -40,6 +41,11 @@ public void setUp()\n     mojo.setMavenProject(Mockito.mock(MavenProject.class));\n   }\n \n+  @After\n+  public void tearDown() {\n+    mojo.clean();\n+  }\n+\n   private void setWroFile(final String classpathResourceName)\n       throws Exception {\n     final URL url = getClass().getClassLoader().getResource(classpathResourceName);", "@@ -10,6 +10,7 @@\n \n   <group name=\"g2\">\n     <js>/Folder/NOT-EXIST.js</js>\n+    <css>/Folder/NOT-EXIST.js</css>\n     <js>classpath:ro/isdc/wro/maven/plugin/js/1.js</js>\n   </group>\n   "], "edit": ["+import org.junit.After;", "+  @After", "+  public void tearDown() {", "+    mojo.clean();", "+  }", "+", "+    <css>/Folder/NOT-EXIST.js</css>"], "url": ["https://api.github.com/repos/alexo/wro4j/commits/7df8d2868adb5b6fc4a448a9448191faee35aab1"]}