{"new_feature": "1577,1,17,193,30,0.09", "commitmessage": "Fix introduction crash (see https://github.com/heinrichreimer/material-intro/issues/261)", "patch": ["@@ -6,6 +6,10 @@ The format is based on [Keep a Changelog](https://keepachangelog.com/en/1.0.0/).\n \n ## [Unreleased]\n \n+## [0.19.1] - 2019-01-21\n+### Fixed\n+- Introduction crashing on some devices\n+\n ## [0.19.0] - 2019-01-19\n ### Added\n - Add a new smart playlist \"Not played lately\" playlist\n@@ -61,8 +65,9 @@ Thanks to [@knacky34](https://github.com/knacky34)!\n ### Added\n - Initial version.\n \n-[Unreleased]: https://github.com/AdrienPoupa/VinylMusicPlayer/compare/0.19.0...HEAD\n-[0.18.0]: https://github.com/AdrienPoupa/VinylMusicPlayer/compare/0.18.0...0.19.0\n+[Unreleased]: https://github.com/AdrienPoupa/VinylMusicPlayer/compare/0.19.1...HEAD\n+[0.19.1]: https://github.com/AdrienPoupa/VinylMusicPlayer/compare/0.19.0...0.19.1\n+[0.19.0]: https://github.com/AdrienPoupa/VinylMusicPlayer/compare/0.18.0...0.19.0\n [0.18.0]: https://github.com/AdrienPoupa/VinylMusicPlayer/compare/0.17.0...0.18.0\n [0.17.0]: https://github.com/AdrienPoupa/VinylMusicPlayer/compare/0.16.5.2...0.17.0\n [0.16.5.2]: https://github.com/AdrienPoupa/VinylMusicPlayer/compare/0.16.4.4...0.16.5.2", "@@ -24,8 +24,8 @@ android {\n         vectorDrawables.useSupportLibrary = true\n \n         applicationId 'com.poupa.vinylmusicplayer'\n-        versionCode 158\n-        versionName '0.19.0'\n+        versionCode 159\n+        versionName '0.19.1'\n     }\n     buildTypes {\n         release {\n@@ -87,7 +87,7 @@ dependencies {\n     implementation 'de.psdev.licensesdialog:licensesdialog:1.8.3'\n     implementation 'com.github.bumptech.glide:glide:4.8.0'\n     implementation 'com.github.bumptech.glide:okhttp3-integration:4.8.0'\n-    implementation 'com.heinrichreimersoftware:material-intro:1.6.2'\n+    implementation 'com.heinrichreimersoftware:material-intro:1.6'\n     implementation 'me.zhanghai.android.materialprogressbar:library:1.4.2'\n     implementation 'org.eclipse.mylyn.github:org.eclipse.egit.github.core:2.1.5'\n     implementation 'com.jakewharton:butterknife:8.8.1'", "@@ -25,6 +25,11 @@\n \n <p>You can view the changelog dialog again at any time from the <i>about</i> section.</p>\n \n+<h3>Version 0.19.1</h3>\n+<ol>\n+    <li><b>FIX:</b> Introduction crashing</li>\n+</ol>\n+\n <h3>Version 0.19.0</h3>\n <ol>\n     <li><b>NEW:</b> Add a new smart playlist \"Not played lately\" playlist</li>\n@@ -34,7 +39,6 @@ <h3>Version 0.19.0</h3>\n     <li><b>NEW:</b> Finish current music when Sleep Timer stops</li>\n     <li><b>FIX:</b> App dies on rotate</li>\n     <li><b>FIX:</b> Audio cover fallback list to include \"folder.png\"</li>\n-\n </ol>\n \n <h3>Version 0.18.0</h3>"], "edit": ["+## [0.19.1] - 2019-01-21", "+### Fixed", "+- Introduction crashing on some devices", "+", "- Add a new smart playlist \"Not played lately\" playlist", "- Initial version.", "-[Unreleased]: https://github.com/AdrienPoupa/VinylMusicPlayer/compare/0.19.0...HEAD", "-[0.18.0]: https://github.com/AdrienPoupa/VinylMusicPlayer/compare/0.18.0...0.19.0", "+[Unreleased]: https://github.com/AdrienPoupa/VinylMusicPlayer/compare/0.19.1...HEAD", "+[0.19.1]: https://github.com/AdrienPoupa/VinylMusicPlayer/compare/0.19.0...0.19.1", "+[0.19.0]: https://github.com/AdrienPoupa/VinylMusicPlayer/compare/0.18.0...0.19.0", "-        versionCode 158", "-        versionName '0.19.0'", "+        versionCode 159", "+        versionName '0.19.1'", "-    implementation 'com.heinrichreimersoftware:material-intro:1.6.2'", "+    implementation 'com.heinrichreimersoftware:material-intro:1.6'", "+<h3>Version 0.19.1</h3>", "+<ol>", "+    <li><b>FIX:</b> Introduction crashing</li>", "+</ol>", "+", "-"], "url": ["https://api.github.com/repos/AdrienPoupa/VinylMusicPlayer/commits/7e1c2482235e39e84c81318fb3bdbfb543aaaf84"]}