{"new_feature": "1227,9,21,922,30,0.46", "commitmessage": "Fix import\n\nSigned-off-by: Andrew DeMaria <lostonamountain@gmail.com>", "patch": ["@@ -19,8 +19,6 @@\n  */\n package org.libresonic.player.util;\n \n-import com.fasterxml.jackson.core.JsonProcessingException;\n-import com.fasterxml.jackson.databind.ObjectMapper;\n import org.slf4j.Logger;\n import org.slf4j.LoggerFactory;\n "], "edit": ["-import com.fasterxml.jackson.core.JsonProcessingException;", "-import com.fasterxml.jackson.databind.ObjectMapper;"], "url": ["https://api.github.com/repos/airsonic/airsonic/commits/7e66fefe39d6d198e06893b693a3e774c5506aea"]}