{"new_feature": "59,1,7,647,2,0.98", "commitmessage": "Fix crash on some old Android JVMs (issue #2)", "patch": ["@@ -103,6 +103,8 @@ public String stacktrace() {\n     @Override\n     public synchronized Throwable fillInStackTrace() {\n         // don't store own stacktrace\n+        // empty stacktrace prevents crashes on some JVMs when `getStackTrace()` is invoked\n+        setStackTrace(new StackTraceElement[0]);\n         return this;\n     }\n "], "edit": ["+        // empty stacktrace prevents crashes on some JVMs when `getStackTrace()` is invoked", "+        setStackTrace(new StackTraceElement[0]);"], "url": ["https://api.github.com/repos/akaita/RxJava2Debug/commits/7e84b897886e5bc1c081d8622ab1dbc152ce7ea2"]}