{"new_feature": "195,2,12,413,1,1.00", "commitmessage": "fix bug", "patch": ["@@ -604,6 +604,8 @@ public void onClick(final View v) {\n                 v.setSelected(mDoodle.getPen().isSelectable());\n                 if (v.isSelected()) {\n                     Toast.makeText(DoodleActivity.this, R.string.doodle_edit_mode, Toast.LENGTH_SHORT).show();\n+                } else {\n+                    mTouchGestureListener.setSelectedItem(null);\n                 }\n                 mDone = true;\n             }"], "edit": ["+                } else {", "+                    mTouchGestureListener.setSelectedItem(null);"], "url": ["https://api.github.com/repos/1993hzw/Doodle/commits/7ecf42c568f5e1f583c0c23d3d1a1c3e46856d28"]}