{"new_feature": "540,2,25,135,7,0.97", "commitmessage": "ajax-status fix", "patch": ["@@ -17,7 +17,7 @@\n         <ui:insert name=\"body-begin\" />\r\n         <f:loadBundle var=\"adm\" basename=\"admin\"/>\r\n         <p:ajaxStatus onstart=\"PF('statusDialog').show();\" onsuccess=\"PF('statusDialog').hide();\" />\r\n-        <p:dialog modal=\"true\" widgetVar=\"statusDialog\"  draggable=\"false\" closable=\"true\" resizable=\"false\" showHeader=\"false\">\r\n+        <p:dialog modal=\"true\" widgetVar=\"statusDialog\"  draggable=\"false\" closable=\"true\" resizable=\"false\" showHeader=\"false\" style=\"z-index: 9999!important\">\r\n             <p:graphicImage library=\"primefaces-admin\" name=\"images/ajaxloadingbar.gif\"/>\r\n         </p:dialog>\r\n \r"], "edit": ["-        <p:dialog modal=\"true\" widgetVar=\"statusDialog\"  draggable=\"false\" closable=\"true\" resizable=\"false\" showHeader=\"false\">", "+        <p:dialog modal=\"true\" widgetVar=\"statusDialog\"  draggable=\"false\" closable=\"true\" resizable=\"false\" showHeader=\"false\" style=\"z-index: 9999!important\">"], "url": ["https://api.github.com/repos/adminfaces/admin-template/commits/7fbe56ca8c5313dfc2b80025a2eaa4a12b0677f9"]}