{"new_feature": "1227,9,21,922,30,0.01", "commitmessage": "Fixed MediaElement controls not disappearing when streaming to chromecast.", "patch": ["@@ -90,13 +90,15 @@\n      */\n     CastPlayer.prototype.launchCastApp = function () {\n         this.log(\"launching app...\");\n+        $(\"#player\").hide();\n         chrome.cast.requestSession(this.onRequestSessionSuccess.bind(this), this.onLaunchError.bind(this));\n     };\n \n     /**\n      * Stops the running receiver application associated with the session.\n      */\n     CastPlayer.prototype.stopCastApp = function () {\n+        $(\"#player\").show();\n         this.castSession.stop(this.onStopAppSuccess.bind(this, 'Session stopped'),\n                 this.onError.bind(this));\n     };"], "edit": ["+        $(\"#player\").hide();", "+        $(\"#player\").show();"], "url": ["https://api.github.com/repos/airsonic/airsonic/commits/7fc0a6bcd8480a3ddd3b4a67776943c145488889"]}