{"new_feature": "852,1,0,121,25,0.38", "commitmessage": "Fix extending from a service defined in the same .thrift file", "patch": ["@@ -47,7 +47,14 @@ public void add(final SwiftJavaType type)\n \n     public SwiftJavaType findType(final String thriftNamespace, final String name)\n     {\n-        return findType(thriftNamespace + \".\" + name);\n+        if (name.contains(\".\")) {\n+            // If the name contains a '.' it already has a namespace prepended\n+            return findType(name);\n+        }\n+        else {\n+            // Otherwise, use the default namespace\n+            return findType(thriftNamespace + \".\" + name);\n+        }\n     }\n \n     public SwiftJavaType findType(final String key)", "@@ -61,7 +61,7 @@ public ServiceContext serviceFromThrift(final Service service)\n     {\n         final String name = mangleJavatypeName(service.getName());\n         final SwiftJavaType javaType = typeRegistry.findType(defaultNamespace, name);\n-        final SwiftJavaType parentType = typeRegistry.findType(service.getParent().orNull());\n+        final SwiftJavaType parentType = typeRegistry.findType(defaultNamespace, service.getParent().orNull());\n \n         final Set<String> javaParents = new HashSet<>();\n         if (parentType != null) {"], "edit": ["-        return findType(thriftNamespace + \".\" + name);", "+        if (name.contains(\".\")) {", "+            // If the name contains a '.' it already has a namespace prepended", "+            return findType(name);", "+        }", "+        else {", "+            // Otherwise, use the default namespace", "+            return findType(thriftNamespace + \".\" + name);", "+        }", "-        final SwiftJavaType parentType = typeRegistry.findType(service.getParent().orNull());", "+        final SwiftJavaType parentType = typeRegistry.findType(defaultNamespace, service.getParent().orNull());"], "url": ["https://api.github.com/repos/airlift/drift/commits/8a0b2b5a3a6193afd027ee3d72dc027f77e210fa"]}