{"new_feature": "1227,9,21,922,30,0.46", "commitmessage": "Revert change to DWR fixes #923\n\nSigned-off-by: Andrew DeMaria <lostonamountain@gmail.com>", "patch": ["@@ -223,7 +223,7 @@\n         <dependency>\n             <groupId>org.directwebremoting</groupId>\n             <artifactId>dwr</artifactId>\n-            <version>3.0.2-RELEASE</version>\n+            <version>3.0.rc1</version>\n         </dependency>\n \n         <!--Needed by dwr-->"], "edit": ["-            <version>3.0.2-RELEASE</version>", "+            <version>3.0.rc1</version>"], "url": ["https://api.github.com/repos/airsonic/airsonic/commits/8a1f36c79284e44cceee5606c021cc7ab4bde2fd"]}