{"new_feature": "255,35,32,135,1,1.00", "commitmessage": "Fixed resubmit button not refreshing outputs: would show outputs from the previous job", "patch": ["@@ -109,6 +109,7 @@ export class ResubmitButtonComponent extends Component<ResubmitButtonProps, Resu\n                 })\n                 .then(resp => {\n                     this.props.routeProps.history.push(`/jobs/${resp.id}`);\n+                    window.location.reload();\n                 })\n                 .catch(e => this.setState({ errorSubmitting: e }));\n         });"], "edit": ["+                    window.location.reload();"], "url": ["https://api.github.com/repos/adamkewley/jobson/commits/8a37179b6a7418f28732a7b54cd0dd3209b7a7e6"]}