{"new_feature": "1577,1,17,193,30,0.71", "commitmessage": "Fixed tablayout colors.", "patch": ["@@ -115,7 +115,7 @@ dependencies {\n         transitive = true\n     }\n \n-    compile('com.github.kabouzeid:app-theme-helper:0.7.11kmod@aar'){\n+    compile('com.github.kabouzeid:app-theme-helper:0.7.12kmod@aar') {\n         transitive = true\n     }\n ", "@@ -161,7 +161,12 @@ private void setUpViewPager() {\n \n         tabs.setupWithViewPager(pager);\n \n-        TabLayoutUtil.setTabLayoutColors(tabs, ToolbarContentTintHelper.toolbarTitleColor(this, ThemeStore.primaryColor(this)), ThemeStore.accentColor(this));\n+        int primaryColor = ThemeStore.primaryColor(this);\n+        int normalColor = ToolbarContentTintHelper.toolbarSubtitleColor(this, primaryColor);\n+        int selectedColor = ToolbarContentTintHelper.toolbarTitleColor(this, primaryColor);\n+        TabLayoutUtil.setTabIconColors(tabs, normalColor, selectedColor);\n+        tabs.setTabTextColors(normalColor, selectedColor);\n+        tabs.setSelectedTabIndicatorColor(ThemeStore.accentColor(this));\n \n         int startPosition = PreferenceUtil.getInstance(this).getDefaultStartPage();\n         startPosition = startPosition == -1 ? PreferenceUtil.getInstance(this).getLastStartPage() : startPosition;", "@@ -232,7 +232,7 @@ private void updateIsFavorite() {\n         boolean isFavorite = MusicUtil.isFavorite(getActivity(), MusicPlayerRemote.getCurrentSong());\n         int res = isFavorite ? R.drawable.ic_favorite_white_24dp : R.drawable.ic_favorite_outline_white_24dp;\n \n-        Drawable favoriteIcon = TintHelper.tintDrawable(ContextCompat.getDrawable(getActivity(), res), ToolbarContentTintHelper.toolbarContentColor(getActivity(), Color.TRANSPARENT));\n+        Drawable favoriteIcon = TintHelper.createTintedDrawable(ContextCompat.getDrawable(getActivity(), res), ToolbarContentTintHelper.toolbarContentColor(getActivity(), Color.TRANSPARENT));\n         toolbar.getMenu().findItem(R.id.action_toggle_favorite)\n                 .setIcon(favoriteIcon)\n                 .setTitle(isFavorite ? getString(R.string.action_remove_from_favorites) : getString(R.string.action_add_to_favorites));"], "edit": ["-    compile('com.github.kabouzeid:app-theme-helper:0.7.11kmod@aar'){", "+    compile('com.github.kabouzeid:app-theme-helper:0.7.12kmod@aar') {", "-        TabLayoutUtil.setTabLayoutColors(tabs, ToolbarContentTintHelper.toolbarTitleColor(this, ThemeStore.primaryColor(this)), ThemeStore.accentColor(this));", "+        int primaryColor = ThemeStore.primaryColor(this);", "+        int normalColor = ToolbarContentTintHelper.toolbarSubtitleColor(this, primaryColor);", "+        int selectedColor = ToolbarContentTintHelper.toolbarTitleColor(this, primaryColor);", "+        TabLayoutUtil.setTabIconColors(tabs, normalColor, selectedColor);", "+        tabs.setTabTextColors(normalColor, selectedColor);", "+        tabs.setSelectedTabIndicatorColor(ThemeStore.accentColor(this));", "-        Drawable favoriteIcon = TintHelper.tintDrawable(ContextCompat.getDrawable(getActivity(), res), ToolbarContentTintHelper.toolbarContentColor(getActivity(), Color.TRANSPARENT));", "+        Drawable favoriteIcon = TintHelper.createTintedDrawable(ContextCompat.getDrawable(getActivity(), res), ToolbarContentTintHelper.toolbarContentColor(getActivity(), Color.TRANSPARENT));"], "url": ["https://api.github.com/repos/AdrienPoupa/VinylMusicPlayer/commits/8a48983dc0c4ca1cd701f92a87ae21fa30a1cc86"]}