{"new_feature": "1147,17,0,59,14,0.56", "commitmessage": "Fix #10. \u0418\u043c\u044f \u0434\u0438\u0430\u0433\u043d\u043e\u0441\u0442\u0438\u043a\u0438 \u0431\u0435\u0437 \u043e\u043a\u043e\u043d\u0435\u0447\u043d\u043e\u0433\u043e Diagnostic", "patch": ["@@ -40,7 +40,11 @@ default DiagnosticSeverity getSeverity() {\n   }\n \n   default String getCode() {\n-    return getClass().getSimpleName();\n+    String simpleName = getClass().getSimpleName();\n+    if (simpleName.endsWith(\"Diagnostic\")) {\n+      simpleName = simpleName.substring(0, simpleName.length() - \"Diagnostic\".length());\n+    }\n+    return simpleName;\n   }\n \n   List<Diagnostic> getDiagnostics(BSLParser.FileContext fileTree);"], "edit": ["-    return getClass().getSimpleName();", "+    String simpleName = getClass().getSimpleName();", "+    if (simpleName.endsWith(\"Diagnostic\")) {", "+      simpleName = simpleName.substring(0, simpleName.length() - \"Diagnostic\".length());", "+    }", "+    return simpleName;"], "url": ["https://api.github.com/repos/1c-syntax/bsl-language-server/commits/8a621896bc5c35958d428251ccde4ad08971257e"]}