{"new_feature": "1577,1,17,193,30,0.71", "commitmessage": "Fixed crashlytics crash.", "patch": ["@@ -23,6 +23,6 @@ public void onCreate() {\n         Crashlytics crashlyticsKit = new Crashlytics.Builder()\n                 .core(new CrashlyticsCore.Builder().disabled(BuildConfig.DEBUG).build())\n                 .build();\n-        Fabric.with(this, crashlyticsKit, new Crashlytics());\n+        Fabric.with(this, crashlyticsKit);\n     }\n }"], "edit": ["-        Fabric.with(this, crashlyticsKit, new Crashlytics());", "+        Fabric.with(this, crashlyticsKit);"], "url": ["https://api.github.com/repos/AdrienPoupa/VinylMusicPlayer/commits/8a7af296c4ba838927ff9bba827c7fe74974878b"]}