{"new_feature": "2276,1,0,88,30,0.13", "commitmessage": "Fixed log TAG and nulls according to cancelled PR 526\n\nRemade a PR similar to the one by @Ph1b which was subsequently cancelled\ndue to unclarity.  See PR 526 and 4a68d00\n\n- Fixed MiscUtils TAGs\n- Fixed nulls in CellTracker\n- Fixed minor formatting", "patch": ["@@ -2,7 +2,7 @@\n <manifest xmlns:android=\"http://schemas.android.com/apk/res/android\"\n           package=\"com.SecUpwN.AIMSICD\"\n           android:versionCode=\"30\"\n-          android:versionName=\"0.1.30-alpha-b14\">\n+          android:versionName=\"0.1.30-alpha-b15\">\n \n     <!-- If we ever wanna make this a system app, we can add the following 2 lines above:\n           coreApp=\"true\"", "@@ -380,12 +380,16 @@ public static String requestNewOCIDKey() throws Exception {\n \n             // TODO add code here or elsewhere to check for NO network exceptions...\n             // See: https://github.com/SecUpwN/Android-IMSI-Catcher-Detector/issues/293\n-            httpclient = null;\n-            httpGet = null;\n-            result = null;\n+\n+            // TODO: Remove commented out stuff if app works without these NULLs\n+            // See: https://github.com/SecUpwN/Android-IMSI-Catcher-Detector/pull/526\n+            // PR: 4a68d00\n+            //httpclient = null;\n+            //httpGet = null;\n+            //result = null;\n \n             Log.d(\"AIMSICD\", \"CellTracker: OCID Returned \" + result.getStatusCode() + \" \" + result.getReasonPhrase());\n-//                        throw new Exception(\"OCID Returned \" + status.getStatusCode() + \" \" + status.getReasonPhrase());\n+            //throw new Exception(\"OCID Returned \" + status.getStatusCode() + \" \" + status.getReasonPhrase());\n             return null;\n         }\n     }", "@@ -31,12 +31,21 @@\n import java.util.Locale;\n \n /**\n- * Created by Paul Kinsella on 04/03/15.\n+ * Description:     TODO\n+ *\n+ *\n+ * ChangeLog:\n+ *\n+ *      banjaxbanjo     20150304    First PR\n+ *      E:V:A           20150704    Changed TAGs and fixed some formatting\n  *\n  */\n \n public class MiscUtils {\n \n+    private static final String TAG = \"AIMSICD\";\n+    private static final String mTAG = \"MiscUtils\";\n+\n     public static String setAssetsString(Context context){\n         BufferedReader reader = null;\n         StringBuilder buildassets = new StringBuilder();\n@@ -111,13 +120,13 @@ public static void showNotification(Context context ,String tickertext,String co\n \n     /*\n          Coder:banjaxbanjo\n+\n          All new database detection strings will be added here so we\n          don't need to keep updating db every time we find a new string.\n \n          to add a new string in det_strings.json see example below:\n \n-         {\"detection_string\":\"incoming msg. Mti 0 ProtocolID 0 DCS 0x04 class -1\",\n-         \"detection_type\":\"WAPPUSH\"}\n+         {\"detection_string\":\"incoming msg. Mti 0 ProtocolID 0 DCS 0x04 class -1\", \"detection_type\":\"WAPPUSH\"}\n \n       */\n     public static void refreshDetectionDbStrings(Context con){\n@@ -132,7 +141,8 @@ public static void refreshDetectionDbStrings(Context con){\n                 json_file.append(rline);\n                 rline = reader.readLine();\n             }\n-            Log.i(\"refreshDetectionDbStrings\", json_file.toString());\n+            // Hmm I hope this doesn't affect the detection\n+            Log.i(TAG, mTAG + \": refreshDetectionDbStrings: \" + json_file.toString());\n         } catch (Exception ee){\n             ee.printStackTrace();\n         }finally {\n@@ -164,35 +174,35 @@ public static void refreshDetectionDbStrings(Context con){\n                 store_new_det_string.put(SmsDetectionDbHelper.SILENT_SMS_TYPE_COLUMN,\n                         current_json_object.optString(\"detection_type\").toString());\n                 if(dbaccess.insertNewDetectionString(store_new_det_string)){\n-                    Log.i(\"refreshDetectionDbStrings\",\">>>String added success\");\n+                    Log.i(TAG, mTAG + \": refreshDetectionDbStrings: New string added!\");\n                 }\n                 \n \n             }\n             dbaccess.close();\n         } catch (JSONException e) {\n             dbaccess.close();\n-            Log.e(\"refreshDetectionDbStrings\",\">>> Error parsing JsonFile \"+e.toString());\n+            Log.e(TAG, mTAG + \": refreshDetectionDbStrings: \"+ \"Error parsing JsonFile \" + e.toString());\n             e.printStackTrace();\n         }\n \n     }\n     \n     /*\n-        Returns a timestamp in this format 20150617223311\n+        Returns a timestamp in this format:     20150617223311\n         this is used to detect if the sms was already picked up\n      */\n     public static String logcatTimeStampParser(String line){\n         //06-17 22:06:05.988 D/dalvikvm(24747): <-- example of timestamp\n         String[] buffer = line.split(\" \");\n \n         line = String.valueOf(Calendar.getInstance().get(Calendar.YEAR))+buffer[0]+buffer[1];\n-                                                            //   -->we dont need the last 4 digits in timestamp .988\n-                                                            //   |  way to accurate but easily change if needed\n-        String timestamp = line.substring(0,line.length()-4)// <-|\n-                .replace(\":\",\"\")\n-                .replace(\".\",\"\")\n-                .replace(\"-\",\"\");\n+        //   -->we dont need the last 4 digits in timestamp .988\n+        //   |  way to accurate but easily change if needed\n+        String timestamp = line.substring(0,line.length()-4) // <-|\n+                .replace(\":\", \"\")\n+                .replace(\".\", \"\")\n+                .replace(\"-\", \"\");\n \n         return timestamp;\n     }"], "edit": ["-          android:versionName=\"0.1.30-alpha-b14\">", "+          android:versionName=\"0.1.30-alpha-b15\">", "-            httpclient = null;", "-            httpGet = null;", "-            result = null;", "+", "+            // TODO: Remove commented out stuff if app works without these NULLs", "+            // See: https://github.com/SecUpwN/Android-IMSI-Catcher-Detector/pull/526", "+            // PR: 4a68d00", "+            //httpclient = null;", "+            //httpGet = null;", "+            //result = null;", "-//                        throw new Exception(\"OCID Returned \" + status.getStatusCode() + \" \" + status.getReasonPhrase());", "+            //throw new Exception(\"OCID Returned \" + status.getStatusCode() + \" \" + status.getReasonPhrase());", "- * Created by Paul Kinsella on 04/03/15.", "+ * Description:     TODO", "+ *", "+ *", "+ * ChangeLog:", "+ *", "+ *      banjaxbanjo     20150304    First PR", "+ *      E:V:A           20150704    Changed TAGs and fixed some formatting", "+    private static final String TAG = \"AIMSICD\";", "+    private static final String mTAG = \"MiscUtils\";", "+", "+", "-         {\"detection_string\":\"incoming msg. Mti 0 ProtocolID 0 DCS 0x04 class -1\",", "-         \"detection_type\":\"WAPPUSH\"}", "+         {\"detection_string\":\"incoming msg. Mti 0 ProtocolID 0 DCS 0x04 class -1\", \"detection_type\":\"WAPPUSH\"}", "-            Log.i(\"refreshDetectionDbStrings\", json_file.toString());", "+            // Hmm I hope this doesn't affect the detection", "+            Log.i(TAG, mTAG + \": refreshDetectionDbStrings: \" + json_file.toString());", "-                    Log.i(\"refreshDetectionDbStrings\",\">>>String added success\");", "+                    Log.i(TAG, mTAG + \": refreshDetectionDbStrings: New string added!\");", "-            Log.e(\"refreshDetectionDbStrings\",\">>> Error parsing JsonFile \"+e.toString());", "+            Log.e(TAG, mTAG + \": refreshDetectionDbStrings: \"+ \"Error parsing JsonFile \" + e.toString());", "-        Returns a timestamp in this format 20150617223311", "+        Returns a timestamp in this format:     20150617223311", "-                                                            //   -->we dont need the last 4 digits in timestamp .988", "-                                                            //   |  way to accurate but easily change if needed", "-        String timestamp = line.substring(0,line.length()-4)// <-|", "-                .replace(\":\",\"\")", "-                .replace(\".\",\"\")", "-                .replace(\"-\",\"\");", "+        //   -->we dont need the last 4 digits in timestamp .988", "+        //   |  way to accurate but easily change if needed", "+        String timestamp = line.substring(0,line.length()-4) // <-|", "+                .replace(\":\", \"\")", "+                .replace(\".\", \"\")", "+                .replace(\"-\", \"\");"], "url": ["https://api.github.com/repos/5GSD/AIMSICDL/commits/8a7ffe1d88bcc98a90f3fb68c8981753ae975a7e"]}