{"new_feature": "699,1,173,91,9,0.99", "commitmessage": "build: fix publish commit message", "patch": ["@@ -2,7 +2,7 @@\n   \"command\": {\n     \"publish\": {\n       \"conventionalCommits\": true,\n-      \"message\": \"chore(release): publish %s\"\n+      \"message\": \"chore(release): publish\"\n     }\n   },\n   \"ignoreChanges\": ["], "edit": ["-      \"message\": \"chore(release): publish %s\"", "+      \"message\": \"chore(release): publish\""], "url": ["https://api.github.com/repos/admob-plus/admob-plus/commits/8a8a08f65d1646e91c200d684084f4e7e6369df3"]}