{"new_feature": "2276,1,0,88,30,0.11", "commitmessage": "fix #674", "patch": ["@@ -1,7 +1,8 @@\n <?xml version=\"1.0\" encoding=\"utf-8\"?>\n <manifest xmlns:android=\"http://schemas.android.com/apk/res/android\"\n-          xmlns:tools=\"http://schemas.android.com/tools\"\n-          package=\"com.SecUpwN.AIMSICD\">\n+    xmlns:tools=\"http://schemas.android.com/tools\"\n+    package=\"com.SecUpwN.AIMSICD\"\n+    tools:ignore=\"ProtectedPermissions\">\n \n     <!-- If we ever wanna make this a system app, we can add the following 2 lines above:\n           coreApp=\"true\""], "edit": ["-          xmlns:tools=\"http://schemas.android.com/tools\"", "-          package=\"com.SecUpwN.AIMSICD\">", "+    xmlns:tools=\"http://schemas.android.com/tools\"", "+    package=\"com.SecUpwN.AIMSICD\"", "+    tools:ignore=\"ProtectedPermissions\">"], "url": ["https://api.github.com/repos/5GSD/AIMSICDL/commits/8a9401d9bdbd45a15fd87bfbce2d291e29702909"]}