{"new_feature": "1212,68,81,7340,22,0.60", "commitmessage": "flavor bugfix", "patch": ["@@ -255,4 +255,4 @@ jar {\n }\n \n \n-version = '3.0.1-rc17'\n+version = '3.0.1-rc19'", "@@ -327,12 +327,12 @@ public void injectTasks(List<MtlTaskContext> mtlTaskContexts, AndroidBuilder and\n             }\n             if (task instanceof DefaultAndroidTask) {\n \n-                if (variantName.equals(((DefaultAndroidTask)task).getVariantName().toLowerCase())) {\n+                if (variantName.toLowerCase().equals(((DefaultAndroidTask)task).getVariantName().toLowerCase())) {\n                     taskList.add(task);\n                 }\n             } else {\n                 String name = task.getName();\n-                if (name.toLowerCase().contains(variantName)) {\n+                if (name.toLowerCase().contains(variantName.toLowerCase())) {\n                     taskList.add(task);\n                 }\n             }"], "edit": ["-version = '3.0.1-rc17'", "+version = '3.0.1-rc19'", "-                if (variantName.equals(((DefaultAndroidTask)task).getVariantName().toLowerCase())) {", "+                if (variantName.toLowerCase().equals(((DefaultAndroidTask)task).getVariantName().toLowerCase())) {", "-                if (name.toLowerCase().contains(variantName)) {", "+                if (name.toLowerCase().contains(variantName.toLowerCase())) {"], "url": ["https://api.github.com/repos/alibaba/atlas/commits/8af8c885c4b58f61809dc59813af9ad32ee84153"]}