{"new_feature": "929,14,0,327,5,0.01", "commitmessage": "fix : CommonController.java -> \u4fee\u590ddayStatistics\u7a7a\u6307\u9488\u5bfc\u81f4\u9875\u9762\u5f02\u5e38\nupdate : pom.xml -> \u66b4\u529b\u66f4\u6539io.netty\u4e3a4.1.15.Final\uff0c\u4e34\u65f6\u4fee\u590dissues27\nadd : docker-fns.yaml -> \u6dfb\u52a0mariadb", "patch": ["@@ -7,6 +7,15 @@ version: '2'\n \n services:\n \n+  db:\n+    container_name: db\n+    image: mariadb\n+    expose:\n+      - 3306\n+    environment:\n+      MYSQL_ROOT_PASSWORD: admin123\n+      MYSQL_DATABASE: fns\n+\n   edge:\n     container_name: edge\n     image: aberic/fabric-edge\n@@ -17,7 +26,7 @@ services:\n       # \u65e5\u5fd7\u6253\u5370\u7ea7\u522b\n       - LOG_LEVEL=error\n       # MySQL\u6570\u636e\u5e93\u8fde\u63a5\u4fe1\u606f\n-      - MYSQL_DATA_SOURCE_URL=jdbc:mysql://localhost:3306/fns?serverTimezone=UTC&useSSL=false\n+      - MYSQL_DATA_SOURCE_URL=jdbc:mysql://db:3306/fns?serverTimezone=UTC&useSSL=false\n       - MYSQL_DATA_SOURCE_USERNAME=root\n       - MYSQL_DATA_SOURCE_PASSWORD=admin123\n     command: bash /home/fns.sh", "@@ -30,6 +30,16 @@\n             <groupId>cn.aberic</groupId>\n             <artifactId>fabric-sdk-service</artifactId>\n             <version>1.0-SNAPSHOT</version>\n+            <exclusions>\n+                <exclusion>\n+                    <artifactId>netty-codec-http2</artifactId>\n+                    <groupId>io.netty</groupId>\n+                </exclusion>\n+                <exclusion>\n+                    <artifactId>netty-handler-proxy</artifactId>\n+                    <groupId>io.netty</groupId>\n+                </exclusion>\n+            </exclusions>\n         </dependency>\n \n         <dependency>\n@@ -145,6 +155,14 @@\n             <artifactId>yamlbeans</artifactId>\n             <version>1.13</version>\n         </dependency>\n+\n+        <!-- https://mvnrepository.com/artifact/io.netty/netty-all -->\n+        <dependency>\n+            <groupId>io.netty</groupId>\n+            <artifactId>netty-all</artifactId>\n+            <version>4.1.15.Final</version>\n+        </dependency>\n+\n     </dependencies>\n \n     <build>", "@@ -85,7 +85,7 @@ public ModelAndView index() {\n         modelAndView.addObject(\"channelPercents\", new JSONArray(home.getChannelPercents()).toString());\n         modelAndView.addObject(\"channelBlockLists\", new JSONArray(home.getChannelBlockLists()).toString());\n         modelAndView.addObject(\"blockDaos\", home.getBlockDaos());\n-        modelAndView.addObject(\"dayStatistics\", home.getDayStatistics());\n+        modelAndView.addObject(\"dayStatistics\", home.getDayStatistics() != null ? home.getDayStatistics() : 0);\n         modelAndView.addObject(\"platform\", home.getPlatform());\n         modelAndView.addObject(\"dayBlocks\", home.getDayBlocks());\n         modelAndView.addObject(\"dayTxs\", home.getDayTxs());"], "edit": ["+  db:", "+    container_name: db", "+    image: mariadb", "+    expose:", "+      - 3306", "+    environment:", "+      MYSQL_ROOT_PASSWORD: admin123", "+      MYSQL_DATABASE: fns", "+", "- LOG_LEVEL=error", "-      - MYSQL_DATA_SOURCE_URL=jdbc:mysql://localhost:3306/fns?serverTimezone=UTC&useSSL=false", "+      - MYSQL_DATA_SOURCE_URL=jdbc:mysql://db:3306/fns?serverTimezone=UTC&useSSL=false", "- MYSQL_DATA_SOURCE_USERNAME=root", "- MYSQL_DATA_SOURCE_PASSWORD=admin123", "+            <exclusions>", "+                <exclusion>", "+                    <artifactId>netty-codec-http2</artifactId>", "+                    <groupId>io.netty</groupId>", "+                </exclusion>", "+                <exclusion>", "+                    <artifactId>netty-handler-proxy</artifactId>", "+                    <groupId>io.netty</groupId>", "+                </exclusion>", "+            </exclusions>", "+", "+        <!-- https://mvnrepository.com/artifact/io.netty/netty-all -->", "+        <dependency>", "+            <groupId>io.netty</groupId>", "+            <artifactId>netty-all</artifactId>", "+            <version>4.1.15.Final</version>", "+        </dependency>", "+", "-        modelAndView.addObject(\"dayStatistics\", home.getDayStatistics());", "+        modelAndView.addObject(\"dayStatistics\", home.getDayStatistics() != null ? home.getDayStatistics() : 0);"], "url": ["https://api.github.com/repos/aberic/fabric-net-server/commits/8b083477eba8be18b4f1d8e834b320a6b67c642e"]}