{"new_feature": "1227,9,21,922,30,0.46", "commitmessage": "Fix spring-boot:run\n\nSigned-off-by: Andrew DeMaria <lostonamountain@gmail.com>", "patch": ["@@ -21,6 +21,7 @@\n \n     @Override\n     public void afterPropertiesSet() throws LiquibaseException {\n+        logger.trace(\"Starting Liquibase Update\");\n         try {\n             super.afterPropertiesSet();\n         } catch(Exception e) {", "@@ -123,7 +123,10 @@\n \n     <bean id=\"networkService\" class=\"org.airsonic.player.service.NetworkService\" />\n \n-    <bean id=\"playerService\" class=\"org.airsonic.player.service.PlayerService\" init-method=\"init\">\n+    <bean id=\"playerService\"\n+          class=\"org.airsonic.player.service.PlayerService\"\n+          init-method=\"init\"\n+          depends-on=\"liquibase\">\n         <property name=\"playerDao\" ref=\"playerDao\"/>\n         <property name=\"statusService\" ref=\"statusService\"/>\n         <property name=\"securityService\" ref=\"securityService\"/>"], "edit": ["+        logger.trace(\"Starting Liquibase Update\");", "-    <bean id=\"playerService\" class=\"org.airsonic.player.service.PlayerService\" init-method=\"init\">", "+    <bean id=\"playerService\"", "+          class=\"org.airsonic.player.service.PlayerService\"", "+          init-method=\"init\"", "+          depends-on=\"liquibase\">"], "url": ["https://api.github.com/repos/airsonic/airsonic/commits/8b798d1d66e8515fab5f97defce15aec2761a840"]}