{"new_feature": "88,5,0,53,3,0.88", "commitmessage": "fixed text decoding issues\n\n(cherry picked from commit a9b1bb6a19b1fd0e9956cdc5b24c7ca2ae2c169a)", "patch": ["@@ -264,11 +264,18 @@ private static void decodeMessage(byte[] byte_pixel_array, int image_columns,\n \n         }\n \n-        if (messageDecodingStatus.getMessage() != null)\n+        if (!Utility.isStringEmpty(messageDecodingStatus.getMessage()))\n             //removing start and end constants form message\n+\n+            try\n+            {\n             messageDecodingStatus.setMessage(messageDecodingStatus.getMessage().substring(START_MESSAGE_COSTANT.length(), messageDecodingStatus.getMessage()\n                     .length()\n                     - END_MESSAGE_COSTANT.length()));\n+            }\n+            catch (Exception e){\n+                e.printStackTrace();\n+            }\n \n \n     }", "@@ -96,7 +96,7 @@ protected ImageSteganography doInBackground(ImageSteganography... imageSteganogr\n             Log.d(TAG , \"Decoded_Message : \" + decoded_message);\n \n             //text decoded = true\n-            if (decoded_message != null){\n+            if (!Utility.isStringEmpty(decoded_message)){\n                 result.setDecoded(true);\n             }\n \n@@ -107,7 +107,7 @@ protected ImageSteganography doInBackground(ImageSteganography... imageSteganogr\n             String decompressed_message = null;\n \n             //If decrypted_message is null it means that the secret key is wrong otherwise secret key is right.\n-            if (decrypted_message != null){\n+            if (!Utility.isStringEmpty(decrypted_message)){\n \n                 //secret key provided is right\n                 result.setSecretKeyWrong(false);"], "edit": ["-        if (messageDecodingStatus.getMessage() != null)", "+        if (!Utility.isStringEmpty(messageDecodingStatus.getMessage()))", "+", "+            try", "+            {", "- END_MESSAGE_COSTANT.length()));", "+            }", "+            catch (Exception e){", "+                e.printStackTrace();", "+            }", "-            if (decoded_message != null){", "+            if (!Utility.isStringEmpty(decoded_message)){", "-            if (decrypted_message != null){", "+            if (!Utility.isStringEmpty(decrypted_message)){"], "url": ["https://api.github.com/repos/aagarwal1012/Image-Steganography-Library-Android/commits/8b8b381d686ec3fb054d1d6abcdc664125e64e00"]}