{"new_feature": "852,1,0,121,25,0.38", "commitmessage": "expose max frame size", "patch": ["@@ -74,12 +74,23 @@ public ThriftClientManager()\n         this(new ThriftCodecManager());\n     }\n \n+    public ThriftClientManager(int maxFrameSize)\n+    {\n+      this(new ThriftCodecManager(), maxFrameSize);\n+    }\n+\n     public ThriftClientManager(ThriftCodecManager codecManager)\n     {\n         this.codecManager = codecManager;\n         niftyClient = new NiftyClient();\n     }\n \n+    public ThriftClientManager(ThriftCodecManager codecManager, int maxFrameSize)\n+    {\n+      this.codecManager = codecManager;\n+      niftyClient = new NiftyClient(maxFrameSize);\n+    }\n+\n     public <T> T createClient(HostAndPort address, Class<T> type)\n             throws TTransportException\n     {", "@@ -0,0 +1,27 @@\n+package com.facebook.swift.service.guice;\n+\n+import com.facebook.swift.service.ThriftClientManager;\n+import com.google.inject.Inject;\n+import com.google.inject.Provider;\n+import com.google.inject.name.Named;\n+\n+public class ThriftClientManagerProvider implements Provider<ThriftClientManager>\n+{\n+    private Integer maxFrameSize;\n+\n+    @Inject(optional = true)\n+    public void setMaxFrameSize(@Named(\"thrift_client_max_frame_size\") Integer maxFrameSize)\n+    {\n+        this.maxFrameSize = maxFrameSize;\n+    }\n+\n+    @Override\n+    public ThriftClientManager get()\n+    {\n+        if (maxFrameSize == null) {\n+            return new ThriftClientManager();\n+        }\n+\n+        return new ThriftClientManager(maxFrameSize);\n+    }\n+}", "@@ -43,7 +43,7 @@\n     public void configure(Binder binder)\n     {\n         // Bind single shared ThriftClientManager\n-        binder.bind(ThriftClientManager.class).in(Scopes.SINGLETON);\n+        binder.bind(ThriftClientManager.class).toProvider(ThriftClientManagerProvider.class).in(Scopes.SINGLETON);\n \n         // We bind the ThriftClientProviderProviders in a Set so below we can export the thrift methods to JMX\n         newSetBinder(binder, ThriftClientProviderProvider.class).permitDuplicates();"], "edit": ["+    public ThriftClientManager(int maxFrameSize)", "+    {", "+      this(new ThriftCodecManager(), maxFrameSize);", "+    }", "+", "+    public ThriftClientManager(ThriftCodecManager codecManager, int maxFrameSize)", "+    {", "+      this.codecManager = codecManager;", "+      niftyClient = new NiftyClient(maxFrameSize);", "+    }", "+", "+package com.facebook.swift.service.guice;", "+", "+import com.facebook.swift.service.ThriftClientManager;", "+import com.google.inject.Inject;", "+import com.google.inject.Provider;", "+import com.google.inject.name.Named;", "+", "+public class ThriftClientManagerProvider implements Provider<ThriftClientManager>", "+{", "+    private Integer maxFrameSize;", "+", "+    @Inject(optional = true)", "+    public void setMaxFrameSize(@Named(\"thrift_client_max_frame_size\") Integer maxFrameSize)", "+    {", "+        this.maxFrameSize = maxFrameSize;", "+    }", "+", "+    @Override", "+    public ThriftClientManager get()", "+    {", "+        if (maxFrameSize == null) {", "+            return new ThriftClientManager();", "+        }", "+", "+        return new ThriftClientManager(maxFrameSize);", "+    }", "+}", "-        binder.bind(ThriftClientManager.class).in(Scopes.SINGLETON);", "+        binder.bind(ThriftClientManager.class).toProvider(ThriftClientManagerProvider.class).in(Scopes.SINGLETON);"], "url": ["https://api.github.com/repos/airlift/drift/commits/8b9cfd82ef41377dc972ef3475a5ac8d33c7e785"]}