{"new_feature": "4880,99,0,51,8,0.11", "commitmessage": "Fixing packages names", "patch": ["@@ -1,11 +1,9 @@\n-package com.act\n+package com.act.lcms\n \n import act.shared.ChemicalSymbols.{Atom, C, H, N, O, P, S, Cl, Br, F, I, MonoIsotopicMass}\n-import act.shared.MassToFormula\n import act.shared.ChemicalSymbols.Helpers.computeMassFromAtomicFormula\n import act.shared.{CmdLineParser, OptDesc}\n import java.io.PrintWriter\n-import act.shared.StableChemicalFormulae\n \n object EnumChemFormulae {\n   val defaultMaxMass = 1000.0 // Da", "@@ -8,7 +8,7 @@ import act.shared.ChemicalSymbols.{Gly, Ala, Pro, Val, Cys, Ile, Leu, Met, Phe,\n import act.shared.ChemicalSymbols.{Thr, Tyr, Asp, Glu, Lys, Trp, Asn, Gln, His, Arg}\n import act.shared.ChemicalSymbols.MonoIsotopicMass\n import act.shared.ChemicalSymbols.Helpers.{fromSymbol, computeChemicalFormulaFromAAFormula, computeMassFromAtomicFormula, computeFormulaFromElements}\n-import act.shared.MassToFormula\n+import com.act.lcms.MassToFormula\n \n object EnumPolyPeptides {\n   // This class enumerates all polypeptides upto a certain mass.", "@@ -1,4 +1,4 @@\n-package act.shared\n+package com.act.lcms\n \n import act.shared.{CmdLineParser, OptDesc}\n import act.shared.ChemicalSymbols.{Atom, C, H, N, O, P, S, Br, Cl, I, F, AllAtoms, AminoAcid, AllAminoAcids, MonoIsotopicMass}", "@@ -5,11 +5,10 @@ import act.shared.{CmdLineParser, OptDesc}\n import scala.io.Source\n import act.shared.ChemicalSymbols.{MonoIsotopicMass, Atom, AllAminoAcids}\n import com.act.lcms.MS1.MetlinIonMass\n-import act.shared.MassToFormula\n+import com.act.lcms.MassToFormula\n import act.shared.ChemicalSymbols.Helpers.computeMassFromAtomicFormula\n import com.act.lcms.MassCalculator.calculateMass\n \n-// @mark-20n @MichaelLampe20n: help resolve this to specific imports; please!\n import spray.json._\n import spray.json.DefaultJsonProtocol._\n import scala.annotation.tailrec"], "edit": ["-package com.act", "+package com.act.lcms", "-import act.shared.MassToFormula", "-import act.shared.StableChemicalFormulae", "-import act.shared.MassToFormula", "+import com.act.lcms.MassToFormula", "-package act.shared", "+package com.act.lcms", "-import act.shared.MassToFormula", "+import com.act.lcms.MassToFormula", "-// @mark-20n @MichaelLampe20n: help resolve this to specific imports; please!"], "url": ["https://api.github.com/repos/20n/act/commits/8bbe2285b8733f8ea02384c3fbfa5ae4c297c017"]}