{"new_feature": "1050,1,6,586,29,0.62", "commitmessage": "Fix HttpsSpec so it will pass on Travis", "patch": ["@@ -1,5 +1,3 @@\n language: groovy\n jdk:\n   - oraclejdk7\n-script:\n-  - gradle check || cat build/test-results/TEST-co.freeside.betamax.proxy.HttpsSpec.xml\n\\ No newline at end of file", "@@ -73,7 +73,11 @@ class HttpsSpec extends Specification {\n \t\texpect:\n \t\tdef proxy = proxySelector.select(uri).first()\n \t\tproxy.type() == Proxy.Type.HTTP\n-\t\tproxy.address().toString() == \"$recorder.proxyHost:${scheme == 'https' ? recorder.httpsProxyPort : recorder.proxyPort}\"\n+\n+\t\tand:\n+\t\tdef proxyURI = \"${scheme}://${proxy.address()}\".toURI()\n+\t\tInetAddress.getByName(proxyURI.host) == InetAddress.getByName(recorder.proxyHost)\n+\t\tproxyURI.port == scheme == 'https' ? recorder.httpsProxyPort : recorder.proxyPort\n \n \t\twhere:\n \t\turi << [httpUri, httpsUri]"], "edit": ["- oraclejdk7", "-script:", "-  - gradle check || cat build/test-results/TEST-co.freeside.betamax.proxy.HttpsSpec.xml", "-\t\tproxy.address().toString() == \"$recorder.proxyHost:${scheme == 'https' ? recorder.httpsProxyPort : recorder.proxyPort}\"", "+", "+\t\tand:", "+\t\tdef proxyURI = \"${scheme}://${proxy.address()}\".toURI()", "+\t\tInetAddress.getByName(proxyURI.host) == InetAddress.getByName(recorder.proxyHost)", "+\t\tproxyURI.port == scheme == 'https' ? recorder.httpsProxyPort : recorder.proxyPort"], "url": ["https://api.github.com/repos/airbnb/okreplay/commits/8bf10e1f865004b7709e5d4fa092d7952fe6eeda"]}