{"new_feature": "35,1,1,114,1,1.00", "commitmessage": "bugfix", "patch": ["@@ -43,12 +43,12 @@ public String toLogin() {\n      * \u767b\u5f55\u8bf7\u6c42\n      *\n      * @param username\n-     * @param pwd\n+     * @param password\n      */\n     //@ResponseBody\n     @RequestMapping(method = RequestMethod.POST, value = \"/login.do\")\n-    public void login(String username, String pwd, HttpServletRequest request, HttpServletResponse response) throws IOException {\n-        AdminUser adminUser = adminUserService.checkLogin(request, username, pwd);\n+    public void login(String username, String password, HttpServletRequest request, HttpServletResponse response) throws IOException {\n+        AdminUser adminUser = adminUserService.checkLogin(request, username, password);\n         response.sendRedirect(\"/mall/admin/toIndex.html\");\n     }\n "], "edit": ["-     * @param pwd", "+     * @param password", "-    public void login(String username, String pwd, HttpServletRequest request, HttpServletResponse response) throws IOException {", "-        AdminUser adminUser = adminUserService.checkLogin(request, username, pwd);", "+    public void login(String username, String password, HttpServletRequest request, HttpServletResponse response) throws IOException {", "+        AdminUser adminUser = adminUserService.checkLogin(request, username, password);"], "url": ["https://api.github.com/repos/5kywa1ker/mall/commits/8c0a7a061f366ffd16eeb2f4b2b7cf0b4ed5718a"]}