{"new_feature": "852,1,0,121,25,0.24", "commitmessage": "Do not add config prefix for DefaultClient annotation", "patch": ["@@ -81,7 +81,10 @@ private DriftClientBinder(Binder binder)\n \n     public <T> DriftClientBindingBuilder bindDriftClient(Class<T> clientInterface, Class<? extends Annotation> annotationType)\n     {\n-        String configPrefix = getServiceName(clientInterface) + \".\" + annotationType.getSimpleName();\n+        String configPrefix = getServiceName(clientInterface);\n+        if (annotationType != DefaultClient.class) {\n+            configPrefix += \".\" + annotationType.getSimpleName();\n+        }\n         return bindDriftClient(clientInterface, configPrefix, annotationType);\n     }\n "], "edit": ["-        String configPrefix = getServiceName(clientInterface) + \".\" + annotationType.getSimpleName();", "+        String configPrefix = getServiceName(clientInterface);", "+        if (annotationType != DefaultClient.class) {", "+            configPrefix += \".\" + annotationType.getSimpleName();", "+        }"], "url": ["https://api.github.com/repos/airlift/drift/commits/8c0b603f7013b85f81bb30a871dcdf0aa036f9a1"]}