{"new_feature": "260,8,0,54,5,0.20", "commitmessage": "Update Dropbox service to fix type mismatch errors", "patch": ["@@ -109,27 +109,27 @@ class DropboxService(\n         return Note(                                                // TODO use object mapper\n                 noteJson.id,\n                 profileId,\n-                noteJson.notebookId!!,\n-                noteJson.title!!,\n+                noteJson.trash,\n+                noteJson.notebookId,\n+                noteJson.title,\n                 noteJson.created,\n-                noteJson.updated!!,\n+                noteJson.updated,\n                 noteJson.content!!,\n                 MarkdownParserImpl().getParsedHtml(noteJson.content), // TODO use static util\n-                noteJson.isFavorite,\n-                noteJson.trash\n+                noteJson.isFavorite\n         )\n     }\n \n     private fun convertToNotebookEntity(notebookJson: NotebookJson, profileId: String): Notebook {\n         return Notebook(                                                // TODO use object mapper\n                 notebookJson.id,\n                 profileId,\n+                notebookJson.trash,\n                 if (notebookJson.parentId == \"0\") null else notebookJson.parentId,\n                 notebookJson.name,\n-                notebookJson.created!!,\n+                notebookJson.created,\n                 notebookJson.updated,\n-                notebookJson.count,\n-                notebookJson.trash\n+                notebookJson.count\n         )\n     }\n \n@@ -139,7 +139,7 @@ class DropboxService(\n                 profileId,\n                 tagJson.name,\n                 tagJson.created,\n-                tagJson.updated!!,\n+                tagJson.updated,\n                 tagJson.count.toIntOrNull() ?: 0\n         )\n     }\n@@ -154,13 +154,13 @@ class DropboxService(\n     data class NoteJson (\n             override val type: String, // enum\n             override val id: String,\n-            val title: String?,\n+            val title: String,\n             val content: String?,\n             val taskAll: Int?,\n             val taskCompleted: Int?,\n             val created: Long,\n-            val updated: Long?,\n-            val notebookId: String?,\n+            val updated: Long,\n+            val notebookId: String,\n             val isFavorite: Boolean,\n             val trash: Boolean,\n             val tags: List<Any>?,\n@@ -174,7 +174,7 @@ class DropboxService(\n             var name: String,\n             var count: Int,\n             var trash: Boolean,\n-            var created: Long?,\n+            var created: Long,\n             var updated: Long\n     ) : JsonEntity()\n \n@@ -185,7 +185,7 @@ class DropboxService(\n             var count: String,\n             var trash: Boolean,\n             var created: Long,\n-            var updated: Long?\n+            var updated: Long\n     ) : JsonEntity()\n \n }"], "edit": ["-                noteJson.notebookId!!,", "-                noteJson.title!!,", "+                noteJson.trash,", "+                noteJson.notebookId,", "+                noteJson.title,", "-                noteJson.updated!!,", "+                noteJson.updated,", "-                noteJson.isFavorite,", "-                noteJson.trash", "+                noteJson.isFavorite", "+                notebookJson.trash,", "-                notebookJson.created!!,", "+                notebookJson.created,", "-                notebookJson.count,", "-                notebookJson.trash", "+                notebookJson.count", "-                tagJson.updated!!,", "+                tagJson.updated,", "-            val title: String?,", "+            val title: String,", "-            val updated: Long?,", "-            val notebookId: String?,", "+            val updated: Long,", "+            val notebookId: String,", "-            var created: Long?,", "+            var created: Long,", "-            var updated: Long?", "+            var updated: Long"], "url": ["https://api.github.com/repos/aint/laverna-android/commits/8c5e283a1b1a23bda57c7a80d04fa8d49917a187"]}