{"new_feature": "1577,1,17,193,30,0.71", "commitmessage": "Fixed a bug in the playing queue where it would get messed up", "patch": ["@@ -615,19 +615,40 @@ public void removeSong(int position) {\n         } else {\n             originalPlayingQueue.remove(playingQueue.remove(position));\n         }\n+\n+        rePosition(position);\n+\n         notifyChange(QUEUE_CHANGED);\n     }\n \n     public void removeSong(@NonNull Song song) {\n         for (int i = 0; i < playingQueue.size(); i++) {\n-            if (playingQueue.get(i).id == song.id) playingQueue.remove(i);\n+            if (playingQueue.get(i).id == song.id) {\n+                playingQueue.remove(i);\n+                rePosition(i);\n+            }\n         }\n         for (int i = 0; i < originalPlayingQueue.size(); i++) {\n-            if (originalPlayingQueue.get(i).id == song.id) originalPlayingQueue.remove(i);\n+            if (originalPlayingQueue.get(i).id == song.id) {\n+                originalPlayingQueue.remove(i);\n+            }\n         }\n         notifyChange(QUEUE_CHANGED);\n     }\n \n+    private void rePosition(int deletedPosition) {\n+        int currentPosition = getPosition();\n+        if (deletedPosition < currentPosition) {\n+            setPositionInternal(currentPosition - 1);\n+        } else if (deletedPosition == currentPosition) {\n+            if (playingQueue.size() > deletedPosition) {\n+                setPosition(position);\n+            } else {\n+                setPosition(position - 1);\n+            }\n+        }\n+    }\n+\n     public void moveSong(int from, int to) {\n         if (from == to) return;\n         final int currentPosition = getPosition();\n@@ -638,9 +659,9 @@ public void moveSong(int from, int to) {\n             originalPlayingQueue.add(to, tmpSong);\n         }\n         if (from > currentPosition && to <= currentPosition) {\n-            setPositionInternal(getPosition() + 1);\n+            setPositionInternal(currentPosition + 1);\n         } else if (from < currentPosition && to >= currentPosition) {\n-            setPositionInternal(getPosition() - 1);\n+            setPositionInternal(currentPosition - 1);\n         } else if (from == currentPosition) {\n             setPositionInternal(to);\n         }\n@@ -982,6 +1003,7 @@ public void handleMessage(@NonNull final Message msg) {\n \n                 case SET_POSITION:\n                     service.openTrackAndPrepareNextAt(msg.arg1);\n+                    service.notifyChange(PLAY_STATE_CHANGED);\n                     break;\n \n                 case PREPARE_NEXT:"], "edit": ["+", "+        rePosition(position);", "+", "-            if (playingQueue.get(i).id == song.id) playingQueue.remove(i);", "+            if (playingQueue.get(i).id == song.id) {", "+                playingQueue.remove(i);", "+                rePosition(i);", "+            }", "-            if (originalPlayingQueue.get(i).id == song.id) originalPlayingQueue.remove(i);", "+            if (originalPlayingQueue.get(i).id == song.id) {", "+                originalPlayingQueue.remove(i);", "+            }", "+    private void rePosition(int deletedPosition) {", "+        int currentPosition = getPosition();", "+        if (deletedPosition < currentPosition) {", "+            setPositionInternal(currentPosition - 1);", "+        } else if (deletedPosition == currentPosition) {", "+            if (playingQueue.size() > deletedPosition) {", "+                setPosition(position);", "+            } else {", "+                setPosition(position - 1);", "+            }", "+        }", "+    }", "+", "-            setPositionInternal(getPosition() + 1);", "+            setPositionInternal(currentPosition + 1);", "-            setPositionInternal(getPosition() - 1);", "+            setPositionInternal(currentPosition - 1);", "+                    service.notifyChange(PLAY_STATE_CHANGED);"], "url": ["https://api.github.com/repos/AdrienPoupa/VinylMusicPlayer/commits/8ca5522971f7ff894abb48a900ad64f9f39cdd91"]}