{"new_feature": "1227,9,21,922,30,0.46", "commitmessage": "Fixed #422 cannot reset password\n\nSigned-off-by: Andrew DeMaria <lostonamountain@gmail.com>", "patch": ["@@ -43,7 +43,7 @@\n     @Autowired\n     private SecurityService securityService;\n \n-    @RequestMapping(method = {RequestMethod.GET})\n+    @RequestMapping(method = {RequestMethod.GET, RequestMethod.POST})\n     public ModelAndView recover(HttpServletRequest request, HttpServletResponse response) throws Exception {\n \n         Map<String, Object> map = new HashMap<String, Object>();"], "edit": ["-    @RequestMapping(method = {RequestMethod.GET})", "+    @RequestMapping(method = {RequestMethod.GET, RequestMethod.POST})"], "url": ["https://api.github.com/repos/airsonic/airsonic/commits/8cd9f3fb21587e355b1802581ae27f0dd848e25a"]}