{"new_feature": "2276,1,0,88,30,0.08", "commitmessage": "NPE Fix\n\nRemoved the code that initially attempts to draw the MCC & MNC whilst refreshing\nthe device information as this was causing NPEs on a number of devices.", "patch": ["@@ -86,17 +86,11 @@ public void refreshDeviceInfo(TelephonyManager tm) {\n             case TelephonyManager.PHONE_TYPE_GSM:\n                 mPhoneType = \"GSM\";\n                 mMncmcc = tm.getNetworkOperator();\n-                if (mMncmcc != null && mMncmcc.length() > 0) {\n-                    mMcc = Integer.parseInt(tm.getNetworkOperator().substring(0, 3));\n-                    mMnc = Integer.parseInt(tm.getNetworkOperator().substring(3));\n-                }\n                 mNetName = tm.getNetworkOperatorName();\n                 GsmCellLocation gsmCellLocation = (GsmCellLocation) tm.getCellLocation();\n                 if (gsmCellLocation != null) {\n-                    mCellID = (gsmCellLocation.getCid() == 0x7FFFFFFF) ?\n-                            gsmCellLocation.getCid() & 0xffff : gsmCellLocation.getCid();\n-                    mLac = (gsmCellLocation.getLac() == 0x7FFFFFFF ) ?\n-                            gsmCellLocation.getLac() & 0xffff : gsmCellLocation.getLac();\n+                    mCellID = gsmCellLocation.getCid();\n+                    mLac = gsmCellLocation.getLac();\n                     mPSC = gsmCellLocation.getPsc();\n                 }\n "], "edit": ["-                if (mMncmcc != null && mMncmcc.length() > 0) {", "-                    mMcc = Integer.parseInt(tm.getNetworkOperator().substring(0, 3));", "-                    mMnc = Integer.parseInt(tm.getNetworkOperator().substring(3));", "-                }", "-                    mCellID = (gsmCellLocation.getCid() == 0x7FFFFFFF) ?", "-                            gsmCellLocation.getCid() & 0xffff : gsmCellLocation.getCid();", "-                    mLac = (gsmCellLocation.getLac() == 0x7FFFFFFF ) ?", "-                            gsmCellLocation.getLac() & 0xffff : gsmCellLocation.getLac();", "+                    mCellID = gsmCellLocation.getCid();", "+                    mLac = gsmCellLocation.getLac();"], "url": ["https://api.github.com/repos/5GSD/AIMSICDL/commits/8cde2af6f19b90d1c73093de7386b901137994ee"]}