{"new_feature": "108,2,8,150,2,0.99", "commitmessage": "bugfix: catch ActivityManager.getRunningProcesses() DeadSystemException", "patch": ["@@ -60,16 +60,20 @@ public static String getCurrentProcessName() {\n \n     public static String getProcessName(Context context, int pid) {\n         if (context != null) {\n-            ActivityManager mActivityManager = (ActivityManager) context.getSystemService(Context.ACTIVITY_SERVICE);\n-            if (mActivityManager != null) {\n-                List<ActivityManager.RunningAppProcessInfo> list = mActivityManager.getRunningAppProcesses();\n-                if (list != null && !list.isEmpty()) {\n-                    for (ActivityManager.RunningAppProcessInfo appProcess : list) {\n-                        if (appProcess.pid == pid) {\n-                            return appProcess.processName;\n+            try {\n+                ActivityManager mActivityManager = (ActivityManager) context.getSystemService(Context.ACTIVITY_SERVICE);\n+                if (mActivityManager != null) {\n+                    List<ActivityManager.RunningAppProcessInfo> list = mActivityManager.getRunningAppProcesses();\n+                    if (list != null && !list.isEmpty()) {\n+                        for (ActivityManager.RunningAppProcessInfo appProcess : list) {\n+                            if (appProcess.pid == pid) {\n+                                return appProcess.processName;\n+                            }\n                         }\n                     }\n                 }\n+            } catch (Exception exception) {\n+                Log.e(TAG, \"get running process by system error: %s\", android.util.Log.getStackTraceString(e));\n             }\n         }\n         byte[] b = new byte[128];"], "edit": ["-            ActivityManager mActivityManager = (ActivityManager) context.getSystemService(Context.ACTIVITY_SERVICE);", "-            if (mActivityManager != null) {", "-                List<ActivityManager.RunningAppProcessInfo> list = mActivityManager.getRunningAppProcesses();", "-                if (list != null && !list.isEmpty()) {", "-                    for (ActivityManager.RunningAppProcessInfo appProcess : list) {", "-                        if (appProcess.pid == pid) {", "-                            return appProcess.processName;", "+            try {", "+                ActivityManager mActivityManager = (ActivityManager) context.getSystemService(Context.ACTIVITY_SERVICE);", "+                if (mActivityManager != null) {", "+                    List<ActivityManager.RunningAppProcessInfo> list = mActivityManager.getRunningAppProcesses();", "+                    if (list != null && !list.isEmpty()) {", "+                        for (ActivityManager.RunningAppProcessInfo appProcess : list) {", "+                            if (appProcess.pid == pid) {", "+                                return appProcess.processName;", "+                            }", "+            } catch (Exception exception) {", "+                Log.e(TAG, \"get running process by system error: %s\", android.util.Log.getStackTraceString(e));"], "url": ["https://api.github.com/repos/AlbieLiang/IPCInvoker/commits/8d263c5faa5fd68657894273266cc153f08f5fcb"]}