{"new_feature": "160,4,0,78,9,0.74", "commitmessage": "Fix #16. \u0421\u0438\u043c\u0432\u043e\u043b\u044b \"\u0440\u0435\u0448\u0435\u0442\u043a\u0430\" \u0432\u043d\u0443\u0442\u0440\u0438 \u0441\u0441\u044b\u043b\u043e\u043a \u043d\u0435 \u0434\u043e\u043b\u0436\u043d\u044b \u043f\u0440\u0438\u0432\u043e\u0434\u0438\u0442\u044c\u0441\u044f \u043a \"\u0440\u0430\u0432\u043d\u043e\"\n\n\u042d\u0442\u043e \u0434\u043e\u043f\u0443\u0441\u0442\u0438\u043c\u044b\u0435 \u0441\u0438\u043c\u0432\u043e\u043b\u044b \u0432 url", "patch": ["@@ -105,7 +105,7 @@ public void define(Context context) {\n \n   private static String convertToSonarqubeMarkdown(String input) {\n     return input\n-      .replaceAll(\"#\", \"=\")\n+      .replaceAll(\"(?!.+\\\\[)#(?!.+])\", \"=\")\n       .replaceAll(\"\\\\*\\\\*\", \"*\")\n       .replaceAll(\"```\", \"``\")\n       .replaceAll(\"(^|[^`])`([^`]|$)\", \"$1``$2\")"], "edit": ["-      .replaceAll(\"#\", \"=\")", "+      .replaceAll(\"(?!.+\\\\[)#(?!.+])\", \"=\")"], "url": ["https://api.github.com/repos/1c-syntax/sonar-bsl-plugin-community/commits/8d2d54aeb9e498f514e96f01afb4da2efd6ded01"]}