{"new_feature": "1050,1,6,586,29,0.62", "commitmessage": "fix loading of keystore file in test", "patch": ["@@ -126,7 +126,7 @@ class SimpleSecureServer extends SimpleServer {\n \n \t\tdef connector = new SslSelectChannelConnector()\n \n-\t\tdef keystore = Class.getResource('/keystore')\n+\t\tdef keystore = SimpleSecureServer.getResource('/betamax.keystore')\n \n \t\tconnector.port = port\n \t\tconnector.keystore = keystore"], "edit": ["-\t\tdef keystore = Class.getResource('/keystore')", "+\t\tdef keystore = SimpleSecureServer.getResource('/betamax.keystore')"], "url": ["https://api.github.com/repos/airbnb/okreplay/commits/8d7f8a354fc6c71c4df4db8d0631ecd8a2926fb6"]}