{"new_feature": "2146,31,17,479,17,0.05", "commitmessage": "fix, must restart if not setting", "patch": ["@@ -103,6 +103,7 @@ private long getSeqValueFromDB(SequenceVal seqVal) throws SQLNonTransientExcepti\n             throw new RuntimeException(\"can't fetch sequence in db,sequence :\" + seqVal.seqName + \" detail:\" +\n                                        mysqlSeqFetcher.getLastestError(seqVal.seqName));\n         } else if (values[0] == 0) {\n+            seqVal.fetching.compareAndSet(true, false);\n             String msg = \"sequence,\" + seqVal.seqName + \"has not been set, please check configure in dble_sequence\";\n             LOGGER.warn(msg);\n             throw new SQLNonTransientException(msg);"], "edit": ["+            seqVal.fetching.compareAndSet(true, false);"], "url": ["https://api.github.com/repos/actiontech/dble/commits/8d906372b739f864f0d7e152610ed901b6a225aa"]}