{"new_feature": "2146,31,17,479,17,0.05", "commitmessage": "fix, autoincrement column don't from 1 starting when its rule don't been set", "patch": ["@@ -14,6 +14,7 @@\n import java.util.Map;\n import java.util.Properties;\n import java.util.concurrent.ConcurrentHashMap;\n+import java.sql.SQLNonTransientException;\n \n public class IncrSequenceMySQLHandler implements SequenceHandler {\n \n@@ -64,7 +65,7 @@ private void putNewSequenceVals(Properties props) {\n     private ConcurrentHashMap<String, SequenceVal> seqValueMap = new ConcurrentHashMap<>();\n \n     @Override\n-    public long nextId(String seqName) {\n+    public long nextId(String seqName) throws SQLNonTransientException {\n         SequenceVal seqVal = seqValueMap.get(seqName);\n         if (seqVal == null) {\n             throw new ConfigException(\"can't find definition for sequence :\" + seqName);\n@@ -77,7 +78,7 @@ public long nextId(String seqName) {\n \n     }\n \n-    private Long getNextValidSeqVal(SequenceVal seqVal) {\n+    private Long getNextValidSeqVal(SequenceVal seqVal) throws SQLNonTransientException {\n         Long nexVal = seqVal.nextValue();\n         if (seqVal.isNexValValid(nexVal)) {\n             return nexVal;\n@@ -87,10 +88,9 @@ private Long getNextValidSeqVal(SequenceVal seqVal) {\n         }\n     }\n \n-    private long getSeqValueFromDB(SequenceVal seqVal) {\n+    private long getSeqValueFromDB(SequenceVal seqVal) throws SQLNonTransientException {\n         if (LOGGER.isDebugEnabled()) {\n-            LOGGER.debug(\"get next segement of sequence from db for sequence:\" +\n-                    seqVal.seqName + \" curVal \" + seqVal.curVal);\n+            LOGGER.debug(\"get next segement of sequence from db for sequence:\" + seqVal.seqName + \" curVal \" + seqVal.curVal);\n         }\n         if (seqVal.fetching.compareAndSet(false, true)) {\n             seqVal.dbretVal = null;\n@@ -100,9 +100,12 @@ private long getSeqValueFromDB(SequenceVal seqVal) {\n         }\n         Long[] values = seqVal.waitFinish();\n         if (values == null) {\n-\n-            throw new RuntimeException(\"can't fetch sequence in db,sequence :\" +\n-                    seqVal.seqName + \" detail:\" + mysqlSeqFetcher.getLastestError(seqVal.seqName));\n+            throw new RuntimeException(\"can't fetch sequence in db,sequence :\" + seqVal.seqName + \" detail:\" +\n+                                       mysqlSeqFetcher.getLastestError(seqVal.seqName));\n+        } else if (values[0] == 0) {\n+            \tString msg = \"sequence,\" + seqVal.seqName + \"has not been set, please check configure in dble_sequence\";\n+                LOGGER.error(msg);\n+                throw new SQLNonTransientException(msg);\n         } else {\n             if (seqVal.newValueSetted.compareAndSet(false, true)) {\n                 seqVal.setCurValue(values[0]);", "@@ -5,13 +5,15 @@\n */\n package com.actiontech.dble.route.sequence.handler;\n \n+import java.sql.SQLNonTransientException;\n+\n /**\n  * @author <a href=\"http://www.micmiu.com\">Michael</a>\n  * @version 1.0\n  * @time Create on 2013-12-20 15:35:53\n  */\n public interface SequenceHandler {\n \n-    long nextId(String prefixName);\n+    long nextId(String prefixName) throws SQLNonTransientException;\n \n }"], "edit": ["+import java.sql.SQLNonTransientException;", "-    public long nextId(String seqName) {", "+    public long nextId(String seqName) throws SQLNonTransientException {", "-    private Long getNextValidSeqVal(SequenceVal seqVal) {", "+    private Long getNextValidSeqVal(SequenceVal seqVal) throws SQLNonTransientException {", "-    private long getSeqValueFromDB(SequenceVal seqVal) {", "+    private long getSeqValueFromDB(SequenceVal seqVal) throws SQLNonTransientException {", "-            LOGGER.debug(\"get next segement of sequence from db for sequence:\" +", "-                    seqVal.seqName + \" curVal \" + seqVal.curVal);", "+            LOGGER.debug(\"get next segement of sequence from db for sequence:\" + seqVal.seqName + \" curVal \" + seqVal.curVal);", "-", "-            throw new RuntimeException(\"can't fetch sequence in db,sequence :\" +", "-                    seqVal.seqName + \" detail:\" + mysqlSeqFetcher.getLastestError(seqVal.seqName));", "+            throw new RuntimeException(\"can't fetch sequence in db,sequence :\" + seqVal.seqName + \" detail:\" +", "+                                       mysqlSeqFetcher.getLastestError(seqVal.seqName));", "+        } else if (values[0] == 0) {", "+            \tString msg = \"sequence,\" + seqVal.seqName + \"has not been set, please check configure in dble_sequence\";", "+                LOGGER.error(msg);", "+                throw new SQLNonTransientException(msg);", "+import java.sql.SQLNonTransientException;", "+", "-    long nextId(String prefixName);", "+    long nextId(String prefixName) throws SQLNonTransientException;"], "url": ["https://api.github.com/repos/actiontech/dble/commits/8dc1d7fbac993aca9e0c6f0036235f92ffc422a3"]}