{"new_feature": "699,1,173,91,9,0.99", "commitmessage": "chore(example): fix ionic-angular example build error", "patch": ["@@ -86,7 +86,7 @@\n         <variable name=\"APP_ID_IOS\" value=\"test\" />\n     </plugin>\n     <plugin name=\"cordova-plugin-statusbar\" spec=\"^2.4.2\" />\n-    <engine name=\"ios\" spec=\"4.5.5\" />\n+    <engine name=\"android\" spec=\"7.1.2\" />\n     <engine name=\"browser\" spec=\"5.0.4\" />\n-    <engine name=\"android\" spec=\"7.0.0\" />\n+    <engine name=\"ios\" spec=\"4.5.5\" />\n </widget>", "@@ -19,12 +19,12 @@\n     \"@angular/http\": \"5.2.11\",\n     \"@angular/platform-browser\": \"5.2.11\",\n     \"@angular/platform-browser-dynamic\": \"5.2.11\",\n-    \"@ionic-native/core\": \"4.16.0\",\n-    \"@ionic-native/splash-screen\": \"4.16.0\",\n-    \"@ionic-native/status-bar\": \"4.16.0\",\n+    \"@ionic-native/core\": \"4.17.0\",\n+    \"@ionic-native/splash-screen\": \"4.17.0\",\n+    \"@ionic-native/status-bar\": \"4.17.0\",\n     \"@ionic/storage\": \"2.2.0\",\n     \"cordova-admob-plus\": \"^0.8.0\",\n-    \"cordova-android\": \"7.1.1\",\n+    \"cordova-android\": \"7.1.2\",\n     \"cordova-browser\": \"5.0.4\",\n     \"cordova-ios\": \"4.5.5\",\n     \"cordova-plugin-add-swift-support\": \"^1.7.2\",\n@@ -44,7 +44,7 @@\n   },\n   \"devDependencies\": {\n     \"@ionic/app-scripts\": \"3.2.0\",\n-    \"ionic\": \"4.1.1\",\n+    \"ionic\": \"4.3.1\",\n     \"typescript\": \"~2.6.2\"\n   },\n   \"eslintConfig\": {\n@@ -70,5 +70,8 @@\n       \"browser\",\n       \"ios\"\n     ]\n+  },\n+  \"resolutions\": {\n+    \"node-sass\": \"^4.10.0\"\n   }\n }", "@@ -1,5 +1,6 @@\n {\n   \"compilerOptions\": {\n+    \"typeRoots\" : [\"ionic-angular-example\"],\n     \"allowSyntheticDefaultImports\": true,\n     \"declaration\": false,\n     \"emitDecoratorMetadata\": true,"], "edit": ["-    <engine name=\"ios\" spec=\"4.5.5\" />", "+    <engine name=\"android\" spec=\"7.1.2\" />", "-    <engine name=\"android\" spec=\"7.0.0\" />", "+    <engine name=\"ios\" spec=\"4.5.5\" />", "-    \"@ionic-native/core\": \"4.16.0\",", "-    \"@ionic-native/splash-screen\": \"4.16.0\",", "-    \"@ionic-native/status-bar\": \"4.16.0\",", "+    \"@ionic-native/core\": \"4.17.0\",", "+    \"@ionic-native/splash-screen\": \"4.17.0\",", "+    \"@ionic-native/status-bar\": \"4.17.0\",", "-    \"cordova-android\": \"7.1.1\",", "+    \"cordova-android\": \"7.1.2\",", "-    \"ionic\": \"4.1.1\",", "+    \"ionic\": \"4.3.1\",", "+  },", "+  \"resolutions\": {", "+    \"node-sass\": \"^4.10.0\"", "+    \"typeRoots\" : [\"ionic-angular-example\"],"], "url": ["https://api.github.com/repos/admob-plus/admob-plus/commits/8e1d0e6920465b9918474f39cc00d8367638973c"]}