{"new_feature": "1147,17,0,59,14,0.56", "commitmessage": "Fix qf", "patch": ["@@ -69,13 +69,13 @@ public static void main(String[] args) {\n   public static Options createOptions() {\n     Options createdOptions = new Options();\n \n-    Option diagnosticLanguageOption = new Option(\n+    Option configurationOption = new Option(\n       \"c\",\n       \"configuration\",\n       true,\n       \"Path to language server configuration file\"\n     );\n-    diagnosticLanguageOption.setRequired(false);\n+    configurationOption.setRequired(false);\n \n     Option help = new Option(\n       \"h\",\n@@ -117,7 +117,7 @@ public static Options createOptions() {\n     createdOptions.addOption(outputDir);\n     createdOptions.addOption(reporter);\n \n-    createdOptions.addOption(diagnosticLanguageOption);\n+    createdOptions.addOption(configurationOption);\n     createdOptions.addOption(help);\n \n     return createdOptions;", "@@ -1,5 +1,8 @@\n {\r\n   \"diagnostics\": {\r\n-    \"LineLength\": false\r\n+    \"LineLength\": {\r\n+      \"maxLineLength\": 140\r\n+    },\r\n+    \"MethodSize\": false\r\n   }\r\n }\r"], "edit": ["-    Option diagnosticLanguageOption = new Option(", "+    Option configurationOption = new Option(", "-    diagnosticLanguageOption.setRequired(false);", "+    configurationOption.setRequired(false);", "-    createdOptions.addOption(diagnosticLanguageOption);", "+    createdOptions.addOption(configurationOption);", "-    \"LineLength\": false", "+    \"LineLength\": {", "+      \"maxLineLength\": 140", "+    },", "+    \"MethodSize\": false"], "url": ["https://api.github.com/repos/1c-syntax/bsl-language-server/commits/8e1e45abe60a838adaa3182e14b14a53972033ab"]}