{"new_feature": "1029,4,0,66,10,0.62", "commitmessage": "Fixed bug in string percentiles.Reset build.properties to original.", "patch": ["@@ -1,7 +1,7 @@\n bench.shortname=web101\n-faban.home=/opt/faban\n-faban.url=http://localhost:9980/\n+faban.home=../../../\n+faban.url=http://brazilian:9980/\n deploy.user=deployer\n deploy.password=adminadmin\n-deploy.clearconfig=false\n+deploy.clearconfig=true\n compiler.target.version=1.5"], "edit": ["-faban.home=/opt/faban", "-faban.url=http://localhost:9980/", "+faban.home=../../../", "+faban.url=http://brazilian:9980/", "-deploy.clearconfig=false", "+deploy.clearconfig=true"], "url": ["https://api.github.com/repos/akara/faban/commits/8e649b2fc3c72cbe82abf0cecaa685655dbb873d"]}