{"new_feature": "4880,99,0,51,8,0.21", "commitmessage": "fixing readme URLs", "patch": ["@@ -5,8 +5,8 @@\n \n Getting started\n ===\n-* Those who want the data (biologists, maybe?): Use login:pass as public:preview at (Bioreachables Preview)[https://preview.bioreachables.com/]. Due to limitations we can only make a preview version available for public use. If you'd like the full version (please contact us)[mailto:info@20n.com]\n-* Those who want the code (softwarers, maybe?): Checkout the repo and follow (Instructions to run)[https://github.com/20n/act/tree/master/wikiServices#1-wiki-content-generation]\n+* Those who want the data (biologists, maybe?): Use login:pass as public:preview at [Bioreachables Preview](https://preview.bioreachables.com/). Due to limitations we can only make a preview version available for public use. If you'd like the full version [please contact us](mailto:info@20n.com).\n+* Those who want the code (softwarers, maybe?): Checkout the repo and follow [Instructions to run](https://github.com/20n/act/tree/master/wikiServices#1-wiki-content-generation)\n \n Components of 20n/act:\n ==="], "edit": ["-* Those who want the data (biologists, maybe?): Use login:pass as public:preview at (Bioreachables Preview)[https://preview.bioreachables.com/]. Due to limitations we can only make a preview version available for public use. If you'd like the full version (please contact us)[mailto:info@20n.com]", "-* Those who want the code (softwarers, maybe?): Checkout the repo and follow (Instructions to run)[https://github.com/20n/act/tree/master/wikiServices#1-wiki-content-generation]", "+* Those who want the data (biologists, maybe?): Use login:pass as public:preview at [Bioreachables Preview](https://preview.bioreachables.com/). Due to limitations we can only make a preview version available for public use. If you'd like the full version [please contact us](mailto:info@20n.com).", "+* Those who want the code (softwarers, maybe?): Checkout the repo and follow [Instructions to run](https://github.com/20n/act/tree/master/wikiServices#1-wiki-content-generation)"], "url": ["https://api.github.com/repos/20n/act/commits/8f270be51e66595ffcfddb611f38672ded8dda2f"]}