{"new_feature": "1227,9,21,922,30,0.17", "commitmessage": "Fix a typo", "patch": ["@@ -21,7 +21,7 @@\n \n     @RequestMapping(method = {RequestMethod.GET})\n     public ModelAndView accessDenied(HttpServletRequest request, HttpServletResponse response) {\n-        LOG.info(\"The IP {0} tried to access the forbidden url {1}.\", request.getRemoteAddr(), request.getRequestURL())\n+        LOG.info(\"The IP {0} tried to access the forbidden url {1}.\", request.getRemoteAddr(), request.getRequestURL());\n         return new ModelAndView(\"accessDenied\");\n     }\n "], "edit": ["-        LOG.info(\"The IP {0} tried to access the forbidden url {1}.\", request.getRemoteAddr(), request.getRequestURL())", "+        LOG.info(\"The IP {0} tried to access the forbidden url {1}.\", request.getRemoteAddr(), request.getRequestURL());"], "url": ["https://api.github.com/repos/airsonic/airsonic/commits/8f608485cbad143cbd9b4d30505604fd4e1e7ca8"]}