{"new_feature": "2276,1,0,88,30,0.00", "commitmessage": "- fixed bug, which terminates the service when AIMSICD is closed\n- Updated version to b8", "patch": ["@@ -2,7 +2,7 @@\n <manifest xmlns:android=\"http://schemas.android.com/apk/res/android\"\n           package=\"com.SecUpwN.AIMSICD\"\n           android:versionCode=\"24\"\n-          android:versionName=\"0.1.24-alpha-build-6\">\n+          android:versionName=\"0.1.24-alpha-build-b8\">\n \n     <uses-permission android:name=\"android.permission.WRITE_EXTERNAL_STORAGE\"/>\n     <uses-permission android:name=\"android.permission.READ_EXTERNAL_STORAGE\"/>", "@@ -210,7 +210,7 @@ protected void onDestroy() {\n         }\n \n         final String PERSIST_SERVICE = mContext.getString(R.string.pref_persistservice_key);\n-        boolean persistService = prefs.getBoolean(PERSIST_SERVICE, false);\n+        boolean persistService = prefs.getBoolean(PERSIST_SERVICE, true);\n         if (!persistService) {\n             Intent intent = new Intent(mContext, AimsicdService.class);\n             stopService(intent);"], "edit": ["-          android:versionName=\"0.1.24-alpha-build-6\">", "+          android:versionName=\"0.1.24-alpha-build-b8\">", "-        boolean persistService = prefs.getBoolean(PERSIST_SERVICE, false);", "+        boolean persistService = prefs.getBoolean(PERSIST_SERVICE, true);"], "url": ["https://api.github.com/repos/5GSD/AIMSICDL/commits/8f65aa2c6a320905dc3c38cd89d9c3a5288bf4b0"]}