{"new_feature": "1029,4,0,66,10,0.62", "commitmessage": "Fix for Issue #43: Add support for handling gzip response data in http client", "patch": ["@@ -38,6 +38,7 @@\n import java.util.*;\n import java.util.regex.Matcher;\n import java.util.regex.Pattern;\n+import java.util.zip.GZIPInputStream;\n \n /**\n  * The ApacheHC3Transport provides initialization services and utility methods\n@@ -167,6 +168,7 @@ public boolean isFollowRedirects() {\n         return followRedirects;\n     }\n \n+\n     /**\n      * Initializes or re-initializes the buffer.\n      * @param size The size of the buffer\n@@ -846,6 +848,13 @@ public StringBuilder fetchPage(String page, String[] images,\n         return fetchURL(new URL(page), imgURLs, postRequest);\n     }\n \n+    /**\n+     * Fetch the response. If it is gzipped, unzip it. Checking encoding to\n+     * ensure data is read correctly\n+     * @param method\n+     * @return text response\n+     * @throws IOException\n+     */\n     private StringBuilder fetchResponse(HttpMethod method) throws IOException {\n         Header contentTypeHdr = method.getResponseHeader(\"content-type\");\n         String contentType = null;\n@@ -865,12 +874,26 @@ private StringBuilder fetchResponse(HttpMethod method) throws IOException {\n                 }\n             }\n         }\n+        Header contentEncodingHdr = method.getResponseHeader(\"content-encoding\");\n+        String contentEncoding = null;\n+        boolean isGzip = false;\n+        if (contentEncodingHdr != null) {\n+            contentEncoding = contentEncodingHdr.getValue();\n+            if (\"gzip\".matches(contentEncoding.toLowerCase()))\n+                isGzip = true;\n+            else\n+                throw new IOException(\"cannot handle content-encoding \" + contentEncoding);\n+        }\n         if (contentType != null && (contentType.startsWith(\"text/\") ||\n                                     texttypes.contains(contentType))) {\n             InputStream is = method.getResponseBodyAsStream();\n             if (is != null) {\n-                Reader reader = new InputStreamReader(is, encoding);\n-\n+                Reader reader;\n+                if (isGzip) {\n+                   reader  = new InputStreamReader(new GZIPInputStream(is), encoding);\n+                } else {\n+                    reader = new InputStreamReader(is, encoding);\n+                }\n                 // We have to close the input stream in order to return it to\n                 // the cache, so we get it for all content, even if we don't\n                 // use it. It's (I believe) a bug that the content handlers\n@@ -895,17 +918,20 @@ private StringBuilder fetchResponse(HttpMethod method) throws IOException {\n      * @return The number of bytes read\n      * @throws java.io.IOException\n      */\n+\n     private int readResponse(HttpMethod method) throws IOException {\n         int totalLength = 0;\n-        InputStream in = method.getResponseBodyAsStream();\n+        InputStream in;\n+\n+        in = method.getResponseBodyAsStream();\n         if (in != null) {\n-        int length = in.read(byteReadBuffer);\n-        while (length != -1) {\n-            totalLength += length;\n-            length = in.read(byteReadBuffer);\n-        }\n-        in.close();\n-        contentSize = totalLength;\n+           int length = in.read(byteReadBuffer);\n+            while (length != -1) {\n+                totalLength += length;\n+                length = in.read(byteReadBuffer);\n+            }\n+            in.close();\n+            contentSize = totalLength;\n         }\n         return totalLength;\n     }\n@@ -1448,7 +1474,7 @@ public StringBuilder deleteURL(URL url) throws IOException {\n      * @return array of Cookie objects\n      */\n     public Cookie[] getCookies() {\n-         return hc.getState().getCookies();\n+        return hc.getState().getCookies();\n     }\n \n     /**"], "edit": ["+import java.util.zip.GZIPInputStream;", "+", "+    /**", "+     * Fetch the response. If it is gzipped, unzip it. Checking encoding to", "+     * ensure data is read correctly", "+     * @param method", "+     * @return text response", "+     * @throws IOException", "+     */", "+        Header contentEncodingHdr = method.getResponseHeader(\"content-encoding\");", "+        String contentEncoding = null;", "+        boolean isGzip = false;", "+        if (contentEncodingHdr != null) {", "+            contentEncoding = contentEncodingHdr.getValue();", "+            if (\"gzip\".matches(contentEncoding.toLowerCase()))", "+                isGzip = true;", "+            else", "+                throw new IOException(\"cannot handle content-encoding \" + contentEncoding);", "+        }", "-                Reader reader = new InputStreamReader(is, encoding);", "-", "+                Reader reader;", "+                if (isGzip) {", "+                   reader  = new InputStreamReader(new GZIPInputStream(is), encoding);", "+                } else {", "+                    reader = new InputStreamReader(is, encoding);", "+                }", "+", "-        InputStream in = method.getResponseBodyAsStream();", "+        InputStream in;", "+", "+        in = method.getResponseBodyAsStream();", "-        int length = in.read(byteReadBuffer);", "-        while (length != -1) {", "-            totalLength += length;", "-            length = in.read(byteReadBuffer);", "-        }", "-        in.close();", "-        contentSize = totalLength;", "+           int length = in.read(byteReadBuffer);", "+            while (length != -1) {", "+                totalLength += length;", "+                length = in.read(byteReadBuffer);", "+            }", "+            in.close();", "+            contentSize = totalLength;", "-         return hc.getState().getCookies();", "+        return hc.getState().getCookies();"], "url": ["https://api.github.com/repos/akara/faban/commits/8f82454a95c133ec107bccd3ed3222383c20e5cc"]}