{"new_feature": "1029,4,0,66,10,0.62", "commitmessage": "Faban-16: Fixed minor issue in ToolWrapper. In cases where the log file is not written and the output is all buffered, the log file will not exist. We must only check for logfile existence if we really need to use the output file and not the command handle to obtain the output. Otherwise a false error is thrown while the output is obtainable.", "patch": ["@@ -320,17 +320,18 @@ protected void stop(boolean warn) throws Exception{\n      * Transfers the tool output file back to the master.\n      */\n     protected void xferLog() {\n-        String logfile = tc.getOutputFile();\n-        if (!new File(logfile).exists()) {\n-            logger.warning(toolName + \": Transfer file \" + logfile +\n-                    \" not found.\");\n-            return;\n-        }\n+        String logfile = null;\n         try {\n             FileTransfer transfer;\n             if (outputHandle != null) {\n                 transfer = outputHandle.fetchOutput(outputStream, outfile);\n             } else {\n+                logfile = tc.getOutputFile();\n+                if (!new File(logfile).exists()) {\n+                    logger.warning(toolName + \": Transfer file \" + logfile +\n+                            \" not found.\");\n+                    return;\n+                }\n                 transfer = new FileTransfer(logfile, outfile);\n             }\n             logger.fine(toolName + \": Transferring log from \" + logfile +\n@@ -345,8 +346,12 @@ protected void xferLog() {\n                     logger.info(toolName + \": Invalid transfer size\");\n             }\n         } catch (IOException e) {\n-            logger.log(Level.INFO, toolName + \": Error transferring \" +\n-                    logfile, e);\n+            if (logfile == null)\n+                logger.log(Level.INFO, toolName + \": Error transferring \" +\n+                        logfile, e);\n+            else\n+                logger.log(Level.INFO, toolName + \": Error transferring \" +\n+                        toolName + \" output.\", e);\n         }\n     }\n "], "edit": ["-        String logfile = tc.getOutputFile();", "-        if (!new File(logfile).exists()) {", "-            logger.warning(toolName + \": Transfer file \" + logfile +", "-                    \" not found.\");", "-            return;", "-        }", "+        String logfile = null;", "+                logfile = tc.getOutputFile();", "+                if (!new File(logfile).exists()) {", "+                    logger.warning(toolName + \": Transfer file \" + logfile +", "+                            \" not found.\");", "+                    return;", "+                }", "-            logger.log(Level.INFO, toolName + \": Error transferring \" +", "-                    logfile, e);", "+            if (logfile == null)", "+                logger.log(Level.INFO, toolName + \": Error transferring \" +", "+                        logfile, e);", "+            else", "+                logger.log(Level.INFO, toolName + \": Error transferring \" +", "+                        toolName + \" output.\", e);"], "url": ["https://api.github.com/repos/akara/faban/commits/8fb0706848398c5165077503e20a03ed60bca87a"]}