{"new_feature": "4880,99,0,51,8,0.21", "commitmessage": "replacing date with OPTIONALSUFFIX, and adding comment on how long biointerpretation validation takes on azure.", "patch": ["@@ -32,32 +32,33 @@ the `BiointepretationDriver` class looks like this:\n   {\n     \"operation\": \"MERGE_REACTIONS\",\n     \"read\": \"actv01\",\n-    \"write\": \"drknow_20170111\"\n+    \"write\": \"drknow_OPTIONALSUFFIX\"\n   },\n   {\n     \"operation\": \"DESALT\",\n-    \"read\": \"drknow_20170111\",\n-    \"write\": \"synapse_20170111\"\n+    \"read\": \"drknow_OPTIONALSUFFIX\",\n+    \"write\": \"synapse_OPTIONALSUFFIX\"\n   },\n   {\n     \"operation\": \"REMOVE_COFACTORS\",\n-    \"read\": \"synapse_20170111\",\n-    \"write\": \"jarvis_20170111\"\n+    \"read\": \"synapse_OPTIONALSUFFIX\",\n+    \"write\": \"jarvis_OPTIONALSUFFIX\"\n   }\n ]\n ```\n+You can add `_OPTIONALSUFFIX` if you need to identify the run, e.g., tag it with a date `_20170111`.\n This process will take on the order of 12-15 hours to complete.\n \n Note that mechanistic validation is not included in this pipeline due to performance reasons.  To enable it, add the\n following block to the array of operations above:\n ```JSON\n   {\n     \"operation\": \"VALIDATE\",\n-    \"read\": \"jarvis_2017-01-11\",\n-    \"write\": \"marvin_2017-01-11\"\n+    \"read\": \"jarvis_OPTIONALSUFFIX\",\n+    \"write\": \"marvin_OPTIONALSUFFIX\"\n   }\n ```\n-Validation on `master` may take up to a week to complete.  The `limit-reactor-products-for-validation` branch has\n+Validation on `master` may take up to a week to complete (Last time on azure took 8.53 days to complete).  The `limit-reactor-products-for-validation` branch has\n WIP fixes that limit the scope of the validator's search, and may increase its performance by a significant margin.\n \n Save your JSON configuration in a file, in our case `biointerpretation_config.json`, and run this command:"], "edit": ["-    \"write\": \"drknow_20170111\"", "+    \"write\": \"drknow_OPTIONALSUFFIX\"", "-    \"read\": \"drknow_20170111\",", "-    \"write\": \"synapse_20170111\"", "+    \"read\": \"drknow_OPTIONALSUFFIX\",", "+    \"write\": \"synapse_OPTIONALSUFFIX\"", "-    \"read\": \"synapse_20170111\",", "-    \"write\": \"jarvis_20170111\"", "+    \"read\": \"synapse_OPTIONALSUFFIX\",", "+    \"write\": \"jarvis_OPTIONALSUFFIX\"", "+You can add `_OPTIONALSUFFIX` if you need to identify the run, e.g., tag it with a date `_20170111`.", "-    \"read\": \"jarvis_2017-01-11\",", "-    \"write\": \"marvin_2017-01-11\"", "+    \"read\": \"jarvis_OPTIONALSUFFIX\",", "+    \"write\": \"marvin_OPTIONALSUFFIX\"", "-Validation on `master` may take up to a week to complete.  The `limit-reactor-products-for-validation` branch has", "+Validation on `master` may take up to a week to complete (Last time on azure took 8.53 days to complete).  The `limit-reactor-products-for-validation` branch has"], "url": ["https://api.github.com/repos/20n/act/commits/8fb37755b8263d6b951349e5e11f21c299b27cd7"]}