{"new_feature": "2146,31,17,479,17,0.65", "commitmessage": "fix rule_template", "patch": ["@@ -37,6 +37,13 @@\n         </rule>\n     </tableRule>\n \n+    <tableRule name=\"sharding-by-hash3\">\n+        <rule>\n+            <columns>id</columns>\n+            <algorithm>hashLong3</algorithm>\n+        </rule>\n+    </tableRule>\n+\n     <tableRule name=\"sharding-by-mod\">\n         <rule>\n             <columns>id</columns>\n@@ -82,7 +89,7 @@\n     </function>\n \n     <!-- Hash partition,when partitionLength=1, it is a mod partition-->\n-    <!--MAX(sum(count*length[i]) must not more then 1024-->\n+    <!--MAX(sum(count*length[i]) must not more then 2880-->\n     <function name=\"hashLong\" class=\"Hash\">\n         <property name=\"partitionCount\">8</property>\n         <property name=\"partitionLength\">128</property>\n@@ -91,14 +98,23 @@\n     </function>\n \n     <!-- Hash partition,when partitionLength=1, it is a mod partition-->\n-    <!--MAX(sum(count*length[i]) must not more then 1024-->\n+    <!--MAX(sum(count*length[i]) must not more then 2880-->\n     <function name=\"hashLong2\" class=\"Hash\">\n         <property name=\"partitionCount\">2</property>\n         <property name=\"partitionLength\">512</property>\n         <!-- <property name=\"partitionCount\">2,3</property>\n         <property name=\"partitionLength\">4,5</property>-->\n     </function>\n \n+    <!-- Hash partition,when partitionLength=1, it is a mod partition-->\n+    <!--MAX(sum(count*length[i]) must not more then 2880-->\n+    <function name=\"hashLong3\" class=\"Hash\">\n+        <property name=\"partitionCount\">2,1</property>\n+        <property name=\"partitionLength\">256,512</property>\n+        <!-- <property name=\"partitionCount\">2,3</property>\n+        <property name=\"partitionLength\">4,5</property>-->\n+    </function>\n+\n     <!-- eg:  mod 4 -->\n     <function name=\"hashmod\" class=\"Hash\">\n         <property name=\"partitionCount\">4</property>\n@@ -117,8 +133,8 @@\n     <!-- 4 case:\n     1.set sEndDate and defaultNode: input <sBeginDate ,router to defaultNode; input>sEndDate ,mod the period\n     2.set sEndDate, but no defaultNode:input <sBeginDate report error; input>sEndDate ,mod the period\n-    3.set defaultNode without sEndDate: input <sBeginDate router to defaultNode;input>sEndDate + (node size)*sPartionDay-1 will report error(expected is defaultNode,but can't control now)\n-    4.sEndDate and defaultNode are all not set: input <sBeginDate report error;input>sEndDate + (node size)*sPartionDay-1 will report error\n+    3.set defaultNode without sEndDate: input <sBeginDate router to defaultNode;input>sBeginDate + (node size)*sPartionDay-1 will report error(expected is defaultNode,but can't control now)\n+    4.sEndDate and defaultNode are all not set: input <sBeginDate report error;input>sBeginDate + (node size)*sPartionDay-1 will report error\n      -->\n     <function name=\"partbydate\"\n               class=\"Date\">"], "edit": ["+    <tableRule name=\"sharding-by-hash3\">", "+        <rule>", "+            <columns>id</columns>", "+            <algorithm>hashLong3</algorithm>", "+        </rule>", "+    </tableRule>", "+", "-    <!--MAX(sum(count*length[i]) must not more then 1024-->", "+    <!--MAX(sum(count*length[i]) must not more then 2880-->", "-    <!--MAX(sum(count*length[i]) must not more then 1024-->", "+    <!--MAX(sum(count*length[i]) must not more then 2880-->", "+    <!-- Hash partition,when partitionLength=1, it is a mod partition-->", "+    <!--MAX(sum(count*length[i]) must not more then 2880-->", "+    <function name=\"hashLong3\" class=\"Hash\">", "+        <property name=\"partitionCount\">2,1</property>", "+        <property name=\"partitionLength\">256,512</property>", "+        <!-- <property name=\"partitionCount\">2,3</property>", "+        <property name=\"partitionLength\">4,5</property>-->", "+    </function>", "+", "-    3.set defaultNode without sEndDate: input <sBeginDate router to defaultNode;input>sEndDate + (node size)*sPartionDay-1 will report error(expected is defaultNode,but can't control now)", "-    4.sEndDate and defaultNode are all not set: input <sBeginDate report error;input>sEndDate + (node size)*sPartionDay-1 will report error", "+    3.set defaultNode without sEndDate: input <sBeginDate router to defaultNode;input>sBeginDate + (node size)*sPartionDay-1 will report error(expected is defaultNode,but can't control now)", "+    4.sEndDate and defaultNode are all not set: input <sBeginDate report error;input>sBeginDate + (node size)*sPartionDay-1 will report error", "-->"], "url": ["https://api.github.com/repos/actiontech/dble/commits/8fdc47c806c8496d7b309c4a9c5c8cc808b492f1"]}