{"new_feature": "1147,17,0,59,14,0.56", "commitmessage": "Fix QF", "patch": ["@@ -49,7 +49,7 @@ public DocumentContext(String uri, String content) {\n   }\n \n   public List<Token> getTokens() {\n-    return tokens;\n+    return new ArrayList<>(tokens);\n   }\n \n   public String getUri() {", "@@ -160,6 +160,8 @@ private static boolean inLineRange(int startLine, int endLine, int tokenLine) {\n         newTextBuilder.append(currentIndentation);\n       } else if (needAddSpace(token.getType(), previousTokenType)) {\n         newTextBuilder.append(' ');\n+      } else {\n+        // no-op\n       }\n \n       newTextBuilder.append(token.getText());"], "edit": ["-    return tokens;", "+    return new ArrayList<>(tokens);", "+      } else {", "+        // no-op"], "url": ["https://api.github.com/repos/1c-syntax/bsl-language-server/commits/9a2999e3007bf63d560e30306b72b275d5a94910"]}