{"new_feature": "540,2,25,135,7,0.97", "commitmessage": "fix ripple effect on breadCrumbs", "patch": ["@@ -71,14 +71,14 @@\n                     </h1>\r\n                     <ui:fragment rendered=\"#{(adminConfig.renderBreadCrumb) and (empty renderBreadCrumb or renderBreadCrumb eq 'true') }\">\r\n                         <ol class=\"breadcrumb\">\r\n-                            <li>\r\n+                            <li style=\"position: relative;\">\r\n                                 <p:link href=\"/\" onclick=\"clearBreadCrumbs();\">\r\n                                     <i class=\"fa fa-home\"></i>\r\n                                     Home\r\n                                 </p:link>\r\n                             </li>\r\n                             <ui:repeat value=\"#{breadCrumbMB.breadCrumbs}\" var=\"b\" varStatus=\"status\">\r\n-                                <li class=\"#{status.last ? 'active':''}\">\r\n+                                <li style=\"position: relative;\" class=\"#{status.last ? 'active':''}\">\r\n                                     <h:panelGroup rendered=\"#{status.last}\">\r\n                                         #{b.title}\r\n                                     </h:panelGroup>\r"], "edit": ["-                            <li>", "+                            <li style=\"position: relative;\">", "-                                <li class=\"#{status.last ? 'active':''}\">", "+                                <li style=\"position: relative;\" class=\"#{status.last ? 'active':''}\">"], "url": ["https://api.github.com/repos/adminfaces/admin-template/commits/9a60619043de33b3be8a23f6f9509471caa0ce1f"]}