{"new_feature": "1577,1,17,193,30,0.71", "commitmessage": "Fixed wrong NavigationBar- and TaskDescription colors", "patch": ["@@ -12,6 +12,7 @@\n import android.os.Bundle;\n import android.os.Handler;\n import android.os.Message;\n+import android.support.annotation.ColorInt;\n import android.support.annotation.LayoutRes;\n import android.support.annotation.NonNull;\n import android.support.annotation.Nullable;\n@@ -139,6 +140,9 @@\n     private int lastTitleTextColor = -2;\n     private int lastCaptionTextColor = -2;\n \n+    private int navigationBarColor;\n+    private int taskColor;\n+\n     private Handler progressViewsUpdateHandler;\n \n     private boolean opaqueStatusBar;\n@@ -373,14 +377,21 @@ public void onPanelSlide(View view, float slideOffset) {\n \n     @Override\n     public void onPanelCollapsed(View view) {\n+        super.notifyTaskColorChange(taskColor);\n+        if (shouldColorNavigationBar()) {\n+            super.setNavigationBarColor(navigationBarColor);\n+        }\n         if (Build.VERSION.SDK_INT >= Build.VERSION_CODES.LOLLIPOP) {\n             mediaControllerContainer.setVisibility(View.INVISIBLE);\n         }\n     }\n \n     @Override\n     public void onPanelExpanded(View view) {\n-        onPanelSlide(view, 1);\n+        super.notifyTaskColorChange(lastFooterColor);\n+        if (shouldColorNavigationBar()) {\n+            super.setNavigationBarColor(lastFooterColor);\n+        }\n         if (Build.VERSION.SDK_INT >= Build.VERSION_CODES.LOLLIPOP) {\n             if (mediaControllerContainer.getVisibility() == View.INVISIBLE) {\n                 int cx = (dummyFab.getLeft() + dummyFab.getRight()) / 2;\n@@ -770,6 +781,13 @@ public void onGenerated(@NonNull Palette palette) {\n     private void setColors(int color) {\n         animateColorChange(color);\n         animateTextColorChange(ColorUtil.getPrimaryTextColorForBackground(this, color), ColorUtil.getSecondaryTextColorForBackground(this, color));\n+\n+        if (slidingUpPanelLayout.getPanelState() == SlidingUpPanelLayout.PanelState.EXPANDED) {\n+            super.notifyTaskColorChange(color);\n+            if (shouldColorNavigationBar()) {\n+                super.setNavigationBarColor(color);\n+            }\n+        }\n     }\n \n     private void animateColorChange(final int newColor) {\n@@ -812,9 +830,6 @@ private void animateColorChange(final int newColor) {\n                 playerStatusbar.setBackgroundColor(Color.TRANSPARENT);\n             }\n         }\n-\n-        if (shouldColorNavigationBar())\n-            setNavigationBarColor(newColor);\n         lastFooterColor = newColor;\n     }\n \n@@ -972,4 +987,20 @@ public void run() {\n                 })\n                 .start();\n     }\n+\n+    @Override\n+    protected void setNavigationBarColor(@ColorInt int color) {\n+        this.navigationBarColor = color;\n+        if (slidingUpPanelLayout == null || slidingUpPanelLayout.getPanelState() == SlidingUpPanelLayout.PanelState.COLLAPSED) {\n+            super.setNavigationBarColor(color);\n+        }\n+    }\n+\n+    @Override\n+    protected void notifyTaskColorChange(@ColorInt int color) {\n+        this.taskColor = color;\n+        if (slidingUpPanelLayout == null || slidingUpPanelLayout.getPanelState() == SlidingUpPanelLayout.PanelState.COLLAPSED) {\n+            super.notifyTaskColorChange(color);\n+        }\n+    }\n }", "@@ -127,7 +127,7 @@ else if (Build.VERSION.SDK_INT >= Build.VERSION_CODES.KITKAT)\n             Util.setStatusBarTranslucent(getWindow());\n     }\n \n-    protected final void setNavigationBarColor(@ColorInt int color) {\n+    protected void setNavigationBarColor(@ColorInt int color) {\n         if (Build.VERSION.SDK_INT >= Build.VERSION_CODES.LOLLIPOP)\n             getWindow().setNavigationBarColor(ColorUtil.shiftColorDown(color));\n     }"], "edit": ["+import android.support.annotation.ColorInt;", "+    private int navigationBarColor;", "+    private int taskColor;", "+", "+        super.notifyTaskColorChange(taskColor);", "+        if (shouldColorNavigationBar()) {", "+            super.setNavigationBarColor(navigationBarColor);", "+        }", "-        onPanelSlide(view, 1);", "+        super.notifyTaskColorChange(lastFooterColor);", "+        if (shouldColorNavigationBar()) {", "+            super.setNavigationBarColor(lastFooterColor);", "+        }", "+", "+        if (slidingUpPanelLayout.getPanelState() == SlidingUpPanelLayout.PanelState.EXPANDED) {", "+            super.notifyTaskColorChange(color);", "+            if (shouldColorNavigationBar()) {", "+                super.setNavigationBarColor(color);", "+            }", "+        }", "-", "-        if (shouldColorNavigationBar())", "-            setNavigationBarColor(newColor);", "+", "+    @Override", "+    protected void setNavigationBarColor(@ColorInt int color) {", "+        this.navigationBarColor = color;", "+        if (slidingUpPanelLayout == null || slidingUpPanelLayout.getPanelState() == SlidingUpPanelLayout.PanelState.COLLAPSED) {", "+            super.setNavigationBarColor(color);", "+        }", "+    }", "+", "+    @Override", "+    protected void notifyTaskColorChange(@ColorInt int color) {", "+        this.taskColor = color;", "+        if (slidingUpPanelLayout == null || slidingUpPanelLayout.getPanelState() == SlidingUpPanelLayout.PanelState.COLLAPSED) {", "+            super.notifyTaskColorChange(color);", "+        }", "+    }", "-    protected final void setNavigationBarColor(@ColorInt int color) {", "+    protected void setNavigationBarColor(@ColorInt int color) {"], "url": ["https://api.github.com/repos/AdrienPoupa/VinylMusicPlayer/commits/9ab4cde93cfcf40f2dc7891c8cde2b76f420e80d"]}