{"new_feature": "85,4,5,68,2,0.99", "commitmessage": "commenter fixes", "patch": ["@@ -56,7 +56,11 @@ public void commentLine(int line, int offset, @NotNull Document document, @NotNu\n \n     @Override\n     public void uncommentLine(int line, int offset, @NotNull Document document, @NotNull CommenterDataHolder data) {\n-        document.deleteString(offset, offset + HASH_COMMENT_PREFIX.length());\n+        if(document.getText().charAt(offset) == '#') {\n+            document.deleteString(offset, offset + HASH_COMMENT_PREFIX.length());\n+        } else {\n+            document.deleteString(offset, offset + SLASH_COMMENT_PREFIX.length());\n+        }\n     }\n \n     @Override"], "edit": ["-        document.deleteString(offset, offset + HASH_COMMENT_PREFIX.length());", "+        if(document.getText().charAt(offset) == '#') {", "+            document.deleteString(offset, offset + HASH_COMMENT_PREFIX.length());", "+        } else {", "+            document.deleteString(offset, offset + SLASH_COMMENT_PREFIX.length());", "+        }"], "url": ["https://api.github.com/repos/adelf/idea-php-dotenv-plugin/commits/9acf4fa9542149e5e66828632e9c7e3409a17be8"]}