{"new_feature": "2276,1,0,88,30,0.08", "commitmessage": "Fix CDMA NPE\n\nThe CDMA specific location method did not work and I somehow missed this reference\nand/or added it back in causing crashes AGAIN for CDMA users! Sorry about that guys.\n\nThese methods and any calls have now been totally removed.", "patch": ["@@ -126,7 +126,6 @@ private void updateUI() {\n                     content.setText(String.valueOf(mAimsicdService.getSID()));\n                     content = (TextView) mView.findViewById(R.id.network_baseid);\n                     content.setText(String.valueOf(mAimsicdService.getCellId()));\n-                    mAimsicdService.updateCdmaLocation();\n                     double[] location = mAimsicdService.getLastLocation();\n                     content = (TextView) mView.findViewById(R.id.network_cmda_lat);\n                     content.setText(String.valueOf(location[0]));"], "edit": ["-                    mAimsicdService.updateCdmaLocation();"], "url": ["https://api.github.com/repos/5GSD/AIMSICDL/commits/9acf1fc8ca05d8622672293a5537ef94c33c2d00"]}