{"new_feature": "1029,4,0,66,10,0.62", "commitmessage": "Bug fixes:\n1. pending to return full run id instead of just sequences.\n2. status on pending run not to bail but return \"QUEUED\" instead.", "patch": ["@@ -17,7 +17,7 @@\n  * your own identifying information:\n  * \"Portions Copyrighted [year] [name of copyright owner]\"\n  *\n- * $Id: CLIServlet.java,v 1.1 2007/04/19 05:32:59 akara Exp $\n+ * $Id: CLIServlet.java,v 1.2 2007/04/19 06:56:22 akara Exp $\n  *\n  * Copyright 2005 Sun Microsystems Inc. All Rights Reserved\n  */\n@@ -100,26 +100,38 @@ public void doGet(HttpServletRequest request, HttpServletResponse response)\n                                             \"Missing RunId.\");\n                 return;\n             }\n+            String status = null;\n             RunId runId = new RunId(reqC[1]);\n             Result result = Result.getInstance(runId);\n             if (result == null) {\n-                response.sendError(HttpServletResponse.SC_NOT_FOUND,\n+                // Perhaps the runId is still in the pending queue.\n+                String[] pending = listPending();\n+                for (String run : pending)\n+                    if (run.equals(runId.toString())) {\n+                        status = \"QUEUED\";\n+                        break;\n+                    }\n+                if (status == null) {\n+                    response.sendError(HttpServletResponse.SC_NOT_FOUND,\n                                             \"No such runId: \" + runId);\n-                return;\n-            }                \n+                    return;\n+                }\n+            } else {\n+                status = result.status.value;\n+            }\n             Writer w = response.getWriter();\n-            w.write(result.status.value + '\\n');\n+            w.write(status + '\\n');\n             w.flush();\n             w.close();\n         } else if (\"/pending\".equals(reqC[0])) {\n-            String[][] pending = RunQ.getHandle().listRunQ();\n+            String[] pending = listPending();\n             if (pending == null) {\n                 response.sendError(HttpServletResponse.SC_NO_CONTENT,\n                         \"No pending runs\");\n             } else {\n                 Writer w = response.getWriter();\n                 for (int i = 0; i < pending.length; i++)\n-                    w.write(pending[i][0] + '\\n');\n+                    w.write(pending[i] + '\\n');\n                 w.flush();\n                 w.close();\n             }\n@@ -129,6 +141,17 @@ public void doGet(HttpServletRequest request, HttpServletResponse response)\n         }\n     }\n \n+    private String[] listPending() {\n+        String[][] pendingA = RunQ.getHandle().listRunQ();\n+        String[]  pendingL = null;\n+        if (pendingA != null) {\n+            pendingL = new String[pendingA.length];\n+            for (int i = 0; i < pendingA.length; i++)\n+                pendingL[i] = pendingA[i][1] + '.' + pendingA[i][0];\n+        }\n+        return pendingL;\n+    }\n+\n     /**\n      * Submits new runs. The POST request must be a multi-part POST. The first\n      * parts contain user name and password information (if security is"], "edit": ["- * $Id: CLIServlet.java,v 1.1 2007/04/19 05:32:59 akara Exp $", "+ * $Id: CLIServlet.java,v 1.2 2007/04/19 06:56:22 akara Exp $", "+            String status = null;", "-                response.sendError(HttpServletResponse.SC_NOT_FOUND,", "+                // Perhaps the runId is still in the pending queue.", "+                String[] pending = listPending();", "+                for (String run : pending)", "+                    if (run.equals(runId.toString())) {", "+                        status = \"QUEUED\";", "+                        break;", "+                    }", "+                if (status == null) {", "+                    response.sendError(HttpServletResponse.SC_NOT_FOUND,", "-                return;", "-            }", "+                    return;", "+                }", "+            } else {", "+                status = result.status.value;", "+            }", "-            w.write(result.status.value + '\\n');", "+            w.write(status + '\\n');", "-            String[][] pending = RunQ.getHandle().listRunQ();", "+            String[] pending = listPending();", "-                    w.write(pending[i][0] + '\\n');", "+                    w.write(pending[i] + '\\n');", "+    private String[] listPending() {", "+        String[][] pendingA = RunQ.getHandle().listRunQ();", "+        String[]  pendingL = null;", "+        if (pendingA != null) {", "+            pendingL = new String[pendingA.length];", "+            for (int i = 0; i < pendingA.length; i++)", "+                pendingL[i] = pendingA[i][1] + '.' + pendingA[i][0];", "+        }", "+        return pendingL;", "+    }", "+"], "url": ["https://api.github.com/repos/akara/faban/commits/9adce8740c532767f71025da9681cdca3baa0291"]}