{"new_feature": "1577,1,17,193,30,0.09", "commitmessage": "Fix transparent widget update #92", "patch": ["@@ -93,7 +93,7 @@\n     public static final String QUEUE_CHANGED = VINYL_MUSIC_PLAYER_PACKAGE_NAME + \".queuechanged\";\n     public static final String PLAY_STATE_CHANGED = VINYL_MUSIC_PLAYER_PACKAGE_NAME + \".playstatechanged\";\n \n-    public static final String TRANSPARENT_WIDGET_CHANGED = VINYL_MUSIC_PLAYER_PACKAGE_NAME + \".metachanged\";\n+    public static final String TRANSPARENT_WIDGET_CHANGED = VINYL_MUSIC_PLAYER_PACKAGE_NAME + \".transparentwidgetchanged\";\n \n     public static final String REPEAT_MODE_CHANGED = VINYL_MUSIC_PLAYER_PACKAGE_NAME + \".repeatmodechanged\";\n     public static final String SHUFFLE_MODE_CHANGED = VINYL_MUSIC_PLAYER_PACKAGE_NAME + \".shufflemodechanged\";"], "edit": ["-    public static final String TRANSPARENT_WIDGET_CHANGED = VINYL_MUSIC_PLAYER_PACKAGE_NAME + \".metachanged\";", "+    public static final String TRANSPARENT_WIDGET_CHANGED = VINYL_MUSIC_PLAYER_PACKAGE_NAME + \".transparentwidgetchanged\";"], "url": ["https://api.github.com/repos/AdrienPoupa/VinylMusicPlayer/commits/9b236f09464d809aea230419c316808e2cc352f8"]}