{"new_feature": "1227,9,21,922,30,0.46", "commitmessage": "Fix #296 4XX on podcasts page\n\nSigned-off-by: Andrew DeMaria <lostonamountain@gmail.com>", "patch": ["@@ -47,7 +47,7 @@\n     @Autowired\n     private PodcastService podcastService;\n \n-    @RequestMapping(method = RequestMethod.POST)\n+    @RequestMapping(method = { RequestMethod.POST, RequestMethod.GET })\n     protected ModelAndView handleRequestInternal(HttpServletRequest request, HttpServletResponse response) throws Exception {\n         Integer channelId = ServletRequestUtils.getIntParameter(request, \"channelId\");\n "], "edit": ["-    @RequestMapping(method = RequestMethod.POST)", "+    @RequestMapping(method = { RequestMethod.POST, RequestMethod.GET })"], "url": ["https://api.github.com/repos/airsonic/airsonic/commits/9b35781b877375dcf113da4803db3745105a6cfe"]}