{"new_feature": "1227,9,21,922,30,0.08", "commitmessage": "Fix libresonic-booter crash with Spring 3", "patch": ["@@ -66,6 +66,11 @@\n             <artifactId>spring-security-web</artifactId>\n         </dependency>\n \n+        <dependency>\n+            <groupId>org.springframework.security</groupId>\n+            <artifactId>spring-security-config</artifactId>\n+        </dependency>\n+\n         <dependency>\n             <groupId>org.apache.lucene</groupId>\n             <artifactId>lucene-core</artifactId>", "@@ -218,8 +218,13 @@\n                             <failOnWarning>${failOnDependencyWarning}</failOnWarning>\n                             <ignoreNonCompile>true</ignoreNonCompile>\n                             <ignoredUnusedDeclaredDependencies>\n+\n                               <ignoredUnusedDeclaredDependency>com.sun.mail:javax.mail*</ignoredUnusedDeclaredDependency>\n                               <ignoredUnusedDeclaredDependency>org.seamless:seamless-http*</ignoredUnusedDeclaredDependency>\n+\n+                              <!-- Needed for libresonic-booter to load Libresonic correctly -->\n+                              <ignoredUnusedDeclaredDependency>org.springframework.security:spring-security-config*</ignoredUnusedDeclaredDependency>\n+\n                             </ignoredUnusedDeclaredDependencies>\n                         </configuration>\n                     </execution>"], "edit": ["+        <dependency>", "+            <groupId>org.springframework.security</groupId>", "+            <artifactId>spring-security-config</artifactId>", "+        </dependency>", "+", "+", "+", "+                              <!-- Needed for libresonic-booter to load Libresonic correctly -->", "+                              <ignoredUnusedDeclaredDependency>org.springframework.security:spring-security-config*</ignoredUnusedDeclaredDependency>", "+"], "url": ["https://api.github.com/repos/airsonic/airsonic/commits/9b48d45d51007aeda2ba63517eb9b021f13f22a2"]}