{"new_feature": "4880,99,0,51,8,0.21", "commitmessage": "reverted back to computing over all reachables. tested that caching does indeed benefit; and overall this PRs changes do not crash computation. hah", "patch": ["@@ -145,11 +145,10 @@ object cascades {\n \n     // TODO Allow CLI options here\n     // These reachables are ordered such that common biosynthesizable molecules are done first.\n-    val reach: List[Long] = List(878L, 1209L, 552L, 716L, 475L, 4026L, 750L, 1536L, 1490L, 1496L, 341L, 448L, 1293L, 1443L, 45655, 19637L, 684L, 358L, 2124L, 6790L); println(s\"Testing over ${reach.size} reachables. CONVERT TO ALL REACHABLES BEFORE MERGE!\")\n-    // val reach: List[Long] = List(878L, 1209L, 552L, 716L, 475L, 4026L, 750L, 1536L, 1490L, 1496L, 341L, 448L, 1293L, 1443L, 45655, 19637L, 684L, 358L, 2124L, 6790L) ::: reachables\n+    val reach: List[Long] = List(878L, 1209L, 552L, 716L, 475L, 4026L, 750L, 1536L, 1490L, 1496L, 341L, 448L, 1293L, 1443L, 45655, 19637L, 684L, 358L, 2124L, 6790L) ::: reachables\n \n     reach.foreach(reachid => {\n-      val msg = f\"id=$reachid%6d\\tcount=${counter.getAndIncrement()}%5d\\tCACHE: {cascades=${Cascade.cache_nw.stats.loadSuccessCount}%4d, pre_rxns=${Cascade.cache_bestpre_rxn.stats.loadSuccessCount}%4d, nodeMerger=${Cascade.nodeMerger.size}%5d}\"\n+      val msg = f\"id=$reachid%6d\\tcount=${counter.getAndIncrement()}%5d\\tCACHE: {cascades=${Cascade.cache_nw.stats.hitCount}%4d, pre_rxns=${Cascade.cache_bestpre_rxn.stats.hitCount}%4d, nodeMerger=${Cascade.nodeMerger.size}%5d}\"\n       Cascade.time(msg) {\n         if (Cascade.VERBOSITY > 0)\n           print(f\"Reachable ID: $reachid%6d: \")"], "edit": ["-    val reach: List[Long] = List(878L, 1209L, 552L, 716L, 475L, 4026L, 750L, 1536L, 1490L, 1496L, 341L, 448L, 1293L, 1443L, 45655, 19637L, 684L, 358L, 2124L, 6790L); println(s\"Testing over ${reach.size} reachables. CONVERT TO ALL REACHABLES BEFORE MERGE!\")", "-    // val reach: List[Long] = List(878L, 1209L, 552L, 716L, 475L, 4026L, 750L, 1536L, 1490L, 1496L, 341L, 448L, 1293L, 1443L, 45655, 19637L, 684L, 358L, 2124L, 6790L) ::: reachables", "+    val reach: List[Long] = List(878L, 1209L, 552L, 716L, 475L, 4026L, 750L, 1536L, 1490L, 1496L, 341L, 448L, 1293L, 1443L, 45655, 19637L, 684L, 358L, 2124L, 6790L) ::: reachables", "-      val msg = f\"id=$reachid%6d\\tcount=${counter.getAndIncrement()}%5d\\tCACHE: {cascades=${Cascade.cache_nw.stats.loadSuccessCount}%4d, pre_rxns=${Cascade.cache_bestpre_rxn.stats.loadSuccessCount}%4d, nodeMerger=${Cascade.nodeMerger.size}%5d}\"", "+      val msg = f\"id=$reachid%6d\\tcount=${counter.getAndIncrement()}%5d\\tCACHE: {cascades=${Cascade.cache_nw.stats.hitCount}%4d, pre_rxns=${Cascade.cache_bestpre_rxn.stats.hitCount}%4d, nodeMerger=${Cascade.nodeMerger.size}%5d}\""], "url": ["https://api.github.com/repos/20n/act/commits/9b5ddc4e9576a09a646635a6474e1e7313ee0137"]}