{"new_feature": "852,1,0,121,25,0.20", "commitmessage": "Fix links in README for display on GitHub", "patch": ["@@ -5,7 +5,7 @@ serializable types and services.\n \n # Swift Codec\n \n-[Swift Codec](swift-codec/README.md) is a simple library specifying how Java\n+[Swift Codec](https://github.com/facebook/swift/tree/master/swift-codec) is a simple library specifying how Java\n objects are converted to and from Thrift.  This library is similar to JaxB\n (XML) and Jackson (JSON), but for Thrift.  Swift codec supports field, method,\n constructor, and builder injection.  For example:\n@@ -39,7 +39,7 @@ constructor, and builder injection.  For example:\n \n # Swift Service\n \n-[Swift Service](swift-service/README.md) is a simple library annotating\n+[Swift Service](https://github.com/facebook/swift/tree/master/swift-service) is a simple library annotating\n services to be exported with Thrift.   For example:\n \n     @ThriftService(\"scribe\")"], "edit": ["-[Swift Codec](swift-codec/README.md) is a simple library specifying how Java", "+[Swift Codec](https://github.com/facebook/swift/tree/master/swift-codec) is a simple library specifying how Java", "-[Swift Service](swift-service/README.md) is a simple library annotating", "+[Swift Service](https://github.com/facebook/swift/tree/master/swift-service) is a simple library annotating"], "url": ["https://api.github.com/repos/airlift/drift/commits/9bcc0ecf00d27573acdf3be6eb3ed57528f4aa5e"]}