{"new_feature": "302,16,130,204,9,0.43", "commitmessage": "fix(version): update org.activiti.dependencies:activiti-dependencies to 7.0.42 (#27)", "patch": ["@@ -22,7 +22,7 @@\n     <project.build.sourceEncoding>UTF-8</project.build.sourceEncoding>\n     <project.reporting.outputEncoding>UTF-8</project.reporting.outputEncoding>\n     <java.version>1.8</java.version>\n-    <activiti-dependencies.version>7.0.38</activiti-dependencies.version>\n+    <activiti-dependencies.version>7.0.42</activiti-dependencies.version>\n   </properties>\n   <dependencyManagement>\n     <dependencies>", "@@ -22,7 +22,7 @@\n     <project.build.sourceEncoding>UTF-8</project.build.sourceEncoding>\n     <project.reporting.outputEncoding>UTF-8</project.reporting.outputEncoding>\n     <java.version>1.8</java.version>\n-    <activiti-dependencies.version>7.0.38</activiti-dependencies.version>\n+    <activiti-dependencies.version>7.0.42</activiti-dependencies.version>\n   </properties>\n   <dependencyManagement>\n     <dependencies>", "@@ -22,7 +22,7 @@\n     <project.build.sourceEncoding>UTF-8</project.build.sourceEncoding>\n     <project.reporting.outputEncoding>UTF-8</project.reporting.outputEncoding>\n     <java.version>1.8</java.version>\n-    <activiti-dependencies.version>7.0.38</activiti-dependencies.version>\n+    <activiti-dependencies.version>7.0.42</activiti-dependencies.version>\n   </properties>\n   <dependencyManagement>\n     <dependencies>", "@@ -22,7 +22,7 @@\n     <project.build.sourceEncoding>UTF-8</project.build.sourceEncoding>\n     <project.reporting.outputEncoding>UTF-8</project.reporting.outputEncoding>\n     <java.version>1.8</java.version>\n-    <activiti-dependencies.version>7.0.38</activiti-dependencies.version>\n+    <activiti-dependencies.version>7.0.42</activiti-dependencies.version>\n   </properties>\n   <dependencyManagement>\n     <dependencies>", "@@ -38,7 +38,7 @@\n     <project.build.sourceEncoding>UTF-8</project.build.sourceEncoding>\n     <project.reporting.outputEncoding>UTF-8</project.reporting.outputEncoding>\n     <java.version>1.8</java.version>\n-    <activiti-dependencies.version>7.0.38</activiti-dependencies.version>\n+    <activiti-dependencies.version>7.0.42</activiti-dependencies.version>\n   </properties>\n   <dependencyManagement>\n     <dependencies>"], "edit": ["-    <activiti-dependencies.version>7.0.38</activiti-dependencies.version>", "+    <activiti-dependencies.version>7.0.42</activiti-dependencies.version>", "-    <activiti-dependencies.version>7.0.38</activiti-dependencies.version>", "+    <activiti-dependencies.version>7.0.42</activiti-dependencies.version>", "-    <activiti-dependencies.version>7.0.38</activiti-dependencies.version>", "+    <activiti-dependencies.version>7.0.42</activiti-dependencies.version>", "-    <activiti-dependencies.version>7.0.38</activiti-dependencies.version>", "+    <activiti-dependencies.version>7.0.42</activiti-dependencies.version>", "-    <activiti-dependencies.version>7.0.38</activiti-dependencies.version>", "+    <activiti-dependencies.version>7.0.42</activiti-dependencies.version>"], "url": ["https://api.github.com/repos/Activiti/activiti-examples/commits/9c0243e4f1325e3c9631a4c11e8b6946ff4d59fb"]}