{"new_feature": "1029,4,0,66,10,0.62", "commitmessage": "Fix for bug #9. FHB fails with NPE when run.xml specified with -f", "patch": ["@@ -17,7 +17,7 @@\n  * your own identifying information:\n  * \"Portions Copyrighted [year] [name of copyright owner]\"\n  *\n- * $Id: FabanHTTPBench.java,v 1.5 2008/02/26 22:00:52 akara Exp $\n+ * $Id: FabanHTTPBench.java,v 1.6 2008/06/10 16:50:03 akara Exp $\n  *\n  * Copyright 2005 Sun Microsystems Inc. All Rights Reserved\n  */\n@@ -264,15 +264,15 @@ private static Document editRunXml() throws Exception {\n             if (outputDirectory == null) {\n                 outputDirectory = DEFAULT_OUTPUT_DIR;\n                 n.appendChild(doc.createTextNode(outputDirectory));\n+            }\n+        } else {\n+            String nodeValue = textNode.getNodeValue().trim();\n+            if (nodeValue.length() == 0) {\n+                if (outputDirectory == null)\n+                    outputDirectory = DEFAULT_OUTPUT_DIR;\n+                textNode.setNodeValue(outputDirectory);\n             } else {\n-                String nodeValue = textNode.getNodeValue().trim();\n-                if (nodeValue.length() == 0) {\n-                    if (outputDirectory == null)\n-                        outputDirectory = DEFAULT_OUTPUT_DIR;\n-                    textNode.setNodeValue(outputDirectory);\n-                } else {\n-                    outputDirectory = nodeValue;\n-                }\n+                outputDirectory = nodeValue;\n             }\n         }\n         return doc;"], "edit": ["- * $Id: FabanHTTPBench.java,v 1.5 2008/02/26 22:00:52 akara Exp $", "+ * $Id: FabanHTTPBench.java,v 1.6 2008/06/10 16:50:03 akara Exp $", "+            }", "+        } else {", "+            String nodeValue = textNode.getNodeValue().trim();", "+            if (nodeValue.length() == 0) {", "+                if (outputDirectory == null)", "+                    outputDirectory = DEFAULT_OUTPUT_DIR;", "+                textNode.setNodeValue(outputDirectory);", "-                String nodeValue = textNode.getNodeValue().trim();", "-                if (nodeValue.length() == 0) {", "-                    if (outputDirectory == null)", "-                        outputDirectory = DEFAULT_OUTPUT_DIR;", "-                    textNode.setNodeValue(outputDirectory);", "-                } else {", "-                    outputDirectory = nodeValue;", "-                }", "+                outputDirectory = nodeValue;"], "url": ["https://api.github.com/repos/akara/faban/commits/9c4e04476fe336482347355c8fd7f52d5a527c84"]}