{"new_feature": "1227,9,21,922,30,0.03", "commitmessage": "Typo fix", "patch": ["@@ -8,7 +8,7 @@ Libresonic\n What is Libresonic?\n -----------------\n \n-Libresonic is a free, web-based media streamer, providing ubiqutious access to your music. Use it to share your music with friends, or to listen to your own music while at work. You can stream to multiple players simultaneously, for instance to one player in your kitchen and another in your living room.\n+Libresonic is a free, web-based media streamer, providing ubiquitious access to your music. Use it to share your music with friends, or to listen to your own music while at work. You can stream to multiple players simultaneously, for instance to one player in your kitchen and another in your living room.\n \n Libresonic is designed to handle very large music collections (hundreds of gigabytes). Although optimized for MP3 streaming, it works for any audio or video format that can stream over HTTP, for instance AAC and OGG. By using transcoder plug-ins, Libresonic supports on-the-fly conversion and streaming of virtually any audio format, including WMA, FLAC, APE, Musepack, WavPack and Shorten.\n "], "edit": ["-----------------", "-Libresonic is a free, web-based media streamer, providing ubiqutious access to your music. Use it to share your music with friends, or to listen to your own music while at work. You can stream to multiple players simultaneously, for instance to one player in your kitchen and another in your living room.", "+Libresonic is a free, web-based media streamer, providing ubiquitious access to your music. Use it to share your music with friends, or to listen to your own music while at work. You can stream to multiple players simultaneously, for instance to one player in your kitchen and another in your living room."], "url": ["https://api.github.com/repos/airsonic/airsonic/commits/9c5cb78cdf1290119c722bd30c6c7bc1b1ded2eb"]}