{"new_feature": "72,1,0,70,1,1.00", "commitmessage": "fix grow_all_clover\n\nSigned-off-by: Jian Chang <aa65535@live.com>", "patch": ["@@ -308,7 +308,7 @@ public boolean onOptionsItemSelected(MenuItem item) {\n                 resetRequestCount();\n                 return true;\n             case R.id.action_grow_all_clover:\n-                matureClover();\n+                growClover();\n                 return true;\n             case R.id.action_get_all_achieve:\n             case R.id.action_get_all_collect:\n@@ -356,9 +356,9 @@ private void addAlbumPage() {\n         }\n     }\n \n-    private void matureClover() {\n+    private void growClover() {\n         for (Clover clover : gameData.cloverList()) {\n-            if (!clover.newFlag().value(true).save()) {\n+            if (!clover.timeSpanSec().value(-127).save()) {\n                 Toasty.error(this, getString(R.string.failure_message)).show();\n                 return;\n             }"], "edit": ["-                matureClover();", "+                growClover();", "-    private void matureClover() {", "+    private void growClover() {", "-            if (!clover.newFlag().value(true).save()) {", "+            if (!clover.timeSpanSec().value(-127).save()) {"], "url": ["https://api.github.com/repos/aa65535/TabikaeruArchiveModifier/commits/9c5e213c5b32822370fc9b3cd4d38679ff113ccd"]}