{"new_feature": "852,1,0,121,25,0.20", "commitmessage": "Fix request buffer leak when sending fails", "patch": ["@@ -143,6 +143,7 @@ private void sendMessage(ChannelHandlerContext context, ThriftRequest thriftRequ\n         }\n         catch (Throwable t) {\n             onError(context, t, Optional.of(requestHandler));\n+            requestBuffer.release();\n         }\n     }\n "], "edit": ["+            requestBuffer.release();"], "url": ["https://api.github.com/repos/airlift/drift/commits/9c748e9d586a36831570973cd28531bb543845ab"]}