{"new_feature": "1577,1,17,193,30,0.71", "commitmessage": "Fixed some more coloring bugs with the black theme", "patch": ["@@ -17,7 +17,7 @@\n         android:id=\"@+id/list_background\"\n         android:layout_width=\"match_parent\"\n         android:layout_height=\"wrap_content\"\n-        android:background=\"?android:attr/colorBackground\" />\n+        android:background=\"?android:attr/windowBackground\" />\n \n     <com.github.ksoichiro.android.observablescrollview.ObservableRecyclerView\n         android:id=\"@+id/list\"", "@@ -63,7 +63,7 @@\n                 android:layout_width=\"match_parent\"\n                 android:layout_height=\"wrap_content\"\n                 android:layout_below=\"@+id/header\"\n-                android:background=\"?android:attr/colorBackground\"\n+                android:background=\"?android:attr/windowBackground\"\n                 android:orientation=\"vertical\"\n                 android:padding=\"16dp\">\n ", "@@ -16,7 +16,7 @@\n         android:id=\"@+id/list_background\"\n         android:layout_width=\"match_parent\"\n         android:layout_height=\"wrap_content\"\n-        android:background=\"?android:attr/colorBackground\" />\n+        android:background=\"?android:attr/windowBackground\" />\n \n     <com.github.ksoichiro.android.observablescrollview.ObservableListView\n         android:id=\"@+id/list\"", "@@ -78,7 +78,7 @@\n                 android:layout_width=\"match_parent\"\n                 android:layout_height=\"wrap_content\"\n                 android:layout_below=\"@+id/header\"\n-                android:background=\"?android:attr/colorBackground\"\n+                android:background=\"?android:attr/windowBackground\"\n                 android:orientation=\"vertical\"\n                 android:padding=\"16dp\">\n "], "edit": ["-        android:background=\"?android:attr/colorBackground\" />", "+        android:background=\"?android:attr/windowBackground\" />", "-                android:background=\"?android:attr/colorBackground\"", "+                android:background=\"?android:attr/windowBackground\"", "-        android:background=\"?android:attr/colorBackground\" />", "+        android:background=\"?android:attr/windowBackground\" />", "-                android:background=\"?android:attr/colorBackground\"", "+                android:background=\"?android:attr/windowBackground\""], "url": ["https://api.github.com/repos/AdrienPoupa/VinylMusicPlayer/commits/9c8e5aabef4edf13021d39993a4ee0722cafc934"]}