{"new_feature": "4880,99,0,51,8,0.21", "commitmessage": "passing credentials alongwith POST to api.php", "patch": ["@@ -481,9 +481,10 @@ $ find <directory of page text files> -type f | sort -S1G | xargs sudo -u www-da\n ```\n If you are using the preview data from the NAS `<directory of page text files>` = `demo_wiki_2016-12-21/{Paths/,Reachables/}`, i.e., you run the command twice.\n \n-The Tabs extension we rely on doesn't automatically render the tab assets when using the maintenance script, so we have to force mediawiki to purge its cache and rebuild the page.  We can do this via the `api.php` endpoint:\n+The Tabs extension we rely on doesn't automatically render the tab assets when using the maintenance script, so we have to force mediawiki to purge its cache and rebuild the page.  Below, you will need the username and password credentials you [created for NGINX above](https://github.com/20n/act/tree/master/wikiServices#set-an-nginx-password).  We can do this via the `api.php` endpoint:\n ```shell\n-$ function rebuild() { for i in $(ls $1); do echo $i; curl --insecure -vvv -X POST \"https://localhost/api.php?action=purge&titles=${i}&format=json\" 2>&1 | grep \"HTTP\"; done; }\n+$ export CRED=<user>:<pass>\n+$ function rebuild() { for i in $(ls $1); do echo $i; curl --insecure -vvv -X POST \"https://${CRED}localhost/api.php?action=purge&titles=${i}&format=json\" 2>&1 | grep \"HTTP\"; done; }\n $ rebuild <directory of page text files>\n ```\n If you are using the preview data from the NAS then rerun `rebuild` with  each of `demo_wiki_2016-12-21/{Paths,Reachables}`. Make sure the output of `rebuild` only output \"200 OK\" messages."], "edit": ["-The Tabs extension we rely on doesn't automatically render the tab assets when using the maintenance script, so we have to force mediawiki to purge its cache and rebuild the page.  We can do this via the `api.php` endpoint:", "+The Tabs extension we rely on doesn't automatically render the tab assets when using the maintenance script, so we have to force mediawiki to purge its cache and rebuild the page.  Below, you will need the username and password credentials you [created for NGINX above](https://github.com/20n/act/tree/master/wikiServices#set-an-nginx-password).  We can do this via the `api.php` endpoint:", "-$ function rebuild() { for i in $(ls $1); do echo $i; curl --insecure -vvv -X POST \"https://localhost/api.php?action=purge&titles=${i}&format=json\" 2>&1 | grep \"HTTP\"; done; }", "+$ export CRED=<user>:<pass>", "+$ function rebuild() { for i in $(ls $1); do echo $i; curl --insecure -vvv -X POST \"https://${CRED}localhost/api.php?action=purge&titles=${i}&format=json\" 2>&1 | grep \"HTTP\"; done; }"], "url": ["https://api.github.com/repos/20n/act/commits/9cad9bf62b5b45e7fd3dde9e999e4be48414a3bf"]}