{"new_feature": "2276,1,0,88,30,0.02", "commitmessage": "Fix #325", "patch": ["@@ -99,14 +99,16 @@ public boolean notMovedInAWhile() {\n \n     public GeoLocation lastKnownLocation() {\n         GeoLocation loc = null;\n-        TruncatedLocation location = new TruncatedLocation(lm.getLastKnownLocation(LocationManager.GPS_PROVIDER));\n+        Location location = lm.getLastKnownLocation(LocationManager.GPS_PROVIDER);\n         if (location != null && (location.getLatitude() != 0.0 && location.getLongitude() != 0.0)) {\n-            loc = GeoLocation.fromDegrees(location.getLatitude(), location.getLongitude());\n+            TruncatedLocation TruncatedLocation = new TruncatedLocation(location);\n+            loc = GeoLocation.fromDegrees(TruncatedLocation.getLatitude(), TruncatedLocation.getLongitude());\n         } else {\n-            location = new TruncatedLocation(lm.getLastKnownLocation(LocationManager.NETWORK_PROVIDER));\n+            location = lm.getLastKnownLocation(LocationManager.NETWORK_PROVIDER);\n             if (location != null && (location.getLatitude() != 0.0\n                     && location.getLongitude() != 0.0)) {\n-                loc = GeoLocation.fromDegrees(location.getLatitude(), location.getLongitude());\n+                TruncatedLocation TruncatedLocation = new TruncatedLocation(location);\n+                loc = GeoLocation.fromDegrees(TruncatedLocation.getLatitude(), TruncatedLocation.getLongitude());\n             } else {\n                 String coords = prefs.getString(context.getString(R.string.data_last_lat_lon), null);\n                 if (coords != null) {"], "edit": ["-        TruncatedLocation location = new TruncatedLocation(lm.getLastKnownLocation(LocationManager.GPS_PROVIDER));", "+        Location location = lm.getLastKnownLocation(LocationManager.GPS_PROVIDER);", "-            loc = GeoLocation.fromDegrees(location.getLatitude(), location.getLongitude());", "+            TruncatedLocation TruncatedLocation = new TruncatedLocation(location);", "+            loc = GeoLocation.fromDegrees(TruncatedLocation.getLatitude(), TruncatedLocation.getLongitude());", "-            location = new TruncatedLocation(lm.getLastKnownLocation(LocationManager.NETWORK_PROVIDER));", "+            location = lm.getLastKnownLocation(LocationManager.NETWORK_PROVIDER);", "-                loc = GeoLocation.fromDegrees(location.getLatitude(), location.getLongitude());", "+                TruncatedLocation TruncatedLocation = new TruncatedLocation(location);", "+                loc = GeoLocation.fromDegrees(TruncatedLocation.getLatitude(), TruncatedLocation.getLongitude());"], "url": ["https://api.github.com/repos/5GSD/AIMSICDL/commits/9cf4977ba0bb42e57f75cc97ecd6424f71a3c6c5"]}