{"new_feature": "1050,1,6,586,29,0.01", "commitmessage": "Fix ConfigurationSpec on Windows\n\nConfigurationSpec writes property files to a temporary tape root\ndirectory, and then deletes them in the cleanup block. However, if the\ncall to propertiesFile.delete() fails, it simply returns false, rather\nthan throwing an exception.\n\nOn Microsoft Windows, the delete attempt usually fails, because it is\nimpossible in Windows to delete a memory-mapped file [1], which is what\nthe propertiesFile is, since Groovy's withWriter routine creates a\nBufferedWriter. When the propertiesFile gets left behind, it later\ncauses the PostBodySpec to fail, which in turn causes the\nSSLOverriderSpec to fail.\n\nThe traditional way to work around this bug is apparently [2] to call\nSystem.gc() before attempting to delete the file. On some Windows\nsystems, this does not seem to work on the first attempt, but making\nmultiple attempts seems to work reliably.\n\n[1] http://bugs.java.com/bugdatabase/view_bug.do?bug_id=4715154\n[2] http://stackoverflow.com/questions/991489/i-cant-delete-a-file-in-java", "patch": ["@@ -145,7 +145,9 @@ class ConfigurationSpec extends Specification {\n         }\n \n         cleanup:\n-        propertiesFile.delete()\n+        while (!propertiesFile.delete()) {\n+            System.gc()\n+        }\n     }\n \n     void \"builder methods override properties file\"() {\n@@ -197,6 +199,8 @@ class ConfigurationSpec extends Specification {\n         }\n \n         cleanup:\n-        propertiesFile.delete()\n+        while (!propertiesFile.delete()) {\n+            System.gc()\n+        }\n     }\n }"], "edit": ["-        propertiesFile.delete()", "+        while (!propertiesFile.delete()) {", "+            System.gc()", "+        }", "-        propertiesFile.delete()", "+        while (!propertiesFile.delete()) {", "+            System.gc()", "+        }"], "url": ["https://api.github.com/repos/airbnb/okreplay/commits/9cff9b72dbd651631e8be5dd4a1979d3c13ac3ed"]}