{"new_feature": "255,35,32,135,1,1.00", "commitmessage": "Fixed wd cleanup not working when a working directory contains items", "patch": ["@@ -32,6 +32,7 @@\n import com.github.jobson.utils.BinaryData;\n import com.github.jobson.utils.CancelablePromise;\n import com.github.jobson.utils.SimpleCancelablePromise;\n+import org.apache.commons.io.FileUtils;\n import org.apache.log4j.Logger;\n \n import java.io.FileNotFoundException;\n@@ -194,7 +195,7 @@ private void onProcessExit(\n \n         if (this.deleteWdAfterExecution) {\n             try {\n-                Files.delete(workingDir);\n+                FileUtils.deleteDirectory(workingDir.toFile());\n             } catch (IOException e) {\n                 log.warn(format(\"Tried to remove a working directory, %s, but couldn't: %s\", workingDir, e.getMessage()));\n             }"], "edit": ["+import org.apache.commons.io.FileUtils;", "-                Files.delete(workingDir);", "+                FileUtils.deleteDirectory(workingDir.toFile());"], "url": ["https://api.github.com/repos/adamkewley/jobson/commits/9d02e2f0a2c81d87308691170bb28176803b39d1"]}