{"new_feature": "1147,17,0,59,14,0.13", "commitmessage": "fix npe SemicolonPresenceDiagnostic", "patch": ["@@ -21,6 +21,7 @@\n  */\n package org.github._1c_syntax.bsl.languageserver.diagnostics;\n \n+import org.antlr.v4.runtime.Token;\n import org.antlr.v4.runtime.tree.ParseTree;\n import org.github._1c_syntax.bsl.languageserver.diagnostics.metadata.DiagnosticMetadata;\n import org.github._1c_syntax.bsl.languageserver.diagnostics.metadata.DiagnosticSeverity;\n@@ -38,7 +39,10 @@\n   public ParseTree visitStatement(BSLParser.StatementContext ctx) {\n \n     if (ctx.preprocessor() == null && ctx.SEMICOLON() == null) {\n-      addDiagnostic(ctx.getStop());\n+      Token lastToken = ctx.getStop();\n+      if (lastToken != null) {\n+        addDiagnostic(lastToken);\n+      }\n     }\n     return super.visitStatement(ctx);\n   }"], "edit": ["+import org.antlr.v4.runtime.Token;", "-      addDiagnostic(ctx.getStop());", "+      Token lastToken = ctx.getStop();", "+      if (lastToken != null) {", "+        addDiagnostic(lastToken);", "+      }"], "url": ["https://api.github.com/repos/1c-syntax/bsl-language-server/commits/9d0315a967ee2b230cb8697257618e447752f698"]}