{"new_feature": "540,2,25,135,7,0.97", "commitmessage": "fixes #37\n\nmakes admintemplate js compatible with jquery 3 (and below).\n\nrelated to https://github.com/adminfaces/admin-theme/issues/110", "patch": ["@@ -348,7 +348,7 @@ function adminMaterial() {\n }\n \n function materialCheckboxMenu() {\n-    $('div.material div.ui-selectcheckboxmenu').parents('div.material').toggleClass('focused', $('div.material div.ui-selectcheckboxmenu span.ui-selectcheckboxmenu-token-label').size() > 0);\n+    $('div.material div.ui-selectcheckboxmenu').parents('div.material').toggleClass('focused', $('div.material div.ui-selectcheckboxmenu span.ui-selectcheckboxmenu-token-label').length > 0);\n }\n \n function materialInputs() {"], "edit": ["-    $('div.material div.ui-selectcheckboxmenu').parents('div.material').toggleClass('focused', $('div.material div.ui-selectcheckboxmenu span.ui-selectcheckboxmenu-token-label').size() > 0);", "+    $('div.material div.ui-selectcheckboxmenu').parents('div.material').toggleClass('focused', $('div.material div.ui-selectcheckboxmenu span.ui-selectcheckboxmenu-token-label').length > 0);"], "url": ["https://api.github.com/repos/adminfaces/admin-template/commits/9d87a72dc314cf979be0597140a3c1d9f13a1aa5"]}