{"new_feature": "1577,1,17,193,30,0.71", "commitmessage": "Fixed little lag when opening donations dialog", "patch": ["@@ -239,7 +239,7 @@ public boolean onNavigationItemSelected(@NonNull MenuItem menuItem) {\n                             public void run() {\n                                 showDonationDialog();\n                             }\n-                        }, 200);\n+                        }, 300);\n                         break;\n                     case R.id.nav_settings:\n                         new Handler().postDelayed(new Runnable() {\n@@ -255,7 +255,7 @@ public void run() {\n                             public void run() {\n                                 new AboutDialog().show(getSupportFragmentManager(), \"ABOUT_DIALOG\");\n                             }\n-                        }, 200);\n+                        }, 300);\n                         break;\n                 }\n                 return true;\n@@ -670,8 +670,7 @@ public void onPurchaseHistoryRestored() {\n \n     @Override\n     public void onBillingError(int errorCode, Throwable error) {\n-        Toast.makeText(this, \"Billing error: code = \" + errorCode +\n-                (error != null ? \", error: \" + error.getMessage() : \"\"), Toast.LENGTH_SHORT).show();\n+        Log.e(TAG, \"Billing error: code = \" + errorCode, error);\n     }\n \n     @Override"], "edit": ["-                        }, 200);", "+                        }, 300);", "-                        }, 200);", "+                        }, 300);", "-        Toast.makeText(this, \"Billing error: code = \" + errorCode +", "-                (error != null ? \", error: \" + error.getMessage() : \"\"), Toast.LENGTH_SHORT).show();", "+        Log.e(TAG, \"Billing error: code = \" + errorCode, error);"], "url": ["https://api.github.com/repos/AdrienPoupa/VinylMusicPlayer/commits/9d9fdff13f97f1ddea05f0e63c8697abc47fe986"]}