{"new_feature": "1147,17,0,59,14,0.13", "commitmessage": "fix #211 \u0412\u044b\u0437\u043e\u0432 \u043c\u0435\u0442\u043e\u0434\u0430 \u0438\u0442\u0435\u0440\u0430\u0442\u043e\u0440\u0430 \u0432 \u0446\u0438\u043a\u043b\u0435 \u0414\u043b\u044f \u041a\u0430\u0436\u0434\u043e\u0433\u043e", "patch": ["@@ -45,12 +45,13 @@ public ParseTree visitForEachStatement(BSLParser.ForEachStatementContext ctx) {\n     TerminalNode iterator = ctx.IDENTIFIER();\n     List<ParseTree> childIdentifiers = Trees.findAllTokenNodes(ctx.codeBlock(), BSLParser.IDENTIFIER)\n       .stream()\n-      .filter(node -> node.getParent() instanceof BSLParser.ComplexIdentifierContext)\n+      .filter(node -> node.getParent().getClass() == BSLParser.ComplexIdentifierContext.class\n+        || node.getParent().getClass() == BSLParser.CallStatementContext.class)\n       .filter(node -> node.getText().equalsIgnoreCase(iterator.getText()))\n       .collect(Collectors.toList());\n \n-    if (childIdentifiers.isEmpty()){\n-      addDiagnostic(iterator.getSymbol());\n+    if (childIdentifiers.isEmpty()) {\n+      diagnosticStorage.addDiagnostic(iterator.getSymbol());\n     }\n \n     return super.visitForEachStatement(ctx);", "@@ -10,6 +10,10 @@\n \t\u0412 = \u0410;\t\n \u041a\u043e\u043d\u0435\u0446\u0426\u0438\u043a\u043b\u0430;\t\n \n+\u0414\u043b\u044f \u041a\u0430\u0436\u0434\u043e\u0433\u043e \u0410 \u0418\u0437 \u0411 \u0426\u0438\u043a\u043b\n+\t\u0410 = \u0418\u0441\u0442\u0438\u043d\u0430;\n+\u041a\u043e\u043d\u0435\u0446\u0426\u0438\u043a\u043b\u0430;\n+\n \u0414\u043b\u044f \u041a\u0430\u0436\u0434\u043e\u0433\u043e \u0410 \u0418\u0437 \u0411 \u0426\u0438\u043a\u043b\n \t \u0410.\u0421\u0432\u043e\u0439\u0441\u0442\u0432\u043e = 1;\n \u041a\u043e\u043d\u0435\u0446\u0426\u0438\u043a\u043b\u0430;\n@@ -18,3 +22,11 @@\n \t \u0415\u0441\u043b\u0438 \u0410 \u0422\u043e\u0433\u0434\u0430\n \t \u041a\u043e\u043d\u0435\u0446\u0415\u0441\u043b\u0438;\n \u041a\u043e\u043d\u0435\u0446\u0426\u0438\u043a\u043b\u0430;\n+\n+\u0414\u043b\u044f \u041a\u0430\u0436\u0434\u043e\u0433\u043e \u041e\u0431\u044a\u0435\u043a\u0442 \u0418\u0437 \u0411 \u0426\u0438\u043a\u043b\n+    \u041e\u0431\u044a\u0435\u043a\u0442.\u041c\u0435\u0442\u043e\u0434();\n+\u041a\u043e\u043d\u0435\u0446\u0426\u0438\u043a\u043b\u0430;\n+\n+\u0414\u043b\u044f \u041a\u0430\u0436\u0434\u043e\u0433\u043e \u0410\u0421\u0442\u0440\u0443\u043a\u0442\u0443\u0440\u0430 \u0418\u0437 \u0411 \u0426\u0438\u043a\u043b\n+    \u0410\u0421\u0442\u0440\u0443\u043a\u0442\u0443\u0440\u0430.\u041a\u043b\u044e\u0447.\u041c\u0435\u0442\u043e\u0434();\n+\u041a\u043e\u043d\u0435\u0446\u0426\u0438\u043a\u043b\u0430;"], "edit": ["-      .filter(node -> node.getParent() instanceof BSLParser.ComplexIdentifierContext)", "+      .filter(node -> node.getParent().getClass() == BSLParser.ComplexIdentifierContext.class", "+        || node.getParent().getClass() == BSLParser.CallStatementContext.class)", "-    if (childIdentifiers.isEmpty()){", "-      addDiagnostic(iterator.getSymbol());", "+    if (childIdentifiers.isEmpty()) {", "+      diagnosticStorage.addDiagnostic(iterator.getSymbol());", "+\u0414\u043b\u044f \u041a\u0430\u0436\u0434\u043e\u0433\u043e \u0410 \u0418\u0437 \u0411 \u0426\u0438\u043a\u043b", "+\t\u0410 = \u0418\u0441\u0442\u0438\u043d\u0430;", "+\u041a\u043e\u043d\u0435\u0446\u0426\u0438\u043a\u043b\u0430;", "+", "+", "+\u0414\u043b\u044f \u041a\u0430\u0436\u0434\u043e\u0433\u043e \u041e\u0431\u044a\u0435\u043a\u0442 \u0418\u0437 \u0411 \u0426\u0438\u043a\u043b", "+    \u041e\u0431\u044a\u0435\u043a\u0442.\u041c\u0435\u0442\u043e\u0434();", "+\u041a\u043e\u043d\u0435\u0446\u0426\u0438\u043a\u043b\u0430;", "+", "+\u0414\u043b\u044f \u041a\u0430\u0436\u0434\u043e\u0433\u043e \u0410\u0421\u0442\u0440\u0443\u043a\u0442\u0443\u0440\u0430 \u0418\u0437 \u0411 \u0426\u0438\u043a\u043b", "+    \u0410\u0421\u0442\u0440\u0443\u043a\u0442\u0443\u0440\u0430.\u041a\u043b\u044e\u0447.\u041c\u0435\u0442\u043e\u0434();", "+\u041a\u043e\u043d\u0435\u0446\u0426\u0438\u043a\u043b\u0430;"], "url": ["https://api.github.com/repos/1c-syntax/bsl-language-server/commits/9da78180158d8f7f78974c438c31c21b2be72bba"]}