{"new_feature": "216,3,0,256,8,0.71", "commitmessage": "Fixed KeyPair generation Bug.", "patch": ["@@ -3,8 +3,6 @@\n import android.content.Context;\n import android.os.Build;\n import android.security.KeyPairGeneratorSpec;\n-import android.security.keystore.KeyGenParameterSpec;\n-import android.security.keystore.KeyProperties;\n import android.support.annotation.NonNull;\n import android.support.annotation.Nullable;\n import android.support.annotation.RequiresApi;\n@@ -134,11 +132,8 @@ static boolean keyPairExists() {\n     static void generateKeyPair(@NonNull Context context) throws CryptoException {\n         // Create new key if needed\n         if (!keyPairExists()) {\n-            if (Build.VERSION.SDK_INT >= M) {\n-                generateMarshmallowKeyPair();\n-            } else if (Build.VERSION.SDK_INT < M\n-                    && Build.VERSION.SDK_INT >= Build.VERSION_CODES.JELLY_BEAN_MR2) {\n-                generateJellyBeanKeyPair(context);\n+            if (Build.VERSION.SDK_INT >= Build.VERSION_CODES.JELLY_BEAN_MR2) {\n+                generateAsymmetricKeyPair(context);\n             } else {\n                 Log.e(KeystoreTool.class.getName(), context.getString(R.string.message_supported_api));\n                 throw new CryptoException(context.getString(R.string.message_supported_api), null);\n@@ -203,41 +198,8 @@ private static PrivateKey getPrivateKey(@NonNull Context context) throws CryptoE\n         }\n     }\n \n-    @RequiresApi(M)\n-    private static void generateMarshmallowKeyPair() throws CryptoException {\n-        try {\n-            Calendar start = Calendar.getInstance();\n-            Calendar end = Calendar.getInstance();\n-            end.add(Calendar.YEAR, 99);\n-\n-            KeyGenParameterSpec spec = new KeyGenParameterSpec.Builder(\n-                    KEY_ALIAS, KeyProperties.PURPOSE_DECRYPT)\n-                    .setKeySize(1024)\n-                    .setKeyValidityStart(start.getTime())\n-                    .setKeyValidityEnd(end.getTime())\n-                    .setUserAuthenticationRequired(false)\n-                    .setBlockModes(KeyProperties.BLOCK_MODE_ECB)\n-                    .setCertificateSerialNumber(BigInteger.TEN)\n-                    .setCertificateSubject(new X500Principal(KEY_X500PRINCIPAL))\n-                    .setDigests(KeyProperties.DIGEST_SHA256, KeyProperties.DIGEST_SHA512)\n-                    .setEncryptionPaddings(KeyProperties.ENCRYPTION_PADDING_RSA_PKCS1)\n-                    .setSignaturePaddings(KeyProperties.SIGNATURE_PADDING_RSA_PKCS1)\n-                    .build();\n-\n-            KeyPairGenerator generator\n-                    = KeyPairGenerator.getInstance(KEY_ENCRYPTION_ALGORITHM, KEY_KEYSTORE_NAME);\n-            generator.initialize(spec);\n-\n-            generator.generateKeyPair();\n-        } catch (NoSuchAlgorithmException\n-                | NoSuchProviderException\n-                | InvalidAlgorithmParameterException e) {\n-            throw new CryptoException(e.getMessage(), e);\n-        }\n-    }\n-\n     @RequiresApi(Build.VERSION_CODES.JELLY_BEAN_MR2)\n-    private static void generateJellyBeanKeyPair(@NonNull Context context) throws CryptoException {\n+    private static void generateAsymmetricKeyPair(@NonNull Context context) throws CryptoException {\n         try {\n             Calendar start = Calendar.getInstance();\n             Calendar end = Calendar.getInstance();"], "edit": ["-import android.security.keystore.KeyGenParameterSpec;", "-import android.security.keystore.KeyProperties;", "-            if (Build.VERSION.SDK_INT >= M) {", "-                generateMarshmallowKeyPair();", "-            } else if (Build.VERSION.SDK_INT < M", "-                    && Build.VERSION.SDK_INT >= Build.VERSION_CODES.JELLY_BEAN_MR2) {", "-                generateJellyBeanKeyPair(context);", "+            if (Build.VERSION.SDK_INT >= Build.VERSION_CODES.JELLY_BEAN_MR2) {", "+                generateAsymmetricKeyPair(context);", "-    @RequiresApi(M)", "-    private static void generateMarshmallowKeyPair() throws CryptoException {", "-        try {", "-            Calendar start = Calendar.getInstance();", "-            Calendar end = Calendar.getInstance();", "-            end.add(Calendar.YEAR, 99);", "-", "-            KeyGenParameterSpec spec = new KeyGenParameterSpec.Builder(", "-                    KEY_ALIAS, KeyProperties.PURPOSE_DECRYPT)", "-                    .setKeySize(1024)", "-                    .setKeyValidityStart(start.getTime())", "-                    .setKeyValidityEnd(end.getTime())", "-                    .setUserAuthenticationRequired(false)", "-                    .setBlockModes(KeyProperties.BLOCK_MODE_ECB)", "-                    .setCertificateSerialNumber(BigInteger.TEN)", "-                    .setCertificateSubject(new X500Principal(KEY_X500PRINCIPAL))", "-                    .setDigests(KeyProperties.DIGEST_SHA256, KeyProperties.DIGEST_SHA512)", "-                    .setEncryptionPaddings(KeyProperties.ENCRYPTION_PADDING_RSA_PKCS1)", "-                    .setSignaturePaddings(KeyProperties.SIGNATURE_PADDING_RSA_PKCS1)", "-                    .build();", "-", "-            KeyPairGenerator generator", "-                    = KeyPairGenerator.getInstance(KEY_ENCRYPTION_ALGORITHM, KEY_KEYSTORE_NAME);", "-            generator.initialize(spec);", "-", "-            generator.generateKeyPair();", "-        } catch (NoSuchAlgorithmException", "-                | NoSuchProviderException", "-                | InvalidAlgorithmParameterException e) {", "-            throw new CryptoException(e.getMessage(), e);", "-        }", "-    }", "-", "-    private static void generateJellyBeanKeyPair(@NonNull Context context) throws CryptoException {", "+    private static void generateAsymmetricKeyPair(@NonNull Context context) throws CryptoException {"], "url": ["https://api.github.com/repos/adorsys/secure-storage-android/commits/00630d3997aeb6b1efbe9651c48ec7153f554950"]}