{"new_feature": "1147,17,0,59,14,0.13", "commitmessage": "#224 fp new array() fix", "patch": ["@@ -80,7 +80,8 @@ public ParseTree visitNewExpression(NewExpressionContext ctx) {\n         .limit(1)\n         .filter((ParseTree newContext) -> {\n             BSLParser.DoCallContext doCallContext = ((NewExpressionContext) newContext).doCall();\n-            return doCallContext != null && !doCallContext.callParamList().callParam().isEmpty();\n+            return doCallContext != null &&\n+              doCallContext.callParamList().callParam().stream().anyMatch(param -> param.getChildCount() > 0);\n           }\n         ).collect(Collectors.toCollection(() -> nestedNewContext)));\n \n@@ -90,21 +91,23 @@ public ParseTree visitNewExpression(NewExpressionContext ctx) {\n \n     List<DiagnosticRelatedInformation> relatedInformation = new ArrayList<>();\n \n-    relatedInformation.add(this.createRelatedInformation(\n+    relatedInformation.add(RangeHelper.createRelatedInformation(\n+      documentContext.getUri(),\n       RangeHelper.newRange(ctx),\n       relatedMessage\n     ));\n \n     nestedNewContext.stream()\n       .map(expressionContext ->\n-        this.createRelatedInformation(\n+        RangeHelper.createRelatedInformation(\n+          documentContext.getUri(),\n           RangeHelper.newRange((BSLParser.NewExpressionContext) expressionContext),\n           relatedMessage\n         )\n       )\n       .collect(Collectors.toCollection(() -> relatedInformation));\n \n-    addDiagnostic(ctx, relatedInformation);\n+    diagnosticStorage.addDiagnostic(ctx, relatedInformation);\n \n     return super.visitNewExpression(ctx);\n   }", "@@ -56,4 +56,6 @@\n                                             New FixedStructure(New Structure)));    // Pass\n \n     Result = New Structure(\"Params\",                                              // Pass\n-                            FillStructure(New FixedStructure(New Structure)));    // Pass\n\\ No newline at end of file\n+                            FillStructure(New FixedStructure(New Structure)));    // Pass\n+\n+    Result = New Structure(\"field1, field2, field3\", New Array(), New Array(), New Array()); //Pass\n\\ No newline at end of file"], "edit": ["-            return doCallContext != null && !doCallContext.callParamList().callParam().isEmpty();", "+            return doCallContext != null &&", "+              doCallContext.callParamList().callParam().stream().anyMatch(param -> param.getChildCount() > 0);", "-    relatedInformation.add(this.createRelatedInformation(", "+    relatedInformation.add(RangeHelper.createRelatedInformation(", "+      documentContext.getUri(),", "-        this.createRelatedInformation(", "+        RangeHelper.createRelatedInformation(", "+          documentContext.getUri(),", "-    addDiagnostic(ctx, relatedInformation);", "+    diagnosticStorage.addDiagnostic(ctx, relatedInformation);", "-                            FillStructure(New FixedStructure(New Structure)));    // Pass", "+                            FillStructure(New FixedStructure(New Structure)));    // Pass", "+", "+    Result = New Structure(\"field1, field2, field3\", New Array(), New Array(), New Array()); //Pass"], "url": ["https://api.github.com/repos/1c-syntax/bsl-language-server/commits/01799193447e6af535ea4c5a5b9ddc09a05bc68e"]}