{"new_feature": "1029,4,0,66,10,0.62", "commitmessage": "Faban-133: When the @OnceBefore throws an exception, the preRunLatch latch did not get released. The agent will hang waiting for this latch until it gets terminated by the master. To solve this issue, we place the latch release into a finally block. Also other sensitive latch waits are now timing out every 500ms and placed in a loop to check whether the run has been killed.", "patch": ["@@ -366,6 +366,20 @@ public synchronized void abortRun() {\n \t\t\treturn;     // the master again. Once per agent is enough.\n \t\t}\n         runAborted = true;\n+        if (startLatch != null) \n+            try {\n+                startLatch.countDown();\n+            } catch (Exception e) {\n+                // Just make sure we don't get stuck here.\n+            }\n+\n+        if (postRunLatch != null)\n+            try {\n+                postRunLatch.countDown();\n+            } catch (Exception e) {\n+                // Just make sure we don't get stuck here.\n+            }\n+\n         try {\n             master.abortRun();\n         } catch (RemoteException e) {", "@@ -34,6 +34,7 @@\n import java.lang.reflect.Method;\n import java.util.logging.Level;\n import java.util.logging.Logger;\n+import java.util.concurrent.TimeUnit;\n import java.io.InterruptedIOException;\n \n \n@@ -347,10 +348,14 @@ void preRun() {\n             } catch (InterruptedIOException e) {\n                 // Should not happen unless run is cancelled. And if so,\n                 // we don't really care to redo this.\n+            } finally {\n+                agent.preRunLatch.countDown();\n             }\n-            agent.preRunLatch.countDown();\n             try {\n-                agent.startLatch.await();\n+                while (!stopped) {\n+                    if (agent.startLatch.await(500, TimeUnit.MILLISECONDS))\n+                        break;\n+                }\n             } catch (InterruptedException e) {\n                 logger.log(Level.WARNING, name +\n                         \": Start latch await interrupted!\");\n@@ -375,11 +380,18 @@ void postRun() {\n             // Then wait for a signal (everybody else finished) to run postrun.\n             while (agent.postRunLatch.getCount() > 0l) {\n \t\t\t\ttry {\n-                    agent.postRunLatch.await();\n+                    while (!stopped) {\n+                        if (agent.postRunLatch.await(500,\n+                                TimeUnit.MILLISECONDS))\n+                            break;\n+                    }\n                 } catch (InterruptedException e) {\n                 \tlogger.log(Level.FINE, e.getMessage(), e);\n                 }\n \t\t\t}\n+\n+            if (stopped)\n+                return;\n             // We need to make sure this method is re-run if I/O is interrupted.\n             // This may happen if terminate gets called while thread is\n             // switching to POST_RUN state."], "edit": ["+        if (startLatch != null)", "+            try {", "+                startLatch.countDown();", "+            } catch (Exception e) {", "+                // Just make sure we don't get stuck here.", "+            }", "+", "+        if (postRunLatch != null)", "+            try {", "+                postRunLatch.countDown();", "+            } catch (Exception e) {", "+                // Just make sure we don't get stuck here.", "+            }", "+", "+import java.util.concurrent.TimeUnit;", "+            } finally {", "+                agent.preRunLatch.countDown();", "-            agent.preRunLatch.countDown();", "-                agent.startLatch.await();", "+                while (!stopped) {", "+                    if (agent.startLatch.await(500, TimeUnit.MILLISECONDS))", "+                        break;", "+                }", "-                    agent.postRunLatch.await();", "+                    while (!stopped) {", "+                        if (agent.postRunLatch.await(500,", "+                                TimeUnit.MILLISECONDS))", "+                            break;", "+                    }", "+", "+            if (stopped)", "+                return;"], "url": ["https://api.github.com/repos/akara/faban/commits/0254e71f43ae23cc0a36793dd42da979bc0c7e1a"]}