{"new_feature": "2146,31,17,479,17,0.65", "commitmessage": "fix comment", "patch": ["@@ -23,6 +23,13 @@\n  */\n package io.mycat.server;\n \n+import java.io.IOException;\n+import java.nio.channels.NetworkChannel;\n+import java.util.concurrent.atomic.AtomicLong;\n+\n+import org.slf4j.Logger;\n+import org.slf4j.LoggerFactory;\n+\n import io.mycat.MycatServer;\n import io.mycat.backend.mysql.xa.TxState;\n import io.mycat.config.ErrorCode;\n@@ -35,12 +42,6 @@\n import io.mycat.server.response.Ping;\n import io.mycat.util.SplitUtil;\n import io.mycat.util.TimeUtil;\n-import org.slf4j.Logger;\n-import org.slf4j.LoggerFactory;\n-\n-import java.io.IOException;\n-import java.nio.channels.NetworkChannel;\n-import java.util.concurrent.atomic.AtomicLong;\n \n /**\n  * @author mycat\n@@ -338,14 +339,14 @@ public void run() {\n \t@Override\n \tpublic void close(String reason) {\n \n-\t\t//\u5982\u679c\u662fXA\u7684\u4e8b\u52a1\uff0c\u90a3\u4e48\u9700\u8981\u7b49\u5f85\u5230\u4e8b\u52a1\u5168\u90e8\u56de\u6eda\u7684\u65f6\u5019\u624d\u80fd\u8fdb\u884c\u8c03\u7528\u56de\u6536\u8d44\u6e90\n+\t\t//\u5904\u4e8e\u7b2c\u4e00\u9636\u6bb5\u7684XA\u4e8b\u52a1\uff0c\u53ef\u4ee5\u901a\u8fc7\u5173\u95ed\u7684\u65b9\u5f0f\u56de\u6eda\n \t\tif (session.getSource().isTxstart() && session.cancelableStatusSet(NonBlockingSession.CANCEL_STATUS_CANCELING)\n \t\t\t\t&&session.getXaState() != null && session.getXaState() != TxState.TX_INITIALIZE_STATE) {\n \t\t\tsuper.close(reason);\n \t\t\tsession.initiativeTerminate();\n \t\t}else if(session.getSource().isTxstart()\n \t\t\t\t&&session.getXaState() != null && session.getXaState() != TxState.TX_INITIALIZE_STATE) {\n-\t\t\t//\u5df2\u7ecf\u5f00\u59cb\u4e86XA\u4e8b\u52a1\u4f46\u662f\u62ff\u4e0d\u5230\u9501\uff0c\u5173\u95ed\u524d\u7aef\u5173\u540e\u7aef\n+\t\t\t//\u5df2\u7ecf\u63d0\u4ea4\u4e86commit/rollback\u7684XA\u4e8b\u52a1\uff0c\u5173\u95ed\u524d\u7aef\uff0c\u5f85\u540e\u7aef\u81ea\u52a8\u5b8c\u6210\n \t\t\tsuper.close(reason);\n \t\t}else{\n \t\t\t//\u5e76\u6ca1\u6709\u5f00\u542fXA\u4e8b\u52a1\uff0c\u76f4\u63a5\u5173\u95ed\u524d\u540e\u7aef\u8fde\u63a5"], "edit": ["+import java.io.IOException;", "+import java.nio.channels.NetworkChannel;", "+import java.util.concurrent.atomic.AtomicLong;", "+", "+import org.slf4j.Logger;", "+import org.slf4j.LoggerFactory;", "+", "-import org.slf4j.Logger;", "-import org.slf4j.LoggerFactory;", "-", "-import java.io.IOException;", "-import java.nio.channels.NetworkChannel;", "-import java.util.concurrent.atomic.AtomicLong;", "-\t\t//\u5982\u679c\u662fXA\u7684\u4e8b\u52a1\uff0c\u90a3\u4e48\u9700\u8981\u7b49\u5f85\u5230\u4e8b\u52a1\u5168\u90e8\u56de\u6eda\u7684\u65f6\u5019\u624d\u80fd\u8fdb\u884c\u8c03\u7528\u56de\u6536\u8d44\u6e90", "+\t\t//\u5904\u4e8e\u7b2c\u4e00\u9636\u6bb5\u7684XA\u4e8b\u52a1\uff0c\u53ef\u4ee5\u901a\u8fc7\u5173\u95ed\u7684\u65b9\u5f0f\u56de\u6eda", "-\t\t\t//\u5df2\u7ecf\u5f00\u59cb\u4e86XA\u4e8b\u52a1\u4f46\u662f\u62ff\u4e0d\u5230\u9501\uff0c\u5173\u95ed\u524d\u7aef\u5173\u540e\u7aef", "+\t\t\t//\u5df2\u7ecf\u63d0\u4ea4\u4e86commit/rollback\u7684XA\u4e8b\u52a1\uff0c\u5173\u95ed\u524d\u7aef\uff0c\u5f85\u540e\u7aef\u81ea\u52a8\u5b8c\u6210"], "url": ["https://api.github.com/repos/actiontech/dble/commits/065531d05140130520d973e91f28ac44804e4f05"]}