{"new_feature": "102,1,3,52,1,1.00", "commitmessage": "UI: Unsplash API fixes in image activity", "patch": ["@@ -8,13 +8,14 @@\n import android.os.Build;\n import android.os.Bundle;\n import android.support.design.widget.BottomSheetBehavior;\n-import android.support.design.widget.FloatingActionButton;\n import android.support.v4.app.Fragment;\n import android.text.method.LinkMovementMethod;\n import android.view.LayoutInflater;\n import android.view.View;\n import android.view.ViewGroup;\n+import android.view.ViewTreeObserver;\n import android.widget.ImageView;\n+import android.widget.LinearLayout;\n import android.widget.TextView;\n import android.widget.Toast;\n \n@@ -96,10 +97,20 @@ public void onClick(View view) {\n         );\n \n         final ImageView share_button = (ImageView) rootView.findViewById(R.id.share_button);\n-        FloatingActionButton material_fab = (FloatingActionButton) rootView.findViewById(R.id.material_fab);\n+        /*FloatingActionButton material_fab = (FloatingActionButton) rootView.findViewById(R.id.material_fab);\n+        */\n         View scrollView = rootView.findViewById(R.id.scroll_view);\n+\n         final BottomSheetBehavior sheetBehavior = BottomSheetBehavior.from(scrollView);\n-        sheetBehavior.setPeekHeight(0);\n+        final LinearLayout id_layout = (LinearLayout) rootView.findViewById(R.id.first_horizontal_layout);\n+        ViewTreeObserver viewTreeObserver = id_layout.getViewTreeObserver();\n+        viewTreeObserver.addOnGlobalLayoutListener(new ViewTreeObserver.OnGlobalLayoutListener() {\n+            @Override\n+            public void onGlobalLayout() {\n+                id_layout.getViewTreeObserver().removeOnGlobalLayoutListener(this);\n+                sheetBehavior.setPeekHeight(id_layout.getHeight());\n+            }\n+        });\n         downloadb = (ImageView) rootView.findViewById(R.id.download_button);\n         favoriteb = (ImageView) rootView.findViewById(R.id.favorite_button);\n         if (isImageInDatabase)\n@@ -117,7 +128,7 @@ public void onClick(View view) {\n         CircleImageView profile_image = (CircleImageView) rootView.findViewById(R.id.circle_photo);\n         profile_image.setScaleType(ImageView.ScaleType.CENTER_CROP);\n         Picasso.with(getContext()).load(object.profile_image).error(R.drawable.placeholder).resize(480, 480).into(profile_image);\n-        material_fab.setOnClickListener(new View.OnClickListener() {\n+      /*  material_fab.setOnClickListener(new View.OnClickListener() {\n             @Override\n             public void onClick(View v) {\n                 switch (v.getId()) {\n@@ -129,7 +140,7 @@ public void onClick(View v) {\n                         break;\n                 }\n             }\n-        });\n+        });*/\n         imageView.setOnClickListener(new View.OnClickListener() {\n             @Override\n             public void onClick(View v) {", "@@ -66,6 +66,9 @@\n     private ArrayList<DataModel> model;\n     private Handler forProgressRunnable = makeHandler();\n     private boolean loading;\n+    /**\n+     * Runnable passed to message queue to check wether wether the loading is occuring or not, it is checked with a delay of one second.\n+     */\n     Runnable forProgress = new Runnable() {\n         @Override\n         public void run() {", "@@ -53,6 +53,7 @@\n             android:orientation=\"vertical\">\n \n             <LinearLayout\n+                android:id=\"@+id/first_horizontal_layout\"\n                 android:layout_width=\"match_parent\"\n                 android:layout_height=\"0dp\"\n                 android:layout_weight=\"1\"\n@@ -148,7 +149,7 @@\n     </android.support.v4.widget.NestedScrollView>\n \n \n-    <android.support.design.widget.FloatingActionButton\n+    <!--<android.support.design.widget.FloatingActionButton\n         android:id=\"@+id/material_fab\"\n         android:layout_width=\"wrap_content\"\n         android:layout_height=\"wrap_content\"\n@@ -157,7 +158,7 @@\n         app:backgroundTint=\"@color/colorPrimary\"\n         app:fabSize=\"auto\"\n         app:layout_anchor=\"@+id/scroll_view\"\n-        app:layout_anchorGravity=\"top|end\" />\n+        app:layout_anchorGravity=\"top|end\" />-->\n \n \n </android.support.design.widget.CoordinatorLayout>"], "edit": ["-import android.support.design.widget.FloatingActionButton;", "+import android.view.ViewTreeObserver;", "+import android.widget.LinearLayout;", "-        FloatingActionButton material_fab = (FloatingActionButton) rootView.findViewById(R.id.material_fab);", "+        /*FloatingActionButton material_fab = (FloatingActionButton) rootView.findViewById(R.id.material_fab);", "+        */", "+", "-        sheetBehavior.setPeekHeight(0);", "+        final LinearLayout id_layout = (LinearLayout) rootView.findViewById(R.id.first_horizontal_layout);", "+        ViewTreeObserver viewTreeObserver = id_layout.getViewTreeObserver();", "+        viewTreeObserver.addOnGlobalLayoutListener(new ViewTreeObserver.OnGlobalLayoutListener() {", "+            @Override", "+            public void onGlobalLayout() {", "+                id_layout.getViewTreeObserver().removeOnGlobalLayoutListener(this);", "+                sheetBehavior.setPeekHeight(id_layout.getHeight());", "+            }", "+        });", "-        material_fab.setOnClickListener(new View.OnClickListener() {", "+      /*  material_fab.setOnClickListener(new View.OnClickListener() {", "-        });", "+        });*/", "+    /**", "+     * Runnable passed to message queue to check wether wether the loading is occuring or not, it is checked with a delay of one second.", "+     */", "+                android:id=\"@+id/first_horizontal_layout\"", "-    <android.support.design.widget.FloatingActionButton", "+    <!--<android.support.design.widget.FloatingActionButton", "-        app:layout_anchorGravity=\"top|end\" />", "+        app:layout_anchorGravity=\"top|end\" />-->"], "url": ["https://api.github.com/repos/abhiroj/Wallser/commits/0809419b3ea99c2de633bb1bfc0684beddc875d3"]}