{"new_feature": "2146,31,17,479,17,0.65", "commitmessage": "fix findbugs", "patch": ["@@ -31,11 +31,11 @@\n             \"Create Table\"};\n     private static final String SQL = \"show create table {0};\";\n \n-    protected Map<String, List<String>> dataNodeMap = new HashMap<>();\n+    private Map<String, List<String>> dataNodeMap = new HashMap<>();\n     protected String schema;\n     private Set<String> selfNode;\n \n-    public AbstractTablesMetaHandler(String schema, Map<String, List<String>> dataNodeMap, Set<String> selfNode) {\n+    AbstractTablesMetaHandler(String schema, Map<String, List<String>> dataNodeMap, Set<String> selfNode) {\n         this.dataNodeMap = dataNodeMap;\n         this.schema = schema;\n         this.selfNode = selfNode;\n@@ -56,11 +56,11 @@ public void execute() {\n             PhysicalDBNode dn = DbleServer.getInstance().getConfig().getDataNodes().get(dataNode);\n             PhysicalDatasource ds = dn.getDbPool().getSource();\n             if (ds.isAlive()) {\n-                MultiRowSQLQueryResultHandler resultHandler = new MultiRowSQLQueryResultHandler(MYSQL_SHOW_CREATE_TABLE_COLS, new MySQLShowCreateTablesListener(tables, dataNode, System.currentTimeMillis(), ds));\n+                MultiRowSQLQueryResultHandler resultHandler = new MultiRowSQLQueryResultHandler(MYSQL_SHOW_CREATE_TABLE_COLS, new MySQLShowCreateTablesListener(tables, dataNode, ds));\n                 MultiSQLJob sqlJob = new MultiSQLJob(sbSql.toString(), dn.getDatabase(), resultHandler, ds);\n                 sqlJob.run();\n             } else {\n-                MultiRowSQLQueryResultHandler resultHandler = new MultiRowSQLQueryResultHandler(MYSQL_SHOW_CREATE_TABLE_COLS, new MySQLShowCreateTablesListener(tables, dataNode, System.currentTimeMillis(), null));\n+                MultiRowSQLQueryResultHandler resultHandler = new MultiRowSQLQueryResultHandler(MYSQL_SHOW_CREATE_TABLE_COLS, new MySQLShowCreateTablesListener(tables, dataNode, null));\n                 MultiSQLJob sqlJob = new MultiSQLJob(sbSql.toString(), dataNode, resultHandler, false);\n                 sqlJob.run();\n             }\n@@ -74,13 +74,11 @@ public void execute() {\n     private class MySQLShowCreateTablesListener implements SQLQueryResultListener<SQLQueryResult<List<Map<String, String>>>> {\n         private List<String> tables;\n         private String dataNode;\n-        private long version;\n         private PhysicalDatasource ds;\n \n-        MySQLShowCreateTablesListener(List<String> tables, String dataNode, long version, PhysicalDatasource ds) {\n+        MySQLShowCreateTablesListener(List<String> tables, String dataNode, PhysicalDatasource ds) {\n             this.tables = tables;\n             this.dataNode = dataNode;\n-            this.version = version;\n             this.ds = ds;\n         }\n "], "edit": ["-    protected Map<String, List<String>> dataNodeMap = new HashMap<>();", "+    private Map<String, List<String>> dataNodeMap = new HashMap<>();", "-    public AbstractTablesMetaHandler(String schema, Map<String, List<String>> dataNodeMap, Set<String> selfNode) {", "+    AbstractTablesMetaHandler(String schema, Map<String, List<String>> dataNodeMap, Set<String> selfNode) {", "-                MultiRowSQLQueryResultHandler resultHandler = new MultiRowSQLQueryResultHandler(MYSQL_SHOW_CREATE_TABLE_COLS, new MySQLShowCreateTablesListener(tables, dataNode, System.currentTimeMillis(), ds));", "+                MultiRowSQLQueryResultHandler resultHandler = new MultiRowSQLQueryResultHandler(MYSQL_SHOW_CREATE_TABLE_COLS, new MySQLShowCreateTablesListener(tables, dataNode, ds));", "-                MultiRowSQLQueryResultHandler resultHandler = new MultiRowSQLQueryResultHandler(MYSQL_SHOW_CREATE_TABLE_COLS, new MySQLShowCreateTablesListener(tables, dataNode, System.currentTimeMillis(), null));", "+                MultiRowSQLQueryResultHandler resultHandler = new MultiRowSQLQueryResultHandler(MYSQL_SHOW_CREATE_TABLE_COLS, new MySQLShowCreateTablesListener(tables, dataNode, null));", "-        private long version;", "-        MySQLShowCreateTablesListener(List<String> tables, String dataNode, long version, PhysicalDatasource ds) {", "+        MySQLShowCreateTablesListener(List<String> tables, String dataNode, PhysicalDatasource ds) {", "-            this.version = version;"], "url": ["https://api.github.com/repos/actiontech/dble/commits/092823942a8f30d0675b0ba0e34fcc1a187ea777"]}