{"new_feature": "1029,4,0,66,10,0.62", "commitmessage": "1. AgentImpl: msBetweenThreadStart reset if preRun takes long. This is to prevent rushing for creating subsequent threads.\n2. AgentThread: Added FINE logging for preRun and postRun. Makes debugging easier.\n3. BenchmarkDefinition: Fixed NPE in refillMethod.", "patch": ["@@ -17,7 +17,7 @@\n  * your own identifying information:\n  * \"Portions Copyrighted [year] [name of copyright owner]\"\n  *\n- * $Id: AgentImpl.java,v 1.4 2006/12/08 05:15:54 akara Exp $\n+ * $Id: AgentImpl.java,v 1.5 2006/12/08 22:17:07 akara Exp $\n  *\n  * Copyright 2005 Sun Microsystems Inc. All Rights Reserved\n  */\n@@ -212,6 +212,17 @@ public void run() {\n                         runInfo.driverConfig.driverClass, timer, this);\n                 agentThreads[count].start();\n \n+                // Ensure the preRun is done before proceeding.\n+                if (globalThreadId == 0 &&\n+                        runInfo.driverConfig.preRun != null) {\n+                    preRunLatch.await();\n+\n+                    // Adjust baseTime if the preRun takes long.\n+                    int currentTime = timer.getTime();\n+                    if (currentTime - baseTime > runInfo.msBetweenThreadStart)\n+                        baseTime = currentTime - runInfo.msBetweenThreadStart;                    \n+                }\n+\n                 // We ensure we catch up with the configured thread starting\n                 // rate. If we fall short, we sleep less until we caught up.\n                 int sleepTime = runInfo.msBetweenThreadStart * (count + 1) +\n@@ -228,9 +239,6 @@ public void run() {\n                         Thread.sleep(sleepTime);\n                     } catch (InterruptedException ie) {\n                     }\n-                if (globalThreadId == 0 &&  // Make sure preRun is done\n-                        runInfo.driverConfig.preRun != null)\n-                    preRunLatch.await();\n             }\n             if (runAborted)\n                 logger.warning(displayName + \": Run aborted before starting \" +", "@@ -17,7 +17,7 @@\n  * your own identifying information:\n  * \"Portions Copyrighted [year] [name of copyright owner]\"\n  *\n- * $Id: AgentThread.java,v 1.7 2006/12/08 05:15:54 akara Exp $\n+ * $Id: AgentThread.java,v 1.8 2006/12/08 22:17:07 akara Exp $\n  *\n  * Copyright 2005 Sun Microsystems Inc. All Rights Reserved\n  */\n@@ -271,6 +271,7 @@ void preRun() {\n         // Thread 0 needs to do the preRun\n         if (id == 0 && driverConfig.preRun != null) {\n             setThreadState(PRE_RUN);\n+            logger.fine(name + \": Invoking preRun @OnceBefore\");\n             try {\n                 invokePrePost(driverConfig.preRun.m);\n             } catch (InterruptedIOException e) {\n@@ -297,6 +298,7 @@ void postRun() {\n             // This may happen if terminate gets called while thread is\n             // switching to POST_RUN state.\n             boolean interrupted = false;\n+            logger.fine(name + \": Invoking postRun @OnceAfter\");\n             do {\n                 try {\n                     invokePrePost(driverConfig.postRun.m);", "@@ -17,7 +17,7 @@\n  * your own identifying information:\n  * \"Portions Copyrighted [year] [name of copyright owner]\"\n  *\n- * $Id: BenchmarkDefinition.java,v 1.6 2006/12/08 05:15:54 akara Exp $\n+ * $Id: BenchmarkDefinition.java,v 1.7 2006/12/08 22:17:07 akara Exp $\n  *\n  * Copyright 2005 Sun Microsystems Inc. All Rights Reserved\n  */\n@@ -438,7 +438,7 @@ static void refillOperations(Class<?> driverClass, Operation[] operations) {\n      * @param method      The DriverMethod instance\n      */\n     static void refillMethod(Class<?> driverClass, DriverMethod method) {\n-        if (method.m == null) {\n+        if (method != null && method.m == null) {\n             Method[] methods = driverClass.getMethods();\n             for (Method m : methods)\n                 if (method.genericName.equals(m.toGenericString())) {"], "edit": ["- * $Id: AgentImpl.java,v 1.4 2006/12/08 05:15:54 akara Exp $", "+ * $Id: AgentImpl.java,v 1.5 2006/12/08 22:17:07 akara Exp $", "+                // Ensure the preRun is done before proceeding.", "+                if (globalThreadId == 0 &&", "+                        runInfo.driverConfig.preRun != null) {", "+                    preRunLatch.await();", "+", "+                    // Adjust baseTime if the preRun takes long.", "+                    int currentTime = timer.getTime();", "+                    if (currentTime - baseTime > runInfo.msBetweenThreadStart)", "+                        baseTime = currentTime - runInfo.msBetweenThreadStart;", "+                }", "+", "-                if (globalThreadId == 0 &&  // Make sure preRun is done", "-                        runInfo.driverConfig.preRun != null)", "-                    preRunLatch.await();", "- * $Id: AgentThread.java,v 1.7 2006/12/08 05:15:54 akara Exp $", "+ * $Id: AgentThread.java,v 1.8 2006/12/08 22:17:07 akara Exp $", "+            logger.fine(name + \": Invoking preRun @OnceBefore\");", "+            logger.fine(name + \": Invoking postRun @OnceAfter\");", "- * $Id: BenchmarkDefinition.java,v 1.6 2006/12/08 05:15:54 akara Exp $", "+ * $Id: BenchmarkDefinition.java,v 1.7 2006/12/08 22:17:07 akara Exp $", "-        if (method.m == null) {", "+        if (method != null && method.m == null) {"], "url": ["https://api.github.com/repos/akara/faban/commits/0993dc6f8d02cafeaab66106dbab99cc1a7d2718"]}