{"new_feature": "28,1,0,93,3,0.43", "commitmessage": "fix an issue happenning when the word is a single letter", "patch": ["@@ -181,27 +181,30 @@ private String replaceLamAlef(String unshapedWord) {\n \t\tint wordLength = unshapedWord.length();\n \t\tchar [] wordLetters = new char[wordLength];\t\n \t\tunshapedWord.getChars(0, wordLength, wordLetters,0 );\t\t\n-\t\t\n+\n \t\tfor (int index = 0; index < wordLetters.length - 1 ; index++) {\n \t\t\tif((int)DEFINED_CHARACTERS_ORGINAL_LAM ==(int)wordLetters[index]){\n \t\t\t\tchar candidateLam = wordLetters[index];\n \t\t\t\tint lamPosition = index;\n \t\t\t\tint harakaPosition = lamPosition + 1;\n-\t\t\t\twhile (isHaraka(wordLetters[harakaPosition])) {\n+\t\t\t\t\n+\t\t\t\twhile (harakaPosition < wordLetters.length && isHaraka(wordLetters[harakaPosition])) {\n \t\t\t\t\tharakaPosition++;\n \t\t\t\t}\n-\t\t\t\tchar lamAlef = 0;\n-\t\t\t\tif (lamPosition > 0 && getGlphyType(wordLetters[lamPosition - 1]) > 2) \n-\t\t\t\t\tlamAlef = getLamAlef(wordLetters[harakaPosition], candidateLam, false);\n-\t\t\t\telse {\n-\t\t\t\t\tlamAlef = getLamAlef(wordLetters[harakaPosition], candidateLam, true);\n-\t\t\t\t}\n-\t\t\t\tif (lamAlef != (char) 0){\n-\t\t\t\t\twordLetters[lamPosition] = lamAlef;\n-\t\t\t\t\twordLetters[harakaPosition] = ' ';\n+\t\t\t\tif (harakaPosition < wordLetters.length) {\n+\t\t\t\t\tchar lamAlef = 0;\n+\t\t\t\t\tif (lamPosition > 0 && getGlphyType(wordLetters[lamPosition - 1]) > 2) \n+\t\t\t\t\t\tlamAlef = getLamAlef(wordLetters[harakaPosition], candidateLam, false);\n+\t\t\t\t\telse {\n+\t\t\t\t\t\tlamAlef = getLamAlef(wordLetters[harakaPosition], candidateLam, true);\n+\t\t\t\t\t}\n+\t\t\t\t\tif (lamAlef != (char) 0){\n+\t\t\t\t\t\twordLetters[lamPosition] = lamAlef;\n+\t\t\t\t\t\twordLetters[harakaPosition] = ' ';\n+\t\t\t\t\t}\n \t\t\t\t}\n \t\t\t}\n-\t\t\t\n+\n \t\t}\n \t\tunshapedWord = new String(wordLetters);\n \t\tunshapedWord = unshapedWord.replaceAll(\" \", \"\");"], "edit": ["-", "+", "-\t\t\t\twhile (isHaraka(wordLetters[harakaPosition])) {", "+", "+\t\t\t\twhile (harakaPosition < wordLetters.length && isHaraka(wordLetters[harakaPosition])) {", "-\t\t\t\tchar lamAlef = 0;", "-\t\t\t\tif (lamPosition > 0 && getGlphyType(wordLetters[lamPosition - 1]) > 2)", "-\t\t\t\t\tlamAlef = getLamAlef(wordLetters[harakaPosition], candidateLam, false);", "-\t\t\t\telse {", "-\t\t\t\t\tlamAlef = getLamAlef(wordLetters[harakaPosition], candidateLam, true);", "-\t\t\t\t}", "-\t\t\t\tif (lamAlef != (char) 0){", "-\t\t\t\t\twordLetters[lamPosition] = lamAlef;", "-\t\t\t\t\twordLetters[harakaPosition] = ' ';", "+\t\t\t\tif (harakaPosition < wordLetters.length) {", "+\t\t\t\t\tchar lamAlef = 0;", "+\t\t\t\t\tif (lamPosition > 0 && getGlphyType(wordLetters[lamPosition - 1]) > 2)", "+\t\t\t\t\t\tlamAlef = getLamAlef(wordLetters[harakaPosition], candidateLam, false);", "+\t\t\t\t\telse {", "+\t\t\t\t\t\tlamAlef = getLamAlef(wordLetters[harakaPosition], candidateLam, true);", "+\t\t\t\t\t}", "+\t\t\t\t\tif (lamAlef != (char) 0){", "+\t\t\t\t\t\twordLetters[lamPosition] = lamAlef;", "+\t\t\t\t\t\twordLetters[harakaPosition] = ' ';", "+\t\t\t\t\t}", "-", "+"], "url": ["https://api.github.com/repos/agawish/Better-Arabic-Reshaper/commits/107e601ae7730245e9294c3d1287d00db929172c"]}