{"new_feature": "1050,1,6,586,29,0.62", "commitmessage": "use credentials in target connector\n\nFixes #100", "patch": ["@@ -50,7 +50,7 @@ protected RequestDirector createClientRequestDirector(\n             UserTokenHandler userTokenHandler,\n             HttpParams params) {\n         RequestDirector director = super.createClientRequestDirector(requestExec, conman, reustrat, kastrat, rouplan, httpProcessor, retryHandler, redirectStrategy, targetAuthStrategy, proxyAuthStrategy, userTokenHandler, params);\n-        return new BetamaxRequestDirector(director, configuration, recorder);\n+        return new BetamaxRequestDirector(director, configuration, recorder, getCredentialsProvider());\n     }\n \n }", "@@ -16,33 +16,38 @@\n \n package co.freeside.betamax.httpclient;\n \n-import java.io.*;\n-import java.util.*;\n+import java.io.IOException;\n+import java.util.Map;\n import co.freeside.betamax.*;\n import co.freeside.betamax.handler.*;\n import co.freeside.betamax.message.*;\n-import co.freeside.betamax.message.httpclient.*;\n-import com.google.common.io.*;\n+import co.freeside.betamax.message.httpclient.HttpRequestAdapter;\n+import com.google.common.io.ByteStreams;\n import org.apache.http.*;\n import org.apache.http.client.*;\n import org.apache.http.entity.*;\n-import org.apache.http.impl.*;\n-import org.apache.http.message.*;\n-import org.apache.http.protocol.*;\n-import static java.util.Locale.*;\n-import static org.apache.http.HttpVersion.*;\n+import org.apache.http.impl.EnglishReasonPhraseCatalog;\n+import org.apache.http.impl.client.HttpClientBuilder;\n+import org.apache.http.message.BasicHttpResponse;\n+import org.apache.http.protocol.HttpContext;\n+import static java.util.Locale.ENGLISH;\n+import static org.apache.http.HttpVersion.HTTP_1_1;\n \n class BetamaxRequestDirector implements RequestDirector {\n \n     private final RequestDirector delegate;\n     private final Configuration configuration;\n     private final HttpHandler handlerChain;\n \n-    public BetamaxRequestDirector(RequestDirector delegate, Configuration configuration, Recorder recorder) {\n+    public BetamaxRequestDirector(final RequestDirector delegate, Configuration configuration, Recorder recorder, CredentialsProvider credentialsProvider) {\n         this.delegate = delegate;\n         this.configuration = configuration;\n \n-        handlerChain = new DefaultHandlerChain(recorder);\n+        HttpClient httpClient = HttpClientBuilder.create()\n+                .setDefaultCredentialsProvider(credentialsProvider)\n+                .useSystemProperties()\n+                .build();\n+        handlerChain = new DefaultHandlerChain(recorder, httpClient);\n     }\n \n     @Override"], "edit": ["-        return new BetamaxRequestDirector(director, configuration, recorder);", "+        return new BetamaxRequestDirector(director, configuration, recorder, getCredentialsProvider());", "-import java.io.*;", "-import java.util.*;", "+import java.io.IOException;", "+import java.util.Map;", "-import co.freeside.betamax.message.httpclient.*;", "-import com.google.common.io.*;", "+import co.freeside.betamax.message.httpclient.HttpRequestAdapter;", "+import com.google.common.io.ByteStreams;", "-import org.apache.http.impl.*;", "-import org.apache.http.message.*;", "-import org.apache.http.protocol.*;", "-import static java.util.Locale.*;", "-import static org.apache.http.HttpVersion.*;", "+import org.apache.http.impl.EnglishReasonPhraseCatalog;", "+import org.apache.http.impl.client.HttpClientBuilder;", "+import org.apache.http.message.BasicHttpResponse;", "+import org.apache.http.protocol.HttpContext;", "+import static java.util.Locale.ENGLISH;", "+import static org.apache.http.HttpVersion.HTTP_1_1;", "-    public BetamaxRequestDirector(RequestDirector delegate, Configuration configuration, Recorder recorder) {", "+    public BetamaxRequestDirector(final RequestDirector delegate, Configuration configuration, Recorder recorder, CredentialsProvider credentialsProvider) {", "-        handlerChain = new DefaultHandlerChain(recorder);", "+        HttpClient httpClient = HttpClientBuilder.create()", "+                .setDefaultCredentialsProvider(credentialsProvider)", "+                .useSystemProperties()", "+                .build();", "+        handlerChain = new DefaultHandlerChain(recorder, httpClient);"], "url": ["https://api.github.com/repos/airbnb/okreplay/commits/111770d04a2b9a4582a9bad7a14da762e3b1ba27"]}