{"new_feature": "2276,1,0,88,30,0.03", "commitmessage": "locationtracker.java fix double comparsion\n\n- better code formatting\n- logging exceptions...", "patch": ["@@ -25,12 +25,11 @@\n  * Class to handle GPS location tracking\n  */\n public class LocationTracker {\n+\n+    private static final String TAG = \"LocationTracker\";\n     // how long with no movement detected, before we assume we are not moving\n-    public static final long MOVEMENT_THRESHOLD_MS = 20*1000;\n+    public static final long MOVEMENT_THRESHOLD_MS = 20 * 1000;\n \n-    /**\n-     * Location listener stuff\n-     */\n     private AimsicdService context;\n     private SharedPreferences prefs;\n     private static LocationManager lm;\n@@ -60,21 +59,21 @@ public void start() {\n             lm.requestLocationUpdates(LocationManager.GPS_PROVIDER, GPS_MIN_UPDATE_TIME,\n                     GPS_MIN_UPDATE_DISTANCE, mLocationListener);\n         } catch (IllegalArgumentException e) {\n-            // provider doesn't exist, so ignore\n+            Log.d(TAG, \"GPS location provider doesnt exist\");\n         }\n \n         try {\n             lm.requestLocationUpdates(LocationManager.PASSIVE_PROVIDER, GPS_MIN_UPDATE_TIME,\n                     GPS_MIN_UPDATE_DISTANCE, mLocationListener);\n         } catch (IllegalArgumentException e) {\n-            // provider doesn't exist, so ignore\n+            Log.d(TAG, \"Passive location provider doesnt exist\");\n         }\n \n         try {\n             lm.requestLocationUpdates(LocationManager.NETWORK_PROVIDER, GPS_MIN_UPDATE_TIME,\n                     GPS_MIN_UPDATE_DISTANCE, mLocationListener);\n         } catch (IllegalArgumentException e) {\n-            // provider doesn't exist, so ignore\n+            Log.d(TAG, \"Network location provider doesnt exist\");\n         }\n     }\n \n@@ -88,11 +87,13 @@ public boolean isGPSOn() {\n \n     /**\n      * Check if we are moving, using last known GPS locations\n+     *\n      * @return\n      */\n     public boolean notMovedInAWhile() {\n         // first-lock, assume no movement\n-        if (lastLocationTime <= 0) return true;\n+        if (lastLocationTime <= 0)\n+            return true;\n \n         // haven't received a GPS update in a while, assume no movement\n         return System.currentTimeMillis() - lastLocationTime > MOVEMENT_THRESHOLD_MS;\n@@ -101,7 +102,10 @@ public boolean notMovedInAWhile() {\n     public GeoLocation lastKnownLocation() {\n         GeoLocation loc = null;\n         Location location = lm.getLastKnownLocation(LocationManager.GPS_PROVIDER);\n-        if (location != null && (location.getLatitude() != 0.0 && location.getLongitude() != 0.0)) {\n+        if (location != null &&\n+                (Double.doubleToLongBits(location.getLatitude()) != 0 &&\n+                        Double.doubleToLongBits(location.getLongitude()) != 0)) {\n+\n             TruncatedLocation TruncatedLocation = new TruncatedLocation(location);\n             loc = GeoLocation.fromDegrees(TruncatedLocation.getLatitude(), TruncatedLocation.getLongitude());\n         } else {\n@@ -133,20 +137,21 @@ public GeoLocation lastKnownLocation() {\n             }\n         }\n \n-        if (loc != null) Log.i(\"location\", \"Last known location \" + loc.toString());\n+        if (loc != null)\n+            Log.i(\"location\", \"Last known location \" + loc.toString());\n+\n         return loc;\n     }\n \n     /**\n-     * Our location listener, so that we can update our internal status before passing on the\n-     * events to the caller\n+     * Our location listener, so that we can update our internal status before passing on the events\n+     * to the caller\n      */\n     private class MyLocationListener implements LocationListener {\n \n         @TargetApi(Build.VERSION_CODES.JELLY_BEAN_MR2)\n         @Override\n         public void onLocationChanged(Location loc) {\n-            //Log.d(\"location\", \"Got location \" + loc);\n             if (lastLocation != null &&\n                     lastLocation.getLongitude() == loc.getLongitude() &&\n                     lastLocation.getLatitude() == loc.getLatitude()) {"], "edit": ["+", "+    private static final String TAG = \"LocationTracker\";", "-    public static final long MOVEMENT_THRESHOLD_MS = 20*1000;", "+    public static final long MOVEMENT_THRESHOLD_MS = 20 * 1000;", "-    /**", "-     * Location listener stuff", "-     */", "-            // provider doesn't exist, so ignore", "+            Log.d(TAG, \"GPS location provider doesnt exist\");", "-            // provider doesn't exist, so ignore", "+            Log.d(TAG, \"Passive location provider doesnt exist\");", "-            // provider doesn't exist, so ignore", "+            Log.d(TAG, \"Network location provider doesnt exist\");", "+     *", "-        if (lastLocationTime <= 0) return true;", "+        if (lastLocationTime <= 0)", "+            return true;", "-        if (location != null && (location.getLatitude() != 0.0 && location.getLongitude() != 0.0)) {", "+        if (location != null &&", "+                (Double.doubleToLongBits(location.getLatitude()) != 0 &&", "+                        Double.doubleToLongBits(location.getLongitude()) != 0)) {", "+", "-        if (loc != null) Log.i(\"location\", \"Last known location \" + loc.toString());", "+        if (loc != null)", "+            Log.i(\"location\", \"Last known location \" + loc.toString());", "+", "-     * Our location listener, so that we can update our internal status before passing on the", "-     * events to the caller", "+     * Our location listener, so that we can update our internal status before passing on the events", "+     * to the caller", "-            //Log.d(\"location\", \"Got location \" + loc);"], "url": ["https://api.github.com/repos/5GSD/AIMSICDL/commits/11cf2b4a4a174c73a1e7970e1d019a3361f96d93"]}