{"new_feature": "2146,31,17,479,17,0.20", "commitmessage": "issue fixed", "patch": ["@@ -31,12 +31,9 @@\n \n     public ErrorPacket init(boolean isReplace) {\n \n-        //check the create sql is legal\n-        //parse sql into three parts\n         ViewMetaParser viewParser = new ViewMetaParser(createSql);\n-        viewParser.parseCreateView(this);\n-\n         try {\n+            viewParser.parseCreateView(this);\n             //check if the select part has\n             this.checkDuplicate(viewParser, isReplace);\n ", "@@ -108,6 +108,8 @@ public String parseSelectSQL() {\n                             originalSql.charAt(offset) == 'S')) {\n                 offset++;\n                 break;\n+            }else if(offset == originalSql.length()-1){\n+                throw new RuntimeException(\"You have an error in your SQL syntax;\");\n             }\n \n         }", "@@ -47,6 +47,9 @@ public static void handle(String stmt, ServerConnection c, int offset) {\n             case ServerParseShow.CHARSET:\n                 stmt = stmt.toLowerCase().replaceFirst(\"charset\", \"character set\");\n                 // fallthrough\n+            case ServerParseShow.CREATE_VIEW:\n+                ShowCreateView.response(c, stmt);\n+                break;\n             default:\n                 c.execute(stmt, ServerParse.SHOW);\n         }", "@@ -28,6 +28,7 @@ private ServerParseShow() {\n     public static final int INDEX = 9;\n     public static final int CREATE_TABLE = 10;\n     public static final int VARIABLES = 11;\n+    public static final int CREATE_VIEW = 12;\n \n     public static int parse(String stmt, int offset) {\n         int i = offset;\n@@ -200,6 +201,18 @@ private static int showCreateTable(String stmt, int offset) {\n                                 return CREATE_TABLE;\n                             }\n                             return OTHER;\n+                        case 'V':\n+                        case 'v':\n+                            char c9 = stmt.charAt(++offset);\n+                            char c10 = stmt.charAt(++offset);\n+                            char c11 = stmt.charAt(++offset);\n+                            if((c9 == 'i' || c9 == 'I') &&\n+                                    (c10 == 'e' || c10 == 'E') &&\n+                                    (c11 == 'w' || c11 == 'W') &&\n+                                    (ParseUtil.isSpace(stmt.charAt(++offset)))){\n+                                return CREATE_VIEW;\n+                            }\n+                            return OTHER;\n                         default:\n                             return OTHER;\n                     }", "@@ -0,0 +1,29 @@\n+package com.actiontech.dble.server.response;\n+\n+import com.actiontech.dble.DbleServer;\n+import com.actiontech.dble.config.ServerConfig;\n+import com.actiontech.dble.config.model.UserConfig;\n+import com.actiontech.dble.net.mysql.EOFPacket;\n+import com.actiontech.dble.net.mysql.FieldPacket;\n+import com.actiontech.dble.net.mysql.RowDataPacket;\n+import com.actiontech.dble.server.ServerConnection;\n+import com.actiontech.dble.util.StringUtil;\n+\n+import java.nio.ByteBuffer;\n+import java.util.Map;\n+import java.util.Set;\n+import java.util.TreeSet;\n+\n+/**\n+ * Created by szf on 2017/12/15.\n+ */\n+public class ShowCreateView {\n+\n+\n+    public static void response(ServerConnection c) {\n+\n+\n+\n+\n+    }\n+}"], "edit": ["-        //check the create sql is legal", "-        //parse sql into three parts", "-        viewParser.parseCreateView(this);", "-", "+            viewParser.parseCreateView(this);", "+            }else if(offset == originalSql.length()-1){", "+                throw new RuntimeException(\"You have an error in your SQL syntax;\");", "+            case ServerParseShow.CREATE_VIEW:", "+                ShowCreateView.response(c, stmt);", "+                break;", "+    public static final int CREATE_VIEW = 12;", "+                        case 'V':", "+                        case 'v':", "+                            char c9 = stmt.charAt(++offset);", "+                            char c10 = stmt.charAt(++offset);", "+                            char c11 = stmt.charAt(++offset);", "+                            if((c9 == 'i' || c9 == 'I') &&", "+                                    (c10 == 'e' || c10 == 'E') &&", "+                                    (c11 == 'w' || c11 == 'W') &&", "+                                    (ParseUtil.isSpace(stmt.charAt(++offset)))){", "+                                return CREATE_VIEW;", "+                            }", "+                            return OTHER;", "+package com.actiontech.dble.server.response;", "+", "+import com.actiontech.dble.DbleServer;", "+import com.actiontech.dble.config.ServerConfig;", "+import com.actiontech.dble.config.model.UserConfig;", "+import com.actiontech.dble.net.mysql.EOFPacket;", "+import com.actiontech.dble.net.mysql.FieldPacket;", "+import com.actiontech.dble.net.mysql.RowDataPacket;", "+import com.actiontech.dble.server.ServerConnection;", "+import com.actiontech.dble.util.StringUtil;", "+", "+import java.nio.ByteBuffer;", "+import java.util.Map;", "+import java.util.Set;", "+import java.util.TreeSet;", "+", "+/**", "+ * Created by szf on 2017/12/15.", "+ */", "+public class ShowCreateView {", "+", "+", "+    public static void response(ServerConnection c) {", "+", "+", "+", "+", "+    }", "+}"], "url": ["https://api.github.com/repos/actiontech/dble/commits/126a6249934e508172337d1f600e7be3b6b10e83"]}