{"new_feature": "1029,4,0,66,10,0.62", "commitmessage": "Fixed issue with getting CDATA Section which contains request String.\nWithout this fix, driver always does post.", "patch": ["@@ -17,7 +17,7 @@\n  * your own identifying information:\n  * \"Portions Copyrighted [year] [name of copyright owner]\"\n  *\n- * $Id: RunInfo.java,v 1.3 2006/09/21 18:32:38 rahulbiswas Exp $\n+ * $Id: RunInfo.java,v 1.4 2006/10/31 20:33:58 rahulbiswas Exp $\n  *\n  * Copyright 2005 Sun Microsystems Inc. All Rights Reserved\n  */\n@@ -29,6 +29,7 @@\n \n import org.w3c.dom.Document;\n import org.w3c.dom.Element;\n+import org.w3c.dom.CDATASection;\n \n import javax.xml.parsers.DocumentBuilder;\n import javax.xml.parsers.DocumentBuilderFactory;\n@@ -389,19 +390,20 @@ private String  createDefinition(Object runConfigNode) throws Exception {\n             StringBuilder operations = new StringBuilder();\n             \n             Element operationNode = null;\n-            boolean isPost = false;\n             int i=1;\n             \n             while( (operationNode=(Element)xp.evaluate(\n                     (\"driverConfig/operation[\"+ i +\"]\"), \n                     runConfigNode, XPathConstants.NODE)) != null){\n+\n+                boolean isPost = false;\n                 \n                 String requestLagTimeOverride = getRequestLagTime(operationNode);\n                 String operationName = xp.evaluate(\"name\", operationNode);\n                 String url = xp.evaluate(\"url\", operationNode);\n                 String max90th = xp.evaluate(\"max90th\", operationNode);\n \n-                String requestString;\n+                String requestString=\"\";\n                 Element requestNode = (Element)xp.evaluate(\"get\",\n                     operationNode, XPathConstants.NODE);\n                 \n@@ -418,7 +420,11 @@ private String  createDefinition(Object runConfigNode) throws Exception {\n                     }\n                     //Can't have both post & get either, but if there, will assume you meant GET.\n                 }\n-                requestString = requestNode.getNodeValue();\n+                CDATASection cDataNode = (CDATASection)requestNode.getFirstChild();\n+                \n+                if(cDataNode!=null){\n+                    requestString = cDataNode.getNodeValue();\n+                }\n                 \n                 if(requestLagTimeOverride==null) \n                     requestLagTimeOverride=\"\";\n@@ -429,11 +435,6 @@ private String  createDefinition(Object runConfigNode) throws Exception {\n                     throw new ConfigurationException(\n                             \"<operation> must have a <url>\");\n                 \n-                if(requestString==null || \"\".equals(requestString.trim())) {\n-                    requestString=xp.evaluate(\"post\", operationNode);\n-                    isPost=true;\n-                }\n-                \n                     \n                 requestString = generateRandomData(requestString);\n                 "], "edit": ["- * $Id: RunInfo.java,v 1.3 2006/09/21 18:32:38 rahulbiswas Exp $", "+ * $Id: RunInfo.java,v 1.4 2006/10/31 20:33:58 rahulbiswas Exp $", "+import org.w3c.dom.CDATASection;", "-            boolean isPost = false;", "+", "+                boolean isPost = false;", "-                String requestString;", "+                String requestString=\"\";", "-                requestString = requestNode.getNodeValue();", "+                CDATASection cDataNode = (CDATASection)requestNode.getFirstChild();", "+", "+                if(cDataNode!=null){", "+                    requestString = cDataNode.getNodeValue();", "+                }", "-                if(requestString==null || \"\".equals(requestString.trim())) {", "-                    requestString=xp.evaluate(\"post\", operationNode);", "-                    isPost=true;", "-                }", "-"], "url": ["https://api.github.com/repos/akara/faban/commits/128090edde6b15d52cdc98dec116083a4ba9a7be"]}