{"new_feature": "1227,9,21,922,30,0.02", "commitmessage": "Fix processing when artist and albumArtist are null", "patch": ["@@ -97,8 +97,8 @@ public MetaData getRawMetaData(File file) {\n                 metaData.setTrackNumber(parseTrackNumber(getTagField(tag, FieldKey.TRACK)));\n                 metaData.setMusicBrainzReleaseId(getTagField(tag, FieldKey.MUSICBRAINZ_RELEASEID));\n \n-                String songArtist = getTagField(tag, FieldKey.ARTIST);\n-                String albumArtist = getTagField(tag, FieldKey.ALBUM_ARTIST);\n+                metaData.setArtist(getTagField(tag, FieldKey.ARTIST));\n+                metaData.setAlbumArtist(getTagField(tag, FieldKey.ALBUM_ARTIST));\n \n                 if (tag instanceof AbstractID3Tag && 0 < audioFile.getTag().getFieldCount()) {\n \n@@ -140,7 +140,7 @@ public MetaData getRawMetaData(File file) {\n                                     }\n                                     break;\n                                 case ID3v24Frames.FRAME_ID_ARTIST:\n-                                    if (null == metaData.getArtist() && null == songArtist) {\n+                                    if (null == metaData.getArtist()) {\n                                         metaData.setArtist(f.toString());\n                                     }\n                                     break;\n@@ -155,11 +155,11 @@ public MetaData getRawMetaData(File file) {\n                         });\n                     }\n                 }\n-                if(StringUtils.isBlank(metaData.getArtist())) {\n-                    metaData.setArtist(StringUtils.isBlank(songArtist) ? albumArtist : songArtist);\n+                if (StringUtils.isBlank(metaData.getArtist())) {\n+                    metaData.setArtist(metaData.getAlbumArtist());\n                 }\n-                if(StringUtils.isBlank(metaData.getAlbumArtist())) {\n-                    metaData.setAlbumArtist(StringUtils.isBlank(albumArtist) ? songArtist : albumArtist);\n+                if (StringUtils.isBlank(metaData.getAlbumArtist())) {\n+                    metaData.setAlbumArtist(metaData.getArtist());\n                 }\n \n             }"], "edit": ["-                String songArtist = getTagField(tag, FieldKey.ARTIST);", "-                String albumArtist = getTagField(tag, FieldKey.ALBUM_ARTIST);", "+                metaData.setArtist(getTagField(tag, FieldKey.ARTIST));", "+                metaData.setAlbumArtist(getTagField(tag, FieldKey.ALBUM_ARTIST));", "-                                    if (null == metaData.getArtist() && null == songArtist) {", "+                                    if (null == metaData.getArtist()) {", "-                if(StringUtils.isBlank(metaData.getArtist())) {", "-                    metaData.setArtist(StringUtils.isBlank(songArtist) ? albumArtist : songArtist);", "+                if (StringUtils.isBlank(metaData.getArtist())) {", "+                    metaData.setArtist(metaData.getAlbumArtist());", "-                if(StringUtils.isBlank(metaData.getAlbumArtist())) {", "-                    metaData.setAlbumArtist(StringUtils.isBlank(albumArtist) ? songArtist : albumArtist);", "+                if (StringUtils.isBlank(metaData.getAlbumArtist())) {", "+                    metaData.setAlbumArtist(metaData.getArtist());"], "url": ["https://api.github.com/repos/airsonic/airsonic/commits/133cf666b707e62ad1a908cc9fa8dfe5738222f8"]}