{"new_feature": "3619,54,46,449,30,0.94", "commitmessage": "avoid unnecessary processing if a change is detected and catch any exception during detection. Expose resourceWatcherUpdatePeriod through JMX", "patch": ["@@ -32,7 +32,19 @@\n \t * @param period number of seconds. Zero or less, means never.\n \t */\n \tvoid setCacheUpdatePeriod(final long period);\n+\t\n+\t/**\n+\t * @return period in seconds indicating how often resource changes are checked.\n+\t */\n+\tlong getResourceWatcherUpdatePeriod();\n \n+  /**\n+   * Set after how many seconds the resource change detection is performed..\n+   *\n+   * @param period number of seconds. Zero or less, means never.\n+   */\n+  void setResourceWatcherUpdatePeriod(final long period);\n+  \n \t/**\n \t * @return true if Gzip is Enabled.\n \t */", "@@ -129,7 +129,7 @@ public final void process()\n     // reschedule cache & model updates\n     cacheSchedulerHelper.scheduleWithPeriod(config.getCacheUpdatePeriod());\n     modelSchedulerHelper.scheduleWithPeriod(config.getModelUpdatePeriod());\n-    resourceWatcherSchedulerHelper.scheduleWithPeriod(config.getModelUpdatePeriod());\n+    resourceWatcherSchedulerHelper.scheduleWithPeriod(config.getResourceWatcherUpdatePeriod());\n     // Inject\n     injector.inject(getResourceBundleProcessor());\n     getResourceBundleProcessor().serveProcessedBundle();", "@@ -64,23 +64,29 @@ public ResourceWatcherRunnable(final WroManager wroManager) {\n    */\n   public void run() {\n     LOG.debug(\"Checking for resource changes...\");\n-    final Collection<Group> groups = modelFactory.create().getGroups();\n-    // TODO run the check in parallel?\n-    for (final Group group : groups) {\n-      checkForChanges(group);\n-    }\n-    // cleanUp\n-    for (Entry<String, String> entry : currentMap.entrySet()) {\n-      lastMap.put(entry.getKey(), entry.getValue());\n+    try {\n+      final Collection<Group> groups = modelFactory.create().getGroups();\n+      // TODO run the check in parallel?\n+      for (final Group group : groups) {\n+        checkForChanges(group);\n+      }\n+      // cleanUp\n+      for (Entry<String, String> entry : currentMap.entrySet()) {\n+        lastMap.put(entry.getKey(), entry.getValue());\n+      }\n+      currentMap.clear();\n+    } catch (Exception e) {\n+      LOG.error(\"Exception while checking for resource changes\", e);\n     }\n-    currentMap.clear();\n   }\n   \n   private void checkForChanges(final Group group) {\n     List<Resource> resources = group.getResources();\n     for (Resource resource : resources) {\n       if (isChanged(resource)) {\n         invalidate(group, resource);\n+        // no need to check the rest of resources\n+        break;\n       }\n     }\n   }\n@@ -100,10 +106,12 @@ private boolean isChanged(final Resource resource) {\n       final String lastHash = lastMap.get(uri);\n       return lastHash != null ? !lastHash.equals(currentHash) : false;\n     } catch (IOException e) {\n+      LOG.debug(\"Cannot check {} resource (Exception message: {}). Assuming it is unchanged...\", resource,\n+          e.getMessage());\n       return false;\n     }\n   }\n-\n+  \n   /**\n    * @param uri\n    *          of the resource to get the hash for.", "@@ -115,7 +115,7 @@ private synchronized void startScheduler(final long period, final TimeUnit timeU\n       Validate.notNull(runnable);\n       // avoid reject when this method is accessed concurrently.\n       if (!poolInitializer.get().isShutdown()) {\n-        LOG.debug(\"[START] Scheduling thread with period of {} - {}\", period, Thread.currentThread().getId());\n+        LOG.debug(\"[START] Scheduling thread with period of {} seconds. ThreadId:  {}\", period, Thread.currentThread().getId());\n         future = poolInitializer.get().scheduleWithFixedDelay(runnable, 0, period, timeUnit);\n       }\n     }", "@@ -1,3 +1,3 @@\n #application {\n-\tcolor: red; \t\n+\tcolor: red1; \t\n }\n\\ No newline at end of file"], "edit": ["+", "+\t/**", "+\t * @return period in seconds indicating how often resource changes are checked.", "+\t */", "+\tlong getResourceWatcherUpdatePeriod();", "+  /**", "+   * Set after how many seconds the resource change detection is performed..", "+   *", "+   * @param period number of seconds. Zero or less, means never.", "+   */", "+  void setResourceWatcherUpdatePeriod(final long period);", "+", "-    resourceWatcherSchedulerHelper.scheduleWithPeriod(config.getModelUpdatePeriod());", "+    resourceWatcherSchedulerHelper.scheduleWithPeriod(config.getResourceWatcherUpdatePeriod());", "-    final Collection<Group> groups = modelFactory.create().getGroups();", "-    // TODO run the check in parallel?", "-    for (final Group group : groups) {", "-      checkForChanges(group);", "-    }", "-    // cleanUp", "-    for (Entry<String, String> entry : currentMap.entrySet()) {", "-      lastMap.put(entry.getKey(), entry.getValue());", "+    try {", "+      final Collection<Group> groups = modelFactory.create().getGroups();", "+      // TODO run the check in parallel?", "+      for (final Group group : groups) {", "+        checkForChanges(group);", "+      }", "+      // cleanUp", "+      for (Entry<String, String> entry : currentMap.entrySet()) {", "+        lastMap.put(entry.getKey(), entry.getValue());", "+      }", "+      currentMap.clear();", "+    } catch (Exception e) {", "+      LOG.error(\"Exception while checking for resource changes\", e);", "-    currentMap.clear();", "+        // no need to check the rest of resources", "+        break;", "+      LOG.debug(\"Cannot check {} resource (Exception message: {}). Assuming it is unchanged...\", resource,", "+          e.getMessage());", "-", "+", "-        LOG.debug(\"[START] Scheduling thread with period of {} - {}\", period, Thread.currentThread().getId());", "+        LOG.debug(\"[START] Scheduling thread with period of {} seconds. ThreadId:  {}\", period, Thread.currentThread().getId());", "-\tcolor: red;", "+\tcolor: red1;"], "url": ["https://api.github.com/repos/alexo/wro4j/commits/151875972a448c27c8eaaea55a014ac27c9684fd"]}