{"new_feature": "2146,31,17,479,17,0.20", "commitmessage": "Cluster fix (#469)\n\n* cluster bug fix\r\n\r\n* cluster bug fix\r\n\r\n* cluster bug fix\r\n\r\n* Update CKVStoreRepository.java\r\n\r\nbug fix", "patch": ["@@ -131,8 +131,9 @@ public void delete(String schemaName, String[] viewName) {\n             StringBuffer nsb = new StringBuffer().append(UcorePathUtil.getViewPath()).\n                     append(SEPARATOR).append(UPDATE).append(SEPARATOR).\n                     append(schemaName).append(SCHEMA_VIEW_SPLIT).append(view);\n-\n-            UDistributeLock distributeLock = new UDistributeLock(nsb.toString(),\n+            StringBuffer lsb = new StringBuffer().append(UcorePathUtil.getViewPath()).\n+                    append(SEPARATOR).append(LOCK).append(SEPARATOR).append(schemaName).append(SCHEMA_VIEW_SPLIT).append(view);\n+            UDistributeLock distributeLock = new UDistributeLock(lsb.toString(),\n                     UcoreConfig.getInstance().getValue(ClusterParamCfg.CLUSTER_CFG_MYID) + SCHEMA_VIEW_SPLIT + DELETE);\n \n             try {\n@@ -145,6 +146,7 @@ public void delete(String schemaName, String[] viewName) {\n                     }\n                 }\n                 ClusterUcoreSender.deleteKV(sb.toString());\n+                ClusterUcoreSender.sendDataToUcore(nsb.toString(), UcoreConfig.getInstance().getValue(ClusterParamCfg.CLUSTER_CFG_MYID) + SCHEMA_VIEW_SPLIT + DELETE);\n \n                 //check if the online node number is equals to the reponse number\n                 List<UKvBean> onlineList = ClusterUcoreSender.getKeyTree(UcorePathUtil.getOnlinePath());\n@@ -165,7 +167,8 @@ public void delete(String schemaName, String[] viewName) {\n                     }\n                 }\n \n-                distributeLock.deleteTree();\n+                ClusterUcoreSender.deleteKVTree(nsb.toString() + SEPARATOR);\n+                distributeLock.release();\n \n             } catch (Exception e) {\n                 LOGGER.warn(AlarmCode.CORE_ZK_WARN + \"delete ucore node error :\u3000\" + e.getMessage());", "@@ -37,14 +37,10 @@ public void notifyProcess(UKvBean configValue) throws Exception {\n             final String schema = StringUtil.removeBackQuote(tableInfo[0]);\n             final String table = StringUtil.removeBackQuote(tableInfo[1]);\n \n-            if (UKvBean.DELETE.equals(configValue.getChangeType())) {\n+            if (UKvBean.DELETE.equals(configValue.getChangeType()) || \"\".equals(configValue.getValue())) {\n                 return;\n             }\n \n-            if (\"\".equals(configValue.getValue())) {\n-                //if the value is \"\" means the the ddl start server is shutdown after the ddl notify\n-                DbleServer.getInstance().getTmManager().updateOnetableWithBackData(DbleServer.getInstance().getConfig(), schema, table);\n-            }\n             DDLInfo ddlInfo = new DDLInfo(configValue.getValue());\n \n             if (ddlInfo.getFrom().equals(UcoreConfig.getInstance().getValue(ClusterParamCfg.CLUSTER_CFG_MYID))) {"], "edit": ["-", "-            UDistributeLock distributeLock = new UDistributeLock(nsb.toString(),", "+            StringBuffer lsb = new StringBuffer().append(UcorePathUtil.getViewPath()).", "+                    append(SEPARATOR).append(LOCK).append(SEPARATOR).append(schemaName).append(SCHEMA_VIEW_SPLIT).append(view);", "+            UDistributeLock distributeLock = new UDistributeLock(lsb.toString(),", "+                ClusterUcoreSender.sendDataToUcore(nsb.toString(), UcoreConfig.getInstance().getValue(ClusterParamCfg.CLUSTER_CFG_MYID) + SCHEMA_VIEW_SPLIT + DELETE);", "-                distributeLock.deleteTree();", "+                ClusterUcoreSender.deleteKVTree(nsb.toString() + SEPARATOR);", "+                distributeLock.release();", "-            if (UKvBean.DELETE.equals(configValue.getChangeType())) {", "+            if (UKvBean.DELETE.equals(configValue.getChangeType()) || \"\".equals(configValue.getValue())) {", "-            if (\"\".equals(configValue.getValue())) {", "-                //if the value is \"\" means the the ddl start server is shutdown after the ddl notify", "-                DbleServer.getInstance().getTmManager().updateOnetableWithBackData(DbleServer.getInstance().getConfig(), schema, table);", "-            }"], "url": ["https://api.github.com/repos/actiontech/dble/commits/16ccc4ae58bd3f2544379df3e885a382c19ad389"]}