{"new_feature": "1147,17,0,59,14,0.56", "commitmessage": "Fix QF", "patch": ["@@ -75,24 +75,25 @@ public int execute() {\n     InputStream in = System.in;\n     OutputStream out = System.out;\n \n-    Launcher<LanguageClient> launcher;\n-\n     File logFile = configuration.getTraceLog();\n     if (logFile == null) {\n-      launcher = LSPLauncher.createServerLauncher(server, in, out);\n-    } else if (logFile.isDirectory()) {\n-      LOGGER.error(\"Trace log setting must lead to file, not directory! {}\", logFile.getAbsolutePath());\n-      launcher = LSPLauncher.createServerLauncher(server, in, out);\n-    } else {\n-      try {\n-        PrintWriter printWriter = new PrintWriter(logFile, StandardCharsets.UTF_8.name());\n-        launcher = LSPLauncher.createServerLauncher(server, in, out, false, printWriter);\n-\n-      } catch (FileNotFoundException | UnsupportedEncodingException e) {\n-        LOGGER.error(\"Can't create LSP trace file\", e);\n-        launcher = LSPLauncher.createServerLauncher(server, in, out);\n+      return LSPLauncher.createServerLauncher(server, in, out);\n+    }\n+\n+    Launcher<LanguageClient> launcher;\n+\n+    try {\n+      PrintWriter printWriter = new PrintWriter(logFile, StandardCharsets.UTF_8.name());\n+      launcher = LSPLauncher.createServerLauncher(server, in, out, false, printWriter);\n+    } catch (FileNotFoundException | UnsupportedEncodingException e) {\n+      LOGGER.error(\"Can't create LSP trace file\", e);\n+      if (logFile.isDirectory()) {\n+        LOGGER.error(\"Trace log setting must lead to file, not directory! {}\", logFile.getAbsolutePath());\n       }\n+\n+      launcher = LSPLauncher.createServerLauncher(server, in, out);\n     }\n+\n     return launcher;\n   }\n }"], "edit": ["-    Launcher<LanguageClient> launcher;", "-", "-      launcher = LSPLauncher.createServerLauncher(server, in, out);", "-    } else if (logFile.isDirectory()) {", "-      LOGGER.error(\"Trace log setting must lead to file, not directory! {}\", logFile.getAbsolutePath());", "-      launcher = LSPLauncher.createServerLauncher(server, in, out);", "-    } else {", "-      try {", "-        PrintWriter printWriter = new PrintWriter(logFile, StandardCharsets.UTF_8.name());", "-        launcher = LSPLauncher.createServerLauncher(server, in, out, false, printWriter);", "-", "-      } catch (FileNotFoundException | UnsupportedEncodingException e) {", "-        LOGGER.error(\"Can't create LSP trace file\", e);", "-        launcher = LSPLauncher.createServerLauncher(server, in, out);", "+      return LSPLauncher.createServerLauncher(server, in, out);", "+    }", "+", "+    Launcher<LanguageClient> launcher;", "+", "+    try {", "+      PrintWriter printWriter = new PrintWriter(logFile, StandardCharsets.UTF_8.name());", "+      launcher = LSPLauncher.createServerLauncher(server, in, out, false, printWriter);", "+    } catch (FileNotFoundException | UnsupportedEncodingException e) {", "+      LOGGER.error(\"Can't create LSP trace file\", e);", "+      if (logFile.isDirectory()) {", "+        LOGGER.error(\"Trace log setting must lead to file, not directory! {}\", logFile.getAbsolutePath());", "+", "+      launcher = LSPLauncher.createServerLauncher(server, in, out);", "+"], "url": ["https://api.github.com/repos/1c-syntax/bsl-language-server/commits/16df5d772009138ed1298ad2ec7eb0a5290aa2fa"]}