{"new_feature": "1029,4,0,66,10,0.62", "commitmessage": "Fixed bug wrt clearconfig flag parsing.", "patch": ["@@ -17,7 +17,7 @@\n  * your own identifying information:\n  * \"Portions Copyrighted [year] [name of copyright owner]\"\n  *\n- * $Id: Deployer.java,v 1.3 2006/09/21 23:13:14 akara Exp $\n+ * $Id: Deployer.java,v 1.4 2006/09/27 17:24:10 akara Exp $\n  *\n  * Copyright 2005 Sun Microsystems Inc. All Rights Reserved\n  */\n@@ -72,13 +72,10 @@ public void doGet(HttpServletRequest request, HttpServletResponse response)\n     public void doPost(HttpServletRequest request, HttpServletResponse response)\n             throws ServletException, IOException {\n \n-        List deployNames = new ArrayList();\n-        List cantDeployNames = new ArrayList();\n+        List<String> deployNames = new ArrayList<String>();\n+        List<String> cantDeployNames = new ArrayList<String>();\n \n         boolean clearConfig = false;\n-        String v = request.getParameter(\"clearconfig\");\n-        if (v != null)\n-            clearConfig = Boolean.parseBoolean(v.trim());\n \n         DiskFileUpload fu = new DiskFileUpload();\n         // No maximum size\n@@ -99,6 +96,13 @@ public void doPost(HttpServletRequest request, HttpServletResponse response)\n         // the server\n         for (Iterator i = fileItems.iterator(); i.hasNext();) {\n             FileItem item = (FileItem) i.next();\n+            if (item.isFormField()) {\n+                if (\"clearconfig\".equals(item.getFieldName())) {\n+                    String value = item.getString();\n+                    clearConfig = Boolean.parseBoolean(value);\n+                }\n+                continue;\n+            }\n             String fileName = item.getName();\n \n             if (fileName == null) // We don't process files without names\n@@ -142,17 +146,20 @@ public void doPost(HttpServletRequest request, HttpServletResponse response)\n                 throw new ServletException(e);\n             }\n \n+\n             try {\n                 DeployUtil.unjar(benchName);\n                 DeployUtil.generateDD(benchName);\n-                if (clearConfig)\n-                    DeployUtil.clearConfig(benchName);\n             } catch (Exception e) {\n                 throw new ServletException(e);\n             }\n             deployNames.add(benchName);\n         }\n \n+        if (clearConfig)\n+            for (String benchName: deployNames)\n+                DeployUtil.clearConfig(benchName);\n+\n         if (cantDeployNames.size() > 0)\n             response.setStatus(HttpServletResponse.SC_CONFLICT);\n         else if (deployNames.size() > 0)"], "edit": ["- * $Id: Deployer.java,v 1.3 2006/09/21 23:13:14 akara Exp $", "+ * $Id: Deployer.java,v 1.4 2006/09/27 17:24:10 akara Exp $", "-        List deployNames = new ArrayList();", "-        List cantDeployNames = new ArrayList();", "+        List<String> deployNames = new ArrayList<String>();", "+        List<String> cantDeployNames = new ArrayList<String>();", "-        String v = request.getParameter(\"clearconfig\");", "-        if (v != null)", "-            clearConfig = Boolean.parseBoolean(v.trim());", "+            if (item.isFormField()) {", "+                if (\"clearconfig\".equals(item.getFieldName())) {", "+                    String value = item.getString();", "+                    clearConfig = Boolean.parseBoolean(value);", "+                }", "+                continue;", "+            }", "+", "-                if (clearConfig)", "-                    DeployUtil.clearConfig(benchName);", "+        if (clearConfig)", "+            for (String benchName: deployNames)", "+                DeployUtil.clearConfig(benchName);", "+"], "url": ["https://api.github.com/repos/akara/faban/commits/16eeb6c5c82d3f248c0b27eb2bef04fcff652b68"]}