{"new_feature": "334,1,0,93,1,1.00", "commitmessage": "\u3010Fixed Bug\u3011 \u6dfb\u52a0\u6b4c\u66f2\u5230\u5217\u8868\u540e\uff0c\u5217\u8868\u6ca1\u6709\u5373\u65f6\u66f4\u65b0\u3002", "patch": ["@@ -417,6 +417,7 @@ private void initListener() {\n             if (detailFlag > 0) {\n                 // \u64ad\u653e\u5217\u8868\n                 if (detailFlag == Constants.NUMBER_EIGHT) {\n+                    MusicActivity.this.startMusicService(position);\n                     // \u827a\u672f\u5bb6\n                 } else if (detailFlag == Constants.NUMBER_NINE) {\n                     MusicActivity.this.startMusicServiceFlag(position, Constants.NUMBER_ONE, audioBinder.getMusicList().get(position).getArtist());", "@@ -174,7 +174,7 @@ protected void moreMenu(MoreMenuStatus moreMenuStatus) {\n         super.moreMenu(moreMenuStatus);\n         switch (moreMenuStatus.getPosition()) {\n             case Constants.NUMBER_ZOER:\n-                SnakbarUtil.keepGoing(mAlbumCover);\n+                startPlayListActivity(mCurrenMusicInfo.getTitle());\n                 break;\n             case Constants.NUMBER_ONE:\n                 SnakbarUtil.keepGoing(mAlbumCover);", "@@ -124,7 +124,8 @@ private void updataLoadProgress() {\n                         mMusicLoadProgressBar.setProgress(currentCount);\n                         if (currentCount == size) {\n                             mTvMusicCount.setTextColor(getResources().getColor(R.color.lyricsSelected));\n-                            mTvMusicCount.setText(\"\u672c\u5730\u97f3\u4e50\u52a0\u8f7d\u5b8c\u6210 -_-\");\n+                            String s1 = \"\u672c\u5730\u97f3\u4e50\u52a0\u8f7d\u5b8c\u6210 -_-  \u5171\" + size + \"\u9996\u6b4c\";\n+                            mTvMusicCount.setText(s1);\n                             // \u521d\u6b21\u626b\u63cf\u5b8c\u6210\u540e\u8fdb\u5165MusicActivity\n                             if (mIsFirstScanner) {\n                                 // \u521d\u6b21\u52a0\u8f7d\u7684\u6807\u8bb0", "@@ -38,7 +38,7 @@\n \n public class DetailsViewAdapter extends BaseRvAdapter<MusicBean> {\n     private Context mContext;\n-    // \u7528\u6765\u533a\u5206\u641c\u7d22\u7684\u6807\u8bc6\uff1a1 Artist \u3001 2 Album \u3001  3 SongName(\u76ee\u524d\u53ea\u6309\u6b4c\u540d\u641c\u7d22)\n+    // \u7528\u6765\u533a\u5206\u641c\u7d22\u7684\u6807\u8bc6\uff1a1 Artist \u3001 2 Album \u3001  3 SongName(\u76ee\u524d\u53ea\u6309\u6b4c\u540d\u641c\u7d22) \u3001   4 PlayList (\u64ad\u653e\u5217\u8868)\n     private int mDataFlag;\n \n     public DetailsViewAdapter(Context context, List<MusicBean> list, int dataFlag) {", "@@ -92,6 +92,7 @@ private void initData() {\n         mAdapter = new PlayListAdapter(getPlayList());\n         RecyclerView recyclerView = RecyclerFactory.creatRecyclerView(Constants.NUMBER_ONE, mAdapter);\n         mPlayListContent.addView(recyclerView);\n+        mDetailsAdapter = new DetailsViewAdapter(mActivity, null, Constants.NUMBER_FOUR);\n     }\n \n     /**\n@@ -234,7 +235,7 @@ private void showDetailsView(String title) {\n             mDetailView.setVisibility(View.VISIBLE);\n             mDetailList = mMusicBeanDao.queryBuilder().where(MusicBeanDao.Properties.PlayListFlag.eq(title)).build().list();\n             mDetailView.setQureyFlag(title, mDetailList.size());\n-            mDetailsAdapter = new DetailsViewAdapter(mActivity, mDetailList, Constants.NUMBER_FOUR);\n+            mDetailsAdapter.setNewData(mDetailList);\n             mDetailView.setAdapter(mDetailsAdapter);\n             mDetailsAdapter.setOnItemMenuListener((position, musicBean) -> MoreMenuBottomDialog.newInstance(musicBean, position, false).getBottomDialog(mActivity));\n             putFragToMap(Constants.NUMBER_EIGHT, mClassName);"], "edit": ["+                    MusicActivity.this.startMusicService(position);", "-                SnakbarUtil.keepGoing(mAlbumCover);", "+                startPlayListActivity(mCurrenMusicInfo.getTitle());", "-                            mTvMusicCount.setText(\"\u672c\u5730\u97f3\u4e50\u52a0\u8f7d\u5b8c\u6210 -_-\");", "+                            String s1 = \"\u672c\u5730\u97f3\u4e50\u52a0\u8f7d\u5b8c\u6210 -_-  \u5171\" + size + \"\u9996\u6b4c\";", "+                            mTvMusicCount.setText(s1);", "-    // \u7528\u6765\u533a\u5206\u641c\u7d22\u7684\u6807\u8bc6\uff1a1 Artist \u3001 2 Album \u3001  3 SongName(\u76ee\u524d\u53ea\u6309\u6b4c\u540d\u641c\u7d22)", "+    // \u7528\u6765\u533a\u5206\u641c\u7d22\u7684\u6807\u8bc6\uff1a1 Artist \u3001 2 Album \u3001  3 SongName(\u76ee\u524d\u53ea\u6309\u6b4c\u540d\u641c\u7d22) \u3001   4 PlayList (\u64ad\u653e\u5217\u8868)", "+        mDetailsAdapter = new DetailsViewAdapter(mActivity, null, Constants.NUMBER_FOUR);", "-            mDetailsAdapter = new DetailsViewAdapter(mActivity, mDetailList, Constants.NUMBER_FOUR);", "+            mDetailsAdapter.setNewData(mDetailList);"], "url": ["https://api.github.com/repos/1900Star/SmartisanMusicPlayer/commits/1715d5b5b1c90354392e9db97d797200409448c3"]}