{"new_feature": "699,1,173,91,9,0.99", "commitmessage": "fix(cordova-android): call ad functions on main UI thread", "patch": ["@@ -21,12 +21,42 @@ public InterstitialExecutor(AdMob plugin) {\n \n     @Override\n     public void destroy() {\n-        interstitialAd = null;\n+        clearInterstitialAd();\n \n         super.destroy();\n     }\n \n     public boolean prepare(JSONArray inputs, CallbackContext callbackContext) {\n+        plugin.cordova.getActivity().runOnUiThread(new Runnable() {\n+            @Override\n+            public void run() {\n+                createAndLoadInterstitial();\n+\n+                PluginResult result = new PluginResult(PluginResult.Status.OK, \"\");\n+                callbackContext.sendPluginResult(result);\n+            }\n+        });\n+\n+        return true;\n+    }\n+\n+    public boolean show(JSONArray inputs, CallbackContext callbackContext) {\n+        plugin.cordova.getActivity().runOnUiThread(new Runnable() {\n+            @Override\n+            public void run() {\n+                showInterstitial();\n+\n+                PluginResult result = new PluginResult(PluginResult.Status.OK, \"\");\n+                callbackContext.sendPluginResult(result);\n+            }\n+        });\n+\n+        return true;\n+    }\n+\n+    private void createAndLoadInterstitial() {\n+        clearInterstitialAd();\n+\n         interstitialAd = new InterstitialAd(plugin.cordova.getActivity());\n         interstitialAd.setAdUnitId(TEST_AD_UNIT_ID);\n \n@@ -59,21 +89,18 @@ public void onAdOpened() {\n \n         AdRequest adRequest = new AdRequest.Builder().build();\n         interstitialAd.loadAd(adRequest);\n+    }\n \n-        PluginResult result = new PluginResult(PluginResult.Status.OK, \"\");\n-        callbackContext.sendPluginResult(result);\n-\n-        return true;\n+    private void clearInterstitialAd() {\n+        if (interstitialAd != null) {\n+            interstitialAd.setAdListener(null);\n+            interstitialAd = null;\n+        }\n     }\n \n-    public boolean show(JSONArray inputs, CallbackContext callbackContext) {\n+    private void showInterstitial() {\n         if (interstitialAd != null && interstitialAd.isLoaded()) {\n             interstitialAd.show();\n         }\n-\n-        PluginResult result = new PluginResult(PluginResult.Status.OK, \"\");\n-        callbackContext.sendPluginResult(result);\n-\n-        return true;\n     }\n }"], "edit": ["-        interstitialAd = null;", "+        clearInterstitialAd();", "+        plugin.cordova.getActivity().runOnUiThread(new Runnable() {", "+            @Override", "+            public void run() {", "+                createAndLoadInterstitial();", "+", "+                PluginResult result = new PluginResult(PluginResult.Status.OK, \"\");", "+                callbackContext.sendPluginResult(result);", "+            }", "+        });", "+", "+        return true;", "+    }", "+", "+    public boolean show(JSONArray inputs, CallbackContext callbackContext) {", "+        plugin.cordova.getActivity().runOnUiThread(new Runnable() {", "+            @Override", "+            public void run() {", "+                showInterstitial();", "+", "+                PluginResult result = new PluginResult(PluginResult.Status.OK, \"\");", "+                callbackContext.sendPluginResult(result);", "+            }", "+        });", "+", "+        return true;", "+    }", "+", "+    private void createAndLoadInterstitial() {", "+        clearInterstitialAd();", "+", "+    }", "-        PluginResult result = new PluginResult(PluginResult.Status.OK, \"\");", "-        callbackContext.sendPluginResult(result);", "-", "-        return true;", "+    private void clearInterstitialAd() {", "+        if (interstitialAd != null) {", "+            interstitialAd.setAdListener(null);", "+            interstitialAd = null;", "+        }", "-    public boolean show(JSONArray inputs, CallbackContext callbackContext) {", "+    private void showInterstitial() {", "-", "-        PluginResult result = new PluginResult(PluginResult.Status.OK, \"\");", "-        callbackContext.sendPluginResult(result);", "-", "-        return true;"], "url": ["https://api.github.com/repos/admob-plus/admob-plus/commits/173d70640c9c95016769d5538e9231263515de05"]}