{"new_feature": "2146,31,17,479,17,0.20", "commitmessage": "Cluster fix new (#480)\n\n* grpc alarm reload fix\r\n\r\n* cluster bug fix\r\n\r\n* cacheservice.properties add to ucore\r\n\r\n* Update UPropertySequenceLoader.java", "patch": ["@@ -7,6 +7,7 @@\n import com.actiontech.dble.config.loader.zkprocess.comm.ConfFileRWUtils;\n import com.alibaba.fastjson.JSONObject;\n \n+\n /**\n  * Created by szf on 2018/1/29.\n  */\n@@ -18,6 +19,8 @@\n \n     private static final String PROPERTIES_SEQUENCE_DB_CONF = \"sequence_db_conf\";\n \n+    private static final String PROPERTIES_CACHESERVER_NAME = \"cacheservice\";\n+\n     private static final String PROPERTIES_SEQUENCE_DISTRIBUTED_CONF = \"sequence_distributed_conf\";\n \n \n@@ -51,15 +54,33 @@ public void notifyProcess(UKvBean configValue) throws Exception {\n                 String sequenceConf = jsonObj.getString(PROPERTIES_SEQUENCE_DISTRIBUTED_CONF);\n                 ConfFileRWUtils.writeFile(PROPERTIES_SEQUENCE_DISTRIBUTED_CONF + PROPERTIES_SUFFIX, sequenceConf);\n             }\n+\n+            if (jsonObj.get(PROPERTIES_CACHESERVER_NAME) != null) {\n+                String sequenceConf = jsonObj.getString(PROPERTIES_CACHESERVER_NAME);\n+                ConfFileRWUtils.writeFile(PROPERTIES_CACHESERVER_NAME + PROPERTIES_SUFFIX, sequenceConf);\n+            }\n         }\n     }\n \n     @Override\n     public void notifyCluster() throws Exception {\n         JSONObject jsonObject = new JSONObject();\n-        jsonObject.put(PROPERTIES_SEQUENCE_CONF, ConfFileRWUtils.readFile(PROPERTIES_SEQUENCE_CONF + PROPERTIES_SUFFIX));\n-        jsonObject.put(PROPERTIES_SEQUENCE_DB_CONF, ConfFileRWUtils.readFile(PROPERTIES_SEQUENCE_DB_CONF + PROPERTIES_SUFFIX));\n-        jsonObject.put(PROPERTIES_SEQUENCE_DISTRIBUTED_CONF, ConfFileRWUtils.readFile(PROPERTIES_SEQUENCE_DISTRIBUTED_CONF + PROPERTIES_SUFFIX));\n+        String cacheService = ConfFileRWUtils.readFileWithOutError(PROPERTIES_CACHESERVER_NAME + PROPERTIES_SUFFIX);\n+        if (cacheService != null && !\"\".equals(cacheService)) {\n+            jsonObject.put(PROPERTIES_CACHESERVER_NAME, cacheService);\n+        }\n+        String sequenceConf = ConfFileRWUtils.readFileWithOutError(PROPERTIES_SEQUENCE_CONF + PROPERTIES_SUFFIX);\n+        if (sequenceConf != null && !\"\".equals(sequenceConf)) {\n+            jsonObject.put(PROPERTIES_SEQUENCE_CONF, sequenceConf);\n+        }\n+        String sequenceDbConf = ConfFileRWUtils.readFileWithOutError(PROPERTIES_SEQUENCE_DB_CONF + PROPERTIES_SUFFIX);\n+        if (sequenceDbConf != null && !\"\".equals(sequenceDbConf)) {\n+            jsonObject.put(PROPERTIES_SEQUENCE_DB_CONF, sequenceDbConf);\n+        }\n+        String sequenceDistributedConf = ConfFileRWUtils.readFileWithOutError(PROPERTIES_SEQUENCE_DISTRIBUTED_CONF + PROPERTIES_SUFFIX);\n+        if (sequenceDistributedConf != null && !\"\".equals(sequenceDistributedConf)) {\n+            jsonObject.put(PROPERTIES_SEQUENCE_DISTRIBUTED_CONF, sequenceDistributedConf);\n+        }\n         ClusterUcoreSender.sendDataToUcore(CONFIG_PATH, jsonObject.toJSONString());\n     }\n ", "@@ -37,6 +37,14 @@ public static String readFile(String name) throws IOException {\n         return mapFileStr.toString();\n     }\n \n+    public static String readFileWithOutError(String name) {\n+        try {\n+            return readFile(name);\n+        } catch (Exception e) {\n+            return \"\";\n+        }\n+    }\n+\n     public static void writeFile(String name, String value) throws IOException {\n         String path = ResourceUtil.getResourcePathFromRoot(ZookeeperPath.ZK_LOCAL_WRITE_PATH.getKey());\n         checkNotNull(path, \"write ecache file curr Path :\" + path + \" is null! It must be not null\");"], "edit": ["+", "+    private static final String PROPERTIES_CACHESERVER_NAME = \"cacheservice\";", "+", "+", "+            if (jsonObj.get(PROPERTIES_CACHESERVER_NAME) != null) {", "+                String sequenceConf = jsonObj.getString(PROPERTIES_CACHESERVER_NAME);", "+                ConfFileRWUtils.writeFile(PROPERTIES_CACHESERVER_NAME + PROPERTIES_SUFFIX, sequenceConf);", "+            }", "-        jsonObject.put(PROPERTIES_SEQUENCE_CONF, ConfFileRWUtils.readFile(PROPERTIES_SEQUENCE_CONF + PROPERTIES_SUFFIX));", "-        jsonObject.put(PROPERTIES_SEQUENCE_DB_CONF, ConfFileRWUtils.readFile(PROPERTIES_SEQUENCE_DB_CONF + PROPERTIES_SUFFIX));", "-        jsonObject.put(PROPERTIES_SEQUENCE_DISTRIBUTED_CONF, ConfFileRWUtils.readFile(PROPERTIES_SEQUENCE_DISTRIBUTED_CONF + PROPERTIES_SUFFIX));", "+        String cacheService = ConfFileRWUtils.readFileWithOutError(PROPERTIES_CACHESERVER_NAME + PROPERTIES_SUFFIX);", "+        if (cacheService != null && !\"\".equals(cacheService)) {", "+            jsonObject.put(PROPERTIES_CACHESERVER_NAME, cacheService);", "+        }", "+        String sequenceConf = ConfFileRWUtils.readFileWithOutError(PROPERTIES_SEQUENCE_CONF + PROPERTIES_SUFFIX);", "+        if (sequenceConf != null && !\"\".equals(sequenceConf)) {", "+            jsonObject.put(PROPERTIES_SEQUENCE_CONF, sequenceConf);", "+        }", "+        String sequenceDbConf = ConfFileRWUtils.readFileWithOutError(PROPERTIES_SEQUENCE_DB_CONF + PROPERTIES_SUFFIX);", "+        if (sequenceDbConf != null && !\"\".equals(sequenceDbConf)) {", "+            jsonObject.put(PROPERTIES_SEQUENCE_DB_CONF, sequenceDbConf);", "+        }", "+        String sequenceDistributedConf = ConfFileRWUtils.readFileWithOutError(PROPERTIES_SEQUENCE_DISTRIBUTED_CONF + PROPERTIES_SUFFIX);", "+        if (sequenceDistributedConf != null && !\"\".equals(sequenceDistributedConf)) {", "+            jsonObject.put(PROPERTIES_SEQUENCE_DISTRIBUTED_CONF, sequenceDistributedConf);", "+        }", "+    public static String readFileWithOutError(String name) {", "+        try {", "+            return readFile(name);", "+        } catch (Exception e) {", "+            return \"\";", "+        }", "+    }", "+"], "url": ["https://api.github.com/repos/actiontech/dble/commits/1844fc1a736cbb6f340af89e5199f92971eea6a5"]}