{"new_feature": "1147,17,0,59,14,0.13", "commitmessage": "FIX #83", "patch": ["@@ -21,31 +21,46 @@\n  */\n package org.github._1c_syntax.bsl.languageserver.diagnostics;\n \n+import org.antlr.v4.runtime.ParserRuleContext;\n import org.antlr.v4.runtime.tree.ParseTree;\n+import org.antlr.v4.runtime.tree.TerminalNode;\n+import org.antlr.v4.runtime.tree.Trees;\n import org.eclipse.lsp4j.DiagnosticSeverity;\n import org.github._1c_syntax.bsl.parser.BSLParser;\n \n+import java.util.stream.Collectors;\n+\n public class SelfAssignDiagnostic extends AbstractVisitorDiagnostic {\n \n   @Override\n   public DiagnosticSeverity getSeverity() {\n-    return DiagnosticSeverity.Error;\n+    return DiagnosticSeverity.Warning;\n   }\n \n   @Override\n   public ParseTree visitAssignment(BSLParser.AssignmentContext ctx) {\n \n     BSLParser.ExpressionContext expression = ctx.expression();\n \n-    if (expression == null){\n+    if (expression == null) {\n       return super.visitAssignment(ctx);\n     }\n \n-    if (ctx.complexIdentifier().getText().equalsIgnoreCase(expression.getText())){\n+    if (ctx.complexIdentifier().getText().equalsIgnoreCase(expression.getText())\n+      && getDescebdatnsCount(ctx.complexIdentifier()) == getDescebdatnsCount(expression)) {\n       addDiagnostic(ctx);\n     }\n \n     return super.visitAssignment(ctx);\n   }\n \n+  private static int getDescebdatnsCount(ParserRuleContext tree) {\n+\n+    return Trees.getDescendants(tree).stream()\n+      .filter(node -> (node instanceof TerminalNode))\n+      .collect(Collectors.toList())\n+      .size();\n+\n+  }\n+\n }", "@@ -6,3 +6,5 @@ A = 1;\n \n \u0421\u0442\u0440\u0443\u043a\u0442\u0443\u0440\u0430.\u0427\u0442\u043e\u0442\u043e = \u0421\u0442\u0440\u0443\u043a\u0442\u0443\u0440\u0430.\u0427\u0442\u043e\u0442\u043e\u0414\u0440\u0443\u0433\u043e\u0435;\n \u0421\u0442\u0440\u0443\u043a\u0442\u0443\u0440\u0430.\u0427\u0442\u043e\u0442\u043e = \u0421\u0442\u0440\u0443\u041a\u0442\u0443\u0440\u0430.\u0427\u0422\u043e\u0442\u043e; // \u0414\u0432\u0430\n+\n+\u041d\u043e\u0432\u044b\u0439\u0423\u043d\u0438\u043a\u0430\u043b\u044c\u043d\u044b\u0439\u0418\u0434\u0435\u043d\u0442\u0438\u0444\u0438\u043a\u0430\u0442\u043e\u0440 = \u041d\u043e\u0432\u044b\u0439 \u0423\u043d\u0438\u043a\u0430\u043b\u044c\u043d\u044b\u0439\u0418\u0434\u0435\u043d\u0442\u0438\u0444\u0438\u043a\u0430\u0442\u043e\u0440;"], "edit": ["+import org.antlr.v4.runtime.ParserRuleContext;", "+import org.antlr.v4.runtime.tree.TerminalNode;", "+import org.antlr.v4.runtime.tree.Trees;", "+import java.util.stream.Collectors;", "+", "-    return DiagnosticSeverity.Error;", "+    return DiagnosticSeverity.Warning;", "-    if (expression == null){", "+    if (expression == null) {", "-    if (ctx.complexIdentifier().getText().equalsIgnoreCase(expression.getText())){", "+    if (ctx.complexIdentifier().getText().equalsIgnoreCase(expression.getText())", "+      && getDescebdatnsCount(ctx.complexIdentifier()) == getDescebdatnsCount(expression)) {", "+  private static int getDescebdatnsCount(ParserRuleContext tree) {", "+", "+    return Trees.getDescendants(tree).stream()", "+      .filter(node -> (node instanceof TerminalNode))", "+      .collect(Collectors.toList())", "+      .size();", "+", "+  }", "+", "+", "+\u041d\u043e\u0432\u044b\u0439\u0423\u043d\u0438\u043a\u0430\u043b\u044c\u043d\u044b\u0439\u0418\u0434\u0435\u043d\u0442\u0438\u0444\u0438\u043a\u0430\u0442\u043e\u0440 = \u041d\u043e\u0432\u044b\u0439 \u0423\u043d\u0438\u043a\u0430\u043b\u044c\u043d\u044b\u0439\u0418\u0434\u0435\u043d\u0442\u0438\u0444\u0438\u043a\u0430\u0442\u043e\u0440;"], "url": ["https://api.github.com/repos/1c-syntax/bsl-language-server/commits/18ab98b0a636b0b37b25b8bb9edabad3bf44aa16"]}