{"new_feature": "4880,99,0,51,8,0.21", "commitmessage": "word cloud renderer error fixes. and instructions.", "patch": ["@@ -115,13 +115,15 @@\n \n   private String host;\n   private Integer port;\n+  private String database;\n   private MongoDB bingDb;\n   private Set<String> inchisSet;\n   private File assetLocation;\n \n   public WordCloudGenerator(String host, Integer port, String database, String assetLocation, String rScriptExePath) {\n     this.host = host;\n     this.port = port;\n+    this.database = database;\n     this.bingDb = new MongoDB(host, port, database);\n     this.inchisSet = getBingInchis();\n     this.assetLocation = new File(assetLocation);\n@@ -188,7 +190,7 @@ public File generateWordCloud(String inchi) {\n         ProcessRunner.runProcess(\n             rScriptExePath,\n             // TODO: remove hardcoded database from R script\n-            Arrays.asList(rScript.getAbsolutePath(), inchi, wordcloud.getAbsolutePath(), host, port.toString()),\n+            Arrays.asList(rScript.getAbsolutePath(), inchi, wordcloud.getAbsolutePath(), host, port.toString(), database),\n             CHILD_PROCESS_TIMEOUT_IN_SECONDS);\n         FileChecker.verifyInputFile(wordcloud);\n       } catch (IOException e) {", "@@ -7,9 +7,9 @@ input.inchi <- kArgs[1]\n output.file <- kArgs[2]\n host <- kArgs[3]\n port <- kArgs[4]\n+databaseName <- kArgs[5] # \"SHOULD_COME_FROM_CMDLINE\" # \"jarvis_2016-12-09\"\n \n options(mongodb = list(\"host\" = paste(host, port, sep = \":\")))\n-databaseName <- \"jarvis_2016-12-09\"\n collectionName <- \"chemicals\"\n \n db <- mongo(collection = collectionName,", "@@ -136,7 +136,25 @@ them to be recognized by the loader.  We cut out the InChIs from the reachables\n loader.  Note that Bing data must have been made available to the installer in the first step and the Bing search cache\n be available for this process to work.\n \n-For this step we need R to be installed (specially `/usr/bin/Rscript`). Use `sudo apt-get install r-base` if needed.\n+For this step we need R to be installed (specially `/usr/bin/Rscript`). Do the following if needed:\n+```\n+# install >3.3.1 version of R:\n+# instructions from https://www.digitalocean.com/community/tutorials/how-to-install-r-on-ubuntu-16-04-2\n+$ sudo apt-key adv --keyserver keyserver.ubuntu.com --recv-keys E298A3A825C0D65DFD57CBB651716619E084DAB9\n+$ sudo add-apt-repository 'deb [arch=amd64,i386] https://cran.rstudio.com/bin/linux/ubuntu xenial/'\n+$ sudo apt-get update\n+$ sudo apt-get install r-base\n+\n+# install dependency libraries needed by R install.packages below\n+$ sudo apt-get install libssl-dev\n+$ sudo apt-get install libsasl2-dev\n+\n+# install reqd R package dependencies (also ensure R version is >3.3.1)\n+$ sudo -i R\n+> install.packages(\"mongolite\")\n+> install.packages(\"slam\")\n+> install.packages(\"wordcloud\")\n+```\n \n ```\n $ cut -d$'\\t' -f 3 reachables-${today}/r-${today}.reachables.txt >  reachables-${today}/r-${today}.reachables.just_inchis.txt"], "edit": ["+  private String database;", "+    this.database = database;", "-            Arrays.asList(rScript.getAbsolutePath(), inchi, wordcloud.getAbsolutePath(), host, port.toString()),", "+            Arrays.asList(rScript.getAbsolutePath(), inchi, wordcloud.getAbsolutePath(), host, port.toString(), database),", "+databaseName <- kArgs[5] # \"SHOULD_COME_FROM_CMDLINE\" # \"jarvis_2016-12-09\"", "-databaseName <- \"jarvis_2016-12-09\"", "-For this step we need R to be installed (specially `/usr/bin/Rscript`). Use `sudo apt-get install r-base` if needed.", "+For this step we need R to be installed (specially `/usr/bin/Rscript`). Do the following if needed:", "+```", "+# install >3.3.1 version of R:", "+# instructions from https://www.digitalocean.com/community/tutorials/how-to-install-r-on-ubuntu-16-04-2", "+$ sudo apt-key adv --keyserver keyserver.ubuntu.com --recv-keys E298A3A825C0D65DFD57CBB651716619E084DAB9", "+$ sudo add-apt-repository 'deb [arch=amd64,i386] https://cran.rstudio.com/bin/linux/ubuntu xenial/'", "+$ sudo apt-get update", "+$ sudo apt-get install r-base", "+", "+# install dependency libraries needed by R install.packages below", "+$ sudo apt-get install libssl-dev", "+$ sudo apt-get install libsasl2-dev", "+", "+# install reqd R package dependencies (also ensure R version is >3.3.1)", "+$ sudo -i R", "+> install.packages(\"mongolite\")", "+> install.packages(\"slam\")", "+> install.packages(\"wordcloud\")", "+```"], "url": ["https://api.github.com/repos/20n/act/commits/18b00c1562681dc4c2ac2ce1ebfaecaac65e7e49"]}