{"new_feature": "34,1,0,105,1,1.00", "commitmessage": "test and fix", "patch": ["@@ -1,6 +1,7 @@\n package com.zht.baseproject;\n \n import android.app.Application;\n+import android.os.Build;\n import android.os.Handler;\n \n import com.zht.baseproject.utils.FileUtils;\n@@ -27,8 +28,11 @@ public void onCreate() {\n         //\u8bbe\u7f6e\u662f\u5426\u6253\u5370\u65e5\u5fd7\n         LogUtils.setIsLog(BuildConfig.LOG_DEBUG);\n \n-        //\u521b\u5efa\u5e94\u7528\u5bf9\u5e94\u7684\u6587\u4ef6\u5939\n-        FileUtils.init(this);\n+        //\u57286.0(M)\u7248\u672c\u4e0b\u76f4\u63a5\u521b\u5efa\u5e94\u7528\u5bf9\u5e94\u7684\u6587\u4ef6\u5939\n+        //\u57286.0(M)\u7248\u672c\u4ee5\u4e0a\u7684\u9700\u8981\u5148\u8fdb\u884c\u6743\u9650\u7533\u8bf7\n+        if (Build.VERSION.SDK_INT < Build.VERSION_CODES.M) {\n+            FileUtils.init(this);\n+        }\n     }\n \n     public static App getApplication() {", "@@ -214,7 +214,7 @@ public static void requestPermissions(String[] permissions, PermissionListener l\n \n         mPermissionListener = listener;\n         List<String> permissionList = new ArrayList<>();\n-        for (String permission : permissionList) {\n+        for (String permission : permissions) {\n             //\u6743\u9650\u6ca1\u6709\u6388\u6743\n             if (ContextCompat.checkSelfPermission(activity, permission) != PackageManager.PERMISSION_GRANTED) {\n                 permissionList.add(permission);", "@@ -6,18 +6,9 @@\n \n import com.zht.baseproject.R;\n import com.zht.baseproject.base.BaseActivity;\n-import com.zht.baseproject.entity.GankEntity;\n-import com.zht.baseproject.http.HttpFactory;\n-import com.zht.baseproject.http.HttpResult;\n-import com.zht.baseproject.http.HttpTransformer;\n-import com.zht.baseproject.utils.LogUtils;\n-\n-import java.util.List;\n \n import butterknife.BindView;\n import butterknife.OnClick;\n-import rx.Subscriber;\n-import rx.functions.Action0;\n \n public class MainActivity extends BaseActivity {\n \n@@ -38,7 +29,7 @@ protected int getLayoutId() {\n     @Override\n     protected void afterCreate(Bundle savedInstanceState) {\n \n-        HttpFactory.getHttpApiSingleton()\n+        /*HttpFactory.getHttpApiSingleton()\n                 .getCategoryData(\"Android\", 10, 1)\n                 .compose(new HttpTransformer<HttpResult<List<GankEntity>>, List<GankEntity>>())\n                 .doOnSubscribe(new Action0() {\n@@ -64,7 +55,7 @@ public void onError(Throwable e) {\n                     public void onNext(List<GankEntity> gankEntities) {\n \n                     }\n-                });\n+                });*/\n \n     }\n ", "@@ -22,8 +22,6 @@\n \n     private static final String CACHE = \"/cache/\";\n \n-    private static final String IMAGE = \"/image/\";\n-\n     /**\n      * \u5728\u521d\u59cb\u5316\u65f6\u521b\u5efaAPP\u6240\u9700\u8981\u7684\u57fa\u7840\u6587\u4ef6\u5939\n      * \u57286.0\u4ee5\u4e0a\u7248\u672c\u65f6\u9700\u8981\u8fdb\u884c\u6743\u9650\u7533\u8bf7\n@@ -32,7 +30,6 @@\n     public static void init(Context context) {\n         LogUtils.d(TAG, \"Root path is \" + ROOT_PATH);\n         createFileDir(context, CACHE);\n-        createFileDir(context, IMAGE);\n     }\n \n     /**"], "edit": ["+import android.os.Build;", "-        //\u521b\u5efa\u5e94\u7528\u5bf9\u5e94\u7684\u6587\u4ef6\u5939", "-        FileUtils.init(this);", "+        //\u57286.0(M)\u7248\u672c\u4e0b\u76f4\u63a5\u521b\u5efa\u5e94\u7528\u5bf9\u5e94\u7684\u6587\u4ef6\u5939", "+        //\u57286.0(M)\u7248\u672c\u4ee5\u4e0a\u7684\u9700\u8981\u5148\u8fdb\u884c\u6743\u9650\u7533\u8bf7", "+        if (Build.VERSION.SDK_INT < Build.VERSION_CODES.M) {", "+            FileUtils.init(this);", "+        }", "-        for (String permission : permissionList) {", "+        for (String permission : permissions) {", "-import com.zht.baseproject.entity.GankEntity;", "-import com.zht.baseproject.http.HttpFactory;", "-import com.zht.baseproject.http.HttpResult;", "-import com.zht.baseproject.http.HttpTransformer;", "-import com.zht.baseproject.utils.LogUtils;", "-", "-import java.util.List;", "-import rx.Subscriber;", "-import rx.functions.Action0;", "-        HttpFactory.getHttpApiSingleton()", "+        /*HttpFactory.getHttpApiSingleton()", "-                });", "+                });*/", "-    private static final String IMAGE = \"/image/\";", "-", "-        createFileDir(context, IMAGE);"], "url": ["https://api.github.com/repos/AlarmZeng/BaseProject/commits/209dfca75d528a3a2463587f55606c214050a83d"]}