{"new_feature": "216,3,0,256,8,0.01", "commitmessage": "Added annotations + formatting fixes", "patch": ["@@ -21,6 +21,7 @@\n  */\n public class SecurePreferences {\n     private static final String KEY_SHARED_PREFERENCES_NAME = \"SecurePreferences\";\n+    private static final String KEY_SET_COUNT_POSTFIX = \"_count\";\n \n     @RequiresApi(Build.VERSION_CODES.JELLY_BEAN_MR2)\n     public static void setValue(@NonNull String key,\n@@ -63,12 +64,12 @@ public static void setValue(@NonNull String key, int value,\n     }\n \n     @RequiresApi(Build.VERSION_CODES.JELLY_BEAN_MR2)\n-    public static void setValue(@NonNull String key, Set<String> value,\n+    public static void setValue(@NonNull String key, @NonNull Set<String> value,\n                                 @NonNull Context context) throws CryptoException {\n-        setValue(key + \"_cnt\", String.valueOf(value.size()), context);\n+        setValue(key + KEY_SET_COUNT_POSTFIX, String.valueOf(value.size()), context);\n \n         int i = 0;\n-        for(String s : value) {\n+        for (String s : value) {\n             setValue(key + \"_\" + (i++), s, context);\n         }\n     }\n@@ -105,15 +106,18 @@ public static int getIntValue(@NonNull String key, @NonNull Context context, int\n         return Integer.parseInt(getStringValue(key, context, String.valueOf(defValue)));\n     }\n \n-    public static Set<String> getStringSetValue(@NonNull String key, @NonNull Context context, Set<String> defValue) {\n-        int size = getIntValue(key + \"_cnt\", context, -1);\n+    @NonNull\n+    public static Set<String> getStringSetValue(@NonNull String key,\n+                                                @NonNull Context context,\n+                                                @NonNull Set<String> defValue) {\n+        int size = getIntValue(key + KEY_SET_COUNT_POSTFIX, context, -1);\n \n-        if(size == -1) {\n+        if (size == -1) {\n             return defValue;\n         }\n \n         Set<String> res = new HashSet<>(size);\n-        for(int i = 0; i < size; i++) {\n+        for (int i = 0; i < size; i++) {\n             res.add(getStringValue(key + \"_\" + i, context, \"\"));\n         }\n "], "edit": ["+    private static final String KEY_SET_COUNT_POSTFIX = \"_count\";", "-    public static void setValue(@NonNull String key, Set<String> value,", "+    public static void setValue(@NonNull String key, @NonNull Set<String> value,", "-        setValue(key + \"_cnt\", String.valueOf(value.size()), context);", "+        setValue(key + KEY_SET_COUNT_POSTFIX, String.valueOf(value.size()), context);", "-        for(String s : value) {", "+        for (String s : value) {", "-    public static Set<String> getStringSetValue(@NonNull String key, @NonNull Context context, Set<String> defValue) {", "-        int size = getIntValue(key + \"_cnt\", context, -1);", "+    @NonNull", "+    public static Set<String> getStringSetValue(@NonNull String key,", "+                                                @NonNull Context context,", "+                                                @NonNull Set<String> defValue) {", "+        int size = getIntValue(key + KEY_SET_COUNT_POSTFIX, context, -1);", "-        if(size == -1) {", "+        if (size == -1) {", "-        for(int i = 0; i < size; i++) {", "+        for (int i = 0; i < size; i++) {"], "url": ["https://api.github.com/repos/adorsys/secure-storage-android/commits/2107c86876da75c56b1db26bb7bac4111686d564"]}