{"new_feature": "4880,99,0,51,8,0.25", "commitmessage": "fixes incorrectly activated abstract reactions bug", "patch": ["@@ -1,26 +1,22 @@\n package com.act.reachables;\n \n-import java.io.File;\n-import java.util.HashMap;\n-import java.util.List;\n-import java.util.Set;\n-\n-import act.shared.Chemical;\n-import act.shared.Reaction;\n import org.apache.commons.lang3.tuple.Pair;\n \n-import java.io.Serializable;\n-import java.io.IOException;\n-import java.io.FileInputStream;\n-import java.io.FileOutputStream;\n-import java.io.ObjectInputStream;\n import java.io.BufferedInputStream;\n import java.io.BufferedOutputStream;\n+import java.io.FileInputStream;\n+import java.io.FileOutputStream;\n+import java.io.IOException;\n import java.io.InputStream;\n-import java.io.OutputStream;\n-import java.io.ObjectOutputStream;\n import java.io.ObjectInput;\n+import java.io.ObjectInputStream;\n import java.io.ObjectOutput;\n+import java.io.ObjectOutputStream;\n+import java.io.OutputStream;\n+import java.io.Serializable;\n+import java.util.HashMap;\n+import java.util.List;\n+import java.util.Set;\n \n public class ActData implements Serializable {\n   private static final long serialVersionUID = -1016179639411233872L;\n@@ -101,9 +97,6 @@ public static ActData instance() {\n   }\n \n   public void serialize(String toFile) {\n-    // Create directories\n-    new File(toFile).mkdirs();\n-\n     try {\n       OutputStream file = new FileOutputStream(toFile);\n       OutputStream buffer = new BufferedOutputStream(file);", "@@ -21,8 +21,6 @@\n import java.util.regex.Pattern;\n import java.util.stream.Collectors;\n \n-import static org.apache.jena.system.JenaSystem.forEach;\n-\n public class LoadAct extends SteppedTask {\n   // Constants\n   private static String _fileloc = \"com.act.reachables.LoadAct\";\n@@ -365,6 +363,7 @@ private static void logProgress(String msg) {\n \n       // pull whatever is in the DB\n       List<Chemical> cs = this.db.getCofactorChemicals();\n+      // TODO Add filter for chemicals w/o inchis\n       for (Chemical c : cs)\n         cofactor_ids.add(c.getUuid());\n ", "@@ -166,7 +166,13 @@ object reachables {\n     }\n \n     val outputDirectory = outputFile match {\n-      case Some(x) => outputFile.get\n+      case Some(x) => {\n+        val gottenDir = new File(outputFile.get)\n+        if (!gottenDir.exists()) {\n+          gottenDir.mkdirs()\n+        }\n+        gottenDir.getAbsolutePath\n+      }\n       case None => null\n     }\n "], "edit": ["-import java.io.File;", "-import java.util.HashMap;", "-import java.util.List;", "-import java.util.Set;", "-", "-import act.shared.Chemical;", "-import act.shared.Reaction;", "-import java.io.Serializable;", "-import java.io.IOException;", "-import java.io.FileInputStream;", "-import java.io.FileOutputStream;", "-import java.io.ObjectInputStream;", "+import java.io.FileInputStream;", "+import java.io.FileOutputStream;", "+import java.io.IOException;", "-import java.io.OutputStream;", "-import java.io.ObjectOutputStream;", "+import java.io.ObjectInputStream;", "+import java.io.ObjectOutputStream;", "+import java.io.OutputStream;", "+import java.io.Serializable;", "+import java.util.HashMap;", "+import java.util.List;", "+import java.util.Set;", "-    // Create directories", "-    new File(toFile).mkdirs();", "-", "-import static org.apache.jena.system.JenaSystem.forEach;", "-", "+      // TODO Add filter for chemicals w/o inchis", "-      case Some(x) => outputFile.get", "+      case Some(x) => {", "+        val gottenDir = new File(outputFile.get)", "+        if (!gottenDir.exists()) {", "+          gottenDir.mkdirs()", "+        }", "+        gottenDir.getAbsolutePath", "+      }"], "url": ["https://api.github.com/repos/20n/act/commits/22140f963b87db392da1289278ebadcd684149f0"]}