{"new_feature": "72,1,0,70,1,1.00", "commitmessage": "bug fixes\n\nclose #4", "patch": ["@@ -6,8 +6,8 @@ android {\n         applicationId \"com.aa65535.tabikaeruarchivemodifier\"\n         minSdkVersion 15\n         targetSdkVersion 27\n-        versionCode 37\n-        versionName \"2.3.9\"\n+        versionCode 38\n+        versionName \"2.3.10\"\n     }\n     signingConfigs {\n         config {", "@@ -3,6 +3,8 @@\n import android.app.Activity;\n import android.content.Context;\n import android.content.DialogInterface;\n+import android.content.pm.ApplicationInfo;\n+import android.content.pm.PackageInfo;\n import android.content.pm.PackageManager;\n import android.os.Bundle;\n import android.os.Environment;\n@@ -19,7 +21,6 @@\n import android.view.MenuItem;\n import android.view.View;\n import android.view.ViewGroup;\n-import android.view.Window;\n import android.widget.EditText;\n import android.widget.SeekBar;\n import android.widget.SeekBar.OnSeekBarChangeListener;\n@@ -34,10 +35,10 @@\n import com.aa65535.tabikaeruarchivemodifier.utils.AlbumsExporter.OnProgressListener;\n \n import java.io.File;\n-import java.io.FileFilter;\n import java.io.FileNotFoundException;\n import java.lang.ref.WeakReference;\n import java.util.Calendar;\n+import java.util.List;\n import java.util.Locale;\n \n import es.dmoral.toasty.Toasty;\n@@ -74,16 +75,16 @@ protected void onCreate(Bundle savedInstanceState) {\n     }\n \n     private File findArchive(File dataDir) throws FileNotFoundException {\n-        File[] pkgDirs = dataDir.listFiles(new FileFilter() {\n-            @Override\n-            public boolean accept(File pathname) {\n-                return pathname.isDirectory() && pathname.getName().startsWith(\"jp.co.hit_point\");\n-            }\n-        });\n-        for (File dir : pkgDirs) {\n-            File file = new File(dir, \"files/Tabikaeru.sav\");\n-            if (file.exists()) {\n-                return file;\n+        List<PackageInfo> installedPackages = getPackageManager().getInstalledPackages(0);\n+        for (PackageInfo packageInfo : installedPackages) {\n+            if ((packageInfo.applicationInfo.flags & ApplicationInfo.FLAG_SYSTEM) == 0) {\n+                String packageName = packageInfo.packageName;\n+                if (packageName.startsWith(\"jp.co.hit_point\")) {\n+                    File file = new File(dataDir, packageName + \"/files/Tabikaeru.sav\");\n+                    if (file.exists()) {\n+                        return file;\n+                    }\n+                }\n             }\n         }\n         throw new FileNotFoundException(\"archive file not found.\");\n@@ -188,7 +189,7 @@ public void onLoaded(GameData gameData) {\n         for (int i = 0; i < dataBinderList.size(); i++) {\n             dataBinderList.valueAt(i).setValue();\n         }\n-        getWindow().invalidatePanelMenu(Window.FEATURE_OPTIONS_PANEL);\n+        invalidateOptionsMenu();\n     }\n \n     @NonNull"], "edit": ["-        versionCode 37", "-        versionName \"2.3.9\"", "+        versionCode 38", "+        versionName \"2.3.10\"", "+import android.content.pm.ApplicationInfo;", "+import android.content.pm.PackageInfo;", "-import android.view.Window;", "-import java.io.FileFilter;", "+import java.util.List;", "-        File[] pkgDirs = dataDir.listFiles(new FileFilter() {", "-            @Override", "-            public boolean accept(File pathname) {", "-                return pathname.isDirectory() && pathname.getName().startsWith(\"jp.co.hit_point\");", "-            }", "-        });", "-        for (File dir : pkgDirs) {", "-            File file = new File(dir, \"files/Tabikaeru.sav\");", "-            if (file.exists()) {", "-                return file;", "+        List<PackageInfo> installedPackages = getPackageManager().getInstalledPackages(0);", "+        for (PackageInfo packageInfo : installedPackages) {", "+            if ((packageInfo.applicationInfo.flags & ApplicationInfo.FLAG_SYSTEM) == 0) {", "+                String packageName = packageInfo.packageName;", "+                if (packageName.startsWith(\"jp.co.hit_point\")) {", "+                    File file = new File(dataDir, packageName + \"/files/Tabikaeru.sav\");", "+                    if (file.exists()) {", "+                        return file;", "+                    }", "+                }", "-        getWindow().invalidatePanelMenu(Window.FEATURE_OPTIONS_PANEL);", "+        invalidateOptionsMenu();"], "url": ["https://api.github.com/repos/aa65535/TabikaeruArchiveModifier/commits/22c9e7ab12b314a40102037602cacd077bd50013"]}