{"new_feature": "852,1,0,121,25,0.01", "commitmessage": "[codec] remove the 'structs must be final' check\n\nSummary:\n\n1. The requirement is unnecessary. Swift operates fine without it\n(except in one circumstance with exceptions, fixed in the followup\ndiff.)\n\n2. It breaks some valid usage patterns, like subclassing ThriftStructs\nwith implementation-internal fields, or using ThriftStructs as mocks or\nspies in mockito.\n\n3. It's unconventional, from both a Java perspective and from the\nperspective of most (if not all) other implementations of Thrift in OO\nlanguages.\n\n4. The original motivation for adding the requirement was because\nswift-generator wanted to add equals and hashCode, and final is required\n(in some sense) to make those make sense. However, putting the\nrestriction in swift-codec is unnecessary; it's sufficient for\nswift-generator to declare the structs it generates as final (and it\ndoes.)\n\nTest Plan: Unit tests included. Also, works in a larger project.\n\nReviewers: alandau, andrewcox, haijunz, dphillips\n\nCC:", "patch": ["@@ -67,7 +67,6 @@\n import static com.google.common.collect.Lists.newArrayList;\n import static com.google.common.collect.Lists.newArrayListWithCapacity;\n import static com.google.common.collect.Sets.newTreeSet;\n-\n import static java.util.Arrays.asList;\n \n @NotThreadSafe\n@@ -178,9 +177,6 @@ protected final void verifyClass(Class<? extends Annotation> annotation)\n         if (!Modifier.isPublic(getStructClass().getModifiers())) {\n             metadataErrors.addError(\"%s class '%s' is not public\", annotationName, structClassName);\n         }\n-        if (!Modifier.isFinal(getStructClass().getModifiers())) {\n-            metadataErrors.addError(\"%s class '%s' is not final (thrift does not support polymorphic data types)\", annotationName, structClassName);\n-        }\n \n         if (!getStructClass().isAnnotationPresent(annotation)) {\n             metadataErrors.addError(\"%s class '%s' does not have a @%s annotation\", annotationName, structClassName, annotationName);", "@@ -339,4 +339,16 @@ public void setFoo(int value)\n         {\n         }\n     }\n+\n+    @Test\n+    public void testNonFinalStructsOk()\n+    {\n+        ThriftStructMetadataBuilder builder = new ThriftStructMetadataBuilder(new ThriftCatalog(), NotFinalStruct.class);\n+        builder.build();\n+    }\n+\n+    @ThriftStruct\n+    public static class NotFinalStruct\n+    {\n+    }\n }", "@@ -18,7 +18,6 @@\n import com.facebook.swift.codec.ThriftField;\n import com.facebook.swift.codec.ThriftUnion;\n import com.facebook.swift.codec.ThriftUnionId;\n-\n import org.testng.annotations.Test;\n \n import java.util.concurrent.locks.Lock;\n@@ -232,4 +231,17 @@ public void setFoo(short value)\n         {\n         }\n     }\n+\n+    @Test\n+    public void testNonFinalUnionOk()\n+    {\n+        ThriftUnionMetadataBuilder builder = new ThriftUnionMetadataBuilder(new ThriftCatalog(), NotFinalUnion.class);\n+        builder.build();\n+    }\n+\n+    @ThriftUnion\n+    public static class NotFinalUnion\n+    {\n+        @ThriftUnionId public short id;\n+    }\n }"], "edit": ["-", "-        if (!Modifier.isFinal(getStructClass().getModifiers())) {", "-            metadataErrors.addError(\"%s class '%s' is not final (thrift does not support polymorphic data types)\", annotationName, structClassName);", "-        }", "+", "+    @Test", "+    public void testNonFinalStructsOk()", "+    {", "+        ThriftStructMetadataBuilder builder = new ThriftStructMetadataBuilder(new ThriftCatalog(), NotFinalStruct.class);", "+        builder.build();", "+    }", "+", "+    @ThriftStruct", "+    public static class NotFinalStruct", "+    {", "+    }", "-", "+", "+    @Test", "+    public void testNonFinalUnionOk()", "+    {", "+        ThriftUnionMetadataBuilder builder = new ThriftUnionMetadataBuilder(new ThriftCatalog(), NotFinalUnion.class);", "+        builder.build();", "+    }", "+", "+    @ThriftUnion", "+    public static class NotFinalUnion", "+    {", "+        @ThriftUnionId public short id;", "+    }"], "url": ["https://api.github.com/repos/airlift/drift/commits/243fa41166f826543db11faa046429c8e16b7d26"]}