{"new_feature": "1029,4,0,66,10,0.62", "commitmessage": "Faban-16: RunID marker file placed into wrong directory. Fixed.", "patch": ["@@ -300,14 +300,7 @@ private void parseRequestedServices(ParamRepository par)\n             for (int j = 0; j < serviceCount; j++) {\n                 Element serviceElement = (Element) serviceNodes.item(j);\n                 String serviceName = par.getParameter(\"fh:name\",\n-                                                        serviceElement);\n-                \n-                File runIdFile = new File(Config.SERVICE_DIR +\n-                                serviceName + File.separator +\n-                                \"META-INF\" + File.separator + \"RunID\");\n-                FileWriter wFile = new FileWriter(runIdFile);\n-                wFile.write(run.getRunId());\n-                wFile.close();\n+                                                        serviceElement);                \n                 Node configNode = par.getNode(\"fh:config\", serviceElement);\n                 Properties properties = new Properties();\n                 NodeList propsList = configNode.getChildNodes();\n@@ -322,6 +315,18 @@ private void parseRequestedServices(ParamRepository par)\n                     }\n                 }\n                 ServiceDescription sd = serviceMap.get(serviceName);\n+\n+                // Benchmarks get loaded automatically and have their checks.\n+                // We need to mark a service only in the services directory.\n+                if (\"services\".equals(sd.locationType)) {\n+                    File runIdFile = new File(Config.SERVICE_DIR +\n+                                sd.location + File.separator +\n+                                \"META-INF\" + File.separator + \"RunID\");\n+                    FileWriter wFile = new FileWriter(runIdFile);\n+                    wFile.write(run.getRunId());\n+                    wFile.close();\n+                }\n+\n                 ServiceContext ctx =\n                         new ServiceContext(sd, par, ti, properties);\n                 ctxList.add(ctx);"], "edit": ["-                                                        serviceElement);", "-", "-                File runIdFile = new File(Config.SERVICE_DIR +", "-                                serviceName + File.separator +", "-                                \"META-INF\" + File.separator + \"RunID\");", "-                FileWriter wFile = new FileWriter(runIdFile);", "-                wFile.write(run.getRunId());", "-                wFile.close();", "+                                                        serviceElement);", "+", "+                // Benchmarks get loaded automatically and have their checks.", "+                // We need to mark a service only in the services directory.", "+                if (\"services\".equals(sd.locationType)) {", "+                    File runIdFile = new File(Config.SERVICE_DIR +", "+                                sd.location + File.separator +", "+                                \"META-INF\" + File.separator + \"RunID\");", "+                    FileWriter wFile = new FileWriter(runIdFile);", "+                    wFile.write(run.getRunId());", "+                    wFile.close();", "+                }", "+"], "url": ["https://api.github.com/repos/akara/faban/commits/251ab892abf91c530b9ce779e90de5b4a04a0f1c"]}