{"new_feature": "240,3,41,177,30,0.00", "commitmessage": "Fixed alias for bucket name in InitiateMultipartUploadResult + updated multipart upload integration test", "patch": ["@@ -23,7 +23,7 @@\n  */\n @XStreamAlias(\"InitiateMultipartUploadResult\")\n public class InitiateMultipartUploadResult {\n-  @XStreamAlias(\"Bucketname\")\n+  @XStreamAlias(\"Bucket\")\n   private final String bucketName;\n \n   @XStreamAlias(\"Key\")", "@@ -581,8 +581,8 @@ public void shouldPassUserMetadataWithMultipartUploads() {\n     final String uploadId = initiateMultipartUploadResult.getUploadId();\n \n     final UploadPartResult uploadPartResult = s3Client.uploadPart(new UploadPartRequest()\n-        .withBucketName(BUCKET_NAME)\n-        .withKey(UPLOAD_FILE_NAME)\n+        .withBucketName(initiateMultipartUploadResult.getBucketName())\n+        .withKey(initiateMultipartUploadResult.getKey())\n         .withUploadId(uploadId)\n         .withFile(uploadFile)\n         .withFileOffset(0)\n@@ -591,11 +591,16 @@ public void shouldPassUserMetadataWithMultipartUploads() {\n         .withLastPart(true));\n \n     final List<PartETag> partETags = singletonList(uploadPartResult.getPartETag());\n-    s3Client.completeMultipartUpload(\n-        new CompleteMultipartUploadRequest(BUCKET_NAME, UPLOAD_FILE_NAME, uploadId, partETags));\n-\n-    final ObjectMetadata metadataExisting =\n-        s3Client.getObjectMetadata(BUCKET_NAME, UPLOAD_FILE_NAME);\n+    s3Client.completeMultipartUpload(new CompleteMultipartUploadRequest(\n+        initiateMultipartUploadResult.getBucketName(),\n+        initiateMultipartUploadResult.getKey(),\n+        initiateMultipartUploadResult.getUploadId(),\n+        partETags\n+    ));\n+\n+    final ObjectMetadata metadataExisting = s3Client.getObjectMetadata(\n+        initiateMultipartUploadResult.getBucketName(), initiateMultipartUploadResult.getKey()\n+    );\n \n     assertThat(\"User metadata should be identical!\", metadataExisting.getUserMetadata(),\n         is(equalTo(objectMetadata.getUserMetadata())));"], "edit": ["-  @XStreamAlias(\"Bucketname\")", "+  @XStreamAlias(\"Bucket\")", "-        .withBucketName(BUCKET_NAME)", "-        .withKey(UPLOAD_FILE_NAME)", "+        .withBucketName(initiateMultipartUploadResult.getBucketName())", "+        .withKey(initiateMultipartUploadResult.getKey())", "-    s3Client.completeMultipartUpload(", "-        new CompleteMultipartUploadRequest(BUCKET_NAME, UPLOAD_FILE_NAME, uploadId, partETags));", "-", "-    final ObjectMetadata metadataExisting =", "-        s3Client.getObjectMetadata(BUCKET_NAME, UPLOAD_FILE_NAME);", "+    s3Client.completeMultipartUpload(new CompleteMultipartUploadRequest(", "+        initiateMultipartUploadResult.getBucketName(),", "+        initiateMultipartUploadResult.getKey(),", "+        initiateMultipartUploadResult.getUploadId(),", "+        partETags", "+    ));", "+", "+    final ObjectMetadata metadataExisting = s3Client.getObjectMetadata(", "+        initiateMultipartUploadResult.getBucketName(), initiateMultipartUploadResult.getKey()", "+    );"], "url": ["https://api.github.com/repos/adobe/S3Mock/commits/2606b9c379cfe298bf0a2910ccf648788a6feac7"]}