{"new_feature": "260,8,0,54,5,0.57", "commitmessage": "fix(domain model): Fix bug with required fields in entities", "patch": ["@@ -17,19 +17,16 @@\n      * An id of the note.\n      */\n     @PrimaryKey\n-    @Required\n     private String id;\n \n     /**\n      * A name or a title of the entity.\n      */\n-    @Required\n     private String title;\n     /**\n      * A date of the model's creation.\n      * TODO: find out format of time\n      */\n-    @Required\n     private long createdTime;\n \n     /**\n@@ -66,6 +63,8 @@\n      */\n     private NotebookEntity notebookEntity;\n \n+    public NoteEntity() {}\n+\n     public NoteEntity(String id,\n                       String title,\n                       long createdTime,", "@@ -17,20 +17,17 @@\n      * An id of the notebook.\n      */\n     @PrimaryKey\n-    @Required\n     private String id;\n \n     /**\n      * A name of the notebook.\n      */\n-    @Required\n     private String name;\n \n     /**\n      * A date of the model's creation.\n      * TODO: find out format of time\n      */\n-    @Required\n     private long createdTime;\n \n     /**\n@@ -47,6 +44,8 @@\n      */\n     private RealmList<NoteEntity> noteEntities;\n \n+    public NotebookEntity() {}\n+\n     public NotebookEntity(String id,\n                           String name,\n                           long createdTime,", "@@ -16,13 +16,11 @@\n      * An id of the profile.\n      */\n     @PrimaryKey\n-    @Required\n     private String id;\n \n     /**\n      * A name of the profile.\n      */\n-    @Required\n     private String name;\n     /**\n      * A list of profile's {@link NoteEntity} objects.\n@@ -44,6 +42,8 @@\n      */\n     private RealmList<TaskEntity> taskEntities;\n \n+    public ProfileEntity() {}\n+\n     public ProfileEntity(String id,\n                          String name,\n                          RealmList<NoteEntity> noteEntities,", "@@ -2,6 +2,8 @@\n \n import java.util.List;\n \n+import io.realm.Realm;\n+import io.realm.RealmList;\n import io.realm.RealmModel;\n import io.realm.annotations.PrimaryKey;\n import io.realm.annotations.RealmClass;\n@@ -24,13 +26,11 @@\n     /**\n      * A name of the tag.\n      */\n-    @Required\n     private String name;\n     /**\n      * A date of the model's creation.\n      * TODO: find out format of time\n      */\n-    @Required\n     private long createdTime;\n \n     //TODO: unknown field. Find out what to do with it\n@@ -39,13 +39,15 @@\n     /**\n      * A set of {@link NoteEntity} objects which the tag belong to.\n      */\n-    private List<NoteEntity> noteEntities;\n+    private RealmList<NoteEntity> noteEntities;\n+\n+    public TagEntity() {}\n \n     public TagEntity(String id,\n                      String name,\n                      long createdTime,\n                      int count,\n-                     List<NoteEntity> noteEntities) {\n+                     RealmList<NoteEntity> noteEntities) {\n         this.id = id;\n         this.name = name;\n         this.createdTime = createdTime;\n@@ -85,11 +87,11 @@ public void setCount(int count) {\n         this.count = count;\n     }\n \n-    public List<NoteEntity> getNoteEntities() {\n+    public RealmList<NoteEntity> getNoteEntities() {\n         return noteEntities;\n     }\n \n-    public void setNoteEntities(List<NoteEntity> noteEntities) {\n+    public void setNoteEntities(RealmList<NoteEntity> noteEntities) {\n         this.noteEntities = noteEntities;\n     }\n ", "@@ -10,31 +10,31 @@\n  */\n \n @RealmClass\n-class TaskEntity implements RealmModel {\n+public class TaskEntity implements RealmModel {\n \n     /**\n      * An id of the task.\n      */\n     @PrimaryKey\n-    @Required\n     private String id;\n \n     /**\n      * A description of the task.\n      */\n-    @Required\n     private String description;\n     /**\n-     * A status of the task's completion.\n+     * A status of the task's completion.m1e2g3a4d5e6t7h8\n+     *\n      */\n     private boolean isCompleted = false;\n \n     /**\n      * A {@link NoteEntity} object which the task belong to.\n      */\n-    @Required\n     private NoteEntity noteEntity;\n \n+    public TaskEntity() {}\n+\n     public TaskEntity(String id,\n                       String description,\n                       boolean isCompleted,"], "edit": ["-    @Required", "-    @Required", "-    @Required", "+    public NoteEntity() {}", "+", "-    @Required", "-    @Required", "-    @Required", "+    public NotebookEntity() {}", "+", "-    @Required", "-    @Required", "+    public ProfileEntity() {}", "+", "+import io.realm.Realm;", "+import io.realm.RealmList;", "-    @Required", "-    @Required", "-    private List<NoteEntity> noteEntities;", "+    private RealmList<NoteEntity> noteEntities;", "+", "+    public TagEntity() {}", "-                     List<NoteEntity> noteEntities) {", "+                     RealmList<NoteEntity> noteEntities) {", "-    public List<NoteEntity> getNoteEntities() {", "+    public RealmList<NoteEntity> getNoteEntities() {", "-    public void setNoteEntities(List<NoteEntity> noteEntities) {", "+    public void setNoteEntities(RealmList<NoteEntity> noteEntities) {", "-class TaskEntity implements RealmModel {", "+public class TaskEntity implements RealmModel {", "-    @Required", "-    @Required", "-     * A status of the task's completion.", "+     * A status of the task's completion.m1e2g3a4d5e6t7h8", "+     *", "-    @Required", "+    public TaskEntity() {}", "+"], "url": ["https://api.github.com/repos/aint/laverna-android/commits/26fc1544f8739a724602e246abc68f7e9ebb7395"]}