{"new_feature": "72,1,12,624,3,0.97", "commitmessage": "Fix intent keys", "patch": ["@@ -0,0 +1,7 @@\n+package in.adityaanand.morphdialog;\n+\n+public class Constants {\n+    static final String MORPH_DIALOG_ID = \"MORPH_DIALOG_ID281194\";\n+    static final String MORPH_DIALOG_ACTION_TYPE = \"MORPH_DIALOG_ACTION_TYPE281194\";\n+    static final String MORPH_DIALOG_BUILDER_DATA= \"MORPH_DIALOG_BUILDER_DATA281194\";\n+}", "@@ -25,6 +25,7 @@\n public class MorphDialog {\n \n     private static final int REQUEST_CODE = 7324;\n+\n     //todo How do we let other devs know that this ^ is mine to avoid conflict?\n     private final long id;\n     private Builder builder;\n@@ -50,11 +51,11 @@ public Builder getBuilder() {\n     private void onActivityResult(int requestCode, int resultCode, Intent data) {\n         if (builder == null || requestCode != REQUEST_CODE || data == null || resultCode != Activity.RESULT_OK) //this is not ours\n             return;\n-        long id = data.getLongExtra(\"morph_id\", 0);\n+        long id = data.getLongExtra(Constants.MORPH_DIALOG_ID, 0);\n         if (this.id != id)\n             return; //this is some other dialogs call back\n \n-        MorphDialogAction tag = (MorphDialogAction) data.getSerializableExtra(\"actionType\");\n+        MorphDialogAction tag = (MorphDialogAction) data.getSerializableExtra(Constants.MORPH_DIALOG_ACTION_TYPE);\n \n         switch (tag) {\n             case POSITIVE:\n@@ -82,8 +83,8 @@ private void onActivityResult(int requestCode, int resultCode, Intent data) {\n     public MorphDialog show() {\n         Intent intent = new Intent(builder.activity, builder.data.getDarkTheme() ?\n                 MorphDialogActivityDark.class : MorphDialogActivity.class);\n-        intent.putExtra(\"morph_data\", builder.data);\n-        intent.putExtra(\"morph_id\", id);\n+        intent.putExtra(Constants.MORPH_DIALOG_BUILDER_DATA, builder.data);\n+        intent.putExtra(Constants.MORPH_DIALOG_ID, id);\n         if (Build.VERSION.SDK_INT >= Build.VERSION_CODES.LOLLIPOP) {\n             ActivityOptions options = ActivityOptions.makeSceneTransitionAnimation(\n                     builder.activity, builder.fab, \"morph_transition\");", "@@ -34,7 +34,7 @@ protected void onCreate(Bundle savedInstanceState) {\n         super.onCreate(savedInstanceState);\n         ui = DataBindingUtil.setContentView(this, R.layout.activity_dialog);\n         Bundle params = getIntent().getExtras();\n-        DialogBuilderData data = params.getParcelable(\"data\");\n+        DialogBuilderData data = params.getParcelable(Constants.MORPH_DIALOG_BUILDER_DATA);\n         MaterialDialog.Builder builder = new MaterialDialog.Builder(this)\n                 .content(data.getContent())\n                 .title(data.getTitle())\n@@ -98,7 +98,7 @@ public void onClick(View v) {\n \n     void actionButtonClicked(Serializable actionType) {\n         Intent returnData = new Intent();\n-        returnData.putExtra(\"actionType\", actionType);\n+        returnData.putExtra(Constants.MORPH_DIALOG_ACTION_TYPE, actionType);\n         setResult(Activity.RESULT_OK, returnData);\n         closeDialog();\n     }\n@@ -134,7 +134,7 @@ int getBackgroundColor() {\n     @Override\n     public void onBackPressed() {\n         Intent returnData = new Intent();\n-        returnData.putExtra(\"wasDismissed\", true);\n+        returnData.putExtra(\"wasDismissed\", true); // TODO: 23-Dec-17\n         setResult(Activity.RESULT_OK, returnData);\n         closeDialog();\n     }"], "edit": ["+package in.adityaanand.morphdialog;", "+", "+public class Constants {", "+    static final String MORPH_DIALOG_ID = \"MORPH_DIALOG_ID281194\";", "+    static final String MORPH_DIALOG_ACTION_TYPE = \"MORPH_DIALOG_ACTION_TYPE281194\";", "+    static final String MORPH_DIALOG_BUILDER_DATA= \"MORPH_DIALOG_BUILDER_DATA281194\";", "+}", "+", "-        long id = data.getLongExtra(\"morph_id\", 0);", "+        long id = data.getLongExtra(Constants.MORPH_DIALOG_ID, 0);", "-        MorphDialogAction tag = (MorphDialogAction) data.getSerializableExtra(\"actionType\");", "+        MorphDialogAction tag = (MorphDialogAction) data.getSerializableExtra(Constants.MORPH_DIALOG_ACTION_TYPE);", "-        intent.putExtra(\"morph_data\", builder.data);", "-        intent.putExtra(\"morph_id\", id);", "+        intent.putExtra(Constants.MORPH_DIALOG_BUILDER_DATA, builder.data);", "+        intent.putExtra(Constants.MORPH_DIALOG_ID, id);", "-        DialogBuilderData data = params.getParcelable(\"data\");", "+        DialogBuilderData data = params.getParcelable(Constants.MORPH_DIALOG_BUILDER_DATA);", "-        returnData.putExtra(\"actionType\", actionType);", "+        returnData.putExtra(Constants.MORPH_DIALOG_ACTION_TYPE, actionType);", "-        returnData.putExtra(\"wasDismissed\", true);", "+        returnData.putExtra(\"wasDismissed\", true); // TODO: 23-Dec-17"], "url": ["https://api.github.com/repos/AdityaAnand1/Morphing-Material-Dialogs/commits/313bf1806a9b5a25febeb66f498dc99a2733c560"]}