{"new_feature": "22,1,8,140,1,1.00", "commitmessage": "fix: issue #2 Attribute Conflict with AndroidX Upgrade", "patch": ["@@ -151,7 +151,7 @@ public DownloadButtonProgress(Context context, AttributeSet attrs) {\n                     a.getDimensionPixelSize(R.styleable.DownloadButtonProgress_progressWidth, DEF_PROGRESS_WIDTH)\n             );\n             mProgressMargin = a.getDimensionPixelSize(R.styleable.DownloadButtonProgress_progressMargin, DEF_PROGRESS_MARGIN);\n-            mCurrProgress = a.getInteger(R.styleable.DownloadButtonProgress_progress, 0);\n+            mCurrProgress = a.getInteger(R.styleable.DownloadButtonProgress_currentProgress, 0);\n             mMaxProgress = a.getInteger(R.styleable.DownloadButtonProgress_maxProgress, 100);\n \n             int icIdleDrawableId = a.getResourceId(R.styleable.DownloadButtonProgress_idleIconDrawable, R.drawable.ic_default_download);\n@@ -235,7 +235,7 @@ public int getMaxProgress() {\n         return mMaxProgress;\n     }\n \n-    public int getProgress() {\n+    public int getCurrentProgress() {\n         return mCurrProgress;\n     }\n \n@@ -327,7 +327,7 @@ public int getProgressIndeterminateSweepAngle() {\n         return mProgressIndeterminateSweepAngle;\n     }\n \n-    public void setProgress(int progress) {\n+    public void setCurrentProgress(int progress) {\n         if (mCurrState != STATE_DETERMINATE) return;\n         mCurrProgress = Math.min(progress, mMaxProgress);\n         invalidate();\n@@ -604,7 +604,7 @@ protected Parcelable onSaveInstanceState() {\n         bundle.putParcelable(INSTANCE_STATE, super.onSaveInstanceState());\n         bundle.putInt(INSTANCE_MAX_PROGRESS, getMaxProgress());\n         bundle.putBoolean(INSTANCE_HIDE_ON_FINISH, isHideOnFinish());\n-        bundle.putInt(INSTANCE_CURRENT_PROGRESS, getProgress());\n+        bundle.putInt(INSTANCE_CURRENT_PROGRESS, getCurrentProgress());\n         bundle.putInt(INSTANCE_CURRENT_STATE, getCurrState());\n         bundle.putBoolean(INSTANCE_CANCELABLE, isCancelable());\n         bundle.putInt(INSTANCE_IDLE_WIDTH, getIdleIconWidth());", "@@ -21,7 +21,7 @@\n         <attr name=\"indeterminateBackgroundDrawable\" format=\"reference\"/>\n         <attr name=\"determinateBackgroundDrawable\" format=\"reference\"/>\n \n-        <attr name=\"progress\" format=\"integer\"/>\n+        <attr name=\"currentProgress\" format=\"integer\"/>\n         <attr name=\"maxProgress\" format=\"integer\"/>\n         <attr name=\"progressWidth\" format=\"dimension\"/>\n         <attr name=\"progressMargin\" format=\"dimension\"/>", "@@ -64,7 +64,7 @@ private void setBtnProgress() {\n         handler.post(new Runnable() {\n             @Override\n             public void run() {\n-                btnProgress.setProgress(progress);\n+                btnProgress.setCurrentProgress(progress);\n             }\n         });\n     }"], "edit": ["-            mCurrProgress = a.getInteger(R.styleable.DownloadButtonProgress_progress, 0);", "+            mCurrProgress = a.getInteger(R.styleable.DownloadButtonProgress_currentProgress, 0);", "-    public int getProgress() {", "+    public int getCurrentProgress() {", "-    public void setProgress(int progress) {", "+    public void setCurrentProgress(int progress) {", "-        bundle.putInt(INSTANCE_CURRENT_PROGRESS, getProgress());", "+        bundle.putInt(INSTANCE_CURRENT_PROGRESS, getCurrentProgress());", "-        <attr name=\"progress\" format=\"integer\"/>", "+        <attr name=\"currentProgress\" format=\"integer\"/>", "-                btnProgress.setProgress(progress);", "+                btnProgress.setCurrentProgress(progress);"], "url": ["https://api.github.com/repos/abdularis/AndroidButtonProgress/commits/323a2f4d93a85cd2602eaf721a42efd12a816f8b"]}