{"new_feature": "27,1,5,128,3,0.85", "commitmessage": "- min year bug fixed\n- it can now support init date force mode", "patch": ["@@ -9,6 +9,7 @@\n import android.support.v4.content.ContextCompat;\n import android.support.v7.app.AlertDialog;\n import android.support.v7.widget.AppCompatButton;\n+import android.util.Log;\n import android.view.View;\n import android.widget.TextView;\n \n@@ -38,6 +39,7 @@\n     private boolean todayButtonVisibility = false;\n     private int actionColor = Color.GRAY;\n     private boolean cancelable = true;\n+    private boolean forceMode;\n \n     public PersianDatePickerDialog(Context context) {\n         this.context = context;\n@@ -65,6 +67,11 @@ public PersianDatePickerDialog setMinYear(int minYear) {\n     }\n \n     public PersianDatePickerDialog setInitDate(PersianCalendar initDate) {\n+        return setInitDate(initDate, false);\n+    }\n+\n+    public PersianDatePickerDialog setInitDate(PersianCalendar initDate, boolean force) {\n+        this.forceMode = force;\n         this.initDate = initDate;\n         return this;\n     }\n@@ -132,19 +139,31 @@ public void show() {\n         final AppCompatButton negativeButton = v.findViewById(R.id.negative_button);\n         final AppCompatButton todayButton = v.findViewById(R.id.today_button);\n \n-\n         if (maxYear > 0) {\n             datePicker.setMaxYear(maxYear);\n         } else if (maxYear == THIS_YEAR) {\n+            maxYear = pCalendar.getPersianYear();\n             datePicker.setMaxYear(pCalendar.getPersianYear());\n         }\n \n         if (minYear > 0) {\n             datePicker.setMinYear(minYear);\n+        } else if (minYear == THIS_YEAR) {\n+            minYear = pCalendar.getPersianYear();\n+            datePicker.setMinYear(pCalendar.getPersianYear());\n         }\n \n         if (initDate != null) {\n-            datePicker.setDisplayPersianDate(initDate);\n+            int initYear = initDate.getPersianYear();\n+            if (initYear > maxYear || initYear < minYear) {\n+                Log.e(\"PERSIAN CALENDAR\", \"init year is more/less than minYear/maxYear\");\n+                if (forceMode) {\n+                    datePicker.setDisplayPersianDate(initDate);\n+                }\n+            } else {\n+                datePicker.setDisplayPersianDate(initDate);\n+            }\n+\n         }\n \n         if (typeFace != null) {"], "edit": ["+import android.util.Log;", "+    private boolean forceMode;", "+        return setInitDate(initDate, false);", "+    }", "+", "+    public PersianDatePickerDialog setInitDate(PersianCalendar initDate, boolean force) {", "+        this.forceMode = force;", "-", "+            maxYear = pCalendar.getPersianYear();", "+        } else if (minYear == THIS_YEAR) {", "+            minYear = pCalendar.getPersianYear();", "+            datePicker.setMinYear(pCalendar.getPersianYear());", "-            datePicker.setDisplayPersianDate(initDate);", "+            int initYear = initDate.getPersianYear();", "+            if (initYear > maxYear || initYear < minYear) {", "+                Log.e(\"PERSIAN CALENDAR\", \"init year is more/less than minYear/maxYear\");", "+                if (forceMode) {", "+                    datePicker.setDisplayPersianDate(initDate);", "+                }", "+            } else {", "+                datePicker.setDisplayPersianDate(initDate);", "+            }", "+"], "url": ["https://api.github.com/repos/aliab/Persian-Date-Picker-Dialog/commits/32668eb01b588d206031ea6e0da1ff0770a01c2b"]}