{"new_feature": "4880,99,0,51,8,0.25", "commitmessage": "fixed regex and serialization", "patch": ["@@ -1676,16 +1676,19 @@ public String getChemicalDBJSON(Long uuid) {\n   public DBIterator getIdCursorForFakeChemicals() {\n     DBObject fakeRegex = new BasicDBObject();\n     DBObject abstractInchi = new BasicDBObject();\n-    fakeRegex.put(\"InChI\", new BasicDBObject(\"$regex\", \"^InChI=/FAKE\"));\n-    abstractInchi.put(\"InChI\", new BasicDBObject(\"$regex\", \"^InChI=.*\\\\/.*R.*\\\\/\\\"\"));\n+    fakeRegex.put(ChemicalKeywords.INCHI$.MODULE$.toString(),\n+            new BasicDBObject(MongoKeywords.REGEX$.MODULE$.toString(), \"^InChI=/FAKE\"));\n+\n+    abstractInchi.put(ChemicalKeywords.INCHI$.MODULE$.toString(),\n+            new BasicDBObject(MongoKeywords.REGEX$.MODULE$.toString(), \"^InChI=.*R.*\"));\n \n     BasicDBList conditionList = new BasicDBList();\n     conditionList.add(fakeRegex);\n     conditionList.add(abstractInchi);\n \n-    BasicDBObject conditions = new BasicDBObject(\"$or\", conditionList);\n+    BasicDBObject conditions = new BasicDBObject(MongoKeywords.OR$.MODULE$.toString(), conditionList);\n \n-    return getIteratorOverChemicals(conditions, true, new BasicDBObject(\"_id\", true));\n+    return getIteratorOverChemicals(conditions, true, new BasicDBObject(ChemicalKeywords.ID$.MODULE$.toString(), true));\n   }\n \n   private DBCursor constructCursorForAllChemicals() {", "@@ -32,7 +32,7 @@ object cascades {\n     // the reachables computation should have been run prior\n     // to calling cascades, and it would have serialized the\n     // the state of ActData. Now read it back in\n-    ActData.instance.deserialize(prefix + \".actdata\")\n+    ActData.instance.deserialize(new File(outputDirectory, prefix + \".actdata\").getAbsolutePath)\n     println(\"Done deserializing data.\")\n     \n     val cascade_depth = params.get(\"max-depth\") match {", "@@ -47,7 +47,7 @@ object postprocess_reachables {\n     val write_graph_too = params.get(\"writeGraphToo\") != None\n \n     println(\"Deserializing reachables graph\")\n-    ActData.instance.deserialize(prefix + \".actdata\")\n+    ActData.instance.deserialize(new File(outputDirectory, prefix + \".actdata\").getAbsolutePath)\n \n     val tree = ActData.instance().getActTree\n "], "edit": ["-    fakeRegex.put(\"InChI\", new BasicDBObject(\"$regex\", \"^InChI=/FAKE\"));", "-    abstractInchi.put(\"InChI\", new BasicDBObject(\"$regex\", \"^InChI=.*\\\\/.*R.*\\\\/\\\"\"));", "+    fakeRegex.put(ChemicalKeywords.INCHI$.MODULE$.toString(),", "+            new BasicDBObject(MongoKeywords.REGEX$.MODULE$.toString(), \"^InChI=/FAKE\"));", "+", "+    abstractInchi.put(ChemicalKeywords.INCHI$.MODULE$.toString(),", "+            new BasicDBObject(MongoKeywords.REGEX$.MODULE$.toString(), \"^InChI=.*R.*\"));", "-    BasicDBObject conditions = new BasicDBObject(\"$or\", conditionList);", "+    BasicDBObject conditions = new BasicDBObject(MongoKeywords.OR$.MODULE$.toString(), conditionList);", "-    return getIteratorOverChemicals(conditions, true, new BasicDBObject(\"_id\", true));", "+    return getIteratorOverChemicals(conditions, true, new BasicDBObject(ChemicalKeywords.ID$.MODULE$.toString(), true));", "-    ActData.instance.deserialize(prefix + \".actdata\")", "+    ActData.instance.deserialize(new File(outputDirectory, prefix + \".actdata\").getAbsolutePath)", "-    ActData.instance.deserialize(prefix + \".actdata\")", "+    ActData.instance.deserialize(new File(outputDirectory, prefix + \".actdata\").getAbsolutePath)"], "url": ["https://api.github.com/repos/20n/act/commits/327f61253c9384d2e8cb9617b956f6333dbcfb51"]}