{"new_feature": "1227,9,21,922,30,0.17", "commitmessage": "Add a password settings testcase (#1058)\n\n* Add a simple testcase\r\n\r\nThis commit was done to understand how JUnit\r\nand its friends are working. Expect more useful tests\r\nin the future ;)\r\n\r\n* Factorise a bit the tests", "patch": ["@@ -0,0 +1,46 @@\n+package org.airsonic.player.validator;\n+\n+import junit.framework.TestCase;\n+import org.airsonic.player.command.PasswordSettingsCommand;\n+import org.junit.Before;\n+import org.springframework.validation.BeanPropertyBindingResult;\n+import org.springframework.validation.Errors;\n+\n+public class PasswordSettingsValidatorTestCase extends TestCase {\n+\n+    private PasswordSettingsCommand psc;\n+\n+    @Before\n+    public void setUp() throws Exception {\n+        psc = new PasswordSettingsCommand();\n+        psc.setUsername(\"username\");\n+        psc.setPassword(\"1234\");\n+    }\n+\n+    private Errors validatePassword(){\n+        PasswordSettingsValidator psv = new PasswordSettingsValidator();\n+        Errors errors = new BeanPropertyBindingResult(psc, \"psv\");\n+        psv.validate(psc, errors);\n+        return  errors;\n+    }\n+\n+    public void testValidateEmptyPassword() {\n+        psc.setPassword(\"\");\n+        Errors errors = this.validatePassword();\n+        assertTrue(errors.hasErrors());\n+    }\n+\n+    public void testValidateDifferentPasswords() {\n+        psc.setConfirmPassword(\"5678\");\n+\n+        Errors errors = this.validatePassword();\n+        assertTrue(errors.hasErrors());\n+    }\n+\n+    public void testValidateEverythingOK() {\n+        psc.setConfirmPassword(\"1234\");\n+\n+        Errors errors = this.validatePassword();\n+        assertFalse(errors.hasErrors());\n+    }\n+}"], "edit": ["+package org.airsonic.player.validator;", "+", "+import junit.framework.TestCase;", "+import org.airsonic.player.command.PasswordSettingsCommand;", "+import org.junit.Before;", "+import org.springframework.validation.BeanPropertyBindingResult;", "+import org.springframework.validation.Errors;", "+", "+public class PasswordSettingsValidatorTestCase extends TestCase {", "+", "+    private PasswordSettingsCommand psc;", "+", "+    @Before", "+    public void setUp() throws Exception {", "+        psc = new PasswordSettingsCommand();", "+        psc.setUsername(\"username\");", "+        psc.setPassword(\"1234\");", "+    }", "+", "+    private Errors validatePassword(){", "+        PasswordSettingsValidator psv = new PasswordSettingsValidator();", "+        Errors errors = new BeanPropertyBindingResult(psc, \"psv\");", "+        psv.validate(psc, errors);", "+        return  errors;", "+    }", "+", "+    public void testValidateEmptyPassword() {", "+        psc.setPassword(\"\");", "+        Errors errors = this.validatePassword();", "+        assertTrue(errors.hasErrors());", "+    }", "+", "+    public void testValidateDifferentPasswords() {", "+        psc.setConfirmPassword(\"5678\");", "+", "+        Errors errors = this.validatePassword();", "+        assertTrue(errors.hasErrors());", "+    }", "+", "+    public void testValidateEverythingOK() {", "+        psc.setConfirmPassword(\"1234\");", "+", "+        Errors errors = this.validatePassword();", "+        assertFalse(errors.hasErrors());", "+    }", "+}"], "url": ["https://api.github.com/repos/airsonic/airsonic/commits/33bf68aaa56230d5601cdd180248b69ab17a0b69"]}