{"new_feature": "1577,1,17,193,30,0.01", "commitmessage": "Fixed bug where app shortcuts wouldn't work when app was already open", "patch": ["@@ -20,7 +20,8 @@\n         android:supportsRtl=\"true\"\n         android:theme=\"@style/Theme.Phonograph.Light\"\n         tools:ignore=\"UnusedAttribute\">\n-        <activity android:name=\".ui.activities.MainActivity\">\n+        <activity android:name=\".ui.activities.MainActivity\"\n+            android:launchMode=\"singleInstance\">\n             <intent-filter>\n                 <action android:name=\"android.intent.action.MAIN\" />\n                 <action android:name=\"android.intent.action.MUSIC_PLAYER\" />\n@@ -175,7 +176,7 @@\n             android:label=\"@string/report_an_issue\" />\n         <activity\n             android:name=\".appshortcuts.AppShortcutLauncherActivity\"\n-            android:exported=\"true\" />\n+            android:theme=\"@android:style/Theme.Translucent.NoTitleBar\"/>\n     </application>\n \n </manifest>\n\\ No newline at end of file", "@@ -268,6 +268,13 @@ public void onServiceConnected() {\n         handlePlaybackIntent(getIntent());\n     }\n \n+    //Called when there's already an instance of MainActivity\n+    @Override\n+    protected void onNewIntent(Intent intent) {\n+        super.onNewIntent(intent);\n+        handlePlaybackIntent(intent);\n+    }\n+\n     @Override\n     public boolean onOptionsItemSelected(@NonNull MenuItem item) {\n         if (item.getItemId() == android.R.id.home) {", "@@ -48,4 +48,13 @@\n         <item name=\"android:transitionName\" tools:ignore=\"NewApi\">toolbar</item>\n     </style>\n \n+    <style name=\"Theme.Transparent\" parent=\"android:Theme\">\n+        <item name=\"android:windowBackground\">@android:color/transparent</item>\n+        <item name=\"android:windowNoTitle\">true</item>\n+        <item name=\"android:windowIsTranslucent\">true</item>\n+        <item name=\"android:windowContentOverlay\">@null</item>\n+        <item name=\"android:windowIsFloating\">true</item>\n+        <item name=\"android:backgroundDimEnabled\">false</item>\n+    </style>\n+\n </resources>"], "edit": ["-        <activity android:name=\".ui.activities.MainActivity\">", "+        <activity android:name=\".ui.activities.MainActivity\"", "+            android:launchMode=\"singleInstance\">", "-            android:exported=\"true\" />", "+            android:theme=\"@android:style/Theme.Translucent.NoTitleBar\"/>", "+    //Called when there's already an instance of MainActivity", "+    @Override", "+    protected void onNewIntent(Intent intent) {", "+        super.onNewIntent(intent);", "+        handlePlaybackIntent(intent);", "+    }", "+", "+    <style name=\"Theme.Transparent\" parent=\"android:Theme\">", "+        <item name=\"android:windowBackground\">@android:color/transparent</item>", "+        <item name=\"android:windowNoTitle\">true</item>", "+        <item name=\"android:windowIsTranslucent\">true</item>", "+        <item name=\"android:windowContentOverlay\">@null</item>", "+        <item name=\"android:windowIsFloating\">true</item>", "+        <item name=\"android:backgroundDimEnabled\">false</item>", "+    </style>", "+"], "url": ["https://api.github.com/repos/AdrienPoupa/VinylMusicPlayer/commits/34f2f8b9361b7e79c7de3cd855053ba0754763e2"]}