{"new_feature": "2146,31,17,479,17,0.65", "commitmessage": "fix er table load #590", "patch": ["@@ -6,15 +6,15 @@\n package com.actiontech.dble.config;\n \n import com.actiontech.dble.DbleServer;\n+import com.actiontech.dble.alarm.AlarmCode;\n+import com.actiontech.dble.alarm.Alert;\n+import com.actiontech.dble.alarm.AlertUtil;\n import com.actiontech.dble.backend.datasource.PhysicalDBNode;\n import com.actiontech.dble.backend.datasource.PhysicalDBPool;\n import com.actiontech.dble.backend.datasource.PhysicalDatasource;\n import com.actiontech.dble.config.model.*;\n import com.actiontech.dble.config.util.ConfigException;\n import com.actiontech.dble.config.util.ConfigUtil;\n-import com.actiontech.dble.alarm.AlarmCode;\n-import com.actiontech.dble.alarm.Alert;\n-import com.actiontech.dble.alarm.AlertUtil;\n import com.actiontech.dble.route.sequence.handler.DistributedSequenceHandler;\n import com.actiontech.dble.route.sequence.handler.IncrSequenceMySQLHandler;\n import com.actiontech.dble.route.sequence.handler.IncrSequenceTimeHandler;\n@@ -452,22 +452,22 @@ public void reviseLowerCase() {\n         this.schemas = newSchemas;\n \n \n-        HashMap<ERTable, Set<ERTable>> newErMap = new HashMap<ERTable, Set<ERTable>>();\n-        for (Map.Entry<ERTable, Set<ERTable>> entry : erRelations.entrySet()) {\n-            ERTable key = entry.getKey();\n+        if (erRelations != null) {\n+            HashMap<ERTable, Set<ERTable>> newErMap = new HashMap<ERTable, Set<ERTable>>();\n+            for (Map.Entry<ERTable, Set<ERTable>> entry : erRelations.entrySet()) {\n+                ERTable key = entry.getKey();\n+                Set<ERTable> value = entry.getValue();\n \n-            Set<ERTable> value = entry.getValue();\n+                Set<ERTable> newValues = new HashSet<>();\n+                for (ERTable table : value) {\n+                    newValues.add(table.changeToLowerCase());\n+                }\n \n-            HashSet newValues = new HashSet<ERTable>();\n-            for (ERTable table : value) {\n-                newValues.add(table.changeToLowerCase());\n+                newErMap.put(key.changeToLowerCase(), newValues);\n             }\n \n-            newErMap.put(key.changeToLowerCase(), newValues);\n+            erRelations = newErMap;\n         }\n-\n-        erRelations = newErMap;\n-\n         loadSequence();\n         selfChecking0();\n "], "edit": ["+import com.actiontech.dble.alarm.AlarmCode;", "+import com.actiontech.dble.alarm.Alert;", "+import com.actiontech.dble.alarm.AlertUtil;", "-import com.actiontech.dble.alarm.AlarmCode;", "-import com.actiontech.dble.alarm.Alert;", "-import com.actiontech.dble.alarm.AlertUtil;", "-        HashMap<ERTable, Set<ERTable>> newErMap = new HashMap<ERTable, Set<ERTable>>();", "-        for (Map.Entry<ERTable, Set<ERTable>> entry : erRelations.entrySet()) {", "-            ERTable key = entry.getKey();", "+        if (erRelations != null) {", "+            HashMap<ERTable, Set<ERTable>> newErMap = new HashMap<ERTable, Set<ERTable>>();", "+            for (Map.Entry<ERTable, Set<ERTable>> entry : erRelations.entrySet()) {", "+                ERTable key = entry.getKey();", "+                Set<ERTable> value = entry.getValue();", "-            Set<ERTable> value = entry.getValue();", "+                Set<ERTable> newValues = new HashSet<>();", "+                for (ERTable table : value) {", "+                    newValues.add(table.changeToLowerCase());", "+                }", "-            HashSet newValues = new HashSet<ERTable>();", "-            for (ERTable table : value) {", "-                newValues.add(table.changeToLowerCase());", "+                newErMap.put(key.changeToLowerCase(), newValues);", "-            newErMap.put(key.changeToLowerCase(), newValues);", "+            erRelations = newErMap;", "-", "-        erRelations = newErMap;", "-"], "url": ["https://api.github.com/repos/actiontech/dble/commits/368513bc8fcd3a2b9f54efd9dc2ef38f285c5f89"]}