{"new_feature": "2276,1,0,88,30,0.40", "commitmessage": "Fixes Comments in CellTracker", "patch": ["@@ -259,9 +259,9 @@ public void setCellTracking(boolean track) {\n                             PhoneStateListener.LISTEN_SIGNAL_STRENGTHS |        // rx_signal\n                             PhoneStateListener.LISTEN_DATA_ACTIVITY |           // No,In,Ou,IO,Do\n                             PhoneStateListener.LISTEN_DATA_CONNECTION_STATE |    // Di,Ct,Cd,Su\n-                            PhoneStateListener.LISTEN_CELL_INFO\n-                    // PhoneStateListener.LISTEN_CALL_STATE ?\n-                    // PhoneStateListener.LISTEN_SERVICE_STATE ?\n+                            PhoneStateListener.LISTEN_CELL_INFO                  // !? (Need API 17)\n+                            // PhoneStateListener.LISTEN_CALL_STATE ?           // idle,ringing,offhook\n+                            // PhoneStateListener.LISTEN_SERVICE_STATE ?        // emergency_only,in_service,out_of_service,power_off\n             );\n             mTrackingCell = true;\n             Helpers.msgShort(context, context.getString(R.string.tracking_cell_information));\n@@ -309,7 +309,7 @@ public void onSharedPreferenceChanged(SharedPreferences sharedPreferences, Strin\n         } else if (key.equals(REFRESH)) {\n             String refreshRate = sharedPreferences.getString(REFRESH, \"1\");\n             if (refreshRate.isEmpty()) {\n-                refreshRate = \"1\"; // Set default refresh rate to automatic \"1\", manual is \"0\".\n+                refreshRate = \"1\"; // Set default to: 1 second\n             }\n \n \n@@ -320,7 +320,7 @@ public void onSharedPreferenceChanged(SharedPreferences sharedPreferences, Strin\n                     t = 15L; // Automatic refresh rate is 15 seconds\n                     break;\n                 default:\n-                    t = (long) rate;\n+                    t = (long) rate;// Default is 1 sec (from above)\n                     break;\n             }\n             REFRESH_RATE = TimeUnit.SECONDS.toMillis(t);\n@@ -714,7 +714,7 @@ private void loadPreferences() {\n                 t = 15L; // Automatic refresh rate is 15 seconds\n                 break;\n             default:\n-                t = (rate * 1L);\n+               t = ((long) rate); // Default is 1 sec (from above)\n                 break;\n         }\n \n@@ -785,7 +785,7 @@ public void onCellLocationChanged(CellLocation location) {\n                                 gsmCellLocation.toString() +                        // ??\n                                         mDevice.getDataActivityTypeShort() + \"|\" +  // No,In,Ou,IO,Do\n                                         mDevice.getDataStateShort() + \"|\" +         // Di,Ct,Cd,Su\n-                                        mDevice.getNetworkTypeName() + \"|\"          // TODO: Is \"|\" a typo?\n+                                        mDevice.getNetworkTypeName() + \"|\"          // HSPA,LTE etc\n                         );\n \n                         mDevice.mCell.setLAC(gsmCellLocation.getLac());     // LAC\n@@ -835,7 +835,7 @@ public void onCellLocationChanged(CellLocation location) {\n                         mDevice.mCell.setLAC(cdmaCellLocation.getNetworkId());      // NID\n                         mDevice.mCell.setCID(cdmaCellLocation.getBaseStationId());  // BID\n                         mDevice.mCell.setSID(cdmaCellLocation.getSystemId());       // SID\n-                        mDevice.mCell.setMNC(cdmaCellLocation.getSystemId());       // <== BUG!? See issue above! // MNC\n+                        mDevice.mCell.setMNC(cdmaCellLocation.getSystemId());       // MNC <== BUG!??\n                         mDevice.setNetworkName(tm.getNetworkOperatorName());        // ??\n                     }\n             }"], "edit": ["-                            PhoneStateListener.LISTEN_CELL_INFO", "-                    // PhoneStateListener.LISTEN_CALL_STATE ?", "-                    // PhoneStateListener.LISTEN_SERVICE_STATE ?", "+                            PhoneStateListener.LISTEN_CELL_INFO                  // !? (Need API 17)", "+                            // PhoneStateListener.LISTEN_CALL_STATE ?           // idle,ringing,offhook", "+                            // PhoneStateListener.LISTEN_SERVICE_STATE ?        // emergency_only,in_service,out_of_service,power_off", "-                refreshRate = \"1\"; // Set default refresh rate to automatic \"1\", manual is \"0\".", "+                refreshRate = \"1\"; // Set default to: 1 second", "-                    t = (long) rate;", "+                    t = (long) rate;// Default is 1 sec (from above)", "-                t = (rate * 1L);", "+               t = ((long) rate); // Default is 1 sec (from above)", "-                                        mDevice.getNetworkTypeName() + \"|\"          // TODO: Is \"|\" a typo?", "+                                        mDevice.getNetworkTypeName() + \"|\"          // HSPA,LTE etc", "-                        mDevice.mCell.setMNC(cdmaCellLocation.getSystemId());       // <== BUG!? See issue above! // MNC", "+                        mDevice.mCell.setMNC(cdmaCellLocation.getSystemId());       // MNC <== BUG!??"], "url": ["https://api.github.com/repos/5GSD/AIMSICDL/commits/40036ca4407db38b084e663162c97cfc900e7e4d"]}