{"new_feature": "2146,31,17,479,17,0.65", "commitmessage": "fixed threadpool deadlock #372", "patch": ["@@ -8,6 +8,7 @@\n import com.actiontech.dble.DbleServer;\n import com.actiontech.dble.backend.BackendConnection;\n import com.actiontech.dble.backend.datasource.PhysicalDBNode;\n+import com.actiontech.dble.backend.mysql.nio.MySQLConnection;\n import com.actiontech.dble.backend.mysql.nio.handler.ResponseHandler;\n import com.actiontech.dble.config.ServerConfig;\n import com.actiontech.dble.net.mysql.ErrorPacket;\n@@ -23,16 +24,16 @@\n /**\n  * Created by huqing.yan on 2017/7/3.\n  */\n-public class FetchMySQLSequnceHandler implements ResponseHandler {\n-    protected static final Logger LOGGER = LoggerFactory.getLogger(FetchMySQLSequnceHandler.class);\n+public class FetchMySQLSequenceHandler implements ResponseHandler {\n+    protected static final Logger LOGGER = LoggerFactory.getLogger(FetchMySQLSequenceHandler.class);\n \n     public void execute(SequenceVal seqVal) {\n         ServerConfig conf = DbleServer.getInstance().getConfig();\n         PhysicalDBNode mysqlDN = conf.getDataNodes().get(seqVal.dataNode);\n         try {\n             if (LOGGER.isDebugEnabled()) {\n-                LOGGER.debug(\"execute in datanode \" + seqVal.dataNode +\n-                        \" for fetch sequnce sql \" + seqVal.sql);\n+                LOGGER.debug(\"execute in data node \" + seqVal.dataNode +\n+                        \" for fetch sequence sql \" + seqVal.sql);\n             }\n             // change Select mode to Update mode. Make sure the query send to the write host\n             mysqlDN.getConnection(mysqlDN.getDatabase(), true,\n@@ -44,14 +45,14 @@ public void execute(SequenceVal seqVal) {\n \n     }\n \n-    public String getLastestError(String seqName) {\n+    String getLastError(String seqName) {\n         return IncrSequenceMySQLHandler.LATEST_ERRORS.get(seqName);\n     }\n \n     @Override\n     public void connectionAcquired(BackendConnection conn) {\n-\n         conn.setResponseHandler(this);\n+        ((MySQLConnection) conn).setComplexQuery(true);\n         try {\n             conn.query(((SequenceVal) conn.getAttachment()).sql);\n         } catch (Exception e) {\n@@ -99,7 +100,7 @@ public boolean rowResponse(byte[] row, RowDataPacket rowPacket, boolean isLeft,\n         SequenceVal seqVal = (SequenceVal) conn.getAttachment();\n         if (IncrSequenceMySQLHandler.ERR_SEQ_RESULT.equals(columnVal)) {\n             seqVal.dbretVal = IncrSequenceMySQLHandler.ERR_SEQ_RESULT;\n-            LOGGER.warn(\" sequnce sql returned err value ,sequence:\" +\n+            LOGGER.warn(\" sequence sql returned err value ,sequence:\" +\n                     seqVal.seqName + \" \" + columnVal + \" sql:\" + seqVal.sql);\n         } else {\n             seqVal.dbretVal = columnVal;", "@@ -23,7 +23,7 @@\n     private static final String SEQUENCE_DB_PROPS = \"sequence_db_conf.properties\";\n     protected static final String ERR_SEQ_RESULT = \"-999999999,null\";\n     protected static final Map<String, String> LATEST_ERRORS = new ConcurrentHashMap<>();\n-    private final FetchMySQLSequnceHandler mysqlSeqFetcher = new FetchMySQLSequnceHandler();\n+    private final FetchMySQLSequenceHandler mysqlSeqFetcher = new FetchMySQLSequenceHandler();\n     private static final IncrSequenceMySQLHandler INSTANCE = new IncrSequenceMySQLHandler();\n \n     public static IncrSequenceMySQLHandler getInstance() {\n@@ -102,7 +102,7 @@ private long getSeqValueFromDB(SequenceVal seqVal) throws SQLNonTransientExcepti\n         if (values == null) {\n             seqVal.fetching.compareAndSet(true, false);\n             throw new RuntimeException(\"can't fetch sequence in db,sequence :\" + seqVal.seqName + \" detail:\" +\n-                                       mysqlSeqFetcher.getLastestError(seqVal.seqName));\n+                                       mysqlSeqFetcher.getLastError(seqVal.seqName));\n         } else if (values[0] == 0) {\n             seqVal.fetching.compareAndSet(true, false);\n             String msg = \"sequence,\" + seqVal.seqName + \"has not been set, please check configure in dble_sequence\";"], "edit": ["+import com.actiontech.dble.backend.mysql.nio.MySQLConnection;", "-public class FetchMySQLSequnceHandler implements ResponseHandler {", "-    protected static final Logger LOGGER = LoggerFactory.getLogger(FetchMySQLSequnceHandler.class);", "+public class FetchMySQLSequenceHandler implements ResponseHandler {", "+    protected static final Logger LOGGER = LoggerFactory.getLogger(FetchMySQLSequenceHandler.class);", "-                LOGGER.debug(\"execute in datanode \" + seqVal.dataNode +", "-                        \" for fetch sequnce sql \" + seqVal.sql);", "+                LOGGER.debug(\"execute in data node \" + seqVal.dataNode +", "+                        \" for fetch sequence sql \" + seqVal.sql);", "-    public String getLastestError(String seqName) {", "+    String getLastError(String seqName) {", "-", "+        ((MySQLConnection) conn).setComplexQuery(true);", "-            LOGGER.warn(\" sequnce sql returned err value ,sequence:\" +", "+            LOGGER.warn(\" sequence sql returned err value ,sequence:\" +", "-    private final FetchMySQLSequnceHandler mysqlSeqFetcher = new FetchMySQLSequnceHandler();", "+    private final FetchMySQLSequenceHandler mysqlSeqFetcher = new FetchMySQLSequenceHandler();", "-                                       mysqlSeqFetcher.getLastestError(seqVal.seqName));", "+                                       mysqlSeqFetcher.getLastError(seqVal.seqName));"], "url": ["https://api.github.com/repos/actiontech/dble/commits/42a2d45e51d68961cb7c067d73eb2979f50ffc13"]}