{"new_feature": "2276,1,0,88,30,0.06", "commitmessage": "fixed null pointers on a clean install", "patch": ["@@ -27,7 +27,6 @@\n import android.content.SharedPreferences;\n import android.content.SharedPreferences.OnSharedPreferenceChangeListener;\n import android.database.Cursor;\n-import android.graphics.drawable.Drawable;\n import android.location.Location;\n import android.os.AsyncTask;\n import android.os.Bundle;\n@@ -286,9 +285,9 @@ public boolean onOptionsItemSelected(MenuItem item) {\n      * only entries which have a location (lon, lat) are used.\n      */\n     private void loadEntries() {\n-        new AsyncTask<Void,Void,Void>() {\n+        new AsyncTask<Void,Void,GeoPoint>() {\n             @Override\n-            protected Void doInBackground(Void... voids) {\n+            protected GeoPoint doInBackground(Void... voids) {\n                 final int SIGNAL_SIZE_RATIO = 15;\n                 int signal;\n                 int color;\n@@ -385,19 +384,35 @@ protected Void doInBackground(Void... voids) {\n \n                     } while (c.moveToNext());\n                 } else {\n-                    Helpers.msgShort(MapViewerOsmDroid.this, \"No tracked locations found to overlay on map.\");\n+                    runOnUiThread(new Runnable() {\n+                        @Override\n+                        public void run() {\n+                            Helpers.msgShort(MapViewerOsmDroid.this, \"No tracked locations found to overlay on map.\");\n+                        }\n+                    });\n+                }\n+\n+                GeoPoint ret = new GeoPoint(0,0);\n+                try {\n+                    int mcc = mAimsicdService.mDevice.mCell.getMCC();\n+                    double[] d = mDbHelper.getDefaultLocation(mcc);\n+                    ret = new GeoPoint(d[0], d[1]);\n+                } catch (Exception e) {\n+                    Log.e(\"map\", \"Error getting default location\", e);\n                 }\n+\n                 c.close();\n                 mDbHelper.close();\n \n                 mMap.getOverlays().remove(mOpenCellIdOverlay);\n                 mOpenCellIdOverlay.addItems(items);\n                 mMap.getOverlays().add(mOpenCellIdOverlay);\n-                return null;\n+\n+                return ret;\n             }\n \n             @Override\n-            protected void onPostExecute(Void aVoid) {\n+            protected void onPostExecute(GeoPoint loc) {\n                 if (loc != null && (loc.getLatitude() != 0.0 && loc.getLongitude() != 0.0)) {\n                     mMap.getController().setZoom(16);\n                     mMap.getController().animateTo(new GeoPoint(loc.getLatitude(), loc.getLongitude()));\n@@ -412,10 +427,6 @@ protected void onPostExecute(Void aVoid) {\n                             mMap.getController().animateTo(new GeoPoint(loc.getLatitude(), loc.getLongitude()));\n                         } else {\n                             //Use Mcc to move camera to an approximate location near Countries Capital\n-                            int mcc = mAimsicdService.mDevice.mCell.getMCC();\n-                            double[] d = mDbHelper.getDefaultLocation(mcc);\n-                            loc = new GeoPoint(d[0], d[1]);\n-\n                             mMap.getController().setZoom(13);\n                             mMap.getController().animateTo(new GeoPoint(loc.getLatitude(), loc.getLongitude()));\n                         }"], "edit": ["-import android.graphics.drawable.Drawable;", "-        new AsyncTask<Void,Void,Void>() {", "+        new AsyncTask<Void,Void,GeoPoint>() {", "-            protected Void doInBackground(Void... voids) {", "+            protected GeoPoint doInBackground(Void... voids) {", "-                    Helpers.msgShort(MapViewerOsmDroid.this, \"No tracked locations found to overlay on map.\");", "+                    runOnUiThread(new Runnable() {", "+                        @Override", "+                        public void run() {", "+                            Helpers.msgShort(MapViewerOsmDroid.this, \"No tracked locations found to overlay on map.\");", "+                        }", "+                    });", "+                }", "+", "+                GeoPoint ret = new GeoPoint(0,0);", "+                try {", "+                    int mcc = mAimsicdService.mDevice.mCell.getMCC();", "+                    double[] d = mDbHelper.getDefaultLocation(mcc);", "+                    ret = new GeoPoint(d[0], d[1]);", "+                } catch (Exception e) {", "+                    Log.e(\"map\", \"Error getting default location\", e);", "+", "-                return null;", "+", "+                return ret;", "-            protected void onPostExecute(Void aVoid) {", "+            protected void onPostExecute(GeoPoint loc) {", "-                            int mcc = mAimsicdService.mDevice.mCell.getMCC();", "-                            double[] d = mDbHelper.getDefaultLocation(mcc);", "-                            loc = new GeoPoint(d[0], d[1]);", "-"], "url": ["https://api.github.com/repos/5GSD/AIMSICDL/commits/43d91cda73875ab4bb49fef0109354acbfe8e29d"]}