{"new_feature": "1577,1,17,193,30,0.71", "commitmessage": "Fixed a FC when disabling the album cover on the lockscreen.", "patch": ["@@ -51,6 +51,7 @@\n import com.nostra13.universalimageloader.core.assist.ViewScaleType;\n import com.nostra13.universalimageloader.core.imageaware.NonViewAware;\n import com.nostra13.universalimageloader.core.listener.SimpleImageLoadingListener;\n+import com.nostra13.universalimageloader.core.process.BitmapProcessor;\n \n import java.lang.ref.WeakReference;\n import java.util.ArrayList;\n@@ -142,6 +143,22 @@ public void onReceive(Context context, @NonNull Intent intent) {\n     private boolean isServiceInUse;\n \n     private BlurProcessor blurProcessor = new BlurProcessor.Builder(this).build();\n+    // we don't want to hand our bitmap to the remote control client, as it will recycle it\n+    private BitmapProcessor copyProcessor = new BitmapProcessor() {\n+        @Override\n+        public Bitmap process(Bitmap bitmap) {\n+            Bitmap.Config config = bitmap.getConfig();\n+            if (config == null) {\n+                config = Bitmap.Config.ARGB_8888;\n+            }\n+            try {\n+                return bitmap.copy(config, false);\n+            } catch (OutOfMemoryError e) {\n+                e.printStackTrace();\n+                return null;\n+            }\n+        }\n+    };\n \n     private static String getTrackUri(@NonNull Song song) {\n         return MusicUtil.getSongUri(song.id).toString();\n@@ -435,7 +452,7 @@ private void updateRemoteControlClient() {\n         updateRemoteControlClient(PreferenceUtil.getInstance(this).albumArtOnLockscreen(), PreferenceUtil.getInstance(this).blurredAlbumArt());\n     }\n \n-    private void updateRemoteControlClient(boolean showAlbumArt, boolean blurAlbumArt) {\n+    private void updateRemoteControlClient(boolean showAlbumArt, final boolean blurAlbumArt) {\n         final Song song = getCurrentSong();\n         remoteControlClient\n                 .editMetadata(!showAlbumArt)\n@@ -449,7 +466,7 @@ private void updateRemoteControlClient(boolean showAlbumArt, boolean blurAlbumAr\n             ImageLoader.getInstance().displayImage(\n                     currentAlbumArtUri,\n                     new NonViewAware(new ImageSize(screenSize.x, screenSize.y), ViewScaleType.CROP),\n-                    new DisplayImageOptions.Builder().postProcessor(blurAlbumArt ? blurProcessor : null).build(),\n+                    new DisplayImageOptions.Builder().postProcessor(blurAlbumArt ? blurProcessor : copyProcessor).build(),\n                     new SimpleImageLoadingListener() {\n                         @Override\n                         public void onLoadingComplete(String imageUri, View view, @Nullable Bitmap loadedImage) {"], "edit": ["+import com.nostra13.universalimageloader.core.process.BitmapProcessor;", "+    // we don't want to hand our bitmap to the remote control client, as it will recycle it", "+    private BitmapProcessor copyProcessor = new BitmapProcessor() {", "+        @Override", "+        public Bitmap process(Bitmap bitmap) {", "+            Bitmap.Config config = bitmap.getConfig();", "+            if (config == null) {", "+                config = Bitmap.Config.ARGB_8888;", "+            }", "+            try {", "+                return bitmap.copy(config, false);", "+            } catch (OutOfMemoryError e) {", "+                e.printStackTrace();", "+                return null;", "+            }", "+        }", "+    };", "-    private void updateRemoteControlClient(boolean showAlbumArt, boolean blurAlbumArt) {", "+    private void updateRemoteControlClient(boolean showAlbumArt, final boolean blurAlbumArt) {", "-                    new DisplayImageOptions.Builder().postProcessor(blurAlbumArt ? blurProcessor : null).build(),", "+                    new DisplayImageOptions.Builder().postProcessor(blurAlbumArt ? blurProcessor : copyProcessor).build(),"], "url": ["https://api.github.com/repos/AdrienPoupa/VinylMusicPlayer/commits/44f162c160dd0fd9b295f3ac628a0ff5614be4b0"]}