{"new_feature": "1050,1,6,586,29,0.20", "commitmessage": "Fix more tests", "patch": ["@@ -146,7 +146,7 @@ public void setInteractions(List<RecordedInteraction> interactions) {\n   }\n \n   private String stringify(Request request) {\n-    byte[] body = request.getBody();\n+    byte[] body = request.getBody() != null ? request.getBody() : new byte[0];\n     String bodyLog = \" (binary \" + body.length + \"-byte body omitted)\";\n     return \"method: \" + request.method() + \", \" + \"uri: \" + request.url() + \", \" + \"headers: \" +\n         request.headers() + \", \" + bodyLog;", "@@ -27,7 +27,6 @@ import static MatchRules.uri\n \n @Unroll\n class ComposedMatchRuleSpec extends Specification {\n-\n   void \"composed rule matches if all contained rules match\"() {\n     given:\n     def rule = ComposedMatchRule.of(*rules)\n@@ -38,7 +37,7 @@ class ComposedMatchRuleSpec extends Specification {\n         .url(uri1).build()\n     def body = RequestBody.create(MediaType.parse(\"text/plain\"), \"foo\")\n     def request2 = new RecordedRequest.Builder()\n-        .method(method2, method1 == 'GET' ? null : body)\n+        .method(method2, method2 == 'GET' ? null : body)\n         .url(uri2)\n         .build()\n ", "@@ -17,7 +17,7 @@ interactions:\n       {\n         Content-Type: 'application/json'\n       },\n-      '{}'\n+      !!binary \"e30=\"\n     ]\n   ]\n   - !!software.betamax.tape.RecordedInteraction [\n@@ -30,14 +30,14 @@ interactions:\n         Accept-Encoding: 'gzip,deflate',\n         Host: 'freeside.co'\n       },\n-      '{\"name\":\"foo\"}'\n+      !!binary \"eyJuYW1lIjoiZm9vIn0=\"\n     ],\n     !!software.betamax.message.tape.RecordedResponse [\n       201,\n       {\n         Content-Type: 'application/json'\n       },\n-      '{\"name\":\"foo\"}'\n+      !!binary \"eyJuYW1lIjoiZm9vIn0=\"\n     ]\n   ]\n   - !!software.betamax.tape.RecordedInteraction [\n@@ -56,6 +56,6 @@ interactions:\n       {\n         Content-Type: 'application/json'\n       },\n-      '{\"name\":\"foo\"}'\n+      !!binary \"eyJuYW1lIjoiZm9vIn0=\"\n     ]\n   ]", "@@ -19,7 +19,7 @@ interactions:\n         Content-Type: 'text/plain',\n         Server: 'Jetty(7.6.7.v20120910)',\n       },\n-      'count: 1'\n+      !!binary \"Y291bnQ6IDE=\"\n     ]\n   ]\n   - !!software.betamax.tape.RecordedInteraction [\n@@ -40,6 +40,6 @@ interactions:\n         Content-Type: 'text/plain',\n         Server: 'Jetty(7.6.7.v20120910)',\n       },\n-      'count: 2'\n+      !!binary \"Y291bnQ6IDI=\"\n     ]\n   ]"], "edit": ["-    byte[] body = request.getBody();", "+    byte[] body = request.getBody() != null ? request.getBody() : new byte[0];", "-", "-        .method(method2, method1 == 'GET' ? null : body)", "+        .method(method2, method2 == 'GET' ? null : body)", "-      '{}'", "+      !!binary \"e30=\"", "- !!software.betamax.tape.RecordedInteraction [", "-      '{\"name\":\"foo\"}'", "+      !!binary \"eyJuYW1lIjoiZm9vIn0=\"", "-      '{\"name\":\"foo\"}'", "+      !!binary \"eyJuYW1lIjoiZm9vIn0=\"", "- !!software.betamax.tape.RecordedInteraction [", "-      '{\"name\":\"foo\"}'", "+      !!binary \"eyJuYW1lIjoiZm9vIn0=\"", "-      'count: 1'", "+      !!binary \"Y291bnQ6IDE=\"", "- !!software.betamax.tape.RecordedInteraction [", "-      'count: 2'", "+      !!binary \"Y291bnQ6IDI=\""], "url": ["https://api.github.com/repos/airbnb/okreplay/commits/470beca09adad914bf1489b586df09afab16c491"]}