{"new_feature": "179,4,36,64,28,0.02", "commitmessage": "bug fix (#113)\n\nfixed ability to resolve variable values from json body files", "patch": ["@@ -152,5 +152,6 @@ jacocoTestReport {\n license {\n     header rootProject.file('HEADER')\n     exclude (\"body.json\")\n+    exclude (\"bodyWithParams.json\")\n     strictCheck false\n }", "@@ -115,10 +115,11 @@ public static String resolveJsonVars(String inputJsonAsString) {\n         while (m.find()) {\n             String varName = m.group(1);\n             String value = loadProperty(varName, (String) AkitaScenario.getInstance().tryGetVar(varName));\n-            if (value == null)\n-                throw new IllegalArgumentException(\n-                    \"\u0417\u043d\u0430\u0447\u0435\u043d\u0438\u0435 \" + varName +\n-                        \" \u043d\u0435 \u0431\u044b\u043b\u043e \u043d\u0430\u0439\u0434\u0435\u043d\u043e \u043d\u0438 \u0432 application.properties, \u043d\u0438 \u0432 environment \u043f\u0435\u0440\u0435\u043c\u0435\u043d\u043d\u043e\u0439\");\n+            if (value == null) {\n+                AkitaScenario.getInstance().write(\n+                        \"\u0417\u043d\u0430\u0447\u0435\u043d\u0438\u0435 \" + varName +\n+                                \" \u043d\u0435 \u0431\u044b\u043b\u043e \u043d\u0430\u0439\u0434\u0435\u043d\u043e \u043d\u0438 \u0432 application.properties, \u043d\u0438 \u0432 environment \u043f\u0435\u0440\u0435\u043c\u0435\u043d\u043d\u043e\u0439\");\n+            }\n             newString = m.replaceFirst(value);\n             if (isJSONValid(newString)) return newString;\n             m = p.matcher(newString);", "@@ -164,8 +164,8 @@ private RequestSender createRequest(List<RequestParam> paramsTable) {\n         String body = null;\n         RequestSpecification request = given();\n         for (RequestParam requestParam : paramsTable) {\n-            String value = resolveJsonVars(requestParam.getValue());\n             String name = requestParam.getName();\n+            String value = requestParam.getValue();\n             switch (requestParam.getType()) {\n                 case PARAMETER:\n                     request.param(name, value);\n@@ -174,7 +174,9 @@ private RequestSender createRequest(List<RequestParam> paramsTable) {\n                     request.header(name, value);\n                     break;\n                 case BODY:\n-                    request.body(loadValueFromFileOrPropertyOrVariableOrDefault(value));\n+                    value = loadValueFromFileOrPropertyOrVariableOrDefault(value);\n+                    body = resolveJsonVars(value);\n+                    request.body(body);\n                     break;\n                 default:\n                     throw new IllegalArgumentException(String.format(\"\u041d\u0435\u043a\u043e\u0440\u0440\u0435\u043a\u0442\u043d\u043e \u0437\u0430\u0434\u0430\u043d \u0442\u0438\u043f %s \u0434\u043b\u044f \u043f\u0430\u0440\u0430\u043c\u0435\u0442\u0440\u0430 \u0437\u0430\u043f\u0440\u043e\u0441\u0430 %s \", requestParam.getType(), name));", "@@ -113,6 +113,28 @@ public void sendHttpRequestWithVarsPost() throws java.lang.Exception {\n         assertThat(akitaScenario.getVar(\"RESPONSE_POST_BODY\"), equalTo(\"TEST_BODY\"));\n     }\n \n+    @Test\n+    public void sendHttpRequestFromFileWithVarsPost() throws java.lang.Exception {\n+        String body = \"{\\\"person\\\": {\\\"name\\\": \\\"Jack\\\", \\\"age\\\": 35}, \\\"object\\\": {\\\"var1\\\": 1}}\";\n+        String bodyFileName = \"/src/test/resources/bodyWithParams.json\";\n+\n+        stubFor(post(urlEqualTo(\"/post/resource\"))\n+                .withRequestBody(WireMock.equalTo(body))\n+                .willReturn(aResponse()\n+                        .withStatus(200)\n+                        .withHeader(\"Content-Type\", \"text/xml\")\n+                        .withBody(\"TEST_BODY\")));\n+\n+        List<RequestParam> params = Collections.singletonList(\n+                RequestParam.builder()\n+                        .name(\"body\")\n+                        .type(RequestParamType.BODY)\n+                        .value(bodyFileName)\n+                        .build());\n+        api.sendHttpRequestSaveResponse(\"POST\", \"/post/resource\", \"RESPONSE_POST_BODY\", params);\n+        assertThat(akitaScenario.getVar(\"RESPONSE_POST_BODY\"), equalTo(\"TEST_BODY\"));\n+    }\n+\n     @Test\n     public void sendHttpRequestSaveResponseTest() throws java.lang.Exception {\n         stubFor(post(urlEqualTo(\"/post/saveWithTable\"))", "@@ -34,6 +34,8 @@ bodyValue={\"property\":\"body\"}\n var2=\"2\"\n var3=3\n titleFromProperty=Title\n+bodyWithParams1=Jack\n+bodyWithParams2=35\n \n strJson = {\"object1\" : { \"array\" : [\"stringInArray\", 0.003, true, false, null], \"innerObject\": {\"str\": \"qwer\"} }, \"object2\": {\"number\" : 0.003, \"string\" : \"stringValue\", \"boolean\" : true, \"nullName\" : null}, \"object3\": {\"number\": -3579.09}}\n strTemplate = {\"name\": \"_name_\", \"age\": _age_}\n\\ No newline at end of file", "@@ -0,0 +1 @@\n+{\"person\": {\"name\": \"{bodyWithParams1}\", \"age\": {bodyWithParams2}}, \"object\": {\"var1\": 1}}\n\\ No newline at end of file"], "edit": ["+    exclude (\"bodyWithParams.json\")", "-            if (value == null)", "-                throw new IllegalArgumentException(", "-                    \"\u0417\u043d\u0430\u0447\u0435\u043d\u0438\u0435 \" + varName +", "-                        \" \u043d\u0435 \u0431\u044b\u043b\u043e \u043d\u0430\u0439\u0434\u0435\u043d\u043e \u043d\u0438 \u0432 application.properties, \u043d\u0438 \u0432 environment \u043f\u0435\u0440\u0435\u043c\u0435\u043d\u043d\u043e\u0439\");", "+            if (value == null) {", "+                AkitaScenario.getInstance().write(", "+                        \"\u0417\u043d\u0430\u0447\u0435\u043d\u0438\u0435 \" + varName +", "+                                \" \u043d\u0435 \u0431\u044b\u043b\u043e \u043d\u0430\u0439\u0434\u0435\u043d\u043e \u043d\u0438 \u0432 application.properties, \u043d\u0438 \u0432 environment \u043f\u0435\u0440\u0435\u043c\u0435\u043d\u043d\u043e\u0439\");", "+            }", "-            String value = resolveJsonVars(requestParam.getValue());", "+            String value = requestParam.getValue();", "-                    request.body(loadValueFromFileOrPropertyOrVariableOrDefault(value));", "+                    value = loadValueFromFileOrPropertyOrVariableOrDefault(value);", "+                    body = resolveJsonVars(value);", "+                    request.body(body);", "+    @Test", "+    public void sendHttpRequestFromFileWithVarsPost() throws java.lang.Exception {", "+        String body = \"{\\\"person\\\": {\\\"name\\\": \\\"Jack\\\", \\\"age\\\": 35}, \\\"object\\\": {\\\"var1\\\": 1}}\";", "+        String bodyFileName = \"/src/test/resources/bodyWithParams.json\";", "+", "+        stubFor(post(urlEqualTo(\"/post/resource\"))", "+                .withRequestBody(WireMock.equalTo(body))", "+                .willReturn(aResponse()", "+                        .withStatus(200)", "+                        .withHeader(\"Content-Type\", \"text/xml\")", "+                        .withBody(\"TEST_BODY\")));", "+", "+        List<RequestParam> params = Collections.singletonList(", "+                RequestParam.builder()", "+                        .name(\"body\")", "+                        .type(RequestParamType.BODY)", "+                        .value(bodyFileName)", "+                        .build());", "+        api.sendHttpRequestSaveResponse(\"POST\", \"/post/resource\", \"RESPONSE_POST_BODY\", params);", "+        assertThat(akitaScenario.getVar(\"RESPONSE_POST_BODY\"), equalTo(\"TEST_BODY\"));", "+    }", "+", "+bodyWithParams1=Jack", "+bodyWithParams2=35", "+{\"person\": {\"name\": \"{bodyWithParams1}\", \"age\": {bodyWithParams2}}, \"object\": {\"var1\": 1}}"], "url": ["https://api.github.com/repos/alfa-laboratory/akita/commits/471d7d1b26d3e956e77767e3d80e884e38f1e780"]}