{"new_feature": "852,1,0,121,25,0.38", "commitmessage": "Fix oneway bug that showed up after correcting seqIds", "patch": ["@@ -40,6 +40,7 @@\n import static org.apache.thrift.TApplicationException.BAD_SEQUENCE_ID;\n import static org.apache.thrift.protocol.TMessageType.CALL;\n import static org.apache.thrift.protocol.TMessageType.EXCEPTION;\n+import static org.apache.thrift.protocol.TMessageType.ONEWAY;\n \n @ThreadSafe\n public class ThriftMethodHandler\n@@ -52,8 +53,6 @@\n \n     private final ThriftMethodStats stats = new ThriftMethodStats();\n \n-    private int sequenceId;\n-\n     public ThriftMethodHandler(ThriftMethodMetadata methodMetadata, ThriftCodecManager codecManager)\n     {\n         name = methodMetadata.getName();\n@@ -178,7 +177,11 @@ private void writeArguments(TProtocol out, int sequenceId, Object[] args)\n     {\n         long start = System.nanoTime();\n \n-        out.writeMessageBegin(new TMessage(name, CALL, sequenceId));\n+        // Note that though setting message type to ONEWAY can be helpful when looking at packet\n+        // captures, some clients always send CALL and so servers are forced to rely on the \"oneway\"\n+        // attribute on thrift method in the interface definition, rather than checking the message\n+        // type.\n+        out.writeMessageBegin(new TMessage(name, oneway ? ONEWAY : CALL, sequenceId));\n \n         // write the parameters\n         TProtocolWriter writer = new TProtocolWriter(out);", "@@ -116,14 +116,16 @@ public void process(TProtocol in, TProtocol out, int sequenceId)\n         try {\n             result = invokeMethod(args);\n \n-            // write success reply\n-            writeResponse(out,\n-                          sequenceId,\n-                          TMessageType.REPLY,\n-                          \"success\",\n-                          (short) 0,\n-                          successCodec,\n-                          result);\n+            if (!oneway) {\n+                // write success reply\n+                writeResponse(out,\n+                              sequenceId,\n+                              TMessageType.REPLY,\n+                              \"success\",\n+                              (short) 0,\n+                              successCodec,\n+                              result);\n+            }\n \n             stats.addSuccessTime(nanosSince(start));\n         }\n@@ -155,6 +157,8 @@ public void process(TProtocol in, TProtocol out, int sequenceId)\n \n                     stats.addErrorTime(nanosSince(start));\n                 }\n+            } else {\n+                stats.addErrorTime(nanosSince(start));\n             }\n         }\n     }"], "edit": ["+import static org.apache.thrift.protocol.TMessageType.ONEWAY;", "-    private int sequenceId;", "-", "-        out.writeMessageBegin(new TMessage(name, CALL, sequenceId));", "+        // Note that though setting message type to ONEWAY can be helpful when looking at packet", "+        // captures, some clients always send CALL and so servers are forced to rely on the \"oneway\"", "+        // attribute on thrift method in the interface definition, rather than checking the message", "+        // type.", "+        out.writeMessageBegin(new TMessage(name, oneway ? ONEWAY : CALL, sequenceId));", "-            // write success reply", "-            writeResponse(out,", "-                          sequenceId,", "-                          TMessageType.REPLY,", "-                          \"success\",", "-                          (short) 0,", "-                          successCodec,", "-                          result);", "+            if (!oneway) {", "+                // write success reply", "+                writeResponse(out,", "+                              sequenceId,", "+                              TMessageType.REPLY,", "+                              \"success\",", "+                              (short) 0,", "+                              successCodec,", "+                              result);", "+            }", "+            } else {", "+                stats.addErrorTime(nanosSince(start));"], "url": ["https://api.github.com/repos/airlift/drift/commits/47614a0998689782b4ca2383c16d370db73a1080"]}