{"new_feature": "1147,17,0,59,14,0.13", "commitmessage": "EmptyCodeBlockDiagnostic fix fp on FileCodeBlock", "patch": ["@@ -45,6 +45,7 @@ public ParseTree visitCodeBlock(BSLParser.CodeBlockContext ctx) {\n \n     if (ctx.getParent() instanceof BSLParser.FileContext\n       || ctx.getParent() instanceof BSLParser.FileCodeBlockBeforeSubContext\n+      || ctx.getParent() instanceof BSLParser.FileCodeBlockContext\n       || ctx.getParent() instanceof BSLParser.SubCodeBlockContext) {\n       return super.visitCodeBlock(ctx);\n     }", "@@ -32,7 +32,7 @@\n import org.github._1c_syntax.bsl.languageserver.context.DocumentContext;\n \n import java.io.IOException;\n-import java.nio.charset.Charset;\n+import java.nio.charset.StandardCharsets;\n import java.util.Collections;\n import java.util.List;\n \n@@ -58,6 +58,11 @@ T getDiagnosticInstance() {\n     return diagnostic.getDiagnostics(documentContext);\n   }\n \n+  List<Diagnostic> getDiagnostics(String SimpleFileName) {\n+    DocumentContext documentContext = getDocumentContext(SimpleFileName);\n+    return diagnostic.getDiagnostics(documentContext);\n+  }\n+\n   List<CodeAction> getQuickFixes(Diagnostic diagnostic, Range range) {\n     DocumentContext documentContext = getDocumentContext();\n     return getQuickFixes(documentContext, Collections.singletonList(diagnostic), range);\n@@ -86,14 +91,16 @@ T getDiagnosticInstance() {\n \n   }\n \n-\n-\n   private DocumentContext getDocumentContext() {\n+    return getDocumentContext(diagnostic.getClass().getSimpleName());\n+  }\n+\n+  private DocumentContext getDocumentContext(String SimpleFileName) {\n     String textDocumentContent;\n     try {\n       textDocumentContent = IOUtils.resourceToString(\n-        \"diagnostics/\" + diagnostic.getClass().getSimpleName() + \".bsl\",\n-        Charset.forName(\"UTF-8\"),\n+        \"diagnostics/\" + SimpleFileName + \".bsl\",\n+        StandardCharsets.UTF_8,\n         this.getClass().getClassLoader()\n       );\n     } catch (IOException e) {", "@@ -48,4 +48,15 @@ void test() {\n     assertThat(diagnostics.get(5).getRange()).isEqualTo(RangeHelper.newRange(40, 4, 40, 9));\n \n   }\n+\n+  @Test\n+  void testEmptyCodeBlock() {\n+\n+    List<Diagnostic> diagnostics = getDiagnostics(\"EmptyCodeBlockDiagnosticFileCodeBlock\");\n+\n+    assertThat(diagnostics).hasSize(1);\n+    assertThat(diagnostics.get(0).getRange()).isEqualTo(RangeHelper.newRange(3, 4, 3, 16));\n+\n+  }\n+\n }", "@@ -0,0 +1,12 @@\n+// \u041f\u0440\u043e\u0432\u0435\u0440\u0438\u043c \u0447\u0442\u043e \u043d\u0430 \u043f\u0443\u0441\u0442\u043e\u043c \u0442\u0435\u043b\u0435 \u043c\u043e\u0434\u0443\u043b\u044f(\u0442\u043e\u0442 \u0447\u0442\u043e \u043f\u043e\u0441\u043b\u0435 \u043c\u0435\u0442\u043e\u0434\u043e\u0432) \u043d\u0435 \u0441\u0442\u0440\u0435\u043b\u044f\u0435\u0442\n+\n+\u041f\u0440\u043e\u0446\u0435\u0434\u0443\u0440\u0430 \u041f\u0443\u0441\u0442\u0430\u044f()\n+    \u0415\u0441\u043b\u0438 \u0410 \u0422\u043e\u0433\u0434\u0430 // \u0421\u0440\u0430\u0431\u043e\u0442\u043a\u0430\n+\n+    \u041a\u043e\u043d\u0435\u0446\u0415\u0441\u043b\u0438;\n+\u041a\u043e\u043d\u0435\u0446\u041f\u0440\u043e\u0446\u0435\u0434\u0443\u0440\u044b\n+\n+\u0424\u0443\u043d\u043a\u0446\u0438\u044f \u0417\u0430\u043f\u0440\u0435\u0449\u0435\u043d\u043d\u044b\u0435\u0421\u0438\u043c\u0432\u043e\u043b\u044b\u0412\u041f\u0443\u0442\u0438()\n+\t\u0412\u043e\u0437\u0432\u0440\u0430\u0442 \u0417\u0430\u043f\u0440\u0435\u0449\u0435\u043d\u043d\u044b\u0435\u0421\u0438\u043c\u0432\u043e\u043b\u044b;\n+\u041a\u043e\u043d\u0435\u0446\u0424\u0443\u043d\u043a\u0446\u0438\u0438 // \u041d\u0435\u0442\u0443\n+"], "edit": ["+      || ctx.getParent() instanceof BSLParser.FileCodeBlockContext", "-import java.nio.charset.Charset;", "+import java.nio.charset.StandardCharsets;", "+  List<Diagnostic> getDiagnostics(String SimpleFileName) {", "+    DocumentContext documentContext = getDocumentContext(SimpleFileName);", "+    return diagnostic.getDiagnostics(documentContext);", "+  }", "+", "-", "-", "+    return getDocumentContext(diagnostic.getClass().getSimpleName());", "+  }", "+", "+  private DocumentContext getDocumentContext(String SimpleFileName) {", "-        \"diagnostics/\" + diagnostic.getClass().getSimpleName() + \".bsl\",", "-        Charset.forName(\"UTF-8\"),", "+        \"diagnostics/\" + SimpleFileName + \".bsl\",", "+        StandardCharsets.UTF_8,", "+", "+  @Test", "+  void testEmptyCodeBlock() {", "+", "+    List<Diagnostic> diagnostics = getDiagnostics(\"EmptyCodeBlockDiagnosticFileCodeBlock\");", "+", "+    assertThat(diagnostics).hasSize(1);", "+    assertThat(diagnostics.get(0).getRange()).isEqualTo(RangeHelper.newRange(3, 4, 3, 16));", "+", "+  }", "+", "+// \u041f\u0440\u043e\u0432\u0435\u0440\u0438\u043c \u0447\u0442\u043e \u043d\u0430 \u043f\u0443\u0441\u0442\u043e\u043c \u0442\u0435\u043b\u0435 \u043c\u043e\u0434\u0443\u043b\u044f(\u0442\u043e\u0442 \u0447\u0442\u043e \u043f\u043e\u0441\u043b\u0435 \u043c\u0435\u0442\u043e\u0434\u043e\u0432) \u043d\u0435 \u0441\u0442\u0440\u0435\u043b\u044f\u0435\u0442", "+", "+\u041f\u0440\u043e\u0446\u0435\u0434\u0443\u0440\u0430 \u041f\u0443\u0441\u0442\u0430\u044f()", "+    \u0415\u0441\u043b\u0438 \u0410 \u0422\u043e\u0433\u0434\u0430 // \u0421\u0440\u0430\u0431\u043e\u0442\u043a\u0430", "+", "+    \u041a\u043e\u043d\u0435\u0446\u0415\u0441\u043b\u0438;", "+\u041a\u043e\u043d\u0435\u0446\u041f\u0440\u043e\u0446\u0435\u0434\u0443\u0440\u044b", "+", "+\u0424\u0443\u043d\u043a\u0446\u0438\u044f \u0417\u0430\u043f\u0440\u0435\u0449\u0435\u043d\u043d\u044b\u0435\u0421\u0438\u043c\u0432\u043e\u043b\u044b\u0412\u041f\u0443\u0442\u0438()", "+\t\u0412\u043e\u0437\u0432\u0440\u0430\u0442 \u0417\u0430\u043f\u0440\u0435\u0449\u0435\u043d\u043d\u044b\u0435\u0421\u0438\u043c\u0432\u043e\u043b\u044b;", "+\u041a\u043e\u043d\u0435\u0446\u0424\u0443\u043d\u043a\u0446\u0438\u0438 // \u041d\u0435\u0442\u0443", "+"], "url": ["https://api.github.com/repos/1c-syntax/bsl-language-server/commits/5008ee3f8d8a7a8a0f0fd39178f55e8ed0f71569"]}