{"new_feature": "286,1,10,407,7,0.45", "commitmessage": "RQD user and log fixes. (#144)", "patch": ["@@ -349,6 +349,7 @@ public RunFrame prepareRqdRunFrame(VirtualProc proc, DispatchFrame frame) {\n                 .setJobId(frame.jobId)\n                 .setJobName(frame.jobName)\n                 .setFrameId(frame.id)\n+                .setFrameName(frame.name)\n                 .setLayerId(frame.getLayerId())\n                 .setResourceId(proc.getProcId())\n                 .setNumCores(proc.coresReserved)", "@@ -243,7 +243,9 @@ def runLinux(self):\n         self.__createEnvVariables()\n         self.__writeHeader()\n         if rqconstants.RQD_CREATE_USER_IF_NOT_EXISTS:\n+            rqutil.permissionsHigh()\n             rqutil.checkAndCreateUser(runFrame.user_name)\n+            rqutil.permissionsLow()\n \n         tempStatFile = \"%srqd-stat-%s-%s\" % (self.rqCore.machine.getTempPath(),\n                                              frameInfo.frameId,\n@@ -421,11 +423,11 @@ def run(self):\n \n         try:\n             runFrame.job_temp_dir = os.path.join(self.rqCore.machine.getTempPath(),\n-                                               runFrame.job_name)\n+                                                 runFrame.job_name)\n             runFrame.frame_temp_dir = os.path.join(runFrame.job_temp_dir,\n-                                                 runFrame.frame_name)\n+                                                   runFrame.frame_name)\n             runFrame.log_file = \"%s.%s.rqlog\" % (runFrame.job_name,\n-                                                runFrame.frame_name)\n+                                                 runFrame.frame_name)\n             runFrame.log_dir_file = os.path.join(runFrame.log_dir, runFrame.log_file)\n \n             try: # Exception block for all exceptions\n@@ -443,7 +445,7 @@ def run(self):\n                         # Attempting mkdir for missing logdir\n                         msg = \"No Error\"\n                         try:\n-                            os.mkdir(runFrame.log_dir)\n+                            os.makedirs(runFrame.log_dir)\n                             os.chmod(runFrame.log_dir, 0777)\n                         except Exception, e:\n                             # This is expected to fail when called in abq", "@@ -360,10 +360,9 @@ def getHostname(self):\n     @rqutil.Memoize\n     def getPathEnv(self):\n         \"\"\"Returns the correct path environment for the given machine\"\"\"\n-        if platform.system() == \"Linux\":\n-            return \"/usr/local/spi/bin:/usr/local/psoft/bin:/usr/sbin:\" \\\n-                   \"/usr/bsd:/usr/bin:/bin:/etc:/usr/etc:/usr/bin/X11\"\n-        return \"\"\n+        if platform.system() == 'Linux':\n+            return '/usr/local/sbin:/usr/local/bin:/usr/sbin:/usr/bin:/sbin:/bin'\n+        return ''\n \n     @rqutil.Memoize\n     def getTempPath(self):", "@@ -125,8 +125,11 @@ def checkAndCreateUser(username):\n         pwd.getpwnam(username)\n         return\n     except KeyError:\n-        pwd = crypt.crypt(username, str(random.randint(1, 10000)))\n-        subprocess.check_call(\"useradd -p {pwd} {username}\".format(pwd=pwd, username=username))\n+        subprocess.check_call([\n+            'useradd',\n+            '-p', crypt.crypt(username, str(random.randint(1, 10000))),\n+            username\n+        ])\n \n \n def getHostIp():"], "edit": ["+                .setFrameName(frame.name)", "+            rqutil.permissionsHigh()", "+            rqutil.permissionsLow()", "-                                               runFrame.job_name)", "+                                                 runFrame.job_name)", "-                                                 runFrame.frame_name)", "+                                                   runFrame.frame_name)", "-                                                runFrame.frame_name)", "+                                                 runFrame.frame_name)", "-                            os.mkdir(runFrame.log_dir)", "+                            os.makedirs(runFrame.log_dir)", "-        if platform.system() == \"Linux\":", "-            return \"/usr/local/spi/bin:/usr/local/psoft/bin:/usr/sbin:\" \\", "-                   \"/usr/bsd:/usr/bin:/bin:/etc:/usr/etc:/usr/bin/X11\"", "-        return \"\"", "+        if platform.system() == 'Linux':", "+            return '/usr/local/sbin:/usr/local/bin:/usr/sbin:/usr/bin:/sbin:/bin'", "+        return ''", "-        pwd = crypt.crypt(username, str(random.randint(1, 10000)))", "-        subprocess.check_call(\"useradd -p {pwd} {username}\".format(pwd=pwd, username=username))", "+        subprocess.check_call([", "+            'useradd',", "+            '-p', crypt.crypt(username, str(random.randint(1, 10000))),", "+            username", "+        ])"], "url": ["https://api.github.com/repos/AcademySoftwareFoundation/OpenCue/commits/51d5d72f5969f054177c9703b6631d6d2143c5e8"]}