{"new_feature": "1577,1,17,193,30,0.71", "commitmessage": "Fixed wrong multi select item titles", "patch": ["@@ -125,6 +125,11 @@ protected Playlist getIdentifier(int position) {\n         return dataSet.get(position);\n     }\n \n+    @Override\n+    protected String getName(Playlist playlist) {\n+        return playlist.name;\n+    }\n+\n     @Override\n     protected void onMultipleItemAction(@NonNull MenuItem menuItem, @NonNull ArrayList<Playlist> selection) {\n         switch (menuItem.getItemId()) {", "@@ -175,6 +175,11 @@ protected Album getIdentifier(int position) {\n         return dataSet.get(position);\n     }\n \n+    @Override\n+    protected String getName(Album album) {\n+        return album.title;\n+    }\n+\n     @Override\n     protected void onMultipleItemAction(@NonNull MenuItem menuItem, @NonNull ArrayList<Album> selection) {\n         switch (menuItem.getItemId()) {", "@@ -164,6 +164,11 @@ protected Artist getIdentifier(int position) {\n         return dataSet.get(position);\n     }\n \n+    @Override\n+    protected String getName(Artist artist) {\n+        return artist.name;\n+    }\n+\n     @Override\n     protected void onMultipleItemAction(@NonNull MenuItem menuItem, @NonNull ArrayList<Artist> selection) {\n         switch (menuItem.getItemId()) {", "@@ -45,7 +45,7 @@ protected boolean toggleChecked(final int position) {\n \n             final int size = checked.size();\n             if (size <= 0) cab.finish();\n-            else if (size == 1) cab.setTitle(checked.get(0).toString());\n+            else if (size == 1) cab.setTitle(getName(checked.get(0)));\n             else if (size > 1) cab.setTitle(context.getString(R.string.x_selected, size));\n \n             return true;\n@@ -93,6 +93,10 @@ public boolean onCabFinished(MaterialCab materialCab) {\n         return true;\n     }\n \n+    protected String getName(I object) {\n+        return object.toString();\n+    }\n+\n     protected abstract I getIdentifier(int position);\n \n     protected abstract void onMultipleItemAction(MenuItem menuItem, ArrayList<I> selection);", "@@ -182,6 +182,11 @@ protected Song getIdentifier(int position) {\n         return dataSet.get(position);\n     }\n \n+    @Override\n+    protected String getName(Song song) {\n+        return song.title;\n+    }\n+\n     @Override\n     protected void onMultipleItemAction(@NonNull MenuItem menuItem, @NonNull ArrayList<Song> selection) {\n         switch (menuItem.getItemId()) {"], "edit": ["+    @Override", "+    protected String getName(Playlist playlist) {", "+        return playlist.name;", "+    }", "+", "+    @Override", "+    protected String getName(Album album) {", "+        return album.title;", "+    }", "+", "+    @Override", "+    protected String getName(Artist artist) {", "+        return artist.name;", "+    }", "+", "-            else if (size == 1) cab.setTitle(checked.get(0).toString());", "+            else if (size == 1) cab.setTitle(getName(checked.get(0)));", "+    protected String getName(I object) {", "+        return object.toString();", "+    }", "+", "+    @Override", "+    protected String getName(Song song) {", "+        return song.title;", "+    }", "+"], "url": ["https://api.github.com/repos/AdrienPoupa/VinylMusicPlayer/commits/527ce7ccdb0d901680b6f1a401865ebd3cb072bd"]}