{"new_feature": "286,1,10,407,7,0.41", "commitmessage": "fix ManageService bean and make sure launchSpecAndWait returns the jobs submitted. (#90)", "patch": ["@@ -116,6 +116,7 @@\n import com.imageworks.spcue.grpc.job.JobRunFiltersRequest;\n import com.imageworks.spcue.grpc.job.JobRunFiltersResponse;\n import com.imageworks.spcue.grpc.job.JobSearchCriteria;\n+import com.imageworks.spcue.grpc.job.JobSeq;\n import com.imageworks.spcue.grpc.job.JobSetAutoEatRequest;\n import com.imageworks.spcue.grpc.job.JobSetAutoEatResponse;\n import com.imageworks.spcue.grpc.job.JobSetGroupRequest;\n@@ -246,14 +247,13 @@ public void launchSpecAndWait(JobLaunchSpecAndWaitRequest request,\n                                   StreamObserver<JobLaunchSpecAndWaitResponse> responseObserver) {\n         JobSpec spec = jobLauncher.parse(request.getSpec());\n         jobLauncher.launch(spec);\n-        JobSearchCriteria r = JobSearchInterface.criteriaFactory();\n-        JobSearchCriteria.Builder builder = r.toBuilder();\n-        for (BuildableJob job: spec.getJobs()) {\n-            builder.addIds((job.detail.id)).build();\n+        JobSeq.Builder jobSeqBuilder = JobSeq.newBuilder();\n+        for (BuildableJob j: spec.getJobs()) {\n+            jobSeqBuilder.addJobs(whiteboard.findJob(j.detail.name));\n         }\n-        r = builder.build();\n+\n         responseObserver.onNext(JobLaunchSpecAndWaitResponse.newBuilder()\n-                .setJobs(whiteboard.getJobs(jobSearchFactory.create(r)))\n+                .setJobs(jobSeqBuilder.build())\n                 .build());\n         responseObserver.onCompleted();\n     }", "@@ -102,6 +102,14 @@ public void setServiceManager(ServiceManager serviceManager) {\n         this.serviceManager = serviceManager;\n     }\n \n+    public Whiteboard getWhiteboard() {\n+        return whiteboard;\n+    }\n+\n+    public void setWhiteboard(Whiteboard whiteboard) {\n+        this.whiteboard = whiteboard;\n+    }\n+\n     private ServiceEntity toServiceEntity(Service service) {\n         ServiceEntity entity = new ServiceEntity();\n         entity.id = service.getId();", "@@ -159,6 +159,7 @@\n \n     <bean scope=\"prototype\" id=\"manageService\" class=\"com.imageworks.spcue.servant.ManageService\">\n         <property name=\"serviceManager\" ref=\"serviceManager\" />\n+        <property name=\"whiteboard\" ref=\"whiteboard\" />\n     </bean>\n \n     <bean scope=\"prototype\" id=\"manageServiceOverride\" class=\"com.imageworks.spcue.servant.ManageServiceOverride\">"], "edit": ["+import com.imageworks.spcue.grpc.job.JobSeq;", "-        JobSearchCriteria r = JobSearchInterface.criteriaFactory();", "-        JobSearchCriteria.Builder builder = r.toBuilder();", "-        for (BuildableJob job: spec.getJobs()) {", "-            builder.addIds((job.detail.id)).build();", "+        JobSeq.Builder jobSeqBuilder = JobSeq.newBuilder();", "+        for (BuildableJob j: spec.getJobs()) {", "+            jobSeqBuilder.addJobs(whiteboard.findJob(j.detail.name));", "-        r = builder.build();", "+", "-                .setJobs(whiteboard.getJobs(jobSearchFactory.create(r)))", "+                .setJobs(jobSeqBuilder.build())", "+    public Whiteboard getWhiteboard() {", "+        return whiteboard;", "+    }", "+", "+    public void setWhiteboard(Whiteboard whiteboard) {", "+        this.whiteboard = whiteboard;", "+    }", "+", "+        <property name=\"whiteboard\" ref=\"whiteboard\" />"], "url": ["https://api.github.com/repos/AcademySoftwareFoundation/OpenCue/commits/53661229eadf8d5cd565238591f6f5e0970c8fef"]}