{"new_feature": "1212,68,81,7340,22,0.60", "commitmessage": "fix", "patch": ["@@ -256,5 +256,5 @@ jar {\n }\n \n \n-version = '3.0.1-rc26-1'\n+version = '3.0.1-rc26-2'\n ", "@@ -332,25 +332,25 @@ private File createAP(File apkFile,\n                 new File(proguardOut, \"full-mapping.txt\").exists())) {\n             File usageFile = new File(proguardOut, \"usage.txt\");\n             File mappingFile = new File(proguardOut, \"mapping.txt\");\n-            File dexCocoMap = new File(proguardOut,\"dexcocomap.data\");\n-            File j2cMap = new File(proguardOut,\"j2cmap.data\");\n+            File dexCocoMap = new File(proguardOut,\"dexcocomap.zip\");\n+            File j2cMap = new File(proguardOut,\"j2cmap.zip\");\n             addFile(usageFile, \"usage.txt\");\n             addFile(mappingFile, \"mapping.txt\");\n-            addFile(dexCocoMap,\"dexcocomap.data\");\n-            addFile(j2cMap,\"j2cmap.data\");\n+            addFile(dexCocoMap,\"dexcocomap.zip\");\n+            addFile(j2cMap,\"j2cmap.zip\");\n             addFile(new File(proguardOut, \"full-mapping.txt\"), \"full-mapping.txt\");\n             addFile(new File(proguardOut, \"mapping.data\"), \"mapping.data\");\n         } else if (null != appVariantContext.apContext.getApExploredFolder() &&\n             appVariantContext.apContext.getApExploredFolder().exists()) {\n             File lastApDir = appVariantContext.apContext.getApExploredFolder();\n             File usageFile = new File(lastApDir, \"usage.txt\");\n             File mappingFile = new File(lastApDir, \"mapping.txt\");\n-            File dexCocoMap = new File(lastApDir,\"dexcocomap.data\");\n-            File j2cMap = new File(lastApDir,\"j2cmap.data\");\n+            File dexCocoMap = new File(lastApDir,\"dexcocomap.zip\");\n+            File j2cMap = new File(lastApDir,\"j2cmap.zip\");\n             addFile(usageFile, \"usage.txt\");\n             addFile(mappingFile, \"mapping.txt\");\n-            addFile(dexCocoMap,\"dexcocomap.data\");\n-            addFile(j2cMap,\"j2cmap.data\");\n+            addFile(dexCocoMap,\"dexcocomap.zip\");\n+            addFile(j2cMap,\"j2cmap.zip\");\n             addFile(new File(lastApDir, \"full-mapping.txt\"), \"full-mapping.txt\");\n             addFile(new File(lastApDir, \"mapping.data\"), \"mapping.data\");\n         }", "@@ -427,7 +427,7 @@ public static void doProguard(AppVariantContext appVariantContext, Input input)\n             configuration.printConfiguration = input.printConfiguration;\n         }\n \n-        configuration.printSeeds = input.printSeeds;\n+        configuration.printSeeds = null;\n         configuration.printUsage = input.printUsage;\n         configuration.printMapping = input.printMapping;\n "], "edit": ["-version = '3.0.1-rc26-1'", "+version = '3.0.1-rc26-2'", "-            File dexCocoMap = new File(proguardOut,\"dexcocomap.data\");", "-            File j2cMap = new File(proguardOut,\"j2cmap.data\");", "+            File dexCocoMap = new File(proguardOut,\"dexcocomap.zip\");", "+            File j2cMap = new File(proguardOut,\"j2cmap.zip\");", "-            addFile(dexCocoMap,\"dexcocomap.data\");", "-            addFile(j2cMap,\"j2cmap.data\");", "+            addFile(dexCocoMap,\"dexcocomap.zip\");", "+            addFile(j2cMap,\"j2cmap.zip\");", "-            File dexCocoMap = new File(lastApDir,\"dexcocomap.data\");", "-            File j2cMap = new File(lastApDir,\"j2cmap.data\");", "+            File dexCocoMap = new File(lastApDir,\"dexcocomap.zip\");", "+            File j2cMap = new File(lastApDir,\"j2cmap.zip\");", "-            addFile(dexCocoMap,\"dexcocomap.data\");", "-            addFile(j2cMap,\"j2cmap.data\");", "+            addFile(dexCocoMap,\"dexcocomap.zip\");", "+            addFile(j2cMap,\"j2cmap.zip\");", "-        configuration.printSeeds = input.printSeeds;", "+        configuration.printSeeds = null;"], "url": ["https://api.github.com/repos/alibaba/atlas/commits/56477dfc1336d4a02adf4de40d22bffabdb7424f"]}