{"new_feature": "1212,68,81,7340,22,0.60", "commitmessage": "bugfix", "patch": ["@@ -28,3 +28,4 @@\n -dontoptimize\n -dontobfuscate\n -ignorewarnings\n+", "@@ -15,7 +15,7 @@ buildscript {\n         resolutionStrategy.cacheChangingModulesFor 0, 'seconds'\n     }\n     dependencies {\n-        classpath \"com.taobao.android:atlasplugin:3.0.1-rc4\"\n+        classpath \"com.taobao.android:atlasplugin:3.0.1-rc5\"\n     }\n }\n ", "@@ -248,4 +248,4 @@ dependencies {\n }\n \n \n-version = '3.0.1-rc4'\n+version = '3.0.1-rc5'", "@@ -163,20 +163,25 @@ public void convertByteCode(Collection<File> inputs, File outDexFolder, boolean\n \n         inputFile = AtlasBuildContext.atlasMainDexHelper.getAllMainDexJars();\n \n+        initDexExecutorService(dexOptions);\n+\n         if (!multidex) {\n-            waitableExecutor.execute((Callable<Void>) () -> {\n-                DexByteCodeConverterHook.super.convertByteCode(inputs, outDexFolder, multidex, mainDexList, dexOptions, processOutputHandler, minSdkVersion);\n-                return null;\n-            });\n+            DexByteCodeConverterHook.super.convertByteCode(inputs, outDexFolder, multidex, mainDexList, dexOptions, processOutputHandler, minSdkVersion);\n+            try {\n+                for (Future future : futureList) {\n+                    future.get();\n+                }\n+            } catch (Exception e) {\n+                e.printStackTrace();\n+            }\n+\n         } else {\n \n             tempDexFolder = variantOutputContext.getMainDexOutDir();\n             if (tempDexFolder.exists()) {\n                 FileUtils.cleanDirectory(tempDexFolder);\n             }\n \n-            initDexExecutorService(dexOptions);\n-\n             for (File file : inputFile) {\n \n                 String key = null;\n@@ -257,7 +262,7 @@ public void convertByteCode(Collection<File> inputs, File outDexFolder, boolean\n             }\n \n         }\n-        if (tempDexFolder.exists()) {\n+        if (tempDexFolder!= null && tempDexFolder.exists()) {\n             FileUtils.deleteDirectory(tempDexFolder);\n         }\n         waitableExecutor.waitForTasksWithQuickFail(true);", "@@ -108,6 +108,9 @@ public AwbApkPackageTask(FileCollection resourceFiles, VariantContext variantCon\n     }\n \n     public File doFullTaskAction() throws IOException {\n+        if (supportAbis == null){\n+            supportAbis = ImmutableSet.of();\n+        }\n         ApkData apkData = appVariantOutputContext.getScope().getOutputScope().getApkDatas().get(0);\n         if (dexFolders.getSingleFile().exists() && awbBundle.getMergedManifest().exists()) {\n             File[] dexFile = dexFolders.getSingleFile().listFiles((dir, name) -> name.equals(\"classes.dex\"));", "@@ -212,9 +212,10 @@ public void replaceProguardTransform() {\n \n             AtlasProguardTransform newTransform = new AtlasProguardTransform(variantContext);\n \n+            newTransform.oldTransform = (ProGuardTransform) transformTask.getTransform();\n+\n             ReflectUtils.updateField(transformTask, \"transform\",\n                     newTransform);\n-            newTransform.oldTransform = (ProGuardTransform) transformTask.getTransform();\n //\n         }\n     }"], "edit": ["-dontoptimize", "-dontobfuscate", "-ignorewarnings", "+", "-        classpath \"com.taobao.android:atlasplugin:3.0.1-rc4\"", "+        classpath \"com.taobao.android:atlasplugin:3.0.1-rc5\"", "-version = '3.0.1-rc4'", "+version = '3.0.1-rc5'", "+        initDexExecutorService(dexOptions);", "+", "-            waitableExecutor.execute((Callable<Void>) () -> {", "-                DexByteCodeConverterHook.super.convertByteCode(inputs, outDexFolder, multidex, mainDexList, dexOptions, processOutputHandler, minSdkVersion);", "-                return null;", "-            });", "+            DexByteCodeConverterHook.super.convertByteCode(inputs, outDexFolder, multidex, mainDexList, dexOptions, processOutputHandler, minSdkVersion);", "+            try {", "+                for (Future future : futureList) {", "+                    future.get();", "+                }", "+            } catch (Exception e) {", "+                e.printStackTrace();", "+            }", "+", "-            initDexExecutorService(dexOptions);", "-", "-        if (tempDexFolder.exists()) {", "+        if (tempDexFolder!= null && tempDexFolder.exists()) {", "+        if (supportAbis == null){", "+            supportAbis = ImmutableSet.of();", "+        }", "+            newTransform.oldTransform = (ProGuardTransform) transformTask.getTransform();", "+", "-            newTransform.oldTransform = (ProGuardTransform) transformTask.getTransform();"], "url": ["https://api.github.com/repos/alibaba/atlas/commits/56c0db0c7add2b5b01283743ba525404461a55c1"]}