{"new_feature": "81,4,0,61,1,1.00", "commitmessage": "Bug fix caused by backwards compatibility", "patch": ["@@ -1,6 +1,7 @@\n package de.aaronoe.cinematic.model.TvShow;\n \n import android.content.Context;\n+import android.os.Build;\n import android.support.v7.widget.RecyclerView;\n import android.view.LayoutInflater;\n import android.view.View;\n@@ -91,7 +92,9 @@ public void setEpisodeList(List<Episode> episodes) {\n         public EpisodeViewHolder(View itemView) {\n             super(itemView);\n             ButterKnife.bind(this, itemView);\n-            episodeTextScrollview.setNestedScrollingEnabled(true);\n+            if (Build.VERSION.SDK_INT >= Build.VERSION_CODES.LOLLIPOP) {\n+                episodeTextScrollview.setNestedScrollingEnabled(true);\n+            }\n         }\n     }\n ", "@@ -266,6 +266,9 @@ public void onClick(MovieItem movieItem) {\n         Intent intentToStartDetailActivity = new Intent(getActivity(), DetailActivity.class);\n         intentToStartDetailActivity.putExtra(\"MovieId\", movieItem.getId());\n         intentToStartDetailActivity.putExtra(getString(R.string.intent_key_movie_name), movieItem.getTitle());\n+\n+\n+\n         startActivity(intentToStartDetailActivity);\n     }\n ", "@@ -47,7 +47,6 @@\n     @BindView(R.id.detailpage_tabs) TabLayout mTabLayout;\n     @BindView(R.id.detailpage_viewpager) ViewPager mViewPager;\n     @BindView(R.id.detailpage_appbar) AppBarLayout mAppBarLayout;\n-    @BindView(R.id.detailpage_toolbar) Toolbar mToolBar;\n \n     String movieName;\n     MovieItem mMovieItem;\n@@ -168,8 +167,6 @@ public void populateViewsWithData() {\n         String pictureUrl = \"http://image.tmdb.org/t/p/w185/\" + picturePath;\n         Picasso.with(this)\n                 .load(pictureUrl)\n-                .placeholder(R.drawable.placeholder)\n-                .error(R.drawable.error)\n                 .into(mProfileImageView);\n \n         // Set Movie Backdrop", "@@ -43,28 +43,14 @@\n             android:layout_height=\"96dp\"\n             android:layout_marginTop=\"-48dp\"\n             android:layout_gravity=\"center_horizontal\"\n-            android:elevation=\"8dp\"\n             android:contentDescription=\"@string/movie_image_main\"\n             app:layout_scrollFlags=\"scroll\"\n             android:visibility=\"visible\"\n             />\n \n \n-\n-        <android.support.v7.widget.Toolbar\n-            android:id=\"@+id/detailpage.toolbar\"\n-            android:layout_width=\"match_parent\"\n-            android:layout_height=\"wrap_content\"\n-            android:minHeight=\"?attr/actionBarSize\"\n-            android:background=\"?colorPrimary\"\n-            android:layout_marginTop=\"-48dp\"\n-            app:theme=\"@style/ThemeOverlay.AppCompat.Light\"\n-            app:layout_scrollFlags=\"scroll|enterAlways|snap\"\n-            />\n-\n-\n-\n         <LinearLayout\n+            android:layout_margin=\"8dp\"\n             android:id=\"@+id/detailpage.title_container\"\n             android:layout_width=\"match_parent\"\n             android:layout_height=\"wrap_content\""], "edit": ["+import android.os.Build;", "-            episodeTextScrollview.setNestedScrollingEnabled(true);", "+            if (Build.VERSION.SDK_INT >= Build.VERSION_CODES.LOLLIPOP) {", "+                episodeTextScrollview.setNestedScrollingEnabled(true);", "+            }", "+", "+", "+", "-    @BindView(R.id.detailpage_toolbar) Toolbar mToolBar;", "-                .placeholder(R.drawable.placeholder)", "-                .error(R.drawable.error)", "-            android:elevation=\"8dp\"", "-", "-        <android.support.v7.widget.Toolbar", "-            android:id=\"@+id/detailpage.toolbar\"", "-            android:layout_width=\"match_parent\"", "-            android:layout_height=\"wrap_content\"", "-            android:minHeight=\"?attr/actionBarSize\"", "-            android:background=\"?colorPrimary\"", "-            android:layout_marginTop=\"-48dp\"", "-            app:theme=\"@style/ThemeOverlay.AppCompat.Light\"", "-            app:layout_scrollFlags=\"scroll|enterAlways|snap\"", "-            />", "-", "-", "-", "+            android:layout_margin=\"8dp\""], "url": ["https://api.github.com/repos/aaronoe/Cinematic/commits/572f6717216815612d57b2c73d4c2d5a4189d400"]}