{"new_feature": "2276,1,0,88,30,0.11", "commitmessage": "menus and bugfixes", "patch": ["@@ -10,7 +10,6 @@\n import android.content.Intent;\n import android.os.Bundle;\n import android.support.v4.app.NavUtils;\n-import android.view.Menu;\n import android.view.MenuItem;\n import android.view.View;\n import android.widget.Button;\n@@ -26,6 +25,7 @@\n \n import io.freefair.android.injection.annotation.Inject;\n import io.freefair.android.injection.annotation.XmlLayout;\n+import io.freefair.android.injection.annotation.XmlMenu;\n import io.freefair.android.util.logging.Logger;\n \n /**\n@@ -52,6 +52,7 @@\n  *  TODO:   [ ]     We should add an XPrivacy button (or automatic) to add XPrivacy filters when used.\n  */\n @XmlLayout(R.layout.activity_debug_logs)\n+@XmlMenu(R.menu.activity_debug_logs)\n public class DebugLogs extends BaseActivity {\n \n     @Inject\n@@ -156,14 +157,6 @@ private void startLogging() {\n         btnStop.setText(getString(R.string.btn_stop_logs));\n     }\n \n-    @Override\n-    public boolean onCreateOptionsMenu(Menu menu) {\n-        // Inflate the menu; this adds items to the action bar if it is present.\n-        getMenuInflater().inflate(R.menu.activity_debug_logs, menu);\n-        return true;\n-    }\n-\n-\n     @Override\n     public boolean onOptionsItemSelected(MenuItem item) {\n         switch (item.getItemId()) {", "@@ -25,7 +25,6 @@\n import android.telephony.ServiceState;\n import android.telephony.TelephonyManager;\n import android.view.Menu;\n-import android.view.MenuInflater;\n import android.view.MenuItem;\n \n import com.SecUpwN.AIMSICD.AppAIMSICD;\n@@ -58,6 +57,7 @@\n \n import io.freefair.android.injection.annotation.Inject;\n import io.freefair.android.injection.annotation.XmlLayout;\n+import io.freefair.android.injection.annotation.XmlMenu;\n import io.freefair.android.util.logging.Logger;\n \n /**\n@@ -83,6 +83,7 @@\n  * https://code.google.com/p/osmbonuspack/issues/detail?id=102\n  */\n @XmlLayout(R.layout.map)\n+@XmlMenu(R.menu.map_viewer_menu)\n public final class MapViewerOsmDroid extends BaseActivity implements OnSharedPreferenceChangeListener {\n \n     @Inject\n@@ -120,8 +121,8 @@ public void onCellInfoChanged(List<CellInfo> cellInfo) {\n      */\n     @Override\n     public void onCreate(Bundle savedInstanceState) {\n-        log.info(\"Starting MapViewer\");\n         super.onCreate(savedInstanceState);\n+        log.info(\"Starting MapViewer\");\n \n         setUpMapIfNeeded();\n \n@@ -317,13 +318,6 @@ private void setUpMapIfNeeded() {\n     @Override\n     public boolean onCreateOptionsMenu(Menu menu) {\n         this.mOptionsMenu = menu;\n-        MenuInflater inflater = getMenuInflater();\n-        inflater.inflate(R.menu.map_viewer_menu, menu);\n-        return super.onCreateOptionsMenu(menu);\n-    }\n-\n-    @Override\n-    public boolean onPrepareOptionsMenu(Menu menu) {\n         return super.onCreateOptionsMenu(menu);\n     }\n ", "@@ -89,6 +89,7 @@ public AimsicdService getService() {\n \n     @Override\n     public void onCreate() {\n+        super.onCreate();\n         setTheme(R.style.AppTheme);\n \n         signalStrengthTracker = new SignalStrengthTracker(getBaseContext());"], "edit": ["-import android.view.Menu;", "+import io.freefair.android.injection.annotation.XmlMenu;", "+@XmlMenu(R.menu.activity_debug_logs)", "-    @Override", "-    public boolean onCreateOptionsMenu(Menu menu) {", "-        // Inflate the menu; this adds items to the action bar if it is present.", "-        getMenuInflater().inflate(R.menu.activity_debug_logs, menu);", "-        return true;", "-    }", "-", "-", "-import android.view.MenuInflater;", "+import io.freefair.android.injection.annotation.XmlMenu;", "+@XmlMenu(R.menu.map_viewer_menu)", "-        log.info(\"Starting MapViewer\");", "+        log.info(\"Starting MapViewer\");", "-        MenuInflater inflater = getMenuInflater();", "-        inflater.inflate(R.menu.map_viewer_menu, menu);", "-        return super.onCreateOptionsMenu(menu);", "-    }", "-", "-    @Override", "-    public boolean onPrepareOptionsMenu(Menu menu) {", "+        super.onCreate();"], "url": ["https://api.github.com/repos/5GSD/AIMSICDL/commits/581f2da0094b30c1b9c23ad944cde3a8597898bd"]}