{"new_feature": "62,3,0,90,1,1.00", "commitmessage": "fix camerarecorder2 and mp4processor bugs", "patch": ["@@ -45,9 +45,10 @@\n \n     private IHardStore mStore;\n \n-    private long nowTimeStamp=0;\n+    private long nowTimeStamp=-1;\n     private MediaCodec.BufferInfo videoDecodeBufferInfo=new MediaCodec.BufferInfo();\n     private int mAudioEncodeTrack=-1;\n+    private long mVideoTotalTime=-1;\n \n     public Mp4Provider(){\n \n@@ -65,6 +66,7 @@ private boolean extractMedia(){\n         try {\n             MediaMetadataRetriever mMetRet=new MediaMetadataRetriever();\n             mMetRet.setDataSource(mPath);\n+            mVideoTotalTime=Long.valueOf(mMetRet.extractMetadata(MediaMetadataRetriever.METADATA_KEY_DURATION));\n             mExtractor=new MediaExtractor();\n             mExtractor.setDataSource(mPath);\n             int trackCount=mExtractor.getTrackCount();\n@@ -141,6 +143,10 @@ private boolean videoDecodeStep(){\n         return isVideoExtractorEnd||isUserWantToStop;\n     }\n \n+    public long getMediaDuration(){\n+        return mVideoTotalTime;\n+    }\n+\n     private void startDecodeThread(){\n         Thread mDecodeThread=new Thread(new Runnable() {\n             @Override", "@@ -1,26 +0,0 @@\n-/*\n- * Licensed under the Apache License, Version 2.0 (the \"License\");\n- * you may not use this file except in compliance with the License.\n- * You may obtain a copy of the License at\n- *  \n- *      http://www.apache.org/licenses/LICENSE-2.0\n- *  \n- * Unless required by applicable law or agreed to in writing, software\n- * distributed under the License is distributed on an \"AS IS\" BASIS,\n- * WITHOUT WARRANTIES OR CONDITIONS OF ANY KIND, either express or implied.\n- * See the License for the specific language governing permissions and\n- * limitations under the License.\n- */\n-package com.wuwang.aavt.media.av;\n-\n-/**\n- * ISource\n- *\n- * @author wuwang\n- * @version v1.0 2017:10:28 17:20\n- */\n-public interface ISource<Data,Key> extends ICloseable{\n-\n-    Data readData(Key key);\n-\n-}", "@@ -22,8 +22,8 @@ allprojects {\n \n \n ext{\n-    vCode=006\n-    vName=\"a0.0.6\"\n+    vCode=007\n+    vName=\"a0.0.7\"\n }\n \n task clean(type: Delete) {"], "edit": ["-    private long nowTimeStamp=0;", "+    private long nowTimeStamp=-1;", "+    private long mVideoTotalTime=-1;", "+            mVideoTotalTime=Long.valueOf(mMetRet.extractMetadata(MediaMetadataRetriever.METADATA_KEY_DURATION));", "+    public long getMediaDuration(){", "+        return mVideoTotalTime;", "+    }", "+", "-/*", "- * Licensed under the Apache License, Version 2.0 (the \"License\");", "- * you may not use this file except in compliance with the License.", "- * You may obtain a copy of the License at", "- *", "- *      http://www.apache.org/licenses/LICENSE-2.0", "- *", "- * Unless required by applicable law or agreed to in writing, software", "- * distributed under the License is distributed on an \"AS IS\" BASIS,", "- * WITHOUT WARRANTIES OR CONDITIONS OF ANY KIND, either express or implied.", "- * See the License for the specific language governing permissions and", "- * limitations under the License.", "- */", "-package com.wuwang.aavt.media.av;", "-", "-/**", "- * ISource", "- *", "- * @author wuwang", "- * @version v1.0 2017:10:28 17:20", "- */", "-public interface ISource<Data,Key> extends ICloseable{", "-", "-    Data readData(Key key);", "-", "-}", "-    vCode=006", "-    vName=\"a0.0.6\"", "+    vCode=007", "+    vName=\"a0.0.7\""], "url": ["https://api.github.com/repos/aiyaapp/AAVT/commits/599c1083d73c2491c1a163210d9febc2ab0b13cd"]}