{"new_feature": "2146,31,17,479,17,0.20", "commitmessage": "#291 fix issue in limit", "patch": ["@@ -30,7 +30,6 @@\n import com.actiontech.dble.sqlengine.mpp.ColumnRoutePair;\n import com.actiontech.dble.sqlengine.mpp.HavingCols;\n import com.actiontech.dble.util.StringUtil;\n-import com.alibaba.druid.sql.SQLUtils;\n import com.alibaba.druid.sql.ast.*;\n import com.alibaba.druid.sql.ast.expr.*;\n import com.alibaba.druid.sql.ast.statement.*;\n@@ -467,10 +466,9 @@ public void changeSql(SchemaConfig schema, RouteResultset rrs, SQLStatement stmt\n             if (isNeedAddLimit) {\n                 SQLLimit limit = new SQLLimit();\n                 limit.setRowCount(new SQLIntegerExpr(limitSize));\n-                String strLimit = SQLUtils.toMySqlString(limit);\n                 mysqlSelectQuery.setLimit(limit);\n                 rrs.setLimitSize(limitSize);\n-                String sql = rrs.getStatement() + \" \" + strLimit;\n+                String sql = getSql(rrs, stmt, isNeedAddLimit, schema.getName());\n                 rrs.changeNodeSqlAfterAddLimit(sql, 0, limitSize);\n \n             }\n@@ -502,10 +500,9 @@ public void changeSql(SchemaConfig schema, RouteResultset rrs, SQLStatement stmt\n \n                         }\n                     }\n-                    String strLimit = SQLUtils.toMySqlString(changedLimit);\n+\n                     mysqlSelectQuery.setLimit(changedLimit);\n-                    int iLimit = rrs.getStatement().toLowerCase().lastIndexOf(\"limit\");\n-                    String sql = rrs.getStatement().substring(0, iLimit) + strLimit;\n+                    String sql = getSql(rrs, stmt, isNeedAddLimit, schema.getName());\n                     rrs.changeNodeSqlAfterAddLimit(sql, 0, limitStart + limitSize);\n                 } else {\n                     rrs.changeNodeSqlAfterAddLimit(rrs.getStatement(), rrs.getLimitStart(), rrs.getLimitSize());\n@@ -567,6 +564,15 @@ private void tryRouteSingleTable(SchemaConfig schema, RouteResultset rrs, LayerC\n         return map;\n     }\n \n+\n+    protected String getSql(RouteResultset rrs, SQLStatement stmt, boolean isNeedAddLimit, String schema) {\n+        if ((isNeedChangeLimit(rrs) || isNeedAddLimit)) {\n+            return RouterUtil.removeSchema(stmt.toString(), schema);\n+        }\n+        return rrs.getStatement();\n+    }\n+\n+\n     private boolean isNeedChangeLimit(RouteResultset rrs) {\n         if (rrs.getNodes() == null) {\n             return false;"], "edit": ["-import com.alibaba.druid.sql.SQLUtils;", "-                String strLimit = SQLUtils.toMySqlString(limit);", "-                String sql = rrs.getStatement() + \" \" + strLimit;", "+                String sql = getSql(rrs, stmt, isNeedAddLimit, schema.getName());", "-                    String strLimit = SQLUtils.toMySqlString(changedLimit);", "+", "-                    int iLimit = rrs.getStatement().toLowerCase().lastIndexOf(\"limit\");", "-                    String sql = rrs.getStatement().substring(0, iLimit) + strLimit;", "+                    String sql = getSql(rrs, stmt, isNeedAddLimit, schema.getName());", "+", "+    protected String getSql(RouteResultset rrs, SQLStatement stmt, boolean isNeedAddLimit, String schema) {", "+        if ((isNeedChangeLimit(rrs) || isNeedAddLimit)) {", "+            return RouterUtil.removeSchema(stmt.toString(), schema);", "+        }", "+        return rrs.getStatement();", "+    }", "+", "+"], "url": ["https://api.github.com/repos/actiontech/dble/commits/59fd1ad3dd3e9dd57c9a9701685f795b8afe7faf"]}