{"new_feature": "1227,9,21,922,30,0.46", "commitmessage": "Fix after code review", "patch": ["@@ -19,22 +19,22 @@\n  */\n package org.libresonic.player.controller;\n \n+import org.libresonic.player.command.PasswordSettingsCommand;\n+import org.libresonic.player.domain.User;\n+import org.libresonic.player.service.SecurityService;\n import org.libresonic.player.validator.PasswordSettingsValidator;\n import org.springframework.beans.factory.annotation.Autowired;\n-import org.springframework.http.HttpRequest;\n-import org.springframework.stereotype.*;\n import org.springframework.validation.BindingResult;\n import org.springframework.validation.annotation.Validated;\n import org.springframework.web.bind.WebDataBinder;\n-import org.springframework.web.bind.annotation.*;\n+import org.springframework.web.bind.annotation.InitBinder;\n+import org.springframework.web.bind.annotation.ModelAttribute;\n+import org.springframework.web.bind.annotation.RequestMapping;\n+import org.springframework.web.bind.annotation.RequestMethod;\n import org.springframework.web.servlet.ModelAndView;\n-import org.springframework.web.servlet.mvc.*;\n-import org.libresonic.player.service.*;\n-import org.libresonic.player.command.*;\n-import org.libresonic.player.domain.*;\n import org.springframework.web.servlet.mvc.support.RedirectAttributes;\n \n-import javax.servlet.http.*;\n+import javax.servlet.http.HttpServletRequest;\n \n /**\n  * Controller for the page used to change password.\n@@ -43,7 +43,6 @@\n  */\n @org.springframework.stereotype.Controller\n @RequestMapping(\"/passwordSettings\")\n-//@SessionAttributes( value=\"command\", types={PasswordSettingsCommand.class} )\n public class PasswordSettingsController {\n \n     @Autowired\n@@ -67,18 +66,20 @@ protected ModelAndView displayForm(HttpServletRequest request) throws Exception\n     }\n \n     @RequestMapping(method = RequestMethod.POST)\n-    protected String doSubmitAction(HttpServletRequest request,@ModelAttribute(\"command\") @Validated PasswordSettingsCommand command,BindingResult bindingResult) throws Exception {\n+    protected String doSubmitAction(HttpServletRequest request,@ModelAttribute(\"command\") @Validated PasswordSettingsCommand command,BindingResult bindingResult, RedirectAttributes redirectAttributes) throws Exception {\n         if (!bindingResult.hasErrors()) {\n             User user = securityService.getUserByName(command.getUsername());\n             user.setPassword(command.getPassword());\n             securityService.updateUser(user);\n \n             command.setPassword(null);\n             command.setConfirmPassword(null);\n-            request.setAttribute(\"settings_toast\",true);\n+            redirectAttributes.addFlashAttribute(\"settings_toast\", true);\n \n+        } else {\n+            return \"passwordSettings\";\n         }\n-        return \"passwordSettings\";\n+        return \"redirect:passwordSettings.view\";\n     }\n \n }"], "edit": ["+import org.libresonic.player.command.PasswordSettingsCommand;", "+import org.libresonic.player.domain.User;", "+import org.libresonic.player.service.SecurityService;", "-import org.springframework.http.HttpRequest;", "-import org.springframework.stereotype.*;", "-import org.springframework.web.bind.annotation.*;", "+import org.springframework.web.bind.annotation.InitBinder;", "+import org.springframework.web.bind.annotation.ModelAttribute;", "+import org.springframework.web.bind.annotation.RequestMapping;", "+import org.springframework.web.bind.annotation.RequestMethod;", "-import org.springframework.web.servlet.mvc.*;", "-import org.libresonic.player.service.*;", "-import org.libresonic.player.command.*;", "-import org.libresonic.player.domain.*;", "-import javax.servlet.http.*;", "+import javax.servlet.http.HttpServletRequest;", "-//@SessionAttributes( value=\"command\", types={PasswordSettingsCommand.class} )", "-    protected String doSubmitAction(HttpServletRequest request,@ModelAttribute(\"command\") @Validated PasswordSettingsCommand command,BindingResult bindingResult) throws Exception {", "+    protected String doSubmitAction(HttpServletRequest request,@ModelAttribute(\"command\") @Validated PasswordSettingsCommand command,BindingResult bindingResult, RedirectAttributes redirectAttributes) throws Exception {", "-            request.setAttribute(\"settings_toast\",true);", "+            redirectAttributes.addFlashAttribute(\"settings_toast\", true);", "+        } else {", "+            return \"passwordSettings\";", "-        return \"passwordSettings\";", "+        return \"redirect:passwordSettings.view\";"], "url": ["https://api.github.com/repos/airsonic/airsonic/commits/6027f7ce15de05cd0276ec1eb5747409014e0cf0"]}