{"new_feature": "2146,31,17,479,17,0.65", "commitmessage": "fix NPE", "patch": ["@@ -785,12 +785,6 @@ public ProxyMetaManager getTmManager() {\n         return tmManager;\n     }\n \n-    public void terminateViewRepository() {\n-        if (tmManager != null && metaChanging) {\n-            tmManager.getRepository().terminate();\n-        }\n-    }\n-\n     private Runnable threadStatRenew() {\n         return new Runnable() {\n             @Override", "@@ -108,7 +108,10 @@ private static RowDataPacket getRow(FrontendConnection c, String charset) {\n         long rt = c.getLastReadTime();\n         long wt = c.getLastWriteTime();\n         row.add(LongUtil.toBytes((wt > rt) ? (wt - rt) : (TimeUtil.currentTimeMillis() - rt)));\n-        String executeSql = c.getExecuteSql().length() <= 1024 ? c.getExecuteSql() : c.getExecuteSql().substring(0, 1024);\n+        String executeSql = \"\";\n+        if (c.getExecuteSql() != null) {\n+            executeSql = c.getExecuteSql().length() <= 1024 ? c.getExecuteSql() : c.getExecuteSql().substring(0, 1024);\n+        }\n         row.add(StringUtil.encode(executeSql, charset));\n         return row;\n     }", "@@ -68,13 +68,12 @@\n     private ScheduledExecutorService scheduler;\n     private ScheduledFuture<?> checkTaskHandler;\n     private AtomicInteger metaCount = new AtomicInteger(0);\n-    private Repository repository = null;\n+    private volatile Repository repository = null;\n     private AtomicInteger version = new AtomicInteger(0);\n \n     public ProxyMetaManager() {\n         this.catalogs = new ConcurrentHashMap<>();\n         this.lockTables = new HashSet<>();\n-        DbleServer.getInstance().terminateViewRepository();\n     }\n \n     private String genLockKey(String schema, String tbName) {\n@@ -401,6 +400,9 @@ public void terminate() {\n             checkTaskHandler.cancel(false);\n             scheduler.shutdown();\n         }\n+        if (repository != null) {\n+            repository.terminate();\n+        }\n     }\n     //Check the Consistency of table Structure\n \n@@ -881,8 +883,4 @@ public Repository getRepository() {\n         return repository;\n     }\n \n-    public void setRepository(Repository repository) {\n-        this.repository = repository;\n-    }\n-\n }"], "edit": ["-    public void terminateViewRepository() {", "-        if (tmManager != null && metaChanging) {", "-            tmManager.getRepository().terminate();", "-        }", "-    }", "-", "-        String executeSql = c.getExecuteSql().length() <= 1024 ? c.getExecuteSql() : c.getExecuteSql().substring(0, 1024);", "+        String executeSql = \"\";", "+        if (c.getExecuteSql() != null) {", "+            executeSql = c.getExecuteSql().length() <= 1024 ? c.getExecuteSql() : c.getExecuteSql().substring(0, 1024);", "+        }", "-    private Repository repository = null;", "+    private volatile Repository repository = null;", "-        DbleServer.getInstance().terminateViewRepository();", "+        if (repository != null) {", "+            repository.terminate();", "+        }", "-    public void setRepository(Repository repository) {", "-        this.repository = repository;", "-    }", "-"], "url": ["https://api.github.com/repos/actiontech/dble/commits/60c856185901bde2930e2bef9b5095e2a963d09d"]}