{"new_feature": "852,1,0,121,25,0.38", "commitmessage": "[swift-generator] Skip more unhandled types\n\nThese types currently cause a crash. I actually have an upcoming fix to\n*handle* the types instead of just skipping them, but I want this in first\nin case I need to back-port a \"fix\" to older release branches without adding\nfunctionality.", "patch": ["@@ -110,6 +110,12 @@ private String renderMapType(MapType mapType, ConstMap value)\n \n         Set<Map.Entry<ConstValue, ConstValue>> entries = value.value().entrySet();\n         for (Map.Entry<ConstValue, ConstValue> entry : entries) {\n+            if (entry.getKey() instanceof ConstIdentifier) {\n+                throw new IllegalStateException(\"Not yet implemented\");\n+            }\n+            if (entry.getValue() instanceof ConstIdentifier) {\n+                throw new IllegalStateException(\"Not yet implemented\");\n+            }\n             sb.append(format(\"    .put(%s, %s)\\n\",\n                              render(mapType.getKeyType(), entry.getKey()),\n                              render(mapType.getValueType(), entry.getValue())));\n@@ -129,6 +135,9 @@ private String renderListConstant(ListType listType, ConstList value)\n \n         List<ConstValue> elements = value.value();\n         for (ConstValue element : elements) {\n+            if (element instanceof ConstIdentifier) {\n+                throw new IllegalStateException(\"Not yet implemented\");\n+            }\n             sb.append(format(\"    .add(%s)\\n\", render(listType.getElementType(), element)));\n         }\n         sb.append(\"    .build()\");\n@@ -146,6 +155,9 @@ private String renderSetConstant(SetType setType, ConstList value)\n \n         List<ConstValue> elements = value.value();\n         for (ConstValue element : elements) {\n+            if (element instanceof ConstIdentifier) {\n+                throw new IllegalStateException(\"Not yet implemented\");\n+            }\n             sb.append(format(\"    .add(%s)\\n\", render(setType.getElementType(), element)));\n         }\n         sb.append(\"    .build()\");", "@@ -37,7 +37,7 @@ struct thing2 {\n typedef i32 myIntType\n const myIntType myInt = 3\n \n-//const map<enumconstants,string> GEN_ENUM_NAMES = {ONE : \"HOWDY\", TWO: \"PARTNER\"}\n+const map<enumconstants,string> GEN_ENUM_NAMES = {ONE : \"HOWDY\", TWO: \"PARTNER\"}\n \n const i32 hex_const = 0x0001F\n \n@@ -69,8 +69,8 @@ const map<i32, map<i32, i32>> GEN_MAPMAP = { 235 : { 532 : 53255, 235:235}}\n const map<string,i32> GEN_MAP2 = { \"hello\" : 233, \"lkj98d\" : 853, 'lkjsdf' : 98325 }\n \n // swift-generator doesn't support struct constants yet\n-//const thing GEN_THING = { 'hello' : 325, 'goodbye' : 325352 }\n-//const map<i32,thing> GEN_WHAT = { 35 : { 'hello' : 325, 'goodbye' : 325352 } }\n+const thing GEN_THING = { 'hello' : 325, 'goodbye' : 325352 }\n+const map<i32,thing> GEN_WHAT = { 35 : { 'hello' : 325, 'goodbye' : 325352 } }\n \n const set<i32> GEN_SET = [ 235, 235, 53235 ]\n \n@@ -83,3 +83,9 @@ service yowza {\n   void blingity(),\n   i32 blangity() throws (1: Blah hoot )\n }\n+\n+const set<string> GEN_SET_CONTAINING_CONSTANT = [ GEN_STRING ]\n+const list<string> GEN_LIST_CONTAINING_CONSTANT = [ GEN_STRING ]\n+const map<string, i32> GEN_MAP_CONTAINING_CONSTANT_KEY = { GEN_STRING: 235 }\n+const map<string, i32> GEN_MAP_CONTAINING_CONSTANT_VALUE = { \"hello\": int_const_single_d }\n+const map<string, i32> GEN_MAP_CONTAINING_CONSTANT_ENTRY = { GEN_STRING: int_const_single_d }"], "edit": ["+            if (entry.getKey() instanceof ConstIdentifier) {", "+                throw new IllegalStateException(\"Not yet implemented\");", "+            }", "+            if (entry.getValue() instanceof ConstIdentifier) {", "+                throw new IllegalStateException(\"Not yet implemented\");", "+            }", "+            if (element instanceof ConstIdentifier) {", "+                throw new IllegalStateException(\"Not yet implemented\");", "+            }", "+            if (element instanceof ConstIdentifier) {", "+                throw new IllegalStateException(\"Not yet implemented\");", "+            }", "-//const map<enumconstants,string> GEN_ENUM_NAMES = {ONE : \"HOWDY\", TWO: \"PARTNER\"}", "+const map<enumconstants,string> GEN_ENUM_NAMES = {ONE : \"HOWDY\", TWO: \"PARTNER\"}", "-//const thing GEN_THING = { 'hello' : 325, 'goodbye' : 325352 }", "-//const map<i32,thing> GEN_WHAT = { 35 : { 'hello' : 325, 'goodbye' : 325352 } }", "+const thing GEN_THING = { 'hello' : 325, 'goodbye' : 325352 }", "+const map<i32,thing> GEN_WHAT = { 35 : { 'hello' : 325, 'goodbye' : 325352 } }", "+", "+const set<string> GEN_SET_CONTAINING_CONSTANT = [ GEN_STRING ]", "+const list<string> GEN_LIST_CONTAINING_CONSTANT = [ GEN_STRING ]", "+const map<string, i32> GEN_MAP_CONTAINING_CONSTANT_KEY = { GEN_STRING: 235 }", "+const map<string, i32> GEN_MAP_CONTAINING_CONSTANT_VALUE = { \"hello\": int_const_single_d }", "+const map<string, i32> GEN_MAP_CONTAINING_CONSTANT_ENTRY = { GEN_STRING: int_const_single_d }"], "url": ["https://api.github.com/repos/airlift/drift/commits/618aec6384b7a4095f2be62ba1bacb000a0f048b"]}