{"new_feature": "1227,9,21,922,30,0.17", "commitmessage": "Generate new passwords in a secure way\n\nPreviously, lost passwords were generated via\norg.apache.commons.lang.RandomStringUtils,\nwhich is using java.util.Random internally.\n\nThis PRNG is has a 48-bit seed, that can easily be bruteforced\nif an attacker is able to get the PRNG's output, for example\nbut resetting their own account multiple times,\nleading to trivial privileges escalation attacks.\n\nThis commit makes use of java.security.SecureRandom\ninstead.", "patch": ["@@ -4,7 +4,6 @@\n import org.airsonic.player.domain.User;\n import org.airsonic.player.service.SecurityService;\n import org.airsonic.player.service.SettingsService;\n-import org.apache.commons.lang.RandomStringUtils;\n import org.apache.commons.lang.StringUtils;\n import org.slf4j.Logger;\n import org.slf4j.LoggerFactory;\n@@ -22,6 +21,7 @@\n import javax.servlet.http.HttpServletRequest;\n import javax.servlet.http.HttpServletResponse;\n \n+import java.security.SecureRandom;\n import java.util.Date;\n import java.util.HashMap;\n import java.util.Map;\n@@ -37,6 +37,10 @@\n \n     private static final Logger LOG = LoggerFactory.getLogger(RecoverController.class);\n \n+    private static final String SYMBOLS = \"abcdefghijklmnopqrstuvwxyzABCDEFGHIJKLMNOPQRSTUVWXYZ1234567890\";\n+    private final SecureRandom random = new SecureRandom();\n+    private static final int PASSWORD_LENGTH = 32;\n+\n     @Autowired\n     private SettingsService settingsService;\n     @Autowired\n@@ -69,7 +73,13 @@ public ModelAndView recover(HttpServletRequest request, HttpServletResponse resp\n             } else if (user.getEmail() == null) {\n                 map.put(\"error\", \"recover.error.noemail\");\n             } else {\n-                String password = RandomStringUtils.randomAlphanumeric(8);\n+                StringBuilder sb = new StringBuilder(PASSWORD_LENGTH);\n+                for(int i=0; i<PASSWORD_LENGTH; i++) {\n+                  int index = random.nextInt(SYMBOLS.length());\n+                  sb.append(SYMBOLS.charAt(index));\n+                }\n+                String password = sb.toString();\n+\n                 if (emailPassword(password, user.getUsername(), user.getEmail())) {\n                     map.put(\"sentTo\", user.getEmail());\n                     user.setLdapAuthenticated(false);"], "edit": ["-import org.apache.commons.lang.RandomStringUtils;", "+import java.security.SecureRandom;", "+    private static final String SYMBOLS = \"abcdefghijklmnopqrstuvwxyzABCDEFGHIJKLMNOPQRSTUVWXYZ1234567890\";", "+    private final SecureRandom random = new SecureRandom();", "+    private static final int PASSWORD_LENGTH = 32;", "+", "-                String password = RandomStringUtils.randomAlphanumeric(8);", "+                StringBuilder sb = new StringBuilder(PASSWORD_LENGTH);", "+                for(int i=0; i<PASSWORD_LENGTH; i++) {", "+                  int index = random.nextInt(SYMBOLS.length());", "+                  sb.append(SYMBOLS.charAt(index));", "+                }", "+                String password = sb.toString();", "+"], "url": ["https://api.github.com/repos/airsonic/airsonic/commits/61c842923a6d60d4aedd126445a8437b53b752c8"]}