{"new_feature": "160,4,0,78,9,0.74", "commitmessage": "Fix QF", "patch": ["@@ -24,36 +24,36 @@\n import com.github._1c_syntax.sonar.bsl.language.BSLQualityProfile;\n import org.junit.jupiter.api.Test;\n import org.sonar.api.Plugin;\n+import org.sonar.api.SonarEdition;\n+import org.sonar.api.SonarQubeSide;\n import org.sonar.api.SonarRuntime;\n import org.sonar.api.internal.SonarRuntimeImpl;\n import org.sonar.api.server.profile.BuiltInQualityProfilesDefinition;\n import org.sonar.api.utils.Version;\n \n-import static org.assertj.core.api.Assertions.assertThat;\n-\n-public class BSLPluginTest {\n-\n-    private static final Version VERSION_7_9 = Version.create(7, 9);\n-    private BSLPlugin bslPlugin = new BSLPlugin();\n-\n-    @Test\n-    public void sonarLint_7_9_extensions() {\n+import java.util.List;\n \n-        SonarRuntime runtime = SonarRuntimeImpl.forSonarLint(VERSION_7_9);\n-        Plugin.Context context = new Plugin.Context(runtime);\n-        bslPlugin.define(context);\n-        assertThat(context.getExtensions()).hasSize(8);\n-\n-    }\n-\n-    @Test\n-    public void test_qualityProfile() {\n-\n-        BSLQualityProfile profile = new BSLQualityProfile();\n-        BuiltInQualityProfilesDefinition.Context context = new BuiltInQualityProfilesDefinition.Context();\n-        profile.define(context);\n-        assertThat(context.profilesByLanguageAndName()).hasSize(1);\n+import static org.assertj.core.api.Assertions.assertThat;\n \n-    }\n+class BSLPluginTest {\n+\n+  private static final Version VERSION_7_9 = Version.create(7, 9);\n+  private BSLPlugin bslPlugin = new BSLPlugin();\n+\n+  @Test\n+  void testGetExtensions() {\n+    SonarRuntime runtime = SonarRuntimeImpl.forSonarQube(VERSION_7_9, SonarQubeSide.SCANNER, SonarEdition.COMMUNITY);\n+    Plugin.Context context = new Plugin.Context(runtime);\n+    bslPlugin.define(context);\n+    assertThat((List<?>) context.getExtensions()).hasSize(8);\n+  }\n+\n+  @Test\n+  void testQualityProfile() {\n+    BSLQualityProfile profile = new BSLQualityProfile();\n+    BuiltInQualityProfilesDefinition.Context context = new BuiltInQualityProfilesDefinition.Context();\n+    profile.define(context);\n+    assertThat(context.profilesByLanguageAndName()).hasSize(1);\n+  }\n \n }"], "edit": ["+import org.sonar.api.SonarEdition;", "+import org.sonar.api.SonarQubeSide;", "-import static org.assertj.core.api.Assertions.assertThat;", "-", "-public class BSLPluginTest {", "-", "-    private static final Version VERSION_7_9 = Version.create(7, 9);", "-    private BSLPlugin bslPlugin = new BSLPlugin();", "-", "-    @Test", "-    public void sonarLint_7_9_extensions() {", "+import java.util.List;", "-        SonarRuntime runtime = SonarRuntimeImpl.forSonarLint(VERSION_7_9);", "-        Plugin.Context context = new Plugin.Context(runtime);", "-        bslPlugin.define(context);", "-        assertThat(context.getExtensions()).hasSize(8);", "-", "-    }", "-", "-    @Test", "-    public void test_qualityProfile() {", "-", "-        BSLQualityProfile profile = new BSLQualityProfile();", "-        BuiltInQualityProfilesDefinition.Context context = new BuiltInQualityProfilesDefinition.Context();", "-        profile.define(context);", "-        assertThat(context.profilesByLanguageAndName()).hasSize(1);", "+import static org.assertj.core.api.Assertions.assertThat;", "-    }", "+class BSLPluginTest {", "+", "+  private static final Version VERSION_7_9 = Version.create(7, 9);", "+  private BSLPlugin bslPlugin = new BSLPlugin();", "+", "+  @Test", "+  void testGetExtensions() {", "+    SonarRuntime runtime = SonarRuntimeImpl.forSonarQube(VERSION_7_9, SonarQubeSide.SCANNER, SonarEdition.COMMUNITY);", "+    Plugin.Context context = new Plugin.Context(runtime);", "+    bslPlugin.define(context);", "+    assertThat((List<?>) context.getExtensions()).hasSize(8);", "+  }", "+", "+  @Test", "+  void testQualityProfile() {", "+    BSLQualityProfile profile = new BSLQualityProfile();", "+    BuiltInQualityProfilesDefinition.Context context = new BuiltInQualityProfilesDefinition.Context();", "+    profile.define(context);", "+    assertThat(context.profilesByLanguageAndName()).hasSize(1);", "+  }"], "url": ["https://api.github.com/repos/1c-syntax/sonar-bsl-plugin-community/commits/622a65a55d1f9923310aa6349013aad8dd10ec89"]}