{"new_feature": "240,3,41,177,30,0.03", "commitmessage": "Remove handling of v4 signing\n\nRemoval of the handling of v4 signing fixes a bug that was already\nin `FileStore.copyPart` before: if v4 signing would have been \"requested\"\n(according to the request headers), this could have caused a `BufferOverflowException`:\nwith v4 signing the file input stream was wrapped with an `AwsChunkDecodingInputStream`,\nwhich makes no sense because the file input stream is never chunked/encoded.\n\nThis was not detected by tests before, because also in the integration tests\nv4 signing is not used (because the related request header is set to \"UNSIGNED-PAYLOAD\").", "patch": ["@@ -1052,7 +1052,6 @@ public ListPartsResult multipartListParts(@PathVariable final String bucketName,\n         copySource.getKey(),\n         (int) copyRange.getStart(),\n         (int) copyRange.getEnd(),\n-        isV4SigningEnabled(request),\n         partNumber,\n         destinationBucket,\n         destinationFile,", "@@ -914,7 +914,6 @@ private String digest(final String salt, final File dataFile) throws IOException\n    * @param key Identifies the S3 Object.\n    * @param from Byte range form.\n    * @param to Byte range to.\n-   * @param useV4Signing Determines whether to use v4 signing.\n    * @param partNumber The part to copy.\n    * @param destinationBucket The Bucket the target file (will) reside in.\n    * @param destinationFilename The target file.\n@@ -928,7 +927,6 @@ public String copyPart(final String bucket,\n       final String key,\n       final int from,\n       final int to,\n-      final boolean useV4Signing,\n       final String partNumber,\n       final String destinationBucket,\n       final String destinationFilename,\n@@ -939,20 +937,18 @@ public String copyPart(final String bucket,\n     final File targetPartFile =\n         ensurePartFile(partNumber, destinationBucket, destinationFilename, uploadId);\n \n-    return copyPart(bucket, key, from, to, useV4Signing, targetPartFile);\n+    return copyPart(bucket, key, from, to, targetPartFile);\n   }\n \n   private String copyPart(final String bucket,\n       final String key,\n       final int from,\n       final int to,\n-      final boolean useV4Signing,\n       final File partFile) throws IOException {\n     final int len = to - from + 1;\n     final S3Object s3Object = resolveS3Object(bucket, key);\n \n-    try (final InputStream sourceStream =\n-        wrapStream(FileUtils.openInputStream(s3Object.getDataFile()), useV4Signing);\n+    try (final InputStream sourceStream = FileUtils.openInputStream(s3Object.getDataFile());\n         final OutputStream targetStream = new FileOutputStream(partFile)) {\n       sourceStream.skip(from);\n       IOUtils.copy(new BoundedInputStream(sourceStream, len), targetStream);", "@@ -609,7 +609,7 @@ public void copyPart() throws Exception {\n         TEST_OWNER, TEST_OWNER);\n \n     fileStore.copyPart(\n-        TEST_BUCKET_NAME, sourceFile, 0, contentBytes.length, false, partNumber,\n+        TEST_BUCKET_NAME, sourceFile, 0, contentBytes.length, partNumber,\n         TEST_BUCKET_NAME, targetFile, uploadId);\n \n     assertThat(\"Part does not exist!\",\n@@ -626,7 +626,7 @@ public void missingUploadPreparation() throws Exception {\n     expectedExceptions.expectMessage(\"Missed preparing Multipart Request\");\n \n     fileStore.copyPart(\n-        TEST_BUCKET_NAME, UUID.randomUUID().toString(), 0, 0, false, \"1\",\n+        TEST_BUCKET_NAME, UUID.randomUUID().toString(), 0, 0, \"1\",\n         TEST_BUCKET_NAME, UUID.randomUUID().toString(), UUID.randomUUID().toString());\n   }\n "], "edit": ["-        isV4SigningEnabled(request),", "-   * @param useV4Signing Determines whether to use v4 signing.", "-      final boolean useV4Signing,", "-    return copyPart(bucket, key, from, to, useV4Signing, targetPartFile);", "+    return copyPart(bucket, key, from, to, targetPartFile);", "-      final boolean useV4Signing,", "-    try (final InputStream sourceStream =", "-        wrapStream(FileUtils.openInputStream(s3Object.getDataFile()), useV4Signing);", "+    try (final InputStream sourceStream = FileUtils.openInputStream(s3Object.getDataFile());", "-        TEST_BUCKET_NAME, sourceFile, 0, contentBytes.length, false, partNumber,", "+        TEST_BUCKET_NAME, sourceFile, 0, contentBytes.length, partNumber,", "-        TEST_BUCKET_NAME, UUID.randomUUID().toString(), 0, 0, false, \"1\",", "+        TEST_BUCKET_NAME, UUID.randomUUID().toString(), 0, 0, \"1\","], "url": ["https://api.github.com/repos/adobe/S3Mock/commits/645daaad932a551fcd5465bbbbce6835f118f58d"]}