{"new_feature": "72,1,0,70,1,1.00", "commitmessage": "minor fix\n\nSigned-off-by: Jian Chang <aa65535@live.com>", "patch": ["@@ -23,7 +23,11 @@\n \n     DataList(RandomAccessFile r, ElementFactory<E> factory, int fixed) throws IOException {\n         super(r, factory);\n-        for (int i = 0, len = fixed - size(); i < len; i++) {\n+        int len = fixed - size();\n+        if (len < 0) {\n+            throw new IllegalArgumentException(\"data size > \" + fixed);\n+        }\n+        for (int i = 0; i < len; i++) {\n             data.add(factory.create(r));\n         }\n     }\n@@ -42,33 +46,13 @@ public int size() {\n     }\n \n     public E get(int index) {\n-        return data.get(index);\n+        return data().get(index);\n     }\n \n     public List<E> data() {\n         return Collections.unmodifiableList(data.subList(0, size()));\n     }\n \n-    public boolean hasNext() {\n-        return size() < data.size();\n-    }\n-\n-    public E nextElement() {\n-        try {\n-            E e = data.get(size());\n-            size.value(size() + 1);\n-            return e;\n-        } catch (IndexOutOfBoundsException e) {\n-            throw new NoSuchElementException();\n-        }\n-    }\n-\n-    public E pop() {\n-        E e = data.remove(size() - 1);\n-        size.value(size() - 1);\n-        return e;\n-    }\n-\n     @Override\n     public boolean save() {\n         for (E e : this) {\n@@ -81,15 +65,12 @@ public boolean save() {\n \n     @Override\n     public boolean write(RandomAccessFile r) {\n-        if (size.write(r)) {\n-            for (E e : data) {\n-                if (!e.write(r)) {\n-                    return false;\n-                }\n+        for (E e : data) {\n+            if (!e.write(r)) {\n+                return false;\n             }\n-            return true;\n         }\n-        return false;\n+        return size.write(r);\n     }\n \n     @Override", "@@ -441,7 +441,8 @@ public String toString() {\n \n     @Override\n     public boolean save() {\n-        return write(r);\n+        // not need implement\n+        throw new UnsupportedOperationException();\n     }\n \n     @Override"], "edit": ["-        for (int i = 0, len = fixed - size(); i < len; i++) {", "+        int len = fixed - size();", "+        if (len < 0) {", "+            throw new IllegalArgumentException(\"data size > \" + fixed);", "+        }", "+        for (int i = 0; i < len; i++) {", "-        return data.get(index);", "+        return data().get(index);", "-    public boolean hasNext() {", "-        return size() < data.size();", "-    }", "-", "-    public E nextElement() {", "-        try {", "-            E e = data.get(size());", "-            size.value(size() + 1);", "-            return e;", "-        } catch (IndexOutOfBoundsException e) {", "-            throw new NoSuchElementException();", "-        }", "-    }", "-", "-    public E pop() {", "-        E e = data.remove(size() - 1);", "-        size.value(size() - 1);", "-        return e;", "-    }", "-", "-        if (size.write(r)) {", "-            for (E e : data) {", "-                if (!e.write(r)) {", "-                    return false;", "-                }", "+        for (E e : data) {", "+            if (!e.write(r)) {", "+                return false;", "-            return true;", "-        return false;", "+        return size.write(r);", "-        return write(r);", "+        // not need implement", "+        throw new UnsupportedOperationException();"], "url": ["https://api.github.com/repos/aa65535/TabikaeruArchiveModifier/commits/64e4588881520110cf83f863164f75728ba9366a"]}