{"new_feature": "1029,4,0,66,10,0.62", "commitmessage": "Fixed bugs for 1) tool with multi-file output and 2) communication between process and file through service properties (String) and service attributes (Object).", "patch": ["@@ -50,7 +50,7 @@\n     String servicePath = null;\n     boolean restart;\n \n-    private Properties properties = new Properties();\n+    private Properties properties;\n     private HashMap<String, Object> attributeMap = new HashMap<String, Object>();\n \n     /**\n@@ -60,7 +60,7 @@\n      * @param roleElement The top level element defining the role\n      * @param properties The service configuration properties\n      * @param restart Whether the server should be restarted or not\n-     * @throws com.sun.faban.harness.ConfigurationException\n+     * @throws ConfigurationException A configuration error occurred\n      */\n     ServiceContext(ServiceDescription desc, ParamRepository par, \n                     Element roleElement, Properties properties, boolean restart)\n@@ -170,9 +170,9 @@ public String getHostRole() {\n      * @return The property value\n      */\n     public String getProperty(String key) {\n-        if(properties != null){\n+        if(properties != null) {\n             return properties.getProperty(key);\n-        }else{\n+        } else {\n             return null;\n         }\n     }\n@@ -184,6 +184,8 @@ public String getProperty(String key) {\n      * @param value The property value\n      */\n     public void setProperty(String key, String value) {\n+        if (properties == null)\n+            properties = new Properties();\n         properties.setProperty(key, value);\n     }\n ", "@@ -346,11 +346,12 @@ protected void xferLog() {\n                     else\n                         ext = \".log.\";\n                     if (! new File(path).exists()) {\n-                        logger.warning(toolName + \": Transfer file \" + logfile + \" not found.\");\n+                        logger.warning(toolName + \": Transfer file \" + path +\n+                                \" not found.\");\n                         continue;\n                     }\n                     String outFile = outDir + toolName + '-' + key + ext + host;\n-                    transfer[idx++] = new FileTransfer(logfile, outFile);\n+                    transfer[idx++] = new FileTransfer(path, outFile);\n                 }\n             } else {\n                 transfer = new FileTransfer[1];\n@@ -366,8 +367,8 @@ protected void xferLog() {\n             String s = Config.FILE_AGENT;\n             FileAgent fa = (FileAgent) CmdAgentImpl.getRegistry().getService(s);\n             for (FileTransfer t : transfer) {\n-                logger.fine(toolName + \": Transferring log from \" + logfile +\n-                        \" to \" + t.getDest());\n+                logger.fine(toolName + \": Transferring log from \" +\n+                        t.getSource() + \" to \" + t.getDest());\n \n                 // Use FileAgent on master machine to copy log\n                 if (t != null) {"], "edit": ["-    private Properties properties = new Properties();", "+    private Properties properties;", "-     * @throws com.sun.faban.harness.ConfigurationException", "+     * @throws ConfigurationException A configuration error occurred", "-        if(properties != null){", "+        if(properties != null) {", "-        }else{", "+        } else {", "+        if (properties == null)", "+            properties = new Properties();", "-                        logger.warning(toolName + \": Transfer file \" + logfile + \" not found.\");", "+                        logger.warning(toolName + \": Transfer file \" + path +", "+                                \" not found.\");", "-                    transfer[idx++] = new FileTransfer(logfile, outFile);", "+                    transfer[idx++] = new FileTransfer(path, outFile);", "-                logger.fine(toolName + \": Transferring log from \" + logfile +", "-                        \" to \" + t.getDest());", "+                logger.fine(toolName + \": Transferring log from \" +", "+                        t.getSource() + \" to \" + t.getDest());"], "url": ["https://api.github.com/repos/akara/faban/commits/655db254f6bab4276b89df020847238eea6d6432"]}