{"new_feature": "852,1,0,121,25,0.38", "commitmessage": "Expose protocols used on client via ThriftClientManager.getIn/OutputProtocol", "patch": ["@@ -259,6 +259,30 @@ public HostAndPort getRemoteAddress(Object client)\n         }\n     }\n \n+    public TProtocol getOutputProtocol(Object client)\n+    {\n+        try {\n+            InvocationHandler genericHandler = Proxy.getInvocationHandler(client);\n+            ThriftInvocationHandler thriftHandler = (ThriftInvocationHandler) genericHandler;\n+            return thriftHandler.getOutputProtocol();\n+        }\n+        catch (IllegalArgumentException | ClassCastException e) {\n+            throw new IllegalArgumentException(\"Invalid swift client object\", e);\n+        }\n+    }\n+\n+    public TProtocol getInputProtocol(Object client)\n+    {\n+        try {\n+            InvocationHandler genericHandler = Proxy.getInvocationHandler(client);\n+            ThriftInvocationHandler thriftHandler = (ThriftInvocationHandler) genericHandler;\n+            return thriftHandler.getInputProtocol();\n+        }\n+        catch (IllegalArgumentException | ClassCastException e) {\n+            throw new IllegalArgumentException(\"Invalid swift client object\", e);\n+        }\n+    }\n+\n     @Immutable\n     public static class ThriftClientMetadata\n     {\n@@ -348,6 +372,16 @@ public NiftyClientChannel getChannel()\n             return channel;\n         }\n \n+        public TProtocol getOutputProtocol()\n+        {\n+            return outputProtocol;\n+        }\n+\n+        public TProtocol getInputProtocol()\n+        {\n+            return inputProtocol;\n+        }\n+\n         @Override\n         public Object invoke(Object proxy, Method method, Object[] args)\n                 throws Throwable"], "edit": ["+    public TProtocol getOutputProtocol(Object client)", "+    {", "+        try {", "+            InvocationHandler genericHandler = Proxy.getInvocationHandler(client);", "+            ThriftInvocationHandler thriftHandler = (ThriftInvocationHandler) genericHandler;", "+            return thriftHandler.getOutputProtocol();", "+        }", "+        catch (IllegalArgumentException | ClassCastException e) {", "+            throw new IllegalArgumentException(\"Invalid swift client object\", e);", "+        }", "+    }", "+", "+    public TProtocol getInputProtocol(Object client)", "+    {", "+        try {", "+            InvocationHandler genericHandler = Proxy.getInvocationHandler(client);", "+            ThriftInvocationHandler thriftHandler = (ThriftInvocationHandler) genericHandler;", "+            return thriftHandler.getInputProtocol();", "+        }", "+        catch (IllegalArgumentException | ClassCastException e) {", "+            throw new IllegalArgumentException(\"Invalid swift client object\", e);", "+        }", "+    }", "+", "+        public TProtocol getOutputProtocol()", "+        {", "+            return outputProtocol;", "+        }", "+", "+        public TProtocol getInputProtocol()", "+        {", "+            return inputProtocol;", "+        }", "+"], "url": ["https://api.github.com/repos/airlift/drift/commits/6603dafb9db151885139b80ec0c322c8a3ee555f"]}