{"new_feature": "1577,1,17,193,30,0.71", "commitmessage": "Fixed play/pause button offset too far to the right in landscape mode.", "patch": ["@@ -25,6 +25,12 @@\n \n <p>You can view the changelog dialog again at any time from the <i>about</i> section.</p>\n \n+<h3>Version 0.9.44 beta4</h3>\n+\n+<ol>\n+    <li><b>FIX:</b> Play/pause button offset too far to the right in landscape mode.</li>\n+</ol>\n+\n <h3>Version 0.9.44 beta3</h3>\n \n <ol>", "@@ -80,7 +80,7 @@\n \n /**\n  * @author Karim Abou Zeid (kabouzeid)\n- *         <p>\n+ *         <p/>\n  *         Do not use {@link #setContentView(int)} but wrap your layout with\n  *         {@link #wrapSlidingMusicPanelAndFab(int)} first and then return it in {@link #createContentView()}\n  */\n@@ -197,14 +197,21 @@ protected void onCreate(Bundle savedInstanceState) {\n \n         progressViewsUpdateHandler = new MusicProgressViewsUpdateHandler(this);\n \n-        slidingUpPanelLayout.post(new Runnable() {\n+        // I know the nested post calls are ugly, but this is necessary for the fab to be in the right position!\n+        playPauseButton.post(new Runnable() {\n             @Override\n             public void run() {\n-                if (slidingUpPanelLayout.getPanelState() == SlidingUpPanelLayout.PanelState.EXPANDED) {\n-                    mediaControllerContainer.setVisibility(View.VISIBLE);\n-                    onPanelSlide(slidingUpPanelLayout, 1);\n-                    onPanelExpanded(slidingUpPanelLayout);\n-                }\n+                dummyFab.post(new Runnable() {\n+                    @Override\n+                    public void run() {\n+                        playPauseButton.requestLayout();\n+                        if (slidingUpPanelLayout.getPanelState() == SlidingUpPanelLayout.PanelState.EXPANDED) {\n+                            mediaControllerContainer.setVisibility(View.VISIBLE);\n+                            onPanelSlide(slidingUpPanelLayout, 1);\n+                            onPanelExpanded(slidingUpPanelLayout);\n+                        }\n+                    }\n+                });\n             }\n         });\n     }\n@@ -401,11 +408,18 @@ public void onPanelSlide(View view, float slideOffset) {\n         initFabColorAnimatorIfNecessary();\n         initMiniPlayerAlphaAnimatorIfNecessary();\n \n-        int durationProgress = (int) (SLIDING_PANEL_ANIMATION_STEPS * slideOffset);\n-        fabXAnimator.setCurrentPlayTime(durationProgress);\n-        fabYAnimator.setCurrentPlayTime(durationProgress);\n-        fabColorAnimator.setCurrentPlayTime(durationProgress);\n-        miniPlayerAlphaAnimator.setCurrentPlayTime(durationProgress);\n+        if (Build.VERSION.SDK_INT >= Build.VERSION_CODES.LOLLIPOP_MR1) {\n+            fabXAnimator.setCurrentFraction(slideOffset);\n+            fabYAnimator.setCurrentFraction(slideOffset);\n+            fabColorAnimator.setCurrentFraction(slideOffset);\n+            miniPlayerAlphaAnimator.setCurrentFraction(slideOffset);\n+        } else {\n+            int durationProgress = (int) (SLIDING_PANEL_ANIMATION_STEPS * slideOffset);\n+            fabXAnimator.setCurrentPlayTime(durationProgress);\n+            fabYAnimator.setCurrentPlayTime(durationProgress);\n+            fabColorAnimator.setCurrentPlayTime(durationProgress);\n+            miniPlayerAlphaAnimator.setCurrentPlayTime(durationProgress);\n+        }\n     }\n \n     @Override"], "edit": ["+<h3>Version 0.9.44 beta4</h3>", "+", "+<ol>", "+    <li><b>FIX:</b> Play/pause button offset too far to the right in landscape mode.</li>", "+</ol>", "+", "- *         <p>", "+ *         <p/>", "-        slidingUpPanelLayout.post(new Runnable() {", "+        // I know the nested post calls are ugly, but this is necessary for the fab to be in the right position!", "+        playPauseButton.post(new Runnable() {", "-                if (slidingUpPanelLayout.getPanelState() == SlidingUpPanelLayout.PanelState.EXPANDED) {", "-                    mediaControllerContainer.setVisibility(View.VISIBLE);", "-                    onPanelSlide(slidingUpPanelLayout, 1);", "-                    onPanelExpanded(slidingUpPanelLayout);", "-                }", "+                dummyFab.post(new Runnable() {", "+                    @Override", "+                    public void run() {", "+                        playPauseButton.requestLayout();", "+                        if (slidingUpPanelLayout.getPanelState() == SlidingUpPanelLayout.PanelState.EXPANDED) {", "+                            mediaControllerContainer.setVisibility(View.VISIBLE);", "+                            onPanelSlide(slidingUpPanelLayout, 1);", "+                            onPanelExpanded(slidingUpPanelLayout);", "+                        }", "+                    }", "+                });", "-        int durationProgress = (int) (SLIDING_PANEL_ANIMATION_STEPS * slideOffset);", "-        fabXAnimator.setCurrentPlayTime(durationProgress);", "-        fabYAnimator.setCurrentPlayTime(durationProgress);", "-        fabColorAnimator.setCurrentPlayTime(durationProgress);", "-        miniPlayerAlphaAnimator.setCurrentPlayTime(durationProgress);", "+        if (Build.VERSION.SDK_INT >= Build.VERSION_CODES.LOLLIPOP_MR1) {", "+            fabXAnimator.setCurrentFraction(slideOffset);", "+            fabYAnimator.setCurrentFraction(slideOffset);", "+            fabColorAnimator.setCurrentFraction(slideOffset);", "+            miniPlayerAlphaAnimator.setCurrentFraction(slideOffset);", "+        } else {", "+            int durationProgress = (int) (SLIDING_PANEL_ANIMATION_STEPS * slideOffset);", "+            fabXAnimator.setCurrentPlayTime(durationProgress);", "+            fabYAnimator.setCurrentPlayTime(durationProgress);", "+            fabColorAnimator.setCurrentPlayTime(durationProgress);", "+            miniPlayerAlphaAnimator.setCurrentPlayTime(durationProgress);", "+        }"], "url": ["https://api.github.com/repos/AdrienPoupa/VinylMusicPlayer/commits/6773342198df227c9ba8a1f0927784714d7a8b55"]}