{"new_feature": "1050,1,6,586,29,0.62", "commitmessage": "Fix the BetamaxFilters to deal with aggregated requests.", "patch": ["@@ -19,6 +19,7 @@\n import java.io.IOException;\n import java.util.Map;\n import java.util.logging.Logger;\n+\n import co.freeside.betamax.encoding.*;\n import co.freeside.betamax.handler.NonWritableTapeException;\n import co.freeside.betamax.message.Response;\n@@ -29,6 +30,7 @@\n import io.netty.buffer.ByteBuf;\n import io.netty.handler.codec.http.*;\n import org.littleshoot.proxy.HttpFiltersAdapter;\n+\n import static co.freeside.betamax.Headers.*;\n import static io.netty.buffer.Unpooled.wrappedBuffer;\n import static io.netty.handler.codec.http.HttpHeaders.Names.*;\n@@ -59,13 +61,13 @@ public HttpResponse requestPre(HttpObject httpObject) {\n             }\n \n             //If we're getting content stick it in there.\n-            if (httpObject instanceof HttpContent ) {\n+            if (httpObject instanceof HttpContent) {\n                 request.append((HttpContent) httpObject);\n                 //If it's the last one, we want to take further steps, like checking to see if we've recorded on it!\n-                if(httpObject instanceof LastHttpContent) {\n+                if (httpObject instanceof LastHttpContent) {\n                     //We will have collected the last of the http Request finally\n                     //And now we're ready to intercept it and do proxy-type-things\n-                    response = onRequestIntercepted((HttpRequest) httpObject).orNull();\n+                    response = onRequestIntercepted().orNull();\n                 }\n             }\n \n@@ -77,19 +79,11 @@ public HttpResponse requestPre(HttpObject httpObject) {\n \n     @Override\n     public HttpResponse requestPost(HttpObject httpObject) {\n-        try {\n-            if (httpObject instanceof HttpContent) {\n-                request.append((HttpContent) httpObject);\n-            }\n-\n-            if (httpObject instanceof HttpRequest) {\n-                setViaHeader((HttpMessage) httpObject);\n-            }\n-\n-            return null;\n-        } catch (IOException e) {\n-            return createErrorResponse(e);\n+        if (httpObject instanceof HttpRequest) {\n+            setViaHeader((HttpMessage) httpObject);\n         }\n+\n+        return null;\n     }\n \n     @Override\n@@ -125,7 +119,7 @@ public void responsePost(HttpObject httpObject) {\n         }\n     }\n \n-    private Optional<? extends FullHttpResponse> onRequestIntercepted(HttpRequest httpObject) throws IOException {\n+    private Optional<? extends FullHttpResponse> onRequestIntercepted() throws IOException {\n         if (tape == null) {\n             return Optional.of(new DefaultFullHttpResponse(HTTP_1_1, new HttpResponseStatus(403, \"No tape\")));\n         } else if (tape.isReadable() && tape.seek(request)) {"], "edit": ["+", "+", "-            if (httpObject instanceof HttpContent ) {", "+            if (httpObject instanceof HttpContent) {", "-                if(httpObject instanceof LastHttpContent) {", "+                if (httpObject instanceof LastHttpContent) {", "-                    response = onRequestIntercepted((HttpRequest) httpObject).orNull();", "+                    response = onRequestIntercepted().orNull();", "-        try {", "-            if (httpObject instanceof HttpContent) {", "-                request.append((HttpContent) httpObject);", "-            }", "-", "-            if (httpObject instanceof HttpRequest) {", "-                setViaHeader((HttpMessage) httpObject);", "-            }", "-", "-            return null;", "-        } catch (IOException e) {", "-            return createErrorResponse(e);", "+        if (httpObject instanceof HttpRequest) {", "+            setViaHeader((HttpMessage) httpObject);", "+", "+        return null;", "-    private Optional<? extends FullHttpResponse> onRequestIntercepted(HttpRequest httpObject) throws IOException {", "+    private Optional<? extends FullHttpResponse> onRequestIntercepted() throws IOException {"], "url": ["https://api.github.com/repos/airbnb/okreplay/commits/678ff6ef8ffb8b6a7e57bb0909734adb61dea0a8"]}