{"new_feature": "34,1,2,77,0,1.00", "commitmessage": "Fixes", "patch": ["@@ -5,7 +5,7 @@ android {\n     buildToolsVersion \"25.0.2\"\n     defaultConfig {\n         applicationId \"com.tenclouds.loadingadaptersample\"\n-        minSdkVersion 9\n+        minSdkVersion 14\n         targetSdkVersion 25\n         versionCode 1\n         versionName \"1.0\"\n@@ -20,10 +20,11 @@ android {\n }\n \n dependencies {\n-    compile fileTree(dir: 'libs', include: ['*.jar'])\n+    compile fileTree(include: ['*.jar'], dir: 'libs')\n     androidTestCompile('com.android.support.test.espresso:espresso-core:2.2.2', {\n         exclude group: 'com.android.support', module: 'support-annotations'\n     })\n     compile 'com.android.support:appcompat-v7:25.1.0'\n     testCompile 'junit:junit:4.12'\n+    compile project(':loadingadapter')\n }", "@@ -1,16 +1,7 @@\n <?xml version=\"1.0\" encoding=\"utf-8\"?>\n-<RelativeLayout xmlns:android=\"http://schemas.android.com/apk/res/android\"\n-    xmlns:tools=\"http://schemas.android.com/tools\"\n-    android:id=\"@+id/activity_main\"\n+<com.tenclouds.loadingadapter.views.LoadingRecyclerView xmlns:android=\"http://schemas.android.com/apk/res/android\"\n+    xmlns:app=\"http://schemas.android.com/apk/res-auto\"\n+    android:id=\"@+id/recycler\"\n     android:layout_width=\"match_parent\"\n     android:layout_height=\"match_parent\"\n-    android:paddingBottom=\"@dimen/activity_vertical_margin\"\n-    android:paddingLeft=\"@dimen/activity_horizontal_margin\"\n-    android:paddingRight=\"@dimen/activity_horizontal_margin\"\n-    android:paddingTop=\"@dimen/activity_vertical_margin\"\n-    tools:context=\"com.tenclouds.loadingadaptersample.MainActivity\">\n-\n-    <com.tenclouds.loadingadapter.views.LoadingRecyclerView\n-        android:layout_width=\"match_parent\"\n-        android:layout_height=\"match_parent\"/>\n-</RelativeLayout>\n+    app:layoutManager=\"LinearLayoutManager\" />", "@@ -8,6 +8,7 @@\n import android.view.ViewGroup;\n \n import java.util.ArrayList;\n+import java.util.List;\n \n public abstract class AbstractLoadingAdapter<T> extends RecyclerView.Adapter<RecyclerView.ViewHolder> {\n \n@@ -99,6 +100,12 @@ public int getItemViewType(int position) {\n         }\n     }\n \n+    public void add(List<T> newItems) {\n+        int oldItemsSize = items.size();\n+        items.addAll(newItems);\n+        notifyItemRangeChanged(oldItemsSize, oldItemsSize + newItems.size());\n+    }\n+\n     public void showLoading(boolean status) {\n         showLoader = status;\n         notifyDataSetChanged();", "@@ -6,6 +6,7 @@\n import android.support.v7.widget.RecyclerView;\n import android.util.AttributeSet;\n \n+import com.tenclouds.loadingadapter.AbstractLoadingAdapter;\n import com.tenclouds.loadingadapter.EndlessRecyclerViewScrollListener;\n \n public class LoadingRecyclerView extends RecyclerView {\n@@ -38,7 +39,16 @@ public void onScrolled(int dx, int dy) {\n                 }\n             });\n         } else {\n-            throw new IllegalStateException(\"LayoutManager is not instance of LinearLayoutManager. LoadingRecyclerView's only supports LinearLayoutManager.\");\n+            throw new IllegalStateException(\"LayoutManager is not instance of LinearLayoutManager. LoadingRecyclerView only supports LinearLayoutManager.\");\n+        }\n+    }\n+\n+    @Override\n+    public void setAdapter(Adapter adapter) {\n+        if(adapter instanceof AbstractLoadingAdapter) {\n+            super.setAdapter(adapter);\n+        } else {\n+            throw new IllegalStateException(\"Adapter \");\n         }\n     }\n }"], "edit": ["-        minSdkVersion 9", "+        minSdkVersion 14", "-    compile fileTree(dir: 'libs', include: ['*.jar'])", "+    compile fileTree(include: ['*.jar'], dir: 'libs')", "+    compile project(':loadingadapter')", "-<RelativeLayout xmlns:android=\"http://schemas.android.com/apk/res/android\"", "-    xmlns:tools=\"http://schemas.android.com/tools\"", "-    android:id=\"@+id/activity_main\"", "+<com.tenclouds.loadingadapter.views.LoadingRecyclerView xmlns:android=\"http://schemas.android.com/apk/res/android\"", "+    xmlns:app=\"http://schemas.android.com/apk/res-auto\"", "+    android:id=\"@+id/recycler\"", "-    android:paddingBottom=\"@dimen/activity_vertical_margin\"", "-    android:paddingLeft=\"@dimen/activity_horizontal_margin\"", "-    android:paddingRight=\"@dimen/activity_horizontal_margin\"", "-    android:paddingTop=\"@dimen/activity_vertical_margin\"", "-    tools:context=\"com.tenclouds.loadingadaptersample.MainActivity\">", "-", "-    <com.tenclouds.loadingadapter.views.LoadingRecyclerView", "-        android:layout_width=\"match_parent\"", "-        android:layout_height=\"match_parent\"/>", "-</RelativeLayout>", "+    app:layoutManager=\"LinearLayoutManager\" />", "+import java.util.List;", "+    public void add(List<T> newItems) {", "+        int oldItemsSize = items.size();", "+        items.addAll(newItems);", "+        notifyItemRangeChanged(oldItemsSize, oldItemsSize + newItems.size());", "+    }", "+", "+import com.tenclouds.loadingadapter.AbstractLoadingAdapter;", "-            throw new IllegalStateException(\"LayoutManager is not instance of LinearLayoutManager. LoadingRecyclerView's only supports LinearLayoutManager.\");", "+            throw new IllegalStateException(\"LayoutManager is not instance of LinearLayoutManager. LoadingRecyclerView only supports LinearLayoutManager.\");", "+        }", "+    }", "+", "+    @Override", "+    public void setAdapter(Adapter adapter) {", "+        if(adapter instanceof AbstractLoadingAdapter) {", "+            super.setAdapter(adapter);", "+        } else {", "+            throw new IllegalStateException(\"Adapter \");"], "url": ["https://api.github.com/repos/10clouds/InifiniteRecyclerView/commits/67e8a95ea9b2be6d9e122bd6b3097b9d4bfcd5c1"]}