{"new_feature": "1212,68,81,7340,22,0.60", "commitmessage": "fix", "patch": ["@@ -246,4 +246,4 @@ dependencies {\n }\n \n \n-version = '2.3.3.rc44'\n+version = '2.3.3.rc45'", "@@ -226,29 +226,29 @@\n \n     public List<Dex> dexs = new ArrayList<>();\n \n-    private TreeMap<MethodId,List<Dex>>methodTreeMap = new TreeMap<>();\n-    private TreeMap<FieldId,List<Dex>>fieldTreeMap = new TreeMap<>();\n+    private Map<String,List<Dex>>methodTreeMap = new HashMap<>();\n+    private Map<String,List<Dex>>fieldTreeMap = new HashMap<>();\n \n     public boolean addDex(Dex dex) {\n-         TreeMap<MethodId,List<Dex>>tempMethodTreeMap = new TreeMap<>(methodTreeMap);\n-         TreeMap<FieldId,List<Dex>>tempFieldTreeMap = new TreeMap<>(fieldTreeMap);\n+         Map<String,List<Dex>>tempMethodTreeMap = new HashMap<>(methodTreeMap);\n+         Map<String,List<Dex>>tempFieldTreeMap = new HashMap<>(fieldTreeMap);\n         for (MethodId methodId:dex.methodIds()){\n-            if (tempMethodTreeMap.containsKey(methodId)){\n-                tempMethodTreeMap.get(methodId).add(dex);\n+            if (tempMethodTreeMap.containsKey(methodId.toString())){\n+                tempMethodTreeMap.get(methodId.toString()).add(dex);\n             }else {\n                 List<Dex>dexes = new ArrayList<>();\n                 dexes.add(dex);\n-                tempMethodTreeMap.put(methodId,dexes);\n+                tempMethodTreeMap.put(methodId.toString(),dexes);\n             }\n         }\n \n         for (FieldId fieldId:dex.fieldIds()){\n-            if (tempFieldTreeMap.containsKey(fieldId)){\n-                tempFieldTreeMap.get(fieldId).add(dex);\n+            if (tempFieldTreeMap.containsKey(fieldId.toString())){\n+                tempFieldTreeMap.get(fieldId.toString()).add(dex);\n             }else {\n                 List<Dex>dexes = new ArrayList<>();\n                 dexes.add(dex);\n-                tempFieldTreeMap.put(fieldId,dexes);\n+                tempFieldTreeMap.put(fieldId.toString(),dexes);\n             }\n         }\n \n@@ -268,8 +268,8 @@ public boolean addDex(Dex dex) {\n         if (tempMethodTreeMap.size() > MAX_METHOD_IDS||tempFieldTreeMap.size() > MAX_FIELD_IDS){\n             return false;\n         }\n-        fieldTreeMap = new TreeMap<>(tempFieldTreeMap);\n-        methodTreeMap = new TreeMap<>(tempMethodTreeMap);\n+        fieldTreeMap = new HashMap<>(tempFieldTreeMap);\n+        methodTreeMap = new HashMap<>(tempMethodTreeMap);\n         dexs.add(dex);\n         tempFieldTreeMap.clear();\n         tempMethodTreeMap.clear();"], "edit": ["-version = '2.3.3.rc44'", "+version = '2.3.3.rc45'", "-    private TreeMap<MethodId,List<Dex>>methodTreeMap = new TreeMap<>();", "-    private TreeMap<FieldId,List<Dex>>fieldTreeMap = new TreeMap<>();", "+    private Map<String,List<Dex>>methodTreeMap = new HashMap<>();", "+    private Map<String,List<Dex>>fieldTreeMap = new HashMap<>();", "-         TreeMap<MethodId,List<Dex>>tempMethodTreeMap = new TreeMap<>(methodTreeMap);", "-         TreeMap<FieldId,List<Dex>>tempFieldTreeMap = new TreeMap<>(fieldTreeMap);", "+         Map<String,List<Dex>>tempMethodTreeMap = new HashMap<>(methodTreeMap);", "+         Map<String,List<Dex>>tempFieldTreeMap = new HashMap<>(fieldTreeMap);", "-            if (tempMethodTreeMap.containsKey(methodId)){", "-                tempMethodTreeMap.get(methodId).add(dex);", "+            if (tempMethodTreeMap.containsKey(methodId.toString())){", "+                tempMethodTreeMap.get(methodId.toString()).add(dex);", "-                tempMethodTreeMap.put(methodId,dexes);", "+                tempMethodTreeMap.put(methodId.toString(),dexes);", "-            if (tempFieldTreeMap.containsKey(fieldId)){", "-                tempFieldTreeMap.get(fieldId).add(dex);", "+            if (tempFieldTreeMap.containsKey(fieldId.toString())){", "+                tempFieldTreeMap.get(fieldId.toString()).add(dex);", "-                tempFieldTreeMap.put(fieldId,dexes);", "+                tempFieldTreeMap.put(fieldId.toString(),dexes);", "-        fieldTreeMap = new TreeMap<>(tempFieldTreeMap);", "-        methodTreeMap = new TreeMap<>(tempMethodTreeMap);", "+        fieldTreeMap = new HashMap<>(tempFieldTreeMap);", "+        methodTreeMap = new HashMap<>(tempMethodTreeMap);"], "url": ["https://api.github.com/repos/alibaba/atlas/commits/691d92911bf9bc489614798b93910776ff389953"]}