{"new_feature": "1227,9,21,922,30,0.02", "commitmessage": "Use HTTPS and java.net.URI for scrobbling\n\nHTTPS will help prevent eavesdropping on the auth token, and using URI\nwill ensure unusual characters (like spaces, accidental or otherwise)\nare escaped correctly.\n\nFixes #588\n\nSigned-off-by: Peter Marheine <peter@taricorp.net>", "patch": ["@@ -40,6 +40,7 @@\n import org.springframework.stereotype.Service;\n \n import java.io.IOException;\n+import java.net.URI;\n import java.util.*;\n import java.util.concurrent.LinkedBlockingQueue;\n \n@@ -174,8 +175,15 @@ private void scrobble(RegistrationData registrationData) throws Exception {\n         String clientVersion = \"0.1\";\n         long timestamp = System.currentTimeMillis() / 1000L;\n         String authToken = calculateAuthenticationToken(registrationData.password, timestamp);\n-        String[] lines = executeGetRequest(\"http://post.audioscrobbler.com/?hs=true&p=1.2.1&c=\" + clientId + \"&v=\" +\n-                                           clientVersion + \"&u=\" + registrationData.username + \"&t=\" + timestamp + \"&a=\" + authToken);\n+        URI uri = new URI(\"https\",\n+                /* userInfo= */ null, \"post.audioscrobbler.com\", -1,\n+                \"/\",\n+                String.format(\"hs=true&p=1.2.1&c=%s&v=%s&u=%s&t=%s&a=%s\",\n+                        clientId, clientVersion, registrationData.username,\n+                        timestamp, authToken),\n+                /* fragment= */ null);\n+\n+        String[] lines = executeGetRequest(uri);\n \n         if (lines[0].startsWith(\"BANNED\")) {\n             LOG.warn(\"Failed to scrobble song '\" + registrationData.title + \"' at Last.fm. Client version is banned.\");\n@@ -236,7 +244,7 @@ private String calculateAuthenticationToken(String password, long timestamp) {\n         return DigestUtils.md5Hex(DigestUtils.md5Hex(password) + timestamp);\n     }\n \n-    private String[] executeGetRequest(String url) throws IOException {\n+    private String[] executeGetRequest(URI url) throws IOException {\n         HttpGet method = new HttpGet(url);\n         method.setConfig(requestConfig);\n         return executeRequest(method);\n@@ -315,4 +323,4 @@ private void handleNetworkError(RegistrationData registrationData, IOException x\n         public boolean submission;\n     }\n \n-}\n\\ No newline at end of file\n+}"], "edit": ["+import java.net.URI;", "-        String[] lines = executeGetRequest(\"http://post.audioscrobbler.com/?hs=true&p=1.2.1&c=\" + clientId + \"&v=\" +", "-                                           clientVersion + \"&u=\" + registrationData.username + \"&t=\" + timestamp + \"&a=\" + authToken);", "+        URI uri = new URI(\"https\",", "+                /* userInfo= */ null, \"post.audioscrobbler.com\", -1,", "+                \"/\",", "+                String.format(\"hs=true&p=1.2.1&c=%s&v=%s&u=%s&t=%s&a=%s\",", "+                        clientId, clientVersion, registrationData.username,", "+                        timestamp, authToken),", "+                /* fragment= */ null);", "+", "+        String[] lines = executeGetRequest(uri);", "-    private String[] executeGetRequest(String url) throws IOException {", "+    private String[] executeGetRequest(URI url) throws IOException {", "-}", "+}"], "url": ["https://api.github.com/repos/airsonic/airsonic/commits/69e2ba08254a2fee8b6326d1cae4539c9ed8cf4c"]}