{"new_feature": "1029,4,0,66,10,0.62", "commitmessage": "Auto Timing addded checks to ensure we're in a valid operation before collecting time. Otherwise socket access from constructor (for example) won't go through.", "patch": ["@@ -17,7 +17,7 @@\n  * your own identifying information:\n  * \"Portions Copyrighted [year] [name of copyright owner]\"\n  *\n- * $Id: DriverContext.java,v 1.13 2008/02/14 21:55:20 akara Exp $\n+ * $Id: DriverContext.java,v 1.14 2008/05/02 22:05:09 akara Exp $\n  *\n  * Copyright 2005 Sun Microsystems Inc. All Rights Reserved\n  */\n@@ -175,9 +175,12 @@ public Logger getLogger() {\n \n     /**\n      * Obtains the name of the operation currently executing.\n-     * @return the current operation's name\n+     * @return the current operation's name,\n+     *         or null if called from outside an operation.\n      */\n \tpublic String getCurrentOperation() {\n+        if (agentThread.currentOperation == -1)\n+            return null;\n         return agentThread.driverConfig.operations[\n                 agentThread.currentOperation].name;\n     }\n@@ -188,7 +191,8 @@ public String getCurrentOperation() {\n      * operation-specific information such as stats. The id ranges from 0 to\n      * n where n is the number of operations in the driver less one.\n      *\n-     * @return The unique id assigned to this operation type.\n+     * @return The unique id assigned to this operation type,\n+     *         or -1 if called from outside an operation.\n      */\n \tpublic int getOperationId() {\n         return agentThread.currentOperation;\n@@ -377,6 +381,9 @@ public String getXPathValue(String xPath) throws XPathExpressionException {\n      * @throws IllegalStateException if the operation uses auto timing\n      */\n \tpublic void recordTime() {\n+        if (agentThread.currentOperation == -1)\n+            throw new IllegalStateException(\"DriverContext.recordTime called \" +\n+                                            \"outside an operation\");\n         if (agentThread.driverConfig.operations[agentThread.currentOperation].\n                 timing != Timing.MANUAL) {\n             String msg = \"Driver: \" + getDriverName() + \", Operation: \" +\n@@ -409,6 +416,9 @@ public void recordTime() {\n      * pauseTime when the critical section is already paused are simply ignored. \n      */\n \tpublic void pauseTime() {\n+        if (agentThread.currentOperation == -1)\n+            throw new IllegalStateException(\"DriverContext.pauseTime called \" +\n+                                            \"outside an operation\");\n         if (agentThread.driverConfig.operations[agentThread.currentOperation].\n                 timing != Timing.MANUAL) {\n             String msg = \"Driver: \" + getDriverName() + \", Operation: \" +\n@@ -503,6 +513,9 @@ public void setPauseSupported(boolean pause) {\n      * facilities.\n      */\n     public void recordStartTime() {\n+        // Not in an operation, don't record time.\n+        if (agentThread.currentOperation == -1)\n+            return;\n         if (timingInfo != null && agentThread.driverConfig.operations[\n                 agentThread.currentOperation].timing == Timing.AUTO) {\n             if (timingInfo.invokeTime == -1) {\n@@ -529,6 +542,9 @@ public void recordStartTime() {\n      * facilities.\n      */\n     public void recordEndTime() {\n+        // Not in an operation, don't record time.\n+        if (agentThread.currentOperation == -1)\n+            return;\n         if (timingInfo != null && agentThread.driverConfig.operations[\n                 agentThread.currentOperation].timing == Timing.AUTO) {\n \t\t\ttimingInfo.respondTime = timer.getTime();"], "edit": ["- * $Id: DriverContext.java,v 1.13 2008/02/14 21:55:20 akara Exp $", "+ * $Id: DriverContext.java,v 1.14 2008/05/02 22:05:09 akara Exp $", "-     * @return the current operation's name", "+     * @return the current operation's name,", "+     *         or null if called from outside an operation.", "+        if (agentThread.currentOperation == -1)", "+            return null;", "-     * @return The unique id assigned to this operation type.", "+     * @return The unique id assigned to this operation type,", "+     *         or -1 if called from outside an operation.", "+        if (agentThread.currentOperation == -1)", "+            throw new IllegalStateException(\"DriverContext.recordTime called \" +", "+                                            \"outside an operation\");", "+        if (agentThread.currentOperation == -1)", "+            throw new IllegalStateException(\"DriverContext.pauseTime called \" +", "+                                            \"outside an operation\");", "+        // Not in an operation, don't record time.", "+        if (agentThread.currentOperation == -1)", "+            return;", "+        // Not in an operation, don't record time.", "+        if (agentThread.currentOperation == -1)", "+            return;"], "url": ["https://api.github.com/repos/akara/faban/commits/69e766aa588c9895b968f2740d36d51dc5a4ad36"]}