{"new_feature": "540,2,25,135,7,0.97", "commitmessage": "Fixes #85", "patch": ["@@ -94,7 +94,6 @@ public void doFilter(ServletRequest req, ServletResponse resp, FilterChain chain\n             chain.doFilter(req, resp);\n             return;\n         }\n-        \n         req.setCharacterEncoding(\"UTF-8\");\n         resp.setCharacterEncoding(\"UTF-8\");\n         HttpServletRequest request = (HttpServletRequest) req;\n@@ -107,7 +106,6 @@ public void doFilter(ServletRequest req, ServletResponse resp, FilterChain chain\n             return;\n         }\n \n-        //skips public pages\n         if (request.getRequestURI().contains(request.getContextPath() + \"/public/\")) {\n             chain.doFilter(req, resp);\n             return;\n@@ -162,7 +160,7 @@ private boolean skipResource(HttpServletRequest request, HttpServletResponse res\n     private void redirectToLogon(HttpServletRequest request, HttpServletResponse response) {\n         try {\n             String referer = request.getHeader(\"Referer\");\n-            String recoveryUrlParams = \"\";\n+            String recoveryUrlParams;\n             //get request parameters\n             if (has(referer) && referer.contains(\"?\")) {\n                 recoveryUrlParams = referer.substring(referer.lastIndexOf(\"?\") + 1);\n@@ -203,8 +201,16 @@ private void redirectToLogon(HttpServletRequest request, HttpServletResponse res\n \n     }\n \n+    /**\n+     * Skip error pages, login and index page as recovery url because it doesn't make sense redirecting user to such pages\n+     * @param recoveryUrl\n+     * @return \n+     */\n     private boolean isValidRecoveryUrl(StringBuilder recoveryUrl) {\n-        return !recoveryUrl.toString().contains(indexPage) && !recoveryUrl.toString().contains(Constants.ACCESS_DENIED_PAGE);\n+        String pageSuffix = adminConfig.getPageSufix();\n+        return !recoveryUrl.toString().contains(Constants.DEFAULT_INDEX_PAGE.replace(\"xhtml\", pageSuffix)) && !recoveryUrl.toString().contains(Constants.DEFAULT_ACCESS_DENIED_PAGE.replace(\"xhtml\", adminConfig.getPageSufix())) \n+                && !recoveryUrl.toString().contains(Constants.DEFAULT_EXPIRED_PAGE.replace(\"xhtml\", pageSuffix)) && !recoveryUrl.toString().contains(Constants.DEFAULT_OPTIMISTIC_PAGE.replace(\"xhtml\", adminConfig.getPageSufix()))\n+                && !recoveryUrl.toString().contains(Constants.DEFAULT_LOGIN_PAGE.replace(\"xhtml\", adminConfig.getPageSufix()));\n     }\n \n }", "@@ -5,11 +5,13 @@\n  */\n public interface Constants {\n \n+\n     String DEFAULT_INDEX_PAGE = \"index.xhtml\";\n     String DEFAULT_LOGIN_PAGE = \"login.xhtml\";\n     String DEFAULT_ERROR_PAGE = \"500.xhtml\";\n-    String ACCESS_DENIED_PAGE = \"403.xhtml\";\n-\n+    String DEFAULT_ACCESS_DENIED_PAGE = \"403.xhtml\";\n+    String DEFAULT_EXPIRED_PAGE = \"expired.xhtml\";\n+    String DEFAULT_OPTIMISTIC_PAGE = \"optimistic.xhtml\";\n     String DEFAULT_DATE_FORMAT = \"MM/dd/yyyy HH:mm:ss\";\n     String DEFAULT_PAGE_FORMAT = \"xhtml\";\n "], "edit": ["-", "-        //skips public pages", "-            String recoveryUrlParams = \"\";", "+            String recoveryUrlParams;", "+    /**", "+     * Skip error pages, login and index page as recovery url because it doesn't make sense redirecting user to such pages", "+     * @param recoveryUrl", "+     * @return", "+     */", "-        return !recoveryUrl.toString().contains(indexPage) && !recoveryUrl.toString().contains(Constants.ACCESS_DENIED_PAGE);", "+        String pageSuffix = adminConfig.getPageSufix();", "+        return !recoveryUrl.toString().contains(Constants.DEFAULT_INDEX_PAGE.replace(\"xhtml\", pageSuffix)) && !recoveryUrl.toString().contains(Constants.DEFAULT_ACCESS_DENIED_PAGE.replace(\"xhtml\", adminConfig.getPageSufix()))", "+                && !recoveryUrl.toString().contains(Constants.DEFAULT_EXPIRED_PAGE.replace(\"xhtml\", pageSuffix)) && !recoveryUrl.toString().contains(Constants.DEFAULT_OPTIMISTIC_PAGE.replace(\"xhtml\", adminConfig.getPageSufix()))", "+                && !recoveryUrl.toString().contains(Constants.DEFAULT_LOGIN_PAGE.replace(\"xhtml\", adminConfig.getPageSufix()));", "+", "-    String ACCESS_DENIED_PAGE = \"403.xhtml\";", "-", "+    String DEFAULT_ACCESS_DENIED_PAGE = \"403.xhtml\";", "+    String DEFAULT_EXPIRED_PAGE = \"expired.xhtml\";", "+    String DEFAULT_OPTIMISTIC_PAGE = \"optimistic.xhtml\";"], "url": ["https://api.github.com/repos/adminfaces/admin-template/commits/7087966a5527c1b0b934270933e123924c221656"]}