{"new_feature": "2146,31,17,479,17,0.20", "commitmessage": "#541 zk reload fix (#568)", "patch": ["@@ -619,7 +619,7 @@ public void run() {\n      * @param dataHost dataHost\n      * @param curIndex curIndex\n      */\n-    public synchronized void saveDataHostIndex(String dataHost, int curIndex) {\n+    public synchronized void saveDataHostIndex(String dataHost, int curIndex, boolean useZkSwitch) {\n         File file = new File(SystemConfig.getHomePath(), \"conf\" + File.separator + \"dnindex.properties\");\n         FileOutputStream fileOut = null;\n         try {\n@@ -642,7 +642,7 @@ public synchronized void saveDataHostIndex(String dataHost, int curIndex) {\n             fileOut = new FileOutputStream(file);\n             dnIndexProperties.store(fileOut, \"update\");\n \n-            if (isUseZkSwitch()) {\n+            if (useZkSwitch || isUseZkSwitch()) {\n                 // save to  zk\n                 if (dnIndexLock.acquire(30, TimeUnit.SECONDS)) {\n                     try {", "@@ -70,7 +70,7 @@ private void checkRequest(String schema) {\n         if (!dbPool.isInitSuccess()) {\n             int activeIndex = dbPool.init(dbPool.activeIndex);\n             if (activeIndex >= 0) {\n-                DbleServer.getInstance().saveDataHostIndex(dbPool.getHostName(), activeIndex);\n+                DbleServer.getInstance().saveDataHostIndex(dbPool.getHostName(), activeIndex, false);\n             } else {\n                 throw new RuntimeException(\"DataNode[\" + dbPool.getHostName() + \"]'s init error, please check it can be connected.\" +\n                         \"The current Node is {DataHost[\" + dbPool.getSource().getConfig().getUrl() + \",Schema[\" + schema + \"]}\");", "@@ -287,7 +287,7 @@ public boolean switchSource(int newIndex, boolean isAlarm, String reason) {\n                 // init again\n                 int result = this.init(activeIndex);\n                 if (result >= 0) {\n-                    DbleServer.getInstance().saveDataHostIndex(hostName, result);\n+                    DbleServer.getInstance().saveDataHostIndex(hostName, result, false);\n                     // clear all connections\n                     this.getSources()[current].clearCons(\"switch datasource\");\n                     // write log", "@@ -290,7 +290,8 @@ private void apply(Map<String, UserConfig> newUsers,\n                 if (newDataHosts != null) {\n                     for (PhysicalDBPool newDbPool : newDataHosts.values()) {\n                         if (newDbPool != null && !newDataHostWithoutWR) {\n-                            DbleServer.getInstance().saveDataHostIndex(newDbPool.getHostName(), newDbPool.getActiveIndex());\n+                            DbleServer.getInstance().saveDataHostIndex(newDbPool.getHostName(), newDbPool.getActiveIndex(),\n+                                    this.system.isUseZKSwitch() && DbleServer.getInstance().isUseZK());\n                             newDbPool.startHeartbeat();\n                         }\n                     }"], "edit": ["-    public synchronized void saveDataHostIndex(String dataHost, int curIndex) {", "+    public synchronized void saveDataHostIndex(String dataHost, int curIndex, boolean useZkSwitch) {", "-            if (isUseZkSwitch()) {", "+            if (useZkSwitch || isUseZkSwitch()) {", "-                DbleServer.getInstance().saveDataHostIndex(dbPool.getHostName(), activeIndex);", "+                DbleServer.getInstance().saveDataHostIndex(dbPool.getHostName(), activeIndex, false);", "-                    DbleServer.getInstance().saveDataHostIndex(hostName, result);", "+                    DbleServer.getInstance().saveDataHostIndex(hostName, result, false);", "-                            DbleServer.getInstance().saveDataHostIndex(newDbPool.getHostName(), newDbPool.getActiveIndex());", "+                            DbleServer.getInstance().saveDataHostIndex(newDbPool.getHostName(), newDbPool.getActiveIndex(),", "+                                    this.system.isUseZKSwitch() && DbleServer.getInstance().isUseZK());"], "url": ["https://api.github.com/repos/actiontech/dble/commits/70cb67e3394ee1c2b37c3bb1c935483cc23e7b65"]}