{"new_feature": "1029,4,0,66,10,0.62", "commitmessage": "1. Increased accuracy of pre-adjust time measurement.\n2. Changed code to avoid potential long overflows.", "patch": ["@@ -17,7 +17,7 @@\n  * your own identifying information:\n  * \"Portions Copyrighted [year] [name of copyright owner]\"\n  *\n- * $Id: CmdService.java,v 1.26 2008/02/02 05:37:28 akara Exp $\n+ * $Id: CmdService.java,v 1.27 2008/02/02 06:08:49 akara Exp $\n  *\n  * Copyright 2005 Sun Microsystems Inc. All Rights Reserved\n  */\n@@ -677,7 +677,9 @@ public Boolean call() throws RemoteException, InterruptedException {\n \n             logger.info(\"Trying to set clock for host: \" + hostName);\n             // 1. If we're within accuracy, don't set the clock\n-            long timeDiff = agent.getTime() - System.currentTimeMillis();\n+            long ms = System.currentTimeMillis();\n+            long timeDiff = -agent.getTime() +\n+                            ms + (System.currentTimeMillis() - ms) / 2;\n             if (timeDiff < ACCURACY && timeDiff > -ACCURACY)\n                 return true;\n \n@@ -708,7 +710,7 @@ public Boolean call() throws RemoteException, InterruptedException {\n                     }\n                     logger.finer(\"Lag time: \" + lag + \"ms\");\n                     for (;;) {\n-                        long ms = System.currentTimeMillis();\n+                        ms = System.currentTimeMillis();\n                         nextSec = (long) Math.ceil(ms / 1000d);\n                         // We should be 100 ms from the boundary, at least.\n                         if (nextSec * 1000 - ms < 100)\n@@ -752,15 +754,15 @@ public Boolean call() throws RemoteException, InterruptedException {\n                 }\n \n                 // 3. Call agent to set time\n-                long ms = System.currentTimeMillis();\n+                ms = System.currentTimeMillis();\n                 agent.setTime(nextSecString);\n                 logger.finer(\"Actual setTime took \" +\n                         (System.currentTimeMillis() - ms) + \" ms.\");\n \n                 // 4. Verify that time has been set properly.\n                 ms = System.currentTimeMillis();\n                 timeDiff = -agent.getTime() +\n-                        (System.currentTimeMillis() + ms) / 2;\n+                            ms + (System.currentTimeMillis() - ms) / 2;\n                 if (timeDiff < ACCURACY && timeDiff > -ACCURACY) {\n                     logger.info(\"Setting time succeeded for \" + hostName +\n                             \" after \" + i + \" retries. Time difference is \" +"], "edit": ["- * $Id: CmdService.java,v 1.26 2008/02/02 05:37:28 akara Exp $", "+ * $Id: CmdService.java,v 1.27 2008/02/02 06:08:49 akara Exp $", "-            long timeDiff = agent.getTime() - System.currentTimeMillis();", "+            long ms = System.currentTimeMillis();", "+            long timeDiff = -agent.getTime() +", "+                            ms + (System.currentTimeMillis() - ms) / 2;", "-                        long ms = System.currentTimeMillis();", "+                        ms = System.currentTimeMillis();", "-                long ms = System.currentTimeMillis();", "+                ms = System.currentTimeMillis();", "-                        (System.currentTimeMillis() + ms) / 2;", "+                            ms + (System.currentTimeMillis() - ms) / 2;"], "url": ["https://api.github.com/repos/akara/faban/commits/70dbf5cd63784f2435436bf7c0eb95df0391d63f"]}