{"new_feature": "1029,4,0,66,10,0.62", "commitmessage": "Fixed first run issue in UiDriver", "patch": ["@@ -17,7 +17,7 @@\n  * your own identifying information:\n  * \"Portions Copyrighted [year] [name of copyright owner]\"\n  *\n- * $Id: UIDriver.java,v 1.1 2007/05/03 23:14:52 akara Exp $\n+ * $Id: UIDriver.java,v 1.2 2007/05/04 04:17:47 akara Exp $\n  *\n  * Copyright 2005 Sun Microsystems Inc. All Rights Reserved\n  */\n@@ -120,12 +120,15 @@ public void listResults() throws IOException {\n             http.fetchURL(resultList);\n             StringBuilder response = http.getResponseBuffer();\n             int tableIdx = response.indexOf(\"<table\");\n-            runIds = parseResultTable(response, tableIdx);\n+            if (tableIdx != -1)\n+                runIds = parseResultTable(response, tableIdx);\n         } else { // RunIds won't change much over the run.\n             http.readURL(resultList);\n         }\n-        int idx = random.random(0, runIds.length - 1);\n-        runId = runIds[idx];\n+        if (runIds != null) {\n+            int idx = random.random(0, runIds.length - 1);\n+            runId = runIds[idx];\n+        }\n     }\n \n     @BenchmarkOperation (\n@@ -134,6 +137,12 @@ public void listResults() throws IOException {\n         timing  = Timing.AUTO\n     )\n     public void viewResult() throws IOException {\n+        \n+        if (runId == null) {\n+            logger.warning(\"No results just yet. Try again next run.\");\n+            return;\n+        }\n+\n         http.readURL(baseURL + \"resultframe.jsp?runId=\" + runId +\n                 \"&result=summary.xml&show=logs\");\n         http.readURL(baseURL + \"LogReader?runId=\" + runId);\n@@ -189,9 +198,10 @@ public void submitRun() throws IOException {\n         http.readURL(submitRuns[2], \"t_trigger-uiDriver=\" +\n                 \"Harness%C2%A0UI%C2%A0Driver&d_input-description=\" +\n                 \"Sample+benchmark+run&d_input-agent-host=sucharitakul&\" +\n-                \"d_input-scale=150&d_input-agent-tools=NONE&\" +\n+                \"d_input-scale=100&d_input-agent-tools=vmstat+10&\" +\n                 \"d_input-rampUp=60&d_input-steadyState=300&\" +\n                 \"d_input-rampDown=30\");\n+\n         http.readURL(submitRuns[2], \"d_input-driver-agents=1&\" +\n                 \"d_input-driver-statsInterval=30&\" +\n                 \"d_input-server-host=sucharitakul&d_input-server-port=9980&\" +"], "edit": ["- * $Id: UIDriver.java,v 1.1 2007/05/03 23:14:52 akara Exp $", "+ * $Id: UIDriver.java,v 1.2 2007/05/04 04:17:47 akara Exp $", "-            runIds = parseResultTable(response, tableIdx);", "+            if (tableIdx != -1)", "+                runIds = parseResultTable(response, tableIdx);", "-        int idx = random.random(0, runIds.length - 1);", "-        runId = runIds[idx];", "+        if (runIds != null) {", "+            int idx = random.random(0, runIds.length - 1);", "+            runId = runIds[idx];", "+        }", "+", "+        if (runId == null) {", "+            logger.warning(\"No results just yet. Try again next run.\");", "+            return;", "+        }", "+", "-                \"d_input-scale=150&d_input-agent-tools=NONE&\" +", "+                \"d_input-scale=100&d_input-agent-tools=vmstat+10&\" +", "+"], "url": ["https://api.github.com/repos/akara/faban/commits/72b3a3bbee253eb123ef26484dea7925c0672f2b"]}