{"new_feature": "1227,9,21,922,30,0.01", "commitmessage": "Small changes/fixes\n\nSigned-off-by: Bernardus Jansen <bernardus@bajansen.nl>", "patch": ["@@ -42,7 +42,7 @@\n \n     private String smtpServer;\n     private String smtpEncryption;\n-    private int smtpPort;\n+    private String smtpPort;\n     private String smtpUser;\n     private String smtpPassword;\n \n@@ -150,11 +150,11 @@ public void setSMTPEncryption(String smtpEncryption) {\n         this.smtpEncryption = smtpEncryption;\n     }\n \n-    public int getSMTPPort() {\n+    public String getSMTPPort() {\n         return smtpPort;\n     }\n \n-    public void setSMTPPort(int smtpPort) {\n+    public void setSMTPPort(String smtpPort) {\n         this.smtpPort = smtpPort;\n     }\n ", "@@ -137,7 +137,11 @@ public ModelAndView recover(HttpServletRequest request, HttpServletResponse resp\n         return new ModelAndView(\"recover\", \"model\", map);\n     }\n \n+    /*\n+     * e-mail user new password via configured SMTP server\n+     */\n     private boolean emailPassword(String password, String username, String email) {\n+        /* Default to protocol smtp when SMTPEncryption is set to \"None\" */\n         String prot = \"smtp\";\n \n         if (settingsService.getSMTPServer() == null || settingsService.getSMTPServer().isEmpty()) {\n@@ -155,6 +159,7 @@ private boolean emailPassword(String password, String username, String email) {\n         }\n         props.put(\"mail.\" + prot + \".host\", settingsService.getSMTPServer());\n         props.put(\"mail.\" + prot + \".port\", settingsService.getSMTPPort());\n+        /* use authentication when SMTPUser is configured */\n         if (settingsService.getSMTPUser() != null && !settingsService.getSMTPUser().isEmpty()) {\n             props.put(\"mail.\" + prot + \".auth\", \"true\");\n         }\n@@ -174,13 +179,13 @@ private boolean emailPassword(String password, String username, String email) {\n                     \"Your Libresonic server\\n\" +\n                     \"libresonic.org\");\n             message.setSentDate(new Date());\n-            \n+\n             Transport trans = session.getTransport(prot);\n             try {\n-                if (settingsService.getSMTPUser() != null && !settingsService.getSMTPUser().isEmpty()) {\n-                    trans.connect();\n-                } else {\n+                if (props.get(\"mail.\" + prot + \".auth\").equals(\"true\")) {\n                     trans.connect(settingsService.getSMTPServer(), settingsService.getSMTPUser(), settingsService.getSMTPPassword());\n+                } else {\n+                    trans.connect();\n                 }\n                 trans.sendMessage(message, message.getAllRecipients());\n             } finally {"], "edit": ["-    private int smtpPort;", "+    private String smtpPort;", "-    public int getSMTPPort() {", "+    public String getSMTPPort() {", "-    public void setSMTPPort(int smtpPort) {", "+    public void setSMTPPort(String smtpPort) {", "+    /*", "+     * e-mail user new password via configured SMTP server", "+     */", "+        /* Default to protocol smtp when SMTPEncryption is set to \"None\" */", "+        /* use authentication when SMTPUser is configured */", "-", "+", "-                if (settingsService.getSMTPUser() != null && !settingsService.getSMTPUser().isEmpty()) {", "-                    trans.connect();", "-                } else {", "+                if (props.get(\"mail.\" + prot + \".auth\").equals(\"true\")) {", "+                } else {", "+                    trans.connect();"], "url": ["https://api.github.com/repos/airsonic/airsonic/commits/72cbac1a5655e8331cccf35c7a3eee2af99241c8"]}