{"new_feature": "2146,31,17,479,17,0.65", "commitmessage": "fix charser bug #320", "patch": ["@@ -105,8 +105,7 @@ public int calcPacketSize() {\n \n \n     /**\n-     * \u8fd9\u91cc\u5047\u8bbe\u4e24\u4e2a\u65b9\u6cd5\u8bfb\u53d6\u7684\u90fd\u662f\u540c\u4e00\u4e2a\u4e2d\u534f\u8bae\u7684\u7ed3\u679c\n-     * @param bin\n+     * @param bin bin\n      */\n     public void read(BinaryPacket bin) {\n         packetLength = bin.packetLength;\n@@ -154,33 +153,15 @@ public void read(byte[] data) {\n         }\n     }\n \n-\n-\n-\n-\n-\n-\n-\n-\n-\n-\n     @Override\n     protected String getPacketInfo() {\n         return \"MySQL HandshakeV10 Packet\";\n     }\n \n-    public byte getProtocolVersion() {\n-        return protocolVersion;\n-    }\n-\n     public void setProtocolVersion(byte protocolVersion) {\n         this.protocolVersion = protocolVersion;\n     }\n \n-    public byte[] getServerVersion() {\n-        return serverVersion;\n-    }\n-\n     public void setServerVersion(byte[] serverVersion) {\n         this.serverVersion = serverVersion;\n     }\n@@ -217,10 +198,6 @@ public void setServerCharsetIndex(byte serverCharsetIndex) {\n         this.serverCharsetIndex = serverCharsetIndex;\n     }\n \n-    public int getServerStatus() {\n-        return serverStatus;\n-    }\n-\n     public void setServerStatus(int serverStatus) {\n         this.serverStatus = serverStatus;\n     }\n@@ -232,12 +209,4 @@ public void setServerStatus(int serverStatus) {\n     public void setRestOfScrambleBuff(byte[] restOfScrambleBuff) {\n         this.restOfScrambleBuff = restOfScrambleBuff;\n     }\n-\n-    public byte[] getAuthPluginName() {\n-        return authPluginName;\n-    }\n-\n-    public void setAuthPluginName(byte[] authPluginName) {\n-        this.authPluginName = authPluginName;\n-    }\n }", "@@ -7,6 +7,7 @@\n \n import com.actiontech.dble.backend.mysql.BindValue;\n import com.actiontech.dble.backend.mysql.ByteUtil;\n+import com.actiontech.dble.backend.mysql.CharsetUtil;\n import com.actiontech.dble.backend.mysql.PreparedStatement;\n import com.actiontech.dble.config.ErrorCode;\n import com.actiontech.dble.config.Fields;\n@@ -59,8 +60,10 @@ public ServerPrepareHandler(ServerConnection source) {\n \n     @Override\n     public void prepare(String sql) {\n-        LOGGER.debug(\"use server prepare, sql: \" + sql);\n-        PreparedStatement pStmt = null;\n+        if (LOGGER.isDebugEnabled()) {\n+            LOGGER.debug(\"use server prepare, sql: \" + sql);\n+        }\n+        PreparedStatement pStmt;\n         if ((pStmt = pStmtForSql.get(sql)) == null) {\n             int columnCount = getColumnCount(sql);\n             int paramCount = getParamCount(sql);\n@@ -116,9 +119,9 @@ public void execute(byte[] data) {\n         } else {\n             ExecutePacket packet = new ExecutePacket(pStmt);\n             try {\n-                packet.read(data, source.getCharset().getClient());\n+                packet.read(data, CharsetUtil.getJavaCharset(source.getCharset().getClient()));\n             } catch (UnsupportedEncodingException e) {\n-                source.writeErrMessage(ErrorCode.ER_ERROR_WHEN_EXECUTING_COMMAND, e.getMessage());\n+                source.writeErrMessage(ErrorCode.ER_UNKNOWN_CHARACTER_SET, e.getMessage());\n                 return;\n             }\n             BindValue[] bindValues = packet.getValues();"], "edit": ["-     * \u8fd9\u91cc\u5047\u8bbe\u4e24\u4e2a\u65b9\u6cd5\u8bfb\u53d6\u7684\u90fd\u662f\u540c\u4e00\u4e2a\u4e2d\u534f\u8bae\u7684\u7ed3\u679c", "-     * @param bin", "+     * @param bin bin", "-", "-", "-", "-", "-", "-", "-", "-", "-", "-", "-    public byte getProtocolVersion() {", "-        return protocolVersion;", "-    }", "-", "-    public byte[] getServerVersion() {", "-        return serverVersion;", "-    }", "-", "-    public int getServerStatus() {", "-        return serverStatus;", "-    }", "-", "-", "-    public byte[] getAuthPluginName() {", "-        return authPluginName;", "-    }", "-", "-    public void setAuthPluginName(byte[] authPluginName) {", "-        this.authPluginName = authPluginName;", "-    }", "+import com.actiontech.dble.backend.mysql.CharsetUtil;", "-        LOGGER.debug(\"use server prepare, sql: \" + sql);", "-        PreparedStatement pStmt = null;", "+        if (LOGGER.isDebugEnabled()) {", "+            LOGGER.debug(\"use server prepare, sql: \" + sql);", "+        }", "+        PreparedStatement pStmt;", "-                packet.read(data, source.getCharset().getClient());", "+                packet.read(data, CharsetUtil.getJavaCharset(source.getCharset().getClient()));", "-                source.writeErrMessage(ErrorCode.ER_ERROR_WHEN_EXECUTING_COMMAND, e.getMessage());", "+                source.writeErrMessage(ErrorCode.ER_UNKNOWN_CHARACTER_SET, e.getMessage());"], "url": ["https://api.github.com/repos/actiontech/dble/commits/75a526dcf3ff1ac6f6dd65fe40f950fcb4ae3f26"]}