{"new_feature": "2276,1,0,88,30,0.03", "commitmessage": "fix potential NPE in status.java", "patch": ["@@ -127,17 +127,15 @@ protected String doInBackground(String... commandString) {\n \n         // We need to create a separate case for UPLOADING to DBe (OCID, MLS etc)\n         switch (mType) {\n-\n             // OCID upload request from \"APPLICATION\" drawer title\n             case DBE_UPLOAD_REQUEST:\n                 try {\n-\n                     boolean prepared = mDbAdapter.prepareOpenCellUploadData();\n \n                     Log.i(TAG, \"OCID upload data prepared - \" + String.valueOf(prepared));\n                     if (prepared) {\n                         File file = new File((mAppContext.getExternalFilesDir(null) + File.separator) + \"OpenCellID/aimsicd-ocid-data.csv\");\n-                        publishProgress(25,100);\n+                        publishProgress(25, 100);\n \n                         MultipartEntity mpEntity = new MultipartEntity();\n                         FileInputStream fin = new FileInputStream(file);\n@@ -174,7 +172,7 @@ protected String doInBackground(String... commandString) {\n                             if (response.getStatusLine().getStatusCode() == org.apache.http.HttpStatus.SC_OK) {\n                                 mDbAdapter.ocidProcessed();\n                             }\n-                            publishProgress(95,100);\n+                            publishProgress(95, 100);\n                         }\n                         return \"Successful\";\n                     } else {\n@@ -184,15 +182,15 @@ protected String doInBackground(String... commandString) {\n \n                     // all caused by httpclient.execute(httppost);\n                 } catch (UnsupportedEncodingException e) {\n-                    Log.e(TAG, \"Upload OpenCellID data Exception \", e);\n+                    Log.e(TAG, \"Upload OpenCellID data Exception\", e);\n                 } catch (FileNotFoundException e) {\n-                    Log.e(TAG, \"Upload OpenCellID data Exception \", e);\n+                    Log.e(TAG, \"Upload OpenCellID data Exception\", e);\n                 } catch (ClientProtocolException e) {\n-                    Log.e(TAG, \"Upload OpenCellID data Exception \", e);\n+                    Log.e(TAG, \"Upload OpenCellID data Exception\", e);\n                 } catch (IOException e) {\n-                    Log.e(TAG, \"Upload OpenCellID data Exception \", e);\n+                    Log.e(TAG, \"Upload OpenCellID data Exception\", e);\n                 } catch (Exception e) {\n-                    Log.e(TAG, \"Upload OpenCellID data Exception \", e);\n+                    Log.e(TAG, \"Upload OpenCellID data Exception\", e);\n                 }\n \n                 // DOWNLOADING...\n@@ -262,7 +260,6 @@ protected String doInBackground(String... commandString) {\n                     return \"Successful\";\n \n                 } catch (MalformedURLException e) {\n-                    // would show toast about it to a user?\n                     Log.e(TAG, \"Malformed URL\", e);\n                     return null;\n                 } catch (IOException e) {\n@@ -357,7 +354,6 @@ protected void onPostExecute(String result) {\n             case DBE_UPLOAD_REQUEST:\n                 if (\"Successful\".equals(result)) {\n                     Helpers.msgShort(mAppContext, mAppContext.getString(R.string.uploaded_bts_data_successfully));\n-\n                 } else {\n                     Helpers.msgLong(mAppContext, mAppContext.getString(R.string.error_uploading_bts_data));\n                 }", "@@ -22,7 +22,8 @@\n     // Dependencies:  Status.java, CellTracker.java, Icon.java ( + others?)\n     // They should be based on the detection scores here: <TBA>\n     // -- E:V:A 2015-01-19\n-    public static Type currentStatus;\n+    private static Type currentStatus;\n+\n     public enum Type {\n         ALARM, // Which is this?\n         // RUN, // BLACK\n@@ -38,6 +39,9 @@\n      * if the new status is different from the previous one\n      */\n     public static void setCurrentStatus(Type t, Context context) {\n+        if(t == null) {\n+            currentStatus = Type.IDLE;\n+        }\n         if(t != currentStatus) {\n             Intent intent = new Intent(\"StatusChange\");\n             LocalBroadcastManager.getInstance(context).sendBroadcast(intent);"], "edit": ["-", "-", "-                        publishProgress(25,100);", "+                        publishProgress(25, 100);", "-                            publishProgress(95,100);", "+                            publishProgress(95, 100);", "-                    Log.e(TAG, \"Upload OpenCellID data Exception \", e);", "+                    Log.e(TAG, \"Upload OpenCellID data Exception\", e);", "-                    Log.e(TAG, \"Upload OpenCellID data Exception \", e);", "+                    Log.e(TAG, \"Upload OpenCellID data Exception\", e);", "-                    Log.e(TAG, \"Upload OpenCellID data Exception \", e);", "+                    Log.e(TAG, \"Upload OpenCellID data Exception\", e);", "-                    Log.e(TAG, \"Upload OpenCellID data Exception \", e);", "+                    Log.e(TAG, \"Upload OpenCellID data Exception\", e);", "-                    Log.e(TAG, \"Upload OpenCellID data Exception \", e);", "+                    Log.e(TAG, \"Upload OpenCellID data Exception\", e);", "-                    // would show toast about it to a user?", "-", "-    public static Type currentStatus;", "+    private static Type currentStatus;", "+", "+        if(t == null) {", "+            currentStatus = Type.IDLE;", "+        }"], "url": ["https://api.github.com/repos/5GSD/AIMSICDL/commits/76161245c7929a44f282d6058f30e9d4c625d116"]}