{"new_feature": "1577,1,17,193,30,0.71", "commitmessage": "Fixed changelog dialog wrong bg color.", "patch": ["@@ -115,7 +115,7 @@ dependencies {\n         transitive = true\n     }\n \n-    compile('com.github.kabouzeid:app-theme-helper:0.7.13kmod@aar') {\n+    compile('com.github.kabouzeid:app-theme-helper:0.7.15kmod@aar') {\n         transitive = true\n     }\n ", "@@ -5,6 +5,7 @@\n import android.content.DialogInterface;\n import android.content.pm.PackageInfo;\n import android.content.pm.PackageManager;\n+import android.graphics.Color;\n import android.os.Bundle;\n import android.support.annotation.NonNull;\n import android.support.v4.app.DialogFragment;\n@@ -15,6 +16,7 @@\n \n import com.afollestad.materialdialogs.MaterialDialog;\n import com.afollestad.materialdialogs.internal.ThemeSingleton;\n+import com.kabouzeid.appthemehelper.util.ATHUtil;\n import com.kabouzeid.appthemehelper.util.ColorUtil;\n import com.kabouzeid.gramophone.R;\n import com.kabouzeid.gramophone.util.PreferenceUtil;\n@@ -77,12 +79,12 @@ public void onShow(DialogInterface dialog) {\n             in.close();\n \n             // Inject color values for WebView body background and links\n-            final String backgroundColor = ThemeSingleton.get().darkTheme ? \"424242\" : \"ffffff\";\n-            final String contentColor = ThemeSingleton.get().darkTheme ? \"ffffff\" : \"000000\";\n+            final String backgroundColor = colorToHex(ATHUtil.resolveColor(getActivity(), R.attr.md_background_color, Color.parseColor(ThemeSingleton.get().darkTheme ? \"#424242\" : \"#ffffff\")));\n+            final String contentColor = ThemeSingleton.get().darkTheme ? \"#ffffff\" : \"#000000\";\n             webView.loadData(buf.toString()\n-                    .replace(\"{style-placeholder}\",\n-                            String.format(\"body { background-color: #%s; color: #%s; }\", backgroundColor, contentColor))\n-                    .replace(\"{link-color}\", colorToHex(ThemeSingleton.get().positiveColor.getDefaultColor()))\n+                            .replace(\"{style-placeholder}\",\n+                                    String.format(\"body { background-color: %s; color: %s; }\", backgroundColor, contentColor))\n+                            .replace(\"{link-color}\", colorToHex(ThemeSingleton.get().positiveColor.getDefaultColor()))\n                             .replace(\"{link-color-active}\", colorToHex(ColorUtil.lightenColor(ThemeSingleton.get().positiveColor.getDefaultColor())))\n                     , \"text/html\", \"UTF-8\");\n         } catch (Throwable e) {"], "edit": ["-    compile('com.github.kabouzeid:app-theme-helper:0.7.13kmod@aar') {", "+    compile('com.github.kabouzeid:app-theme-helper:0.7.15kmod@aar') {", "+import android.graphics.Color;", "+import com.kabouzeid.appthemehelper.util.ATHUtil;", "-            final String backgroundColor = ThemeSingleton.get().darkTheme ? \"424242\" : \"ffffff\";", "-            final String contentColor = ThemeSingleton.get().darkTheme ? \"ffffff\" : \"000000\";", "+            final String backgroundColor = colorToHex(ATHUtil.resolveColor(getActivity(), R.attr.md_background_color, Color.parseColor(ThemeSingleton.get().darkTheme ? \"#424242\" : \"#ffffff\")));", "+            final String contentColor = ThemeSingleton.get().darkTheme ? \"#ffffff\" : \"#000000\";", "-                    .replace(\"{style-placeholder}\",", "-                            String.format(\"body { background-color: #%s; color: #%s; }\", backgroundColor, contentColor))", "-                    .replace(\"{link-color}\", colorToHex(ThemeSingleton.get().positiveColor.getDefaultColor()))", "+                            .replace(\"{style-placeholder}\",", "+                                    String.format(\"body { background-color: %s; color: %s; }\", backgroundColor, contentColor))", "+                            .replace(\"{link-color}\", colorToHex(ThemeSingleton.get().positiveColor.getDefaultColor()))"], "url": ["https://api.github.com/repos/AdrienPoupa/VinylMusicPlayer/commits/76fb6b9347765686d8b94c67028f070086ed388c"]}