{"new_feature": "260,8,0,54,5,0.57", "commitmessage": "fix(UI): Fix showing snackbar with result of notebook creation", "patch": ["@@ -15,7 +15,7 @@\n \n     void unbindView();\n \n-    void createNotebook(String name);\n+    boolean createNotebook(String name);\n \n     void subscribeRecyclerViewForPagination(RecyclerView recyclerView);\n ", "@@ -2,6 +2,7 @@\n \n import android.os.Bundle;\n import android.support.annotation.Nullable;\n+import android.support.design.widget.Snackbar;\n import android.support.v4.app.DialogFragment;\n import android.support.v7.widget.LinearLayoutManager;\n import android.support.v7.widget.RecyclerView;\n@@ -88,9 +89,12 @@ public void updateRecyclerView() {\n     @OnClick(R.id.btn_create_notebook_ok)\n     public void createNotebook() {\n         String nameNotebook = mEditText.getText().toString();\n-        mNotebookCreatePresenter.createNotebook(nameNotebook);\n-//        Snackbar.make(getActivity().findViewById(R.id.coordinator_layout_main_activity), \"Notebook \" + nameNotebook + \" has created \", Snackbar.LENGTH_LONG).show();\n-        getActivity().onBackPressed();\n+        if (mNotebookCreatePresenter.createNotebook(nameNotebook)) {\n+            Snackbar.make(getActivity().findViewById(R.id.coordinator_layout_main_activity), \"Notebook \" + nameNotebook + \" has created \", Snackbar.LENGTH_LONG).show();\n+            getActivity().onBackPressed();\n+            return;\n+        }\n+        Snackbar.make(getActivity().findViewById(R.id.coordinator_layout_main_activity), \"Notebook \" + nameNotebook + \" hasn't created \", Snackbar.LENGTH_LONG).show();\n     }\n \n     @OnClick(R.id.btn_create_notebook_cancel)", "@@ -12,6 +12,7 @@\n import com.github.android.lvrn.lvrnproject.view.dialog.notebookcreate.NotebookCreateDialogFragment;\n import com.github.android.lvrn.lvrnproject.view.dialog.notebookcreate.NotebookCreatePresenter;\n import com.github.android.lvrn.lvrnproject.view.listener.RecyclerViewOnScrollListener;\n+import com.google.common.base.Optional;\n \n import java.util.List;\n \n@@ -55,9 +56,10 @@ public void unbindView() {\n     }\n \n     @Override\n-    public void createNotebook(String name) {\n-        mNotebookService.create(new NotebookForm(CurrentState.profileId, false, parentId, name));\n+    public boolean createNotebook(String name) {\n+        Optional<String> newNotebookId = mNotebookService.create(new NotebookForm(CurrentState.profileId, false, parentId, name));\n         mNotebookCreateDialogFragment.updateRecyclerView();\n+        return  newNotebookId.isPresent();\n     }\n \n     @Override"], "edit": ["-    void createNotebook(String name);", "+    boolean createNotebook(String name);", "+import android.support.design.widget.Snackbar;", "-        mNotebookCreatePresenter.createNotebook(nameNotebook);", "-//        Snackbar.make(getActivity().findViewById(R.id.coordinator_layout_main_activity), \"Notebook \" + nameNotebook + \" has created \", Snackbar.LENGTH_LONG).show();", "-        getActivity().onBackPressed();", "+        if (mNotebookCreatePresenter.createNotebook(nameNotebook)) {", "+            Snackbar.make(getActivity().findViewById(R.id.coordinator_layout_main_activity), \"Notebook \" + nameNotebook + \" has created \", Snackbar.LENGTH_LONG).show();", "+            getActivity().onBackPressed();", "+            return;", "+        }", "+        Snackbar.make(getActivity().findViewById(R.id.coordinator_layout_main_activity), \"Notebook \" + nameNotebook + \" hasn't created \", Snackbar.LENGTH_LONG).show();", "+import com.google.common.base.Optional;", "-    public void createNotebook(String name) {", "-        mNotebookService.create(new NotebookForm(CurrentState.profileId, false, parentId, name));", "+    public boolean createNotebook(String name) {", "+        Optional<String> newNotebookId = mNotebookService.create(new NotebookForm(CurrentState.profileId, false, parentId, name));", "+        return  newNotebookId.isPresent();"], "url": ["https://api.github.com/repos/aint/laverna-android/commits/7863ba1b27260b9bf11717548a22f48081e72bc3"]}