{"new_feature": "3619,54,46,449,30,0.94", "commitmessage": "update WroUtil.normalize method implementation to fix windows platform specific issue", "patch": ["@@ -46,6 +46,7 @@\n  * @created Created on Nov 13, 2008\r\n  */\r\n public final class WroUtil {\r\n+  private static final String SEPARATOR_WINDOWS = \"\\\\\";\r\n   /**\r\n    * Empty line pattern.\r\n    */\r\n@@ -240,7 +241,7 @@ public static String toJSMultiLineString(final String data) {\n       for (int i = 0; i < lines.length; i++) {\r\n         final String line = lines[i];\r\n         result.append(\"\\\"\");\r\n-        result.append(line.replace(\"\\\\\", \"\\\\\\\\\").replace(\"\\\"\", \"\\\\\\\"\").replaceAll(\"\\\\r|\\\\n\", \"\"));\r\n+        result.append(line.replace(SEPARATOR_WINDOWS, \"\\\\\\\\\").replace(\"\\\"\", \"\\\\\\\"\").replaceAll(\"\\\\r|\\\\n\", \"\"));\r\n         // this is used to force a single line to have at least one new line (otherwise cssLint fails).\r\n         if (lines.length == 1) {\r\n           result.append(\"\\\\n\");\r\n@@ -433,8 +434,8 @@ public static final String normalize(final String path) {\n   }\r\n \r\n   private static String replaceWithServletContextSeparatorIfNedded(final String path, String normalized) {\r\n-    if (ServletContextUriLocator.isValid(path)) {\r\n-      normalized = normalized.replace(\"\\\\\", ServletContextUriLocator.PREFIX);\r\n+    if (path.startsWith(SEPARATOR_WINDOWS)) {\r\n+      normalized = normalized.replace(SEPARATOR_WINDOWS, ServletContextUriLocator.PREFIX);\r\n     }\r\n     return normalized;\r\n   }\r", "@@ -128,11 +128,6 @@ public void testGzipSupport()\n     assertTrue(WroUtil.isGzipSupported(request));\n   }\n \n-  /**\n-   * @param request\n-   * @param headerName\n-   * @param headerValue\n-   */\n   private HttpServletRequest mockRequestHeader(final String headerName, final String headerValue) {\n     final HttpServletRequest request = Mockito.mock(HttpServletRequest.class);\n     final Enumeration<String> enumeration = Collections.enumeration(Arrays.asList(headerName));\n@@ -182,14 +177,16 @@ public void shouldGenerateDateAsStringWithUSLocale() {\n     assertEquals(\"Thu, 07 Feb 2013 23:07:39 GMT\", WroUtil.toDateAsString(milliseconds));\n   }\n \n-  /**\n-   * This test should pass on windows platform as well (as a prove that the bug is fixed.\n-   */\n   @Test\n   public void shouldComputeFullPathForServletContextResource() {\n     assertEquals(\"/a/b/\", WroUtil.getFullPath(\"/a/b/c\"));\n   }\n \n+  @Test\n+  public void shouldComputeFullPathForServletContextResourceWithWindowsSeparator() {\n+    assertEquals(\"/a/b/\", WroUtil.getFullPath(\"\\\\a\\\\b\\\\c\"));\n+  }\n+\n   @Test\n   public void shouldNormalizeForServletContextResource() {\n     assertEquals(\"/a/b/d/e\", WroUtil.normalize(\"/a/b/c/../d/e\"));"], "edit": ["+  private static final String SEPARATOR_WINDOWS = \"\\\\\";", "-        result.append(line.replace(\"\\\\\", \"\\\\\\\\\").replace(\"\\\"\", \"\\\\\\\"\").replaceAll(\"\\\\r|\\\\n\", \"\"));", "+        result.append(line.replace(SEPARATOR_WINDOWS, \"\\\\\\\\\").replace(\"\\\"\", \"\\\\\\\"\").replaceAll(\"\\\\r|\\\\n\", \"\"));", "-    if (ServletContextUriLocator.isValid(path)) {", "-      normalized = normalized.replace(\"\\\\\", ServletContextUriLocator.PREFIX);", "+    if (path.startsWith(SEPARATOR_WINDOWS)) {", "+      normalized = normalized.replace(SEPARATOR_WINDOWS, ServletContextUriLocator.PREFIX);", "-  /**", "-   * @param request", "-   * @param headerName", "-   * @param headerValue", "-   */", "-  /**", "-   * This test should pass on windows platform as well (as a prove that the bug is fixed.", "-   */", "+  @Test", "+  public void shouldComputeFullPathForServletContextResourceWithWindowsSeparator() {", "+    assertEquals(\"/a/b/\", WroUtil.getFullPath(\"\\\\a\\\\b\\\\c\"));", "+  }", "+"], "url": ["https://api.github.com/repos/alexo/wro4j/commits/806a582ec7e763056ab0423a4c1db4edfdabcc43"]}