{"new_feature": "59,1,5,96,1,1.00", "commitmessage": "Fixed lag when showing folder size and eventual crash\nFixed Properties display crash", "patch": ["@@ -3,7 +3,7 @@ apply plugin: 'com.android.library'\n ext {\n     PUBLISH_GROUP_ID = 'com.adityak'\n     PUBLISH_ARTIFACT_ID = 'browsemyfiles'\n-    PUBLISH_VERSION = '1.6'\n+    PUBLISH_VERSION = '1.7'\n }\n \n android {\n@@ -14,8 +14,8 @@ android {\n         //applicationId \"com.aditya.filebrowser\"\n         minSdkVersion 15\n         targetSdkVersion 25\n-        versionCode 8\n-        versionName \"1.6\"\n+        versionCode 9\n+        versionName \"1.7\"\n     }\n     buildTypes {\n         release {", "@@ -46,6 +46,7 @@\n import org.apache.commons.io.FilenameUtils;\n \n import java.io.File;\n+import java.util.ArrayList;\n import java.util.Arrays;\n import java.util.HashSet;\n import java.util.List;\n@@ -78,7 +79,7 @@\n     private MenuItem mSearchMenuItem;\n     private SearchViewListener mSearchViewListener;\n     private Handler mUIUpdateHandler;\n-    private List<FileItem> mFileList;\n+    private List<FileItem> mFileList = new ArrayList<>();\n \n     private String mInitialDirectory;\n     private String mFilterFilesWithExtension;", "@@ -43,6 +43,7 @@\n import org.apache.commons.io.FileUtils;\n \n import java.io.File;\n+import java.util.ArrayList;\n import java.util.Arrays;\n import java.util.HashSet;\n import java.util.List;\n@@ -75,7 +76,7 @@\n     private MenuItem mSearchMenuItem;\n     private SearchViewListener mSearchViewListener;\n     private Handler mUIUpdateHandler;\n-    private List<FileItem> mFileList;\n+    private List<FileItem> mFileList = new ArrayList<>();\n \n     private String mInitialDirectory;\n     private String mFilterFilesWithExtension;\n@@ -194,7 +195,7 @@ private void loadUi() {\n         mCurrentPath = (TextView) findViewById(R.id.currentPath);\n \n         mFilesList = (FastScrollRecyclerView) findViewById(R.id.recycler_view);\n-        mAdapter = new CustomAdapter(mNavigationHelper.getFilesItemsInCurrentDirectory(),mContext);\n+        mAdapter = new CustomAdapter(mFileList,mContext);\n         mFilesList.setAdapter(mAdapter);\n         mLayoutManager = new LinearLayoutManager(mContext);\n         mFilesList.setLayoutManager(mLayoutManager);", "@@ -74,7 +74,7 @@\n     private MenuItem mSearchMenuItem;\n     private SearchViewListener mSearchViewListener;\n     private Handler mUIUpdateHandler;\n-    private List<FileItem> mFileList;\n+    private List<FileItem> mFileList = new ArrayList<>();\n \n     private String mInitialDirectory;\n     private String mFilterFilesWithExtension;\n@@ -163,7 +163,7 @@ private void loadUi() {\n         mCurrentPath = (TextView) findViewById(R.id.currentPath);\n \n         mFilesList = (FastScrollRecyclerView) findViewById(R.id.recycler_view);\n-        mAdapter = new CustomAdapter(mNavigationHelper.getFilesItemsInCurrentDirectory(),mContext);\n+        mAdapter = new CustomAdapter(mFileList,mContext);\n         mFilesList.setAdapter(mAdapter);\n         mLayoutManager = new LinearLayoutManager(mContext);\n         mFilesList.setLayoutManager(mLayoutManager);", "@@ -154,11 +154,7 @@ public void onBindViewHolder(MyViewHolder holder, final int position) {\n             SimpleDateFormat formatter = new SimpleDateFormat(Constants.DATE_FORMAT);\n             String fileSize = \"\";\n             if(AssortedUtils.GetPrefs(Constants.SHOW_FOLDER_SIZE,mContext).equalsIgnoreCase(\"true\")) {\n-                if (f.isDirectory()) {\n-                    fileSize = FileUtils.byteCountToDisplaySize(FileUtils.sizeOfDirectory(f)) +  \" | \";\n-                } else {\n-                    fileSize = FileUtils.byteCountToDisplaySize(FileUtils.sizeOf(f)) +  \" | \";\n-                }\n+                fileSize = filteredfileList.get(position).getFileSize();\n             }\n             holder.fileModified.setText(fileSize + \"Last Modified : \" + formatter.format(d));\n         } catch (Exception e) {", "@@ -209,23 +209,31 @@ public void run() {\n     public void getProperties(List<FileItem> selectedItems) {\n \n         StringBuilder msg = new StringBuilder();\n-        if(selectedItems.size()==1) {\n-            boolean isDirectory = (selectedItems.get(0).getFile().isDirectory());\n-            String type = isDirectory?\"Directory\":\"File\";\n-            String size = FileUtils.byteCountToDisplaySize(isDirectory?FileUtils.sizeOfDirectory(selectedItems.get(0).getFile()):FileUtils.sizeOf(selectedItems.get(0).getFile()));\n-            String lastModified = new SimpleDateFormat(Constants.DATE_FORMAT).format(selectedItems.get(0).getFile().lastModified());\n-            msg.append(\"Type : \" + type + \"\\n\\n\");\n-            msg.append(\"Size : \" + size + \"\\n\\n\");\n-            msg.append(\"Last Modified : \" + lastModified + \"\\n\\n\");\n-            msg.append(\"Path : \"+selectedItems.get(0).getFile().getAbsolutePath());\n-        } else {\n-            long totalSize = 0;\n-            for(int i=0;i<selectedItems.size();i++) {\n-                boolean isDirectory = (selectedItems.get(i).getFile().isDirectory());\n-                totalSize += isDirectory?FileUtils.sizeOfDirectory(selectedItems.get(i).getFile()):FileUtils.sizeOf(selectedItems.get(i).getFile());\n+        try {\n+            if(selectedItems.size()==1) {\n+                boolean isDirectory = false;\n+                File f = selectedItems.get(0).getFile().getCanonicalFile();\n+                isDirectory = (f.isDirectory());\n+                String type = isDirectory?\"Directory\":\"File\";\n+                String size = FileUtils.byteCountToDisplaySize(isDirectory?FileUtils.sizeOfDirectory(f):FileUtils.sizeOf(f));\n+                String lastModified = new SimpleDateFormat(Constants.DATE_FORMAT).format(selectedItems.get(0).getFile().lastModified());\n+                msg.append(\"Type : \" + type + \"\\n\\n\");\n+                msg.append(\"Size : \" + size + \"\\n\\n\");\n+                msg.append(\"Last Modified : \" + lastModified + \"\\n\\n\");\n+                msg.append(\"Path : \"+selectedItems.get(0).getFile().getAbsolutePath());\n+            } else {\n+                long totalSize = 0;\n+                for(int i=0;i<selectedItems.size();i++) {\n+                    File f = selectedItems.get(0).getFile().getCanonicalFile();\n+                    boolean isDirectory = (f.isDirectory());\n+                    totalSize += isDirectory?FileUtils.sizeOfDirectory(f):FileUtils.sizeOf(f);\n+                }\n+                msg.append(\"Type : \" + \"Multiple Files\" + \"\\n\\n\");\n+                msg.append(\"Size : \" + FileUtils.byteCountToDisplaySize(totalSize) + \"\\n\\n\");\n             }\n-            msg.append(\"Type : \" + \"Multiple Files\" + \"\\n\\n\");\n-            msg.append(\"Size : \" + FileUtils.byteCountToDisplaySize(totalSize) + \"\\n\\n\");\n+        } catch (Exception e) {\n+            e.printStackTrace();\n+            msg.append(\"Could Not Compute Properties\");\n         }\n         UIUtils.ShowMsg(msg.toString(),\"Properties\",mContext);\n     }", "@@ -1,6 +1,9 @@\n package com.aditya.filebrowser.models;\n \n import com.aditya.filebrowser.interfaces.ITrackSelection;\n+import com.aditya.filebrowser.utils.AssortedUtils;\n+\n+import org.apache.commons.io.FileUtils;\n \n import java.io.File;\n \n@@ -16,8 +19,16 @@ public void setFile(File file) {\n         this.file = file;\n     }\n \n+    public String getFileSize() {\n+        return fileSize;\n+    }\n+\n+    public void setFileSize(String fileSize) {\n+        this.fileSize = fileSize;\n+    }\n     File file;\n     boolean isSelected;\n+    String fileSize;\n \n     @Override\n     public boolean isSelected() {\n@@ -31,5 +42,14 @@ public void setSelected(boolean isSelected) {\n \n     public FileItem(File file) {\n         this.file = file;\n+        try {\n+            if (file.isDirectory()) {\n+                setFileSize(FileUtils.byteCountToDisplaySize(AssortedUtils.GetMinimumDirSize(file)) +  \" | \");\n+            } else {\n+                setFileSize(FileUtils.byteCountToDisplaySize(FileUtils.sizeOf(file)) +  \" | \");\n+            }\n+        } catch (Exception e) {\n+            setFileSize(\"Unknown | \");\n+        }\n     }\n }", "@@ -4,6 +4,8 @@\n import android.content.SharedPreferences;\n import android.preference.PreferenceManager;\n \n+import java.io.File;\n+\n public class AssortedUtils {\n \n \n@@ -20,4 +22,18 @@ public static String GetPrefs(String key,Context context)\n \t\tSharedPreferences SP = PreferenceManager.getDefaultSharedPreferences(context);\n \t\treturn SP.getString(key, \"\");\n \t}\n+\n+\tpublic static long GetMinimumDirSize(File file)\n+\t{\n+\t\tlong result = 0;\n+\t\tfor( File f : file.listFiles()) {\n+\t\t\tif(f.isFile()) {\n+\t\t\t\tresult += f.length();\n+\t\t\t} else if(f.isDirectory()) {\n+\t\t\t\tresult += f.getTotalSpace();\n+\t\t\t}\n+\t\t}\n+\t\treturn result;\n+\t}\n+\n }\n\\ No newline at end of file"], "edit": ["-    PUBLISH_VERSION = '1.6'", "+    PUBLISH_VERSION = '1.7'", "-        versionCode 8", "-        versionName \"1.6\"", "+        versionCode 9", "+        versionName \"1.7\"", "+import java.util.ArrayList;", "-    private List<FileItem> mFileList;", "+    private List<FileItem> mFileList = new ArrayList<>();", "+import java.util.ArrayList;", "-    private List<FileItem> mFileList;", "+    private List<FileItem> mFileList = new ArrayList<>();", "-        mAdapter = new CustomAdapter(mNavigationHelper.getFilesItemsInCurrentDirectory(),mContext);", "+        mAdapter = new CustomAdapter(mFileList,mContext);", "-    private List<FileItem> mFileList;", "+    private List<FileItem> mFileList = new ArrayList<>();", "-        mAdapter = new CustomAdapter(mNavigationHelper.getFilesItemsInCurrentDirectory(),mContext);", "+        mAdapter = new CustomAdapter(mFileList,mContext);", "-                if (f.isDirectory()) {", "-                    fileSize = FileUtils.byteCountToDisplaySize(FileUtils.sizeOfDirectory(f)) +  \" | \";", "-                } else {", "-                    fileSize = FileUtils.byteCountToDisplaySize(FileUtils.sizeOf(f)) +  \" | \";", "-                }", "+                fileSize = filteredfileList.get(position).getFileSize();", "-        if(selectedItems.size()==1) {", "-            boolean isDirectory = (selectedItems.get(0).getFile().isDirectory());", "-            String type = isDirectory?\"Directory\":\"File\";", "-            String size = FileUtils.byteCountToDisplaySize(isDirectory?FileUtils.sizeOfDirectory(selectedItems.get(0).getFile()):FileUtils.sizeOf(selectedItems.get(0).getFile()));", "-            String lastModified = new SimpleDateFormat(Constants.DATE_FORMAT).format(selectedItems.get(0).getFile().lastModified());", "-            msg.append(\"Type : \" + type + \"\\n\\n\");", "-            msg.append(\"Size : \" + size + \"\\n\\n\");", "-            msg.append(\"Last Modified : \" + lastModified + \"\\n\\n\");", "-            msg.append(\"Path : \"+selectedItems.get(0).getFile().getAbsolutePath());", "-        } else {", "-            long totalSize = 0;", "-            for(int i=0;i<selectedItems.size();i++) {", "-                boolean isDirectory = (selectedItems.get(i).getFile().isDirectory());", "-                totalSize += isDirectory?FileUtils.sizeOfDirectory(selectedItems.get(i).getFile()):FileUtils.sizeOf(selectedItems.get(i).getFile());", "+        try {", "+            if(selectedItems.size()==1) {", "+                boolean isDirectory = false;", "+                File f = selectedItems.get(0).getFile().getCanonicalFile();", "+                isDirectory = (f.isDirectory());", "+                String type = isDirectory?\"Directory\":\"File\";", "+                String size = FileUtils.byteCountToDisplaySize(isDirectory?FileUtils.sizeOfDirectory(f):FileUtils.sizeOf(f));", "+                String lastModified = new SimpleDateFormat(Constants.DATE_FORMAT).format(selectedItems.get(0).getFile().lastModified());", "+                msg.append(\"Type : \" + type + \"\\n\\n\");", "+                msg.append(\"Size : \" + size + \"\\n\\n\");", "+                msg.append(\"Last Modified : \" + lastModified + \"\\n\\n\");", "+                msg.append(\"Path : \"+selectedItems.get(0).getFile().getAbsolutePath());", "+            } else {", "+                long totalSize = 0;", "+                for(int i=0;i<selectedItems.size();i++) {", "+                    File f = selectedItems.get(0).getFile().getCanonicalFile();", "+                    boolean isDirectory = (f.isDirectory());", "+                    totalSize += isDirectory?FileUtils.sizeOfDirectory(f):FileUtils.sizeOf(f);", "+                }", "+                msg.append(\"Type : \" + \"Multiple Files\" + \"\\n\\n\");", "+                msg.append(\"Size : \" + FileUtils.byteCountToDisplaySize(totalSize) + \"\\n\\n\");", "-            msg.append(\"Type : \" + \"Multiple Files\" + \"\\n\\n\");", "-            msg.append(\"Size : \" + FileUtils.byteCountToDisplaySize(totalSize) + \"\\n\\n\");", "+        } catch (Exception e) {", "+            e.printStackTrace();", "+            msg.append(\"Could Not Compute Properties\");", "+import com.aditya.filebrowser.utils.AssortedUtils;", "+", "+import org.apache.commons.io.FileUtils;", "+    public String getFileSize() {", "+        return fileSize;", "+    }", "+", "+    public void setFileSize(String fileSize) {", "+        this.fileSize = fileSize;", "+    }", "+    String fileSize;", "+        try {", "+            if (file.isDirectory()) {", "+                setFileSize(FileUtils.byteCountToDisplaySize(AssortedUtils.GetMinimumDirSize(file)) +  \" | \");", "+            } else {", "+                setFileSize(FileUtils.byteCountToDisplaySize(FileUtils.sizeOf(file)) +  \" | \");", "+            }", "+        } catch (Exception e) {", "+            setFileSize(\"Unknown | \");", "+        }", "+import java.io.File;", "+", "+", "+\tpublic static long GetMinimumDirSize(File file)", "+\t{", "+\t\tlong result = 0;", "+\t\tfor( File f : file.listFiles()) {", "+\t\t\tif(f.isFile()) {", "+\t\t\t\tresult += f.length();", "+\t\t\t} else if(f.isDirectory()) {", "+\t\t\t\tresult += f.getTotalSpace();", "+\t\t\t}", "+\t\t}", "+\t\treturn result;", "+\t}", "+"], "url": ["https://api.github.com/repos/adityak368/Android-FileBrowser-FilePicker/commits/80745744e9a7765988c0c8e92ab6d176616c937d"]}