{"new_feature": "177,3,6,273,2,0.98", "commitmessage": "[fixbug] Use onResumeFragments instead of onResume", "patch": ["@@ -60,8 +60,8 @@ protected void onCreate(Bundle savedInstanceState) {\n \t}\n \n \t@Override\n-\tprotected void onResume() {\n-\t\tsuper.onResume();\n+\tprotected void onResumeFragments() {\n+\t\tsuper.onResumeFragments();\n \t\tbindNavigationContext();\n \t}\n ", "@@ -12,7 +12,7 @@\n  */\n public interface NavigationContextBinder {\n \t/**\n-\t * Bind the navigation context. Call this method from activity onResume method.\n+\t * Bind the navigation context. Call this method from activity onResumeFragments method.\n \t */\n \tvoid bind(NavigationContext navigationContext);\n ", "@@ -76,8 +76,8 @@ protected void onCreate(Bundle savedInstanceState) {\n \t}\n \n \t@Override\n-\tprotected void onResume() {\n-\t\tsuper.onResume();\n+\tprotected void onResumeFragments() {\n+\t\tsuper.onResumeFragments();\n \t\tNavigationContext navigationContext = new NavigationContext.Builder(this)\n \t\t\t\t.containerId(R.id.activity_test_fragment_container)\n \t\t\t\t.transitionAnimationProvider(new SampleTransitionAnimationProvider())", "@@ -91,8 +91,8 @@ private void onImagePicked(ImagePickerScreen.Result imagePickerResult) {\n \t}\n \n \t@Override\n-\tprotected void onResume() {\n-\t\tsuper.onResume();\n+\tprotected void onResumeFragments() {\n+\t\tsuper.onResumeFragments();\n \t\tmNavigationContextBinder.bind(new NavigationContext(this));\n \t}\n ", "@@ -47,8 +47,8 @@ protected void onCreate(Bundle savedInstanceState) {\n \t}\n \n \t@Override\n-\tprotected void onResume() {\n-\t\tsuper.onResume();\n+\tprotected void onResumeFragments() {\n+\t\tsuper.onResumeFragments();\n \t\tmNavigationContextBinder.bind(new NavigationContext(this));\n \t}\n ", "@@ -40,8 +40,8 @@ protected void onCreate(Bundle savedInstanceState) {\n \t}\n \n \t@Override\n-\tprotected void onResume() {\n-\t\tsuper.onResume();\n+\tprotected void onResumeFragments() {\n+\t\tsuper.onResumeFragments();\n \t\tmNavigationContextBinder.bind(new NavigationContext(this));\n \t}\n ", "@@ -43,8 +43,8 @@ protected void onCreate(Bundle savedInstanceState) {\n \t}\n \n \t@Override\n-\tprotected void onResume() {\n-\t\tsuper.onResume();\n+\tprotected void onResumeFragments() {\n+\t\tsuper.onResumeFragments();\n \t\tmNavigationContextBinder.bind(new NavigationContext(this));\n \t}\n ", "@@ -56,8 +56,8 @@ protected void onCreate(Bundle savedInstanceState) {\n \t}\n \n \t@Override\n-\tprotected void onResume() {\n-\t\tsuper.onResume();\n+\tprotected void onResumeFragments() {\n+\t\tsuper.onResumeFragments();\n \t\tNavigationContext navigationContext = new NavigationContext.Builder(this)\n \t\t\t\t.screenSwitcher(mScreenSwitcher)\n \t\t\t\t.build();"], "edit": ["-\tprotected void onResume() {", "-\t\tsuper.onResume();", "+\tprotected void onResumeFragments() {", "+\t\tsuper.onResumeFragments();", "-\t * Bind the navigation context. Call this method from activity onResume method.", "+\t * Bind the navigation context. Call this method from activity onResumeFragments method.", "-\tprotected void onResume() {", "-\t\tsuper.onResume();", "+\tprotected void onResumeFragments() {", "+\t\tsuper.onResumeFragments();", "-\tprotected void onResume() {", "-\t\tsuper.onResume();", "+\tprotected void onResumeFragments() {", "+\t\tsuper.onResumeFragments();", "-\tprotected void onResume() {", "-\t\tsuper.onResume();", "+\tprotected void onResumeFragments() {", "+\t\tsuper.onResumeFragments();", "-\tprotected void onResume() {", "-\t\tsuper.onResume();", "+\tprotected void onResumeFragments() {", "+\t\tsuper.onResumeFragments();", "-\tprotected void onResume() {", "-\t\tsuper.onResume();", "+\tprotected void onResumeFragments() {", "+\t\tsuper.onResumeFragments();", "-\tprotected void onResume() {", "-\t\tsuper.onResume();", "+\tprotected void onResumeFragments() {", "+\t\tsuper.onResumeFragments();"], "url": ["https://api.github.com/repos/aartikov/Alligator/commits/809001d29f1c40bc64b5cd2d7dc2d67c3f19f778"]}