{"new_feature": "1029,4,0,66,10,0.62", "commitmessage": "1. Started building with JDK1.6 due to optional use of 1.6 libs. Changed build files to set target=1.5 to avoid pushing users to 1.6.\n2. Fixed single-process driver bug causing it not to run inside an IDE.", "patch": ["@@ -3,3 +3,4 @@ compiler.debug=on\n compiler.generate.no.warnings=off\n compiler.args=\n compiler.max.memory=128m\n+compiler.target.version=1.5", "@@ -19,7 +19,7 @@\n * your own identifying information:\n * \"Portions Copyrighted [year] [name of copyright owner]\"\n *\n-* $Id: build.xml,v 1.3 2006/09/21 19:28:34 rahulbiswas Exp $\n+* $Id: build.xml,v 1.4 2007/04/19 05:27:24 akara Exp $\n *\n * Copyright 2005 Sun Microsystems Inc. All Rights Reserved\n -->\n@@ -54,6 +54,7 @@\n         <mkdir dir=\"${compile.output}\"/>\n         <javac destdir=\"${compile.output}\" debug=\"${compiler.debug}\"\n             nowarn=\"${compiler.generate.no.warnings}\"\n+            target=\"${compiler.target.version}\"\n             memoryMaximumSize=\"${compiler.max.memory}\" fork=\"true\">\n             <compilerarg line=\"${compiler.args}\"/>\n             <classpath refid=\"class.path\"/>\n@@ -63,7 +64,9 @@\n \n     <target name=\"rmic\" depends=\"compile\"\n         description=\"Create rmi stubs and skeletons\">\n-        <rmic base=\"${compile.output}\" includes=\"**/core/*Impl.class\"/>\n+        <rmic base=\"${compile.output}\"\n+              stubversion=\"${compiler.target.version}\"\n+              includes=\"**/core/*Impl.class\"/>\n     </target>\n \n     <target name=\"fabandriver.jar\" depends=\"rmic\"", "@@ -17,7 +17,7 @@\n  * your own identifying information:\n  * \"Portions Copyrighted [year] [name of copyright owner]\"\n  *\n- * $Id: MasterImpl.java,v 1.7 2007/01/29 23:21:44 akara Exp $\n+ * $Id: MasterImpl.java,v 1.8 2007/04/19 05:27:24 akara Exp $\n  *\n  * Copyright 2005 Sun Microsystems Inc. All Rights Reserved\n  */\n@@ -156,8 +156,10 @@ protected MasterImpl() throws RemoteException {\n \n         try {\n             RegistryLocator.getRegistry().register(\"Master\", this);\n+        } catch (ConnectException e) {\n+            // A ConnectException should be interpreted as no registry.\n         } catch (NotBoundException e) {\n-            // Do nothing. If we run in single process mode,\n+            // Here too, do nothing. If we run in single process mode,\n             // the registry is just not there.\n         }\n     }"], "edit": ["+compiler.target.version=1.5", "-* $Id: build.xml,v 1.3 2006/09/21 19:28:34 rahulbiswas Exp $", "+* $Id: build.xml,v 1.4 2007/04/19 05:27:24 akara Exp $", "-->", "+            target=\"${compiler.target.version}\"", "-        <rmic base=\"${compile.output}\" includes=\"**/core/*Impl.class\"/>", "+        <rmic base=\"${compile.output}\"", "+              stubversion=\"${compiler.target.version}\"", "+              includes=\"**/core/*Impl.class\"/>", "- * $Id: MasterImpl.java,v 1.7 2007/01/29 23:21:44 akara Exp $", "+ * $Id: MasterImpl.java,v 1.8 2007/04/19 05:27:24 akara Exp $", "+        } catch (ConnectException e) {", "+            // A ConnectException should be interpreted as no registry.", "-            // Do nothing. If we run in single process mode,", "+            // Here too, do nothing. If we run in single process mode,"], "url": ["https://api.github.com/repos/akara/faban/commits/80b19b038183d22ebe65c871f555cb0a1ea20796"]}