{"new_feature": "1029,4,0,66,10,0.62", "commitmessage": "Resolved timing issue with file agent lookup.\nNot yet registered file agents will cause a retry instead of a null value.", "patch": ["@@ -17,7 +17,7 @@\n  * your own identifying information:\n  * \"Portions Copyrighted [year] [name of copyright owner]\"\n  *\n- * $Id: CmdService.java,v 1.33 2008/03/14 06:47:40 akara Exp $\n+ * $Id: CmdService.java,v 1.34 2008/03/14 19:42:21 akara Exp $\n  *\n  * Copyright 2005 Sun Microsystems Inc. All Rights Reserved\n  */\n@@ -520,13 +520,28 @@ private boolean getCmdAgent(String mach) {\n             }\n \n             cmdp.add(c);\n-            logger.fine(\"CmdService: Configuring \" + s);\n-            // Added by Ramesh to get the real hostnames of the servers\n-            logger.info(\"CmdService: Configured \" + s + \" on server \" + c.getHostName());\n+            \n             s = Config.FILE_AGENT + \"@\" + mach;\n-            logger.fine(\"CmdService: Connecting to \" + s);\n-            filep.add((FileAgent) registry.getService(s));\n+            logger.fine(\"FileService: Connecting to \" + s);\n+            retry = 1;\n+            FileAgent f = (FileAgent) registry.getService(s);\n+            for (; f == null && retry <= 20; retry++) {\n+                Thread.sleep(500);\n+                logger.warning(\"Retry obtaining file service from \" + s +\n+                                                \", count \" + retry + '.');\n+                f = (FileAgent) registry.getService(s);\n+            }\n+            if (f == null) {\n+                logger.severe(\"Could not obtain file service from \" + s);\n+                return (false);\n+            }\n+            filep.add(f);\n+\n+            // Added by Ramesh to get the real hostnames of the servers\n+            logger.info(\"CmdService: Configured \" + s + \" on server \" +\n+                                                        c.getHostName());\n             return true;\n+\n         } catch (Exception e) {\n             logger.log(Level.SEVERE, \"Error accessing command agent on system \"\n                     + mach, e);"], "edit": ["- * $Id: CmdService.java,v 1.33 2008/03/14 06:47:40 akara Exp $", "+ * $Id: CmdService.java,v 1.34 2008/03/14 19:42:21 akara Exp $", "-            logger.fine(\"CmdService: Configuring \" + s);", "-            // Added by Ramesh to get the real hostnames of the servers", "-            logger.info(\"CmdService: Configured \" + s + \" on server \" + c.getHostName());", "+", "-            logger.fine(\"CmdService: Connecting to \" + s);", "-            filep.add((FileAgent) registry.getService(s));", "+            logger.fine(\"FileService: Connecting to \" + s);", "+            retry = 1;", "+            FileAgent f = (FileAgent) registry.getService(s);", "+            for (; f == null && retry <= 20; retry++) {", "+                Thread.sleep(500);", "+                logger.warning(\"Retry obtaining file service from \" + s +", "+                                                \", count \" + retry + '.');", "+                f = (FileAgent) registry.getService(s);", "+            }", "+            if (f == null) {", "+                logger.severe(\"Could not obtain file service from \" + s);", "+                return (false);", "+            }", "+            filep.add(f);", "+", "+            // Added by Ramesh to get the real hostnames of the servers", "+            logger.info(\"CmdService: Configured \" + s + \" on server \" +", "+                                                        c.getHostName());", "+", "+ mach, e);"], "url": ["https://api.github.com/repos/akara/faban/commits/8352fc2eccbde1382ea40f0b3f14dffeab55ca81"]}