{"new_feature": "1227,9,21,922,30,0.07", "commitmessage": "More regex path-fixes", "patch": ["@@ -151,4 +151,4 @@ private void createAvatar(JdbcTemplate template, String avatar) {\n             }\n         }\n     }\n-}\n\\ No newline at end of file\n+}", "@@ -218,8 +218,8 @@\n             \"VideoMask\", \"CoverArtMask, HlsCommand\", \"HlsCommand2\", \"JukeboxCommand\", \"UrlRedirectTrialExpires\", \"VideoTrialExpires\",\n             \"CoverArtFileTypes\", \"UrlRedirectCustomHost\", \"CoverArtLimit\", \"StreamPort\");\n \n-    private static final String LOCALES_FILE = \"/org.libresonic.player/i18n/locales.txt\";\n-    private static final String THEMES_FILE = \"/org.libresonic.player/theme/themes.txt\";\n+    private static final String LOCALES_FILE = \"/org/libresonic/player/i18n/locales.txt\";\n+    private static final String THEMES_FILE = \"/org/libresonic/player/theme/themes.txt\";\n \n     private static final Logger LOG = Logger.getLogger(SettingsService.class);\n ", "@@ -19,11 +19,11 @@ public static void main(String[] args) throws IOException {\n \n     private static void diff(String locale1, String locale2) throws IOException {\n         Properties en = new Properties();\n-        en.load(MissingTranslations.class.getResourceAsStream(\"/org.libresonic.player/i18n/ResourceBundle_\" + locale1 + \".properties\"));\n+        en.load(MissingTranslations.class.getResourceAsStream(\"/org/libresonic/player/i18n/ResourceBundle_\" + locale1 + \".properties\"));\n         SortedMap<Object,Object> enSorted = new TreeMap<Object, Object>(en);\n \n         Properties mk = new Properties();\n-        mk.load(MissingTranslations.class.getResourceAsStream(\"/org.libresonic.player/i18n/ResourceBundle_\" + locale2 + \".properties\"));\n+        mk.load(MissingTranslations.class.getResourceAsStream(\"/org/libresonic/player/i18n/ResourceBundle_\" + locale2 + \".properties\"));\n \n         System.out.println(\"\\nMessages present in locale \" + locale1 + \" and missing in locale \" + locale2 + \":\");\n         int count = 0;"], "edit": ["-}", "+}", "-    private static final String LOCALES_FILE = \"/org.libresonic.player/i18n/locales.txt\";", "-    private static final String THEMES_FILE = \"/org.libresonic.player/theme/themes.txt\";", "+    private static final String LOCALES_FILE = \"/org/libresonic/player/i18n/locales.txt\";", "+    private static final String THEMES_FILE = \"/org/libresonic/player/theme/themes.txt\";", "-        en.load(MissingTranslations.class.getResourceAsStream(\"/org.libresonic.player/i18n/ResourceBundle_\" + locale1 + \".properties\"));", "+        en.load(MissingTranslations.class.getResourceAsStream(\"/org/libresonic/player/i18n/ResourceBundle_\" + locale1 + \".properties\"));", "-        mk.load(MissingTranslations.class.getResourceAsStream(\"/org.libresonic.player/i18n/ResourceBundle_\" + locale2 + \".properties\"));", "+        mk.load(MissingTranslations.class.getResourceAsStream(\"/org/libresonic/player/i18n/ResourceBundle_\" + locale2 + \".properties\"));"], "url": ["https://api.github.com/repos/airsonic/airsonic/commits/88b01ca56316cfa434b5a6835872072537e7d24a"]}