{"new_feature": "1227,9,21,922,30,0.01", "commitmessage": "Changes from code review:  fixes the incorrect class for logging in\nDispatchingContentDirectory, broadcasts search capabilities, and removes\nan assignment that was not longer necessary.\n\nAlso added a couple of comments for clarity on the '- All Albums-' options.", "patch": ["@@ -73,6 +73,8 @@ public Artist getItemById(String id) throws Exception {\n         List<MusicFolder> allFolders = getDispatcher().getSettingsService().getAllMusicFolders();\n         List<Album> allAlbums = getAlbumProcessor().getAlbumDao().getAlbumsForArtist(artist.getName(), allFolders);\n         if (allAlbums.size() > 1) {\n+            // if the artist has more than one album, add in an option to\n+            // view the tracks in all the albums together\n             Album viewAll = new Album();\n             viewAll.setName(\"- All Albums -\");\n             viewAll.setId(-1);", "@@ -51,7 +51,7 @@\n  */\n public class DispatchingContentDirectory extends LibresonicContentDirectory {\n \n-    public static final Logger LOG = LoggerFactory.getLogger(FolderBasedContentDirectory.class);\n+    public static final Logger LOG = LoggerFactory.getLogger(DispatchingContentDirectory.class);\n \n     public static final String CONTAINER_ID_ROOT = \"0\";\n     public static final String CONTAINER_ID_PLAYLIST_PREFIX = \"playlist\";\n@@ -118,7 +118,6 @@ public BrowseResult browse(String objectId, BrowseFlag browseFlag,\n                 // if it's null then assume it's a file, and that the id\n                 // is all that's there.\n                 itemId = browseRoot;\n-                browseRoot = \"folder\";\n                 processor = getMediaFileProcessor();\n             }\n ", "@@ -19,6 +19,7 @@\n  */\n package org.libresonic.player.service.upnp;\n \n+import com.google.common.collect.Lists;\n import org.apache.commons.io.FilenameUtils;\n import org.apache.commons.lang3.StringUtils;\n import org.fourthline.cling.support.contentdirectory.AbstractContentDirectoryService;\n@@ -51,6 +52,10 @@\n     private TranscodingService transcodingService;\n     protected JWTSecurityService jwtSecurityService;\n \n+    public LibresonicContentDirectory() {\n+        super(Lists.newArrayList(\"*\"), Lists.newArrayList());\n+    }\n+\n     protected Res createResourceForSong(MediaFile song) {\n         Player player = playerService.getGuestPlayer(null);\n ", "@@ -39,6 +39,8 @@ public RecentAlbumUpnpProcessor() {\n         List<MusicFolder> allFolders = getDispatchingContentDirectory().getSettingsService().getAllMusicFolders();\n         List<Album> recentAlbums = getAlbumDao().getNewestAlbums(0, RECENT_COUNT, allFolders);\n         if (recentAlbums.size() > 1) {\n+            // if there is more than one recent album, add in an option to\n+            // view the tracks in all the recent albums together\n             Album viewAll = new Album();\n             viewAll.setName(\"- All Albums -\");\n             viewAll.setId(-1);"], "edit": ["+            // if the artist has more than one album, add in an option to", "+            // view the tracks in all the albums together", "-    public static final Logger LOG = LoggerFactory.getLogger(FolderBasedContentDirectory.class);", "+    public static final Logger LOG = LoggerFactory.getLogger(DispatchingContentDirectory.class);", "-                browseRoot = \"folder\";", "+import com.google.common.collect.Lists;", "+    public LibresonicContentDirectory() {", "+        super(Lists.newArrayList(\"*\"), Lists.newArrayList());", "+    }", "+", "+            // if there is more than one recent album, add in an option to", "+            // view the tracks in all the recent albums together"], "url": ["https://api.github.com/repos/airsonic/airsonic/commits/8930f1833bb375926bd663a77f9e54ab348eca5a"]}