{"new_feature": "1029,4,0,66,10,0.62", "commitmessage": "Fixed bug in 90th% calculation on coarse buckets. This is not a critical fix as the run would have failed anyway if the 90th% lands in the coarse buckets.", "patch": ["@@ -17,7 +17,7 @@\n  * your own identifying information:\n  * \"Portions Copyrighted [year] [name of copyright owner]\"\n  *\n- * $Id: Metrics.java,v 1.22 2008/05/15 21:36:35 akara Exp $\n+ * $Id: Metrics.java,v 1.23 2008/05/21 00:56:02 akara Exp $\n  *\n  * Copyright 2005 Sun Microsystems Inc. All Rights Reserved\n  */\n@@ -57,8 +57,9 @@\n     63% savings when compared to 1000 buckets. The logic will be slightly\n     more complicated but by not much.\n     */\n-    public static final int COARSE_RESPBUCKETS = 70;\n     public static final int FINE_RESPBUCKETS = 300;\n+    public static final int COARSE_RESPBUCKETS = 70;\n+    public static final int RESPBUCKETS = FINE_RESPBUCKETS + COARSE_RESPBUCKETS;\n \n     /** Number of delay time buckets in histogram. */\n     public static final int DELAYBUCKETS = 100;\n@@ -236,7 +237,7 @@ public Metrics(AgentThread agent) {\n \t\t}\n         targetedDelaySum = new long[txTypes];\n         elapse = new double[txTypes];\n-        respHist = new int[txTypes][FINE_RESPBUCKETS + COARSE_RESPBUCKETS];\n+        respHist = new int[txTypes][RESPBUCKETS];\n         delayHist = new int[txTypes][DELAYBUCKETS];\n         targetedDelayHist = new int[txTypes][DELAYBUCKETS];\n \n@@ -340,7 +341,7 @@ public void recordTx() {\n                 bucket = (int) (((responseTime - fineRespHistMax) /\n                         coarseRespBucketSize) + FINE_RESPBUCKETS);\n             } else {\n-                bucket = FINE_RESPBUCKETS + COARSE_RESPBUCKETS - 1;\n+                bucket = RESPBUCKETS - 1;\n             }\n             respHist[txType][bucket]++;\n \n@@ -491,7 +492,7 @@ public void add(Metrics s) {\n \t\t\t}\n \n \t\t\t// sum up histogram buckets\n-\t\t\tfor (int j = 0; j < FINE_RESPBUCKETS + COARSE_RESPBUCKETS; j++) {\n+\t\t\tfor (int j = 0; j < RESPBUCKETS; j++) {\n \t\t\t\trespHist[i][j] += s.respHist[i][j];\n \t\t\t}\n \t\t\tfor (int j = 0; j < graphBuckets; j++) {\n@@ -606,7 +607,7 @@ public String toString() {\n         /* Now print out the histogram data */\n         for (int i = 0; i < txTypes; i++) {\n             buffer.append(txNames[i] + \" Response Times Histogram\\n\");\n-            for (int j = 0; j < FINE_RESPBUCKETS + COARSE_RESPBUCKETS; j++) {\n+            for (int j = 0; j < RESPBUCKETS; j++) {\n                 buffer.append(\" \" + respHist[i][j]);\n \t\t\t}\n             buffer.append('\\n');\n@@ -797,7 +798,7 @@ public boolean printSummary(StringBuilder buffer,\n                 ++j;\n                 if (j < FINE_RESPBUCKETS)\n                     resp90 = j * fineRespBucketSize;\n-                else if (j < COARSE_RESPBUCKETS)\n+                else if (j < RESPBUCKETS)\n                     resp90 = (j - FINE_RESPBUCKETS) * coarseRespBucketSize +\n                             fineRespHistMax;\n                 else"], "edit": ["- * $Id: Metrics.java,v 1.22 2008/05/15 21:36:35 akara Exp $", "+ * $Id: Metrics.java,v 1.23 2008/05/21 00:56:02 akara Exp $", "-    public static final int COARSE_RESPBUCKETS = 70;", "+    public static final int COARSE_RESPBUCKETS = 70;", "+    public static final int RESPBUCKETS = FINE_RESPBUCKETS + COARSE_RESPBUCKETS;", "-        respHist = new int[txTypes][FINE_RESPBUCKETS + COARSE_RESPBUCKETS];", "+        respHist = new int[txTypes][RESPBUCKETS];", "-                bucket = FINE_RESPBUCKETS + COARSE_RESPBUCKETS - 1;", "+                bucket = RESPBUCKETS - 1;", "-\t\t\tfor (int j = 0; j < FINE_RESPBUCKETS + COARSE_RESPBUCKETS; j++) {", "+\t\t\tfor (int j = 0; j < RESPBUCKETS; j++) {", "-            for (int j = 0; j < FINE_RESPBUCKETS + COARSE_RESPBUCKETS; j++) {", "+            for (int j = 0; j < RESPBUCKETS; j++) {", "++j;", "-                else if (j < COARSE_RESPBUCKETS)", "+                else if (j < RESPBUCKETS)"], "url": ["https://api.github.com/repos/akara/faban/commits/907d864bbfa4a6ad787e63ab06ea3942a048fdf7"]}