{"new_feature": "2146,31,17,479,17,0.05", "commitmessage": "fix bug and style", "patch": ["@@ -78,7 +78,7 @@ public boolean notifyProcess() throws Exception {\n             }\n             try {\n                 if (status.getStatus() == ConfStatus.Status.RELOAD_ALL) {\n-                    ReloadConfig.reloadAll(Integer.valueOf(status.getParams()));\n+                    ReloadConfig.reloadAll(Integer.parseInt(status.getParams()));\n                 } else {\n                     ReloadConfig.reload();\n                 }", "@@ -80,7 +80,7 @@ public static void execute(ManagerConnection c, String stmt, int offset) {\n \n     private static void execute(ManagerConnection c, final boolean loadAll, final int loadAllMode) {\n         // reload @@config_all check the last old connections\n-        if (loadAll && (!NIOProcessor.BACKENDS_OLD.isEmpty()) && ((loadAllMode | ManagerParseConfig.OPTT_MODE) == 0)) {\n+        if (loadAll && (!NIOProcessor.BACKENDS_OLD.isEmpty()) && ((loadAllMode & ManagerParseConfig.OPTF_MODE) == 0)) {\n             c.writeErrMessage(ErrorCode.ER_YES, \"The before reload @@config_all has an unfinished db transaction, please try again later.\");\n             return;\n         }\n@@ -219,7 +219,7 @@ public static void reloadAll(final int loadAllMode) throws Exception {\n             newDataHosts = confInit.getDataHosts();\n         }\n \n-        if ((loadAllMode | ManagerParseConfig.OPTT_MODE) != 0) {\n+        if ((loadAllMode & ManagerParseConfig.OPTT_MODE) != 0) {\n             try {\n                 loader.testConnection(false);\n             } catch (Exception e) {\n@@ -268,7 +268,7 @@ public static void reloadAll(final int loadAllMode) throws Exception {\n             /* 2.3 apply new conf */\n             config.reload(newUsers, newSchemas, newDataNodes, newDataHosts, newErRelations, newFirewall,\n                     newSystemVariables, loader.isDataHostWithoutWH(), true);\n-            recycleOldBackendConnections(config, ((loadAllMode | ManagerParseConfig.OPTT_MODE) != 0));\n+            recycleOldBackendConnections(config, ((loadAllMode & ManagerParseConfig.OPTF_MODE) != 0));\n \n         } else {\n             // INIT FAILED\n@@ -293,7 +293,7 @@ private static void findAndcloseFrontCon(BackendConnection con) {\n                             if (bcon instanceof MySQLConnection) {\n                                 MySQLConnection mcon2 = (MySQLConnection) bcon;\n                                 if (mcon1 == mcon2) {\n-                                    scon.killAndClose(\"reload config\");\n+                                    scon.killAndClose(\"reload config all\");\n                                     return;\n                                 }\n                             }"], "edit": ["-                    ReloadConfig.reloadAll(Integer.valueOf(status.getParams()));", "+                    ReloadConfig.reloadAll(Integer.parseInt(status.getParams()));", "-        if (loadAll && (!NIOProcessor.BACKENDS_OLD.isEmpty()) && ((loadAllMode | ManagerParseConfig.OPTT_MODE) == 0)) {", "+        if (loadAll && (!NIOProcessor.BACKENDS_OLD.isEmpty()) && ((loadAllMode & ManagerParseConfig.OPTF_MODE) == 0)) {", "-        if ((loadAllMode | ManagerParseConfig.OPTT_MODE) != 0) {", "+        if ((loadAllMode & ManagerParseConfig.OPTT_MODE) != 0) {", "-            recycleOldBackendConnections(config, ((loadAllMode | ManagerParseConfig.OPTT_MODE) != 0));", "+            recycleOldBackendConnections(config, ((loadAllMode & ManagerParseConfig.OPTF_MODE) != 0));", "-                                    scon.killAndClose(\"reload config\");", "+                                    scon.killAndClose(\"reload config all\");"], "url": ["https://api.github.com/repos/actiontech/dble/commits/9331dd5ff379bfc4abc9e45bb73915cb8edda74a"]}