{"new_feature": "1577,1,17,193,30,0.06", "commitmessage": "Fix for default language", "patch": ["@@ -273,13 +273,15 @@ public void onResponse(@NonNull Call<LastFmAlbum> call, @NonNull Response<LastFm\n                             final String wikiContent = lastFmAlbum.getAlbum().getWiki().getContent();\n                             if (wikiContent != null && !wikiContent.trim().isEmpty()) {\n                                 wiki = Html.fromHtml(wikiContent);\n-                            } else if (lang != null) {\n-                                // If the \"lang\" parameter is set and no wiki is given, retry with default language\n-                                loadWiki(null);\n-                                return;\n                             }\n                         }\n \n+                        // If the \"lang\" parameter is set and no wiki is given, retry with default language\n+                        if (wiki == null && lang != null) {\n+                            loadWiki(null);\n+                            return;\n+                        }\n+\n                         if (!Util.isAllowedToDownloadMetadata(AlbumDetailActivity.this)) {\n                             if (wiki != null) {\n                                 wikiDialog.setContent(wiki);", "@@ -239,16 +239,18 @@ private void loadBiography(@Nullable final String lang) {\n                     public void onResponse(@NonNull Call<LastFmArtist> call, @NonNull Response<LastFmArtist> response) {\n                         final LastFmArtist lastFmArtist = response.body();\n                         if (lastFmArtist != null && lastFmArtist.getArtist() != null) {\n-                            String bio = lastFmArtist.getArtist().getBio().getContent();\n-                            if (bio != null && !bio.trim().isEmpty()) {\n-                                biography = Html.fromHtml(bio);\n-                            } else if (lang != null) {\n-                                // If the \"lang\" parameter is set and no biography is given, retry with default language\n-                                loadBiography(null);\n-                                return;\n+                            final String bioContent = lastFmArtist.getArtist().getBio().getContent();\n+                            if (bioContent != null && !bioContent.trim().isEmpty()) {\n+                                biography = Html.fromHtml(bioContent);\n                             }\n                         }\n \n+                        // If the \"lang\" parameter is set and no biography is given, retry with default language\n+                        if (biography == null && lang != null) {\n+                            loadBiography(null);\n+                            return;\n+                        }\n+\n                         if (!Util.isAllowedToDownloadMetadata(ArtistDetailActivity.this)) {\n                             if (biography != null) {\n                                 biographyDialog.setContent(biography);"], "edit": ["-                            } else if (lang != null) {", "-                                // If the \"lang\" parameter is set and no wiki is given, retry with default language", "-                                loadWiki(null);", "-                                return;", "+                        // If the \"lang\" parameter is set and no wiki is given, retry with default language", "+                        if (wiki == null && lang != null) {", "+                            loadWiki(null);", "+                            return;", "+                        }", "+", "-                            String bio = lastFmArtist.getArtist().getBio().getContent();", "-                            if (bio != null && !bio.trim().isEmpty()) {", "-                                biography = Html.fromHtml(bio);", "-                            } else if (lang != null) {", "-                                // If the \"lang\" parameter is set and no biography is given, retry with default language", "-                                loadBiography(null);", "-                                return;", "+                            final String bioContent = lastFmArtist.getArtist().getBio().getContent();", "+                            if (bioContent != null && !bioContent.trim().isEmpty()) {", "+                                biography = Html.fromHtml(bioContent);", "+                        // If the \"lang\" parameter is set and no biography is given, retry with default language", "+                        if (biography == null && lang != null) {", "+                            loadBiography(null);", "+                            return;", "+                        }", "+"], "url": ["https://api.github.com/repos/AdrienPoupa/VinylMusicPlayer/commits/93afb33e0d91c6814e91559c62087c441d476624"]}