{"new_feature": "2146,31,17,479,17,0.20", "commitmessage": "Cluster fix (#470)\n\n* cluster bug fix\r\n\r\n* cluster bug fix", "patch": ["@@ -1,15 +1,18 @@\n package com.actiontech.dble.backend.mysql.view;\n \n+import com.actiontech.dble.DbleServer;\n import com.actiontech.dble.cluster.ClusterParamCfg;\n import com.actiontech.dble.config.loader.ucoreprocess.*;\n import com.actiontech.dble.config.loader.ucoreprocess.bean.UKvBean;\n+import com.actiontech.dble.config.model.SchemaConfig;\n import com.actiontech.dble.log.alarm.AlarmCode;\n import org.slf4j.Logger;\n import org.slf4j.LoggerFactory;\n \n import java.util.HashMap;\n import java.util.List;\n import java.util.Map;\n+import java.util.concurrent.ConcurrentHashMap;\n import java.util.concurrent.TimeUnit;\n import java.util.concurrent.locks.LockSupport;\n \n@@ -42,28 +45,24 @@ public void init() {\n             if (key.length == 5) {\n                 String[] value = key[key.length - 1].split(SCHEMA_VIEW_SPLIT);\n                 if (viewCreateSqlMap.get(value[0]) == null) {\n-                    Map<String, String> schemaMap = new HashMap<String, String>();\n+                    Map<String, String> schemaMap = new ConcurrentHashMap<String, String>();\n                     viewCreateSqlMap.put(value[0], schemaMap);\n                 }\n                 viewCreateSqlMap.get(value[0]).put(value[1], bean.getValue());\n             }\n         }\n+        for (Map.Entry<String, SchemaConfig> schema : DbleServer.getInstance().getConfig().getSchemas().entrySet()) {\n+            if (viewCreateSqlMap.get(schema.getKey()) == null) {\n+                viewCreateSqlMap.put(schema.getKey(), new ConcurrentHashMap<String, String>());\n+            }\n+        }\n+\n     }\n \n \n     @Override\n     public void put(String schemaName, String viewName, String createSql) {\n         Map<String, String> schemaMap = viewCreateSqlMap.get(schemaName);\n-        if (schemaMap == null) {\n-            schemaMap = new HashMap<String, String>();\n-            viewCreateSqlMap.put(schemaName, schemaMap);\n-        } else {\n-            if (schemaMap.get(viewName) != null &&\n-                    createSql.equals(schemaMap.get(viewName))) {\n-                //create view has no change,return with nothing\n-                return;\n-            }\n-        }\n \n         StringBuffer sb = new StringBuffer().append(UcorePathUtil.getViewPath()).\n                 append(SEPARATOR).append(schemaName).append(SCHEMA_VIEW_SPLIT).append(viewName);", "@@ -10,6 +10,8 @@\n import org.slf4j.Logger;\n import org.slf4j.LoggerFactory;\n \n+import java.util.Map;\n+\n import static com.actiontech.dble.config.loader.ucoreprocess.UcorePathUtil.SEPARATOR;\n \n /**\n@@ -57,6 +59,11 @@ public void notifyProcess(UKvBean configValue) throws Exception {\n                     }\n                     ViewMeta vm = new ViewMeta(stmt, schema, DbleServer.getInstance().getTmManager());\n                     ErrorPacket error = vm.initAndSet(true);\n+\n+                    Map<String, Map<String, String>> viewCreateSqlMap = DbleServer.getInstance().getTmManager().getRepository().getViewCreateSqlMap();\n+                    Map<String, String> schemaMap = viewCreateSqlMap.get(schema);\n+                    schemaMap.put(viewName, stmt);\n+\n                     LOGGER.debug(\"update view result == \" + error);\n                     if (error != null) {\n                         ClusterUcoreSender.sendDataToUcore(configValue.getKey() + SEPARATOR + myId, new String(error.getMessage()));"], "edit": ["+import com.actiontech.dble.DbleServer;", "+import com.actiontech.dble.config.model.SchemaConfig;", "+import java.util.concurrent.ConcurrentHashMap;", "-                    Map<String, String> schemaMap = new HashMap<String, String>();", "+                    Map<String, String> schemaMap = new ConcurrentHashMap<String, String>();", "+        for (Map.Entry<String, SchemaConfig> schema : DbleServer.getInstance().getConfig().getSchemas().entrySet()) {", "+            if (viewCreateSqlMap.get(schema.getKey()) == null) {", "+                viewCreateSqlMap.put(schema.getKey(), new ConcurrentHashMap<String, String>());", "+            }", "+        }", "+", "-        if (schemaMap == null) {", "-            schemaMap = new HashMap<String, String>();", "-            viewCreateSqlMap.put(schemaName, schemaMap);", "-        } else {", "-            if (schemaMap.get(viewName) != null &&", "-                    createSql.equals(schemaMap.get(viewName))) {", "-                //create view has no change,return with nothing", "-                return;", "-            }", "-        }", "+import java.util.Map;", "+", "+", "+                    Map<String, Map<String, String>> viewCreateSqlMap = DbleServer.getInstance().getTmManager().getRepository().getViewCreateSqlMap();", "+                    Map<String, String> schemaMap = viewCreateSqlMap.get(schema);", "+                    schemaMap.put(viewName, stmt);", "+"], "url": ["https://api.github.com/repos/actiontech/dble/commits/93ddfd8d54179e11f554816650edba749bee6340"]}