{"new_feature": "1147,17,0,59,14,0.07", "commitmessage": "\u041f\u0440\u043e\u0431\u0430 timeToFix", "patch": ["@@ -31,4 +31,5 @@\n public @interface DiagnosticMetadata {\n   DiagnosticType type() default DiagnosticType.ERROR;\n   DiagnosticSeverity severity() default DiagnosticSeverity.MINOR;\n+  String timeToFix() default \"0\";\n }", "@@ -30,11 +30,13 @@\n import org.eclipse.lsp4j.Position;\n import org.eclipse.lsp4j.Range;\n import org.github._1c_syntax.bsl.languageserver.diagnostics.FileInfo;\n+import org.github._1c_syntax.bsl.languageserver.providers.DiagnosticProvider;\n \n import java.net.URI;\n import java.nio.file.Paths;\n import java.util.ArrayList;\n import java.util.EnumMap;\n+import java.util.HashMap;\n import java.util.List;\n import java.util.Map;\n import java.util.stream.Collectors;\n@@ -47,6 +49,7 @@\n   private static final String SEVERITY_CRITICAL = \"CRITICAL\";\n   private static final String SEVERITY_MAJOR = \"MAJOR\";\n   private static final String SEVERITY_MINOR = \"MINOR\";\n+  private static final DiagnosticProvider dProvider = new DiagnosticProvider();\n \n \n   @Getter\n@@ -128,7 +131,7 @@ public GenericIssueEntry(String fileName, Diagnostic diagnostic) {\n       severity = severityMap.get(localSeverity);\n       type = typeMap.get(localSeverity);\n       primaryLocation = new Location(fileName, diagnostic);\n-      effortMinutes = 0;\n+      effortMinutes = Integer.parseInt(dProvider.getTimeToFixForDiagnosticName(diagnostic.getCode()));\n \n       List<DiagnosticRelatedInformation> relatedInformation = diagnostic.getRelatedInformation();\n       if (relatedInformation == null) {", "@@ -66,6 +66,7 @@\n import java.util.ArrayList;\n import java.util.Arrays;\n import java.util.EnumMap;\n+import java.util.HashMap;\n import java.util.List;\n import java.util.Map;\n import java.util.ResourceBundle;\n@@ -85,6 +86,8 @@\n   private static Map<DiagnosticSeverity, org.eclipse.lsp4j.DiagnosticSeverity> severityToLSPSeverityMap\n     = createSeverityToLSPSeverityMap();\n \n+  private static HashMap<String, String> mapTimeToFixForClasses = createMapTimeToFixForClasses(diagnosticClasses);\n+\n   private final LanguageServerConfiguration configuration;\n \n   public DiagnosticProvider() {\n@@ -253,6 +256,23 @@ public static Object castDiagnosticParameterValue(String valueToCast, Class type\n       );\n   }\n \n+  private static HashMap<String, String> createMapTimeToFixForClasses(List<Class<? extends BSLDiagnostic>> diagnosticClasses)\n+  {\n+    HashMap<String, String> tmpMap = new HashMap<>();\n+    for (Class<? extends BSLDiagnostic> element : diagnosticClasses)\n+    {\n+      tmpMap.put(getDiagnosticCode(element), element.getAnnotation(DiagnosticMetadata.class).timeToFix());\n+    }\n+    return tmpMap;\n+  }\n+\n+  public String getTimeToFixForDiagnosticName(String diagnosticName)\n+  {\n+    String timeToFix = mapTimeToFixForClasses.get(diagnosticName);\n+    return timeToFix == null ? \"0\" : timeToFix;\n+  }\n+\n+\n   private static Map<Class<? extends BSLDiagnostic>, Map<String, DiagnosticParameter>> createDiagnosticParameters(\n     List<Class<? extends BSLDiagnostic>> diagnosticClasses\n   ) {"], "edit": ["+  String timeToFix() default \"0\";", "+import org.github._1c_syntax.bsl.languageserver.providers.DiagnosticProvider;", "+import java.util.HashMap;", "+  private static final DiagnosticProvider dProvider = new DiagnosticProvider();", "-      effortMinutes = 0;", "+      effortMinutes = Integer.parseInt(dProvider.getTimeToFixForDiagnosticName(diagnostic.getCode()));", "+import java.util.HashMap;", "+  private static HashMap<String, String> mapTimeToFixForClasses = createMapTimeToFixForClasses(diagnosticClasses);", "+", "+  private static HashMap<String, String> createMapTimeToFixForClasses(List<Class<? extends BSLDiagnostic>> diagnosticClasses)", "+  {", "+    HashMap<String, String> tmpMap = new HashMap<>();", "+    for (Class<? extends BSLDiagnostic> element : diagnosticClasses)", "+    {", "+      tmpMap.put(getDiagnosticCode(element), element.getAnnotation(DiagnosticMetadata.class).timeToFix());", "+    }", "+    return tmpMap;", "+  }", "+", "+  public String getTimeToFixForDiagnosticName(String diagnosticName)", "+  {", "+    String timeToFix = mapTimeToFixForClasses.get(diagnosticName);", "+    return timeToFix == null ? \"0\" : timeToFix;", "+  }", "+", "+"], "url": ["https://api.github.com/repos/1c-syntax/bsl-language-server/commits/948d0645564af3a671829e20741c07f4f0c2ffde"]}