{"new_feature": "1029,4,0,66,10,0.62", "commitmessage": "Bug: failed to kill synchronous process while running from the command infrastructure. Fixed.", "patch": ["@@ -17,7 +17,7 @@\n  * your own identifying information:\n  * \"Portions Copyrighted [year] [name of copyright owner]\"\n  *\n- * $Id: Command.java,v 1.6 2007/09/08 01:10:07 akara Exp $\n+ * $Id: Command.java,v 1.7 2008/02/29 01:31:36 akara Exp $\n  *\n  * Copyright 2005 Sun Microsystems Inc. All Rights Reserved\n  */\n@@ -29,6 +29,7 @@\n import java.util.logging.Logger;\n import java.util.Map;\n import java.util.LinkedHashMap;\n+import java.util.List;\n \n /**\n  * Represents a command that can be sent to execute on any machine. It\n@@ -91,6 +92,7 @@\n     boolean daemon = false;\n     byte[] input;\n     String inputFile;\n+    List<CommandHandle> handleList;\n \n     /**\n      * Constructs a command with default settings. Please use the accessor\n@@ -179,6 +181,10 @@ public CommandHandle execute() throws IOException, InterruptedException {\n \n         process = Runtime.getRuntime().exec(command, envStrings,\n                 this.dir == null ? null : new File(this.dir));\n+        \n+        if (handleList != null)\n+            handleList.add(handle);\n+\n         stream[STDOUT] = process.getInputStream();\n         stream[STDERR] = process.getErrorStream();\n         String tmpName = System.getProperty(\"java.io.tmpdir\") + \"/cmd\" +\n@@ -209,10 +215,13 @@ public CommandHandle execute() throws IOException, InterruptedException {\n             }\n         }\n \n-        if (synchronous)\n+        if (synchronous) {\n             handle.waitFor();\n-        else\n+            if (handleList != null)\n+                handleList.remove(handle);\n+        } else {\n             handle.waitMatch();\n+        }\n         return handle;\n     }\n \n@@ -388,6 +397,18 @@ public String getInputFile() {\n         return inputFile;\n     }\n \n+    /**\n+     * Registers the command handle resulting from this command into a list\n+     * of command handles. The handle list can be used to track down running\n+     * commands in case they need to be terminated. This is used by Faban's\n+     * CmdAgent to ensure we kill off all the commands at the end of the run.\n+     *\n+     * @param handleList The list of command handles\n+     */\n+    public void register(List<CommandHandle> handleList) {\n+        this.handleList = handleList;\n+    }\n+\n     /**\n      * The daemon property determines whether the process spawned from this\n      * command will again spawn children that keep outputting to stdout or", "@@ -17,7 +17,7 @@\n  * your own identifying information:\n  * \"Portions Copyrighted [year] [name of copyright owner]\"\n  *\n- * $Id: CmdAgentImpl.java,v 1.14 2008/02/01 22:53:55 akara Exp $\n+ * $Id: CmdAgentImpl.java,v 1.15 2008/02/29 01:33:39 akara Exp $\n  *\n  * Copyright 2005 Sun Microsystems Inc. All Rights Reserved\n  */\n@@ -163,10 +163,8 @@ public void setLogLevel(String name, Level level) throws RemoteException {\n      */\n     public CommandHandle execute(Command c)\n             throws IOException, InterruptedException {\n-        CommandHandle handle = c.execute(this);\n-        if (!c.isSynchronous())\n-            handleList.add(handle);\n-        return handle;\n+        c.register(handleList);\n+        return c.execute(this);\n     }\n \n     /**\n@@ -178,10 +176,8 @@ public CommandHandle execute(Command c)\n      */\n     public CommandHandle java(Command c)\n             throws IOException, InterruptedException {\n-        CommandHandle handle = c.executeJava(this);\n-        if (!c.isSynchronous())\n-            handleList.add(handle);\n-        return handle;\n+        c.register(handleList);\n+        return c.executeJava(this);\n     }\n \n     /**"], "edit": ["- * $Id: Command.java,v 1.6 2007/09/08 01:10:07 akara Exp $", "+ * $Id: Command.java,v 1.7 2008/02/29 01:31:36 akara Exp $", "+import java.util.List;", "+    List<CommandHandle> handleList;", "+", "+        if (handleList != null)", "+            handleList.add(handle);", "+", "-        if (synchronous)", "+        if (synchronous) {", "-        else", "+            if (handleList != null)", "+                handleList.remove(handle);", "+        } else {", "+        }", "+    /**", "+     * Registers the command handle resulting from this command into a list", "+     * of command handles. The handle list can be used to track down running", "+     * commands in case they need to be terminated. This is used by Faban's", "+     * CmdAgent to ensure we kill off all the commands at the end of the run.", "+     *", "+     * @param handleList The list of command handles", "+     */", "+    public void register(List<CommandHandle> handleList) {", "+        this.handleList = handleList;", "+    }", "+", "- * $Id: CmdAgentImpl.java,v 1.14 2008/02/01 22:53:55 akara Exp $", "+ * $Id: CmdAgentImpl.java,v 1.15 2008/02/29 01:33:39 akara Exp $", "-        CommandHandle handle = c.execute(this);", "-        if (!c.isSynchronous())", "-            handleList.add(handle);", "-        return handle;", "+        c.register(handleList);", "+        return c.execute(this);", "-        CommandHandle handle = c.executeJava(this);", "-        if (!c.isSynchronous())", "-            handleList.add(handle);", "-        return handle;", "+        c.register(handleList);", "+        return c.executeJava(this);"], "url": ["https://api.github.com/repos/akara/faban/commits/94e843b3a0de1aee1a329f37923dcc5c51981fc3"]}