{"new_feature": "1029,4,0,66,10,0.62", "commitmessage": "1. Improved error handling in Result.java.\n2. Fixed bug reading empty hostPorts field from param repository.", "patch": ["@@ -17,7 +17,7 @@\n  * your own identifying information:\n  * \"Portions Copyrighted [year] [name of copyright owner]\"\n  *\n- * $Id: XMLReader.java,v 1.13 2008/04/17 06:33:38 akara Exp $\n+ * $Id: XMLReader.java,v 1.14 2008/09/04 03:26:12 akara Exp $\n  *\n  * Copyright 2005 Sun Microsystems Inc. All Rights Reserved\n  */\n@@ -357,22 +357,31 @@ public void processHostPorts() {\n         }\n     }\n \n+    private boolean isHostNode(Node hostsNode) {\n+        if (hostsNode.getNodeType() != Node.ELEMENT_NODE)\n+            return false;\n+        String nodeName = hostsNode.getNodeName();\n+        if (nodeName == null)\n+            return false;\n+        if (!nodeName.endsWith(\":host\"))\n+            return false;\n+        if (!ParamReader.FABANURI.equals(hostsNode.getNamespaceURI()))\n+            return false;\n+        return true;\n+    }\n+\n     private void processHostPorts(Node hostPortNode) {\n \n         Node hostConfig = hostPortNode.getParentNode();\n         Node firstChild = hostConfig.getFirstChild();\n         Node hostsNode = firstChild;\n-        if (hostsNode.getNodeType() != Node.ELEMENT_NODE ||\n-                hostsNode.getNodeName().endsWith(\":host\") ||\n-                !ParamReader.FABANURI.equals(hostsNode.getNamespaceURI())) {\n+        if (!isHostNode(hostsNode)) {\n             hostsNode = null;\n             NodeList hostConfigNodes = hostConfig.getChildNodes();\n             int length = hostConfigNodes.getLength();\n-            for (int i = 0; i < length; i++) {\n+            for (int i = 1; i < length; i++) {\n                 Node pHost = hostConfigNodes.item(i);\n-                if (pHost.getNodeType() == Node.ELEMENT_NODE &&\n-                pHost.getNodeName().endsWith(\":host\") &&\n-                ParamReader.FABANURI.equals(pHost.getNamespaceURI())) {\n+                if (isHostNode(pHost)) {\n                     hostsNode = pHost;\n                     break;\n                 }\n@@ -392,7 +401,14 @@ private void processHostPorts(Node hostPortNode) {\n         }\n \n         Node clientsNode = hostPortNode.getFirstChild();\n-        String clients = clientsNode.getNodeValue();\n+        String clients;\n+        if (clientsNode == null) {\n+            clients = \"\";\n+        } else {\n+            clients = clientsNode.getNodeValue();\n+            if (clients == null)\n+                clients = \"\";\n+        }\n \n         ArrayList<NameValuePair<Integer>> hostsPorts =\n                                     new ArrayList<NameValuePair<Integer>>();", "@@ -17,7 +17,7 @@\n  * your own identifying information:\n  * \"Portions Copyrighted [year] [name of copyright owner]\"\n  *\n- * $Id: Result.java,v 1.22 2008/08/12 17:17:18 akara Exp $\n+ * $Id: Result.java,v 1.23 2008/09/04 03:26:13 akara Exp $\n  *\n  * Copyright 2005 Sun Microsystems Inc. All Rights Reserved\n  */\n@@ -295,7 +295,7 @@ public static TableModel getResultTable(Subject user) {\n                 metricUnits.add(result0.metricUnit);\n                 resultList.add(result0);\n             } catch (Exception e) {\n-                logger.log(Level.WARNING, \"Cannot read result dir \" + runIdS);\n+                logger.log(Level.WARNING, \"Cannot read result dir \" + runIdS, e);\n             }\n         }\n "], "edit": ["- * $Id: XMLReader.java,v 1.13 2008/04/17 06:33:38 akara Exp $", "+ * $Id: XMLReader.java,v 1.14 2008/09/04 03:26:12 akara Exp $", "+    private boolean isHostNode(Node hostsNode) {", "+        if (hostsNode.getNodeType() != Node.ELEMENT_NODE)", "+            return false;", "+        String nodeName = hostsNode.getNodeName();", "+        if (nodeName == null)", "+            return false;", "+        if (!nodeName.endsWith(\":host\"))", "+            return false;", "+        if (!ParamReader.FABANURI.equals(hostsNode.getNamespaceURI()))", "+            return false;", "+        return true;", "+    }", "+", "-        if (hostsNode.getNodeType() != Node.ELEMENT_NODE ||", "-                hostsNode.getNodeName().endsWith(\":host\") ||", "-                !ParamReader.FABANURI.equals(hostsNode.getNamespaceURI())) {", "+        if (!isHostNode(hostsNode)) {", "-            for (int i = 0; i < length; i++) {", "+            for (int i = 1; i < length; i++) {", "-                if (pHost.getNodeType() == Node.ELEMENT_NODE &&", "-                pHost.getNodeName().endsWith(\":host\") &&", "-                ParamReader.FABANURI.equals(pHost.getNamespaceURI())) {", "+                if (isHostNode(pHost)) {", "-        String clients = clientsNode.getNodeValue();", "+        String clients;", "+        if (clientsNode == null) {", "+            clients = \"\";", "+        } else {", "+            clients = clientsNode.getNodeValue();", "+            if (clients == null)", "+                clients = \"\";", "+        }", "- * $Id: Result.java,v 1.22 2008/08/12 17:17:18 akara Exp $", "+ * $Id: Result.java,v 1.23 2008/09/04 03:26:13 akara Exp $", "-                logger.log(Level.WARNING, \"Cannot read result dir \" + runIdS);", "+                logger.log(Level.WARNING, \"Cannot read result dir \" + runIdS, e);"], "url": ["https://api.github.com/repos/akara/faban/commits/9841acaafb65788ee4339bd42e8fede5d2aa616e"]}