{"new_feature": "302,16,130,204,9,0.10", "commitmessage": "Fix variable mappings", "patch": ["@@ -1,10 +1,16 @@\n package org.activiti.examples;\n \n+import java.util.ArrayList;\n+import java.util.List;\n+import java.util.Map;\n+\n+import org.activiti.api.model.shared.event.VariableCreatedEvent;\n import org.activiti.api.process.model.ProcessDefinition;\n import org.activiti.api.process.model.ProcessInstance;\n import org.activiti.api.process.model.builders.ProcessPayloadBuilder;\n import org.activiti.api.process.runtime.ProcessRuntime;\n import org.activiti.api.process.runtime.connector.Connector;\n+import org.activiti.api.runtime.shared.events.VariableEventListener;\n import org.activiti.api.runtime.shared.query.Page;\n import org.activiti.api.runtime.shared.query.Pageable;\n import org.slf4j.Logger;\n@@ -16,10 +22,6 @@\n import org.springframework.context.annotation.Bean;\n import org.springframework.scheduling.annotation.EnableScheduling;\n \n-import java.text.SimpleDateFormat;\n-import java.util.Date;\n-import java.util.Map;\n-\n @SpringBootApplication\n @EnableScheduling\n public class DemoApplication implements CommandLineRunner {\n@@ -32,6 +34,8 @@\n     @Autowired\n     private SecurityUtil securityUtil;\n \n+    private List<VariableCreatedEvent> variableCreatedEvents = new ArrayList<>();\n+\n     public static void main(String[] args) {\n         SpringApplication.run(DemoApplication.class, args);\n \n@@ -51,6 +55,7 @@ public void run(String... args) {\n                 .start()\n                 .withProcessDefinitionKey(\"RankMovie\")\n                 .withName(\"myProcess\")\n+                .withVariable(\"movieToRank\", \"Lord of the rings\")\n                 .build());\n         logger.info(\">>> Created Process Instance: \" + processInstance);\n \n@@ -65,5 +70,10 @@ public Connector getMovieDesc() {\n         };\n     }\n \n+    @Bean\n+    public VariableEventListener<VariableCreatedEvent> variableCreatedEventListener() {\n+        return variableCreatedEvent -> variableCreatedEvents.add(variableCreatedEvent);\n+    }\n+\n \n }", "@@ -3,23 +3,29 @@\n     \"creationDate\": \"2019-02-11T18:07:28.599+0000\",\n     \"lastModifiedBy\": \"modeler\",\n     \"lastModifiedDate\": \"2019-02-11T18:33:50.328+0000\",\n-    \"id\": \"8abc837168dd7f940168ddbe15590001\",\n+    \"id\": \"RankMovie\",\n     \"type\": \"PROCESS\",\n     \"name\": \"RankMovie\",\n     \"extensions\": {\n-        \"variablesMappings\": {\n+        \"mappings\": {\n             \"Task_1spvopd\": {\n                 \"inputs\": {\n-                    \"movieName\": \"b\"\n-                },\n-                \"outputs\": {\n-                    \"a\": \"b\"\n+                    \"movieName\": {\n+                        \"type\": \"variable\",\n+                        \"value\": \"movieToRank\"\n+                    },\n+                    \"outputs\": {\n+                        \"movieDesc\": {\n+                            \"type\": \"variable\",\n+                            \"value\": \"movieDesc\"\n+                        }\n+                    }\n                 }\n             }\n         },\n         \"properties\": {\n-            \"33cd32d4-6427-4953-818d-462b54140cdc\": {\n-                \"id\": \"33cd32d4-6427-4953-818d-462b54140cdc\",\n+            \"movieToRank\": {\n+                \"id\": \"movieToRank\",\n                 \"name\": \"movieToRank\",\n                 \"type\": \"string\",\n                 \"required\": true"], "edit": ["+import java.util.ArrayList;", "+import java.util.List;", "+import java.util.Map;", "+", "+import org.activiti.api.model.shared.event.VariableCreatedEvent;", "+import org.activiti.api.runtime.shared.events.VariableEventListener;", "-import java.text.SimpleDateFormat;", "-import java.util.Date;", "-import java.util.Map;", "-", "+    private List<VariableCreatedEvent> variableCreatedEvents = new ArrayList<>();", "+", "+                .withVariable(\"movieToRank\", \"Lord of the rings\")", "+    @Bean", "+    public VariableEventListener<VariableCreatedEvent> variableCreatedEventListener() {", "+        return variableCreatedEvent -> variableCreatedEvents.add(variableCreatedEvent);", "+    }", "+", "-    \"id\": \"8abc837168dd7f940168ddbe15590001\",", "+    \"id\": \"RankMovie\",", "-        \"variablesMappings\": {", "+        \"mappings\": {", "-                    \"movieName\": \"b\"", "-                },", "-                \"outputs\": {", "-                    \"a\": \"b\"", "+                    \"movieName\": {", "+                        \"type\": \"variable\",", "+                        \"value\": \"movieToRank\"", "+                    },", "+                    \"outputs\": {", "+                        \"movieDesc\": {", "+                            \"type\": \"variable\",", "+                            \"value\": \"movieDesc\"", "+                        }", "+                    }", "-            \"33cd32d4-6427-4953-818d-462b54140cdc\": {", "-                \"id\": \"33cd32d4-6427-4953-818d-462b54140cdc\",", "+            \"movieToRank\": {", "+                \"id\": \"movieToRank\","], "url": ["https://api.github.com/repos/Activiti/activiti-examples/commits/9921d1e499e5d0de68cf9a3496bce37675f7a59e"]}