{"new_feature": "1029,4,0,66,10,0.62", "commitmessage": "1. Fixed toolAgent ref initialization bug. Now clearing refs after each run.\n2. Clarified XForms message \"could not create document container.\" This is the first message a developer will run into right after deploying his/her benchmark the first time and is simply an xml error.", "patch": ["@@ -17,7 +17,7 @@\n  * your own identifying information:\n  * \"Portions Copyrighted [year] [name of copyright owner]\"\n  *\n- * $Id: ToolService.java,v 1.3 2006/07/27 22:34:35 akara Exp $\n+ * $Id: ToolService.java,v 1.4 2006/09/20 23:25:12 akara Exp $\n  *\n  * Copyright 2005 Sun Microsystems Inc. All Rights Reserved\n  */\n@@ -213,7 +213,7 @@ public boolean setup(ParamRepository par, String outDir) {\n      */\n     public void start(int delay) {\n \n-        if (runTools == false || toolAgents.length  == 0)\n+        if (runTools == false || toolAgents == null || toolAgents.length  == 0)\n             return;\n \n         for (int i = 0; i < toolAgents.length; i++) {\n@@ -234,7 +234,7 @@ public void start(int delay) {\n      */\n     public void start(int delay, int duration) {\n \n-        if (runTools == false || toolAgents.length == 0)\n+        if (runTools == false || toolAgents == null || toolAgents.length == 0)\n             return;\n \n         for (int i = 0; i < toolAgents.length; i++) {\n@@ -253,7 +253,7 @@ public void start(int delay, int duration) {\n      *\n      */\n     public void stop() {\n-        if (runTools == false || toolAgents.length <= 0)\n+        if (runTools == false || toolAgents == null || toolAgents.length <= 0)\n             return;\n \n         for (int i = 0; i < toolAgents.length; i++) {\n@@ -273,7 +273,7 @@ public void stop() {\n      * or at the end of a benchmark run.\n      */\n     public void kill() {\n-        if (runTools == false || toolAgents.length <= 0)\n+        if (runTools == false || toolAgents == null || toolAgents.length <= 0)\n             return;\n         for (int i = 0; i < toolAgents.length; i++) {\n             if (toolAgents[i] != null)\n@@ -290,5 +290,7 @@ public void kill() {\n                 } catch (Exception e) {\n                 }\n         }\n+        toolAgents = null;\n+        hostNames = null;\n     }\n }\n\\ No newline at end of file", "@@ -17,7 +17,7 @@\n  * your own identifying information:\n  * \"Portions Copyrighted [year] [name of copyright owner]\"\n  *\n- * $Id: XFormServlet.java,v 1.2 2006/06/29 19:38:44 akara Exp $\n+ * $Id: XFormServlet.java,v 1.3 2006/09/20 23:25:12 akara Exp $\n  *\n  * Copyright 2005 Sun Microsystems Inc. All Rights Reserved\n  */\n@@ -309,6 +309,12 @@ private void shutdown(Adapter adapter, HttpSession session, Exception e,\n         if (errPage != null)\n             response.sendRedirect(response.encodeRedirectURL(\n                     request.getContextPath() + \"/\" + errPage));\n+        else if (e.getMessage().startsWith(\n+                \"could not create document container\"))\n+            // This specific message is so misleading, so we'll change it\n+            // to what it really means.\n+            throw new ServletException(\"XForms xml parsing error. \" +\n+                    \"Please check the XForm for xml errors.\", e);\n         else\n             throw new ServletException(e);\n     }"], "edit": ["- * $Id: ToolService.java,v 1.3 2006/07/27 22:34:35 akara Exp $", "+ * $Id: ToolService.java,v 1.4 2006/09/20 23:25:12 akara Exp $", "-        if (runTools == false || toolAgents.length  == 0)", "+        if (runTools == false || toolAgents == null || toolAgents.length  == 0)", "-        if (runTools == false || toolAgents.length == 0)", "+        if (runTools == false || toolAgents == null || toolAgents.length == 0)", "-        if (runTools == false || toolAgents.length <= 0)", "+        if (runTools == false || toolAgents == null || toolAgents.length <= 0)", "-        if (runTools == false || toolAgents.length <= 0)", "+        if (runTools == false || toolAgents == null || toolAgents.length <= 0)", "+        toolAgents = null;", "+        hostNames = null;", "- * $Id: XFormServlet.java,v 1.2 2006/06/29 19:38:44 akara Exp $", "+ * $Id: XFormServlet.java,v 1.3 2006/09/20 23:25:12 akara Exp $", "+        else if (e.getMessage().startsWith(", "+                \"could not create document container\"))", "+            // This specific message is so misleading, so we'll change it", "+            // to what it really means.", "+            throw new ServletException(\"XForms xml parsing error. \" +", "+                    \"Please check the XForm for xml errors.\", e);"], "url": ["https://api.github.com/repos/akara/faban/commits/99a9d5cb80ba8bf73f5290bfb345710af7993a7f"]}