{"new_feature": "109,2,20,87,1,1.00", "commitmessage": "fix filte", "patch": ["@@ -56,7 +56,7 @@\n   <component name=\"ProjectResources\">\n     <xml-schema-version>XMLSchema_1_1</xml-schema-version>\n   </component>\n-  <component name=\"ProjectRootManager\" version=\"2\" languageLevel=\"JDK_1_7\" default=\"true\" assert-keyword=\"true\" jdk-15=\"true\" project-jdk-name=\"1.8\" project-jdk-type=\"JavaSDK\">\n+  <component name=\"ProjectRootManager\" version=\"2\" languageLevel=\"JDK_1_8\" default=\"true\" assert-keyword=\"true\" jdk-15=\"true\" project-jdk-name=\"1.8\" project-jdk-type=\"JavaSDK\">\n     <output url=\"file://$PROJECT_DIR$/build/classes\" />\n   </component>\n   <component name=\"ProjectType\">", "@@ -19,30 +19,33 @@\n class FileUtils {\n \n     static File moveFile(File file, File dir){\n-        if (!dir.exists())\n-            dir.mkdirs();\n+        if (!dir.exists()) {\n+            if (dir.mkdirs()) {\n+                File newFile = new File(dir, file.getName());\n+                FileChannel outputChannel;\n+                FileChannel inputChannel;\n+                try {\n+                    outputChannel = new FileOutputStream(newFile).getChannel();\n+                    inputChannel = new FileInputStream(file).getChannel();\n+                    inputChannel.transferTo(0, inputChannel.size(), outputChannel);\n+                    inputChannel.close();\n \n-        File newFile = new File(dir, file.getName());\n-        FileChannel outputChannel;\n-        FileChannel inputChannel;\n-        try {\n-            outputChannel = new FileOutputStream(newFile).getChannel();\n-            inputChannel = new FileInputStream(file).getChannel();\n-            inputChannel.transferTo(0, inputChannel.size(), outputChannel);\n-            inputChannel.close();\n+                    inputChannel.close();\n+                    outputChannel.close();\n \n-            inputChannel.close();\n-            outputChannel.close();\n+                    file.delete();\n \n-            file.delete();\n+                    Log.d(\"Files\",\"File have been moved to : \"+newFile.getAbsolutePath());\n+                }\n+                catch (Exception e){\n+                    return null;\n+                }\n \n-            Log.d(\"Files\",\"File have been moved to : \"+newFile.getAbsolutePath());\n-        }\n-        catch (Exception e){\n-            return null;\n+                return newFile;\n+            }\n         }\n \n-        return newFile;\n+        return file;\n     }\n \n     static boolean saveBitmap(File imageFile, Bitmap bitmap) {"], "edit": ["-  <component name=\"ProjectRootManager\" version=\"2\" languageLevel=\"JDK_1_7\" default=\"true\" assert-keyword=\"true\" jdk-15=\"true\" project-jdk-name=\"1.8\" project-jdk-type=\"JavaSDK\">", "+  <component name=\"ProjectRootManager\" version=\"2\" languageLevel=\"JDK_1_8\" default=\"true\" assert-keyword=\"true\" jdk-15=\"true\" project-jdk-name=\"1.8\" project-jdk-type=\"JavaSDK\">", "-        if (!dir.exists())", "-            dir.mkdirs();", "+        if (!dir.exists()) {", "+            if (dir.mkdirs()) {", "+                File newFile = new File(dir, file.getName());", "+                FileChannel outputChannel;", "+                FileChannel inputChannel;", "+                try {", "+                    outputChannel = new FileOutputStream(newFile).getChannel();", "+                    inputChannel = new FileInputStream(file).getChannel();", "+                    inputChannel.transferTo(0, inputChannel.size(), outputChannel);", "+                    inputChannel.close();", "-        File newFile = new File(dir, file.getName());", "-        FileChannel outputChannel;", "-        FileChannel inputChannel;", "-        try {", "-            outputChannel = new FileOutputStream(newFile).getChannel();", "-            inputChannel = new FileInputStream(file).getChannel();", "-            inputChannel.transferTo(0, inputChannel.size(), outputChannel);", "-            inputChannel.close();", "+                    inputChannel.close();", "+                    outputChannel.close();", "-            inputChannel.close();", "-            outputChannel.close();", "+                    file.delete();", "-            file.delete();", "+                    Log.d(\"Files\",\"File have been moved to : \"+newFile.getAbsolutePath());", "+                }", "+                catch (Exception e){", "+                    return null;", "+                }", "-            Log.d(\"Files\",\"File have been moved to : \"+newFile.getAbsolutePath());", "-        }", "-        catch (Exception e){", "-            return null;", "+                return newFile;", "+            }", "-        return newFile;", "+        return file;"], "url": ["https://api.github.com/repos/afiqiqmal/SharedChamber/commits/9e08f233770c9b1e623be1f33cbf99b81808ca09"]}