{"new_feature": "1577,1,17,193,30,0.71", "commitmessage": "Fixed status bar coloring and cleaned up some code.", "patch": ["@@ -25,7 +25,11 @@\n \n <p>You can view the changelog dialog again at any time from the <i>about</i> section.</p>\n \n-<h3>Version 0.9.44 beta1</h3>\n+<h3>Version 0.9.44 beta2</h3>\n+\n+<ol>\n+    <li><b>FIX:</b> Fixed status bar coloring for Lollipop and Marshmallow.</li>\n+</ol>\n \n <ol>\n     <li><b>IMPROVEMENT:</b> Completely rewritten color chooser. Had great help from <a", "@@ -44,7 +44,6 @@\n import com.kabouzeid.gramophone.util.MusicUtil;\n import com.kabouzeid.gramophone.util.NavigationUtil;\n import com.kabouzeid.gramophone.util.Util;\n-import com.kabouzeid.gramophone.util.ViewUtil;\n import com.nostra13.universalimageloader.core.DisplayImageOptions;\n import com.nostra13.universalimageloader.core.ImageLoader;\n import com.nostra13.universalimageloader.core.assist.FailReason;\n@@ -156,7 +155,7 @@ public void onScrollChanged(int scrollY, boolean b, boolean b2) {\n \n             // Change alpha of overlay\n             toolbarAlpha = Math.max(0, Math.min(1, (float) scrollY / flexibleRange));\n-            ViewUtil.setBackgroundAlpha(toolbar, toolbarAlpha, toolbarColor);\n+            toolbar.setBackgroundColor(ColorUtil.getColorWithAlpha(toolbarAlpha, toolbarColor));\n             setStatusBarColor(ColorUtil.getColorWithAlpha(cab != null && cab.isActive() ? 1 : toolbarAlpha, toolbarColor));\n \n             // Translate name text", "@@ -172,7 +172,7 @@ public void onScrollChanged(int scrollY, boolean b, boolean b2) {\n \n             // Change alpha of overlay\n             toolbarAlpha = Math.max(0, Math.min(1, (float) scrollY / flexibleRange));\n-            ViewUtil.setBackgroundAlpha(toolbar, toolbarAlpha, toolbarColor);\n+            toolbar.setBackgroundColor(ColorUtil.getColorWithAlpha(toolbarAlpha, toolbarColor));\n             setStatusBarColor(ColorUtil.getColorWithAlpha(cab != null && cab.isActive() ? 1 : toolbarAlpha, toolbarColor));\n \n             // Translate name text", "@@ -32,7 +32,6 @@\n import com.kabouzeid.gramophone.util.ColorUtil;\n import com.kabouzeid.gramophone.util.MusicUtil;\n import com.kabouzeid.gramophone.util.Util;\n-import com.kabouzeid.gramophone.util.ViewUtil;\n import com.nostra13.universalimageloader.core.ImageLoader;\n \n import org.jaudiotagger.audio.AudioFile;\n@@ -88,7 +87,7 @@ public void onScrollChanged(int scrollY, boolean b, boolean b2) {\n                 header.setTranslationY(scrollY);\n                 alpha = 1;\n             }\n-            ViewUtil.setBackgroundAlpha(toolbar, alpha, paletteColorPrimary);\n+            toolbar.setBackgroundColor(ColorUtil.getColorWithAlpha(alpha, paletteColorPrimary));\n             image.setTranslationY(scrollY / 2);\n         }\n     };", "@@ -78,7 +78,8 @@ public static int shiftColor(@ColorInt int color, @FloatRange(from = 0.0f, to =\n         float[] hsv = new float[3];\n         Color.colorToHSV(color, hsv);\n         hsv[2] *= by; // value component\n-        return getColorWithAlpha(alpha, Color.HSVToColor(hsv));\n+        // don't use  getColorWithAlpha(float alpha, int baseColor) here\n+        return (alpha << 24) + (0x00ffffff & Color.HSVToColor(hsv));\n     }\n \n     @SuppressWarnings(\"ResourceType\")", "@@ -57,12 +57,6 @@ private static Animator createColorAnimator(Object target, String propertyName,\n         return animator;\n     }\n \n-    public static void setBackgroundAlpha(@NonNull View view, float alpha, int baseColor) {\n-        int a = Math.min(255, Math.max(0, (int) (alpha * 255))) << 24;\n-        int rgb = 0x00ffffff & baseColor;\n-        view.setBackgroundColor(a + rgb);\n-    }\n-\n     /**\n      * Should be called in {@link android.app.Activity#onPrepareOptionsMenu(Menu)} and {@link android.app.Activity#onOptionsItemSelected(MenuItem)}\n      *"], "edit": ["-<h3>Version 0.9.44 beta1</h3>", "+<h3>Version 0.9.44 beta2</h3>", "+", "+<ol>", "+    <li><b>FIX:</b> Fixed status bar coloring for Lollipop and Marshmallow.</li>", "+</ol>", "-import com.kabouzeid.gramophone.util.ViewUtil;", "-            ViewUtil.setBackgroundAlpha(toolbar, toolbarAlpha, toolbarColor);", "+            toolbar.setBackgroundColor(ColorUtil.getColorWithAlpha(toolbarAlpha, toolbarColor));", "-            ViewUtil.setBackgroundAlpha(toolbar, toolbarAlpha, toolbarColor);", "+            toolbar.setBackgroundColor(ColorUtil.getColorWithAlpha(toolbarAlpha, toolbarColor));", "-import com.kabouzeid.gramophone.util.ViewUtil;", "-            ViewUtil.setBackgroundAlpha(toolbar, alpha, paletteColorPrimary);", "+            toolbar.setBackgroundColor(ColorUtil.getColorWithAlpha(alpha, paletteColorPrimary));", "-        return getColorWithAlpha(alpha, Color.HSVToColor(hsv));", "+        // don't use  getColorWithAlpha(float alpha, int baseColor) here", "+        return (alpha << 24) + (0x00ffffff & Color.HSVToColor(hsv));", "-    public static void setBackgroundAlpha(@NonNull View view, float alpha, int baseColor) {", "-        int a = Math.min(255, Math.max(0, (int) (alpha * 255))) << 24;", "-        int rgb = 0x00ffffff & baseColor;", "-        view.setBackgroundColor(a + rgb);", "-    }", "-"], "url": ["https://api.github.com/repos/AdrienPoupa/VinylMusicPlayer/commits/9e306b3f913f88e9204ae2791e79a8ce763238a3"]}