{"new_feature": "1227,9,21,922,30,0.46", "commitmessage": "Fix logout", "patch": ["@@ -6,7 +6,10 @@\n import org.libresonic.player.service.SettingsService;\n import org.libresonic.player.util.StringUtil;\n import org.springframework.beans.factory.annotation.Autowired;\n+import org.springframework.security.core.Authentication;\n+import org.springframework.security.core.context.SecurityContextHolder;\n import org.springframework.security.web.authentication.UsernamePasswordAuthenticationFilter;\n+import org.springframework.security.web.authentication.logout.SecurityContextLogoutHandler;\n import org.springframework.stereotype.Controller;\n import org.springframework.web.bind.annotation.RequestMapping;\n import org.springframework.web.bind.annotation.RequestMethod;\n@@ -22,7 +25,6 @@\n  * Spring MVC Controller that serves the login page.\n  */\n @Controller\n-@RequestMapping(\"/login\")\n public class LoginController {\n \n \n@@ -33,7 +35,7 @@\n     @Autowired\n     private SettingsService settingsService;\n \n-    @RequestMapping(method = { RequestMethod.GET, RequestMethod.POST })\n+    @RequestMapping(value = \"/login\", method = { RequestMethod.GET, RequestMethod.POST })\n     public ModelAndView login(HttpServletRequest request, HttpServletResponse response) throws Exception {\n \n         // Auto-login if \"user\" and \"password\" parameters are given.\n@@ -62,4 +64,14 @@ public ModelAndView login(HttpServletRequest request, HttpServletResponse respon\n         return new ModelAndView(\"login\", \"model\", map);\n     }\n \n+    @RequestMapping(value=\"/logout\", method = RequestMethod.GET)\n+    public String logoutPage (HttpServletRequest request, HttpServletResponse response) {\n+        Authentication auth = SecurityContextHolder.getContext().getAuthentication();\n+        if (auth != null){\n+            LOG.info(\"User \"+auth.getName()+\" requested logout.\");\n+            new SecurityContextLogoutHandler().logout(request, response, auth);\n+        }\n+        return \"redirect:/login?logout\";\n+    }\n+\n }", "@@ -146,7 +146,7 @@\n \n             <div class=\"detail\">\n                 <fmt:message key=\"top.logout\" var=\"logout\"><fmt:param value=\"${model.user.username}\"/></fmt:message>\n-                <a href=\"j_spring_security_logout\" target=\"_top\">${fn:escapeXml(logout)}</a>\n+                <a href=\"/logout\" target=\"_top\">${fn:escapeXml(logout)}</a>\n             </div>\n         </td>\n "], "edit": ["+import org.springframework.security.core.Authentication;", "+import org.springframework.security.core.context.SecurityContextHolder;", "+import org.springframework.security.web.authentication.logout.SecurityContextLogoutHandler;", "-@RequestMapping(\"/login\")", "-    @RequestMapping(method = { RequestMethod.GET, RequestMethod.POST })", "+    @RequestMapping(value = \"/login\", method = { RequestMethod.GET, RequestMethod.POST })", "+    @RequestMapping(value=\"/logout\", method = RequestMethod.GET)", "+    public String logoutPage (HttpServletRequest request, HttpServletResponse response) {", "+        Authentication auth = SecurityContextHolder.getContext().getAuthentication();", "+        if (auth != null){", "+            LOG.info(\"User \"+auth.getName()+\" requested logout.\");", "+            new SecurityContextLogoutHandler().logout(request, response, auth);", "+        }", "+        return \"redirect:/login?logout\";", "+    }", "+", "-                <a href=\"j_spring_security_logout\" target=\"_top\">${fn:escapeXml(logout)}</a>", "+                <a href=\"/logout\" target=\"_top\">${fn:escapeXml(logout)}</a>"], "url": ["https://api.github.com/repos/airsonic/airsonic/commits/9e8876d34ec8c7993b9fca450ee381d82f2ed2ae"]}