{"new_feature": "2276,1,0,88,30,0.13", "commitmessage": "Fixed comments and TAGs\n\nFixed comments and TAGs in:\nOpenCellIdActivity\nCellTracker - OCID key download comments", "patch": ["@@ -22,7 +22,8 @@\n  */\n public class OpenCellIdActivity extends BaseActivity {\n     private SharedPreferences prefs;\n-    private final String TAG = \"OpenCellIdActivity\";\n+    private final String TAG = \"AIMSICD\";\n+    private final String mTAG = \"OpenCellIdActivity\";\n     private ProgressDialog pd;\n \n     @Override\n@@ -56,7 +57,7 @@ protected String doInBackground(Void... voids) {\n             try {\n                 return CellTracker.requestNewOCIDKey();\n             } catch (final Exception e) {\n-                Log.e(TAG, e.getMessage());\n+                Log.e(TAG, mTAG + \": \" + e.getMessage());\n                 e.printStackTrace();\n \n                 /**\n@@ -68,12 +69,10 @@ protected String doInBackground(Void... voids) {\n                     @Override\n                     public void run() {\n                         pd.dismiss();\n-                        Helpers.msgLong(OpenCellIdActivity.this,\n-                                getString(R.string.ocid_api_error) + e.getClass().getName() +\n-                                        \" - \" + e.getMessage());\n+                        Helpers.msgLong(OpenCellIdActivity.this, getString(R.string.ocid_api_error) +\n+                                e.getClass().getName() + \" - \" + e.getMessage());\n                     }\n                 });\n-\n                 finish();\n                 return null;\n             }\n@@ -84,7 +83,7 @@ protected void onPostExecute(String s) {\n             if (s == null || s.isEmpty())\n                 return;\n \n-            // if returned value is \"Error: You can not register new account more than once per day.\"\n+            // If the returned value is \"Error: You can not register new account more than once per day.\"\n             // don't save it as the API key -.-'\n             if (isKeyValid(s) == true) {\n                 String opcidKey = getString(R.string.pref_ocid_key);\n@@ -94,15 +93,12 @@ protected void onPostExecute(String s) {\n             } else {\n                 Helpers.msgShort(OpenCellIdActivity.this, getString(R.string.invalid_key_try_later));\n             }\n-\n             pd.dismiss();\n             finish();\n         }\n \n-        /**\n-         * This might be extended in the future.\n-         * Two keys I started started with `dev-usr`, not sure if that's a rule.\n-         */\n+         // This might be extended in the future.\n+         // Newly obtained keys start with: \"dev-usr\", not sure if that's a rule.\n         private boolean isKeyValid(String key) {\n             return key.startsWith(\"dev-\");\n         }", "@@ -328,7 +328,14 @@ public void getOcidKey() {\n     }\n \n     /**\n-     * Get an API key for Open Cell ID. Do not call this from the UI/Main thread.\n+     * Description:     Get an API key for Open Cell ID. Do not call this from the UI/Main thread.\n+     *                  For the various server responses, pleas refer to the OpenCellID API wiki:\n+     *                  http://wiki.opencellid.org/wiki/API#Error_codes\n+     *                  TODO: And the github issue #303:\n+     *                  https://github.com/SecUpwN/Android-IMSI-Catcher-Detector/issues/303\n+     *\n+     *  TODO:   [ ] Add handlers for other HTTP request and OCID Server error codes\n+     *\n      *\n      * @return null or newly generated key\n      *\n@@ -338,12 +345,16 @@ public static String requestNewOCIDKey() throws Exception {\n         HttpGet httpGet = new HttpGet(context.getString(R.string.opencellid_api_get_key));\n         OCIDResponse result = new OCIDResponse(httpclient.execute(httpGet));\n \n-        //here for debugging response and codes\n-        Log.d(\"OCID Response\", result.getResponseFromServer()+\" Code=\"+String.valueOf(result.getStatusCode()));\n+        // TODO: remoe these and fix first type def in beginning of file\n+        String TAG = \"AIMSICD\";\n+        String mTAG = \"CellTracker\";\n+\n+        // For debugging response and codes\n+        Log.d(TAG, mTAG + \": OCID Server Response: \" + result.getResponseFromServer() + \" Code=\" + String.valueOf(result.getStatusCode()) );\n \n         if (result.getStatusCode() == 200) {\n             String responseFromServer = result.getResponseFromServer();\n-            Log.d(\"OCID\", responseFromServer);\n+            Log.d(TAG, mTAG + \": OCID Server Repsonse: \" + responseFromServer );\n             return responseFromServer;\n \n         } else if (result.getStatusCode() == 503) {\n@@ -353,7 +364,7 @@ public static String requestNewOCIDKey() throws Exception {\n \n             Helpers.msgLong(context, context.getString(R.string.only_one_key_per_day));\n             String responseFromServer = result.getResponseFromServer();\n-            Log.d(\"AIMSICD\", \"CellTracker: OCID Reached 24hr API key limit: \" + responseFromServer);\n+            Log.d(TAG, mTAG + \": OCID Reached 24hr API key request limit: \" + responseFromServer);\n             return responseFromServer;\n         } else {\n \n@@ -367,7 +378,7 @@ public static String requestNewOCIDKey() throws Exception {\n             //httpGet = null;\n             //result = null;\n \n-            Log.d(\"AIMSICD\", \"CellTracker: OCID Returned \" + result.getStatusCode() + \" \" + result.getReasonPhrase());\n+            Log.d(TAG, mTAG + \": OCID Returned \" + result.getStatusCode() + \" \" + result.getReasonPhrase());\n             //throw new Exception(\"OCID Returned \" + status.getStatusCode() + \" \" + status.getReasonPhrase());\n             return null;\n         }"], "edit": ["-    private final String TAG = \"OpenCellIdActivity\";", "+    private final String TAG = \"AIMSICD\";", "+    private final String mTAG = \"OpenCellIdActivity\";", "-                Log.e(TAG, e.getMessage());", "+                Log.e(TAG, mTAG + \": \" + e.getMessage());", "-                        Helpers.msgLong(OpenCellIdActivity.this,", "-                                getString(R.string.ocid_api_error) + e.getClass().getName() +", "-                                        \" - \" + e.getMessage());", "+                        Helpers.msgLong(OpenCellIdActivity.this, getString(R.string.ocid_api_error) +", "+                                e.getClass().getName() + \" - \" + e.getMessage());", "-", "-            // if returned value is \"Error: You can not register new account more than once per day.\"", "+            // If the returned value is \"Error: You can not register new account more than once per day.\"", "-", "-        /**", "-         * This might be extended in the future.", "-         * Two keys I started started with `dev-usr`, not sure if that's a rule.", "-         */", "+         // This might be extended in the future.", "+         // Newly obtained keys start with: \"dev-usr\", not sure if that's a rule.", "-     * Get an API key for Open Cell ID. Do not call this from the UI/Main thread.", "+     * Description:     Get an API key for Open Cell ID. Do not call this from the UI/Main thread.", "+     *                  For the various server responses, pleas refer to the OpenCellID API wiki:", "+     *                  http://wiki.opencellid.org/wiki/API#Error_codes", "+     *                  TODO: And the github issue #303:", "+     *                  https://github.com/SecUpwN/Android-IMSI-Catcher-Detector/issues/303", "+     *", "+     *  TODO:   [ ] Add handlers for other HTTP request and OCID Server error codes", "+     *", "-        //here for debugging response and codes", "-        Log.d(\"OCID Response\", result.getResponseFromServer()+\" Code=\"+String.valueOf(result.getStatusCode()));", "+        // TODO: remoe these and fix first type def in beginning of file", "+        String TAG = \"AIMSICD\";", "+        String mTAG = \"CellTracker\";", "+", "+        // For debugging response and codes", "+        Log.d(TAG, mTAG + \": OCID Server Response: \" + result.getResponseFromServer() + \" Code=\" + String.valueOf(result.getStatusCode()) );", "-            Log.d(\"OCID\", responseFromServer);", "+            Log.d(TAG, mTAG + \": OCID Server Repsonse: \" + responseFromServer );", "-            Log.d(\"AIMSICD\", \"CellTracker: OCID Reached 24hr API key limit: \" + responseFromServer);", "+            Log.d(TAG, mTAG + \": OCID Reached 24hr API key request limit: \" + responseFromServer);", "-            Log.d(\"AIMSICD\", \"CellTracker: OCID Returned \" + result.getStatusCode() + \" \" + result.getReasonPhrase());", "+            Log.d(TAG, mTAG + \": OCID Returned \" + result.getStatusCode() + \" \" + result.getReasonPhrase());"], "url": ["https://api.github.com/repos/5GSD/AIMSICDL/commits/a33d5c0d94efa2c3bfa47e8cae48a2dccc23c3cd"]}