{"new_feature": "540,2,25,135,7,0.97", "commitmessage": "fixes #167", "patch": ["@@ -52,6 +52,7 @@\n     private boolean leftMenuTemplate;\n     private boolean renderMenuSearch;\n     private boolean renderAsterisks;\n+    private boolean closableLoading;\n     //controlsidebar\n     private ControlSidebarConfig controlSidebar;\n     private String pageSuffix;\n@@ -109,6 +110,7 @@ protected void loadDefaults() {\n         rippleMobileOnly = Boolean.parseBoolean(getProperty(\"admin.rippleMobileOnly\"));\n         renderMenuSearch = Boolean.parseBoolean(getProperty(\"admin.renderMenuSearch\"));\n         renderAsterisks = Boolean.parseBoolean(getProperty(\"admin.renderAsterisks\"));\n+        closableLoading = Boolean.parseBoolean(getProperty(\"admin.cloasableLoading\"));\n         messagesHideTimeout = getProperty(\"admin.messagesHideTimeout\");\n         leftMenuTemplate = Boolean.parseBoolean(getProperty(\"admin.controlSidebar.leftMenuTemplate\"));\n         boolean controlSidebarShowOnMobile = Boolean.parseBoolean(getProperty(\"admin.controlSidebar.showOnMobile\"));\n@@ -372,4 +374,11 @@ public void setRenderControlSidebar(boolean renderControlSidebar) {\n         this.renderControlSidebar = renderControlSidebar;\n     }\n \n+    public boolean isClosableLoading() {\n+        return closableLoading;\n+    }\n+\n+    public void setClosableLoading(boolean closableLoading) {\n+        this.closableLoading = closableLoading;\n+    }\n }", "@@ -25,7 +25,7 @@\n                   onstart=\"showBar();\"\n                   onsuccess=\"hideBar();\"/>\n \n-    <p:dialog id=\"adminStatusDialog\" modal=\"true\" widgetVar=\"statusDialog\" draggable=\"false\" closable=\"false\"\n+    <p:dialog id=\"adminStatusDialog\" modal=\"true\" widgetVar=\"statusDialog\" draggable=\"false\" closable=\"#{adminConfig.closableLoading}\"\n               resizable=\"false\" responsive=\"true\" showHeader=\"false\" appendTo=\"@(body)\">\n         <p:graphicImage library=\"images\" name=\"#{adminConfig.loadingImage}\"/>\n     </p:dialog>", "@@ -22,7 +22,8 @@ admin.controlSidebar.fixed=false\n admin.controlSidebar.darkSkin=true\n admin.autoHideMessages=true\n admin.renderAsterisks=false\n-admin.messagesHideTimeout=2500\n+admin.cloasableLoading=false\n+admin.messagesHideTimeout=25001\n admin.skin=skin-blue\n admin.autoShowNavbar=true\n admin.loadingImage=ajaxloadingbar.gif"], "edit": ["+    private boolean closableLoading;", "+        closableLoading = Boolean.parseBoolean(getProperty(\"admin.cloasableLoading\"));", "+    public boolean isClosableLoading() {", "+        return closableLoading;", "+    }", "+", "+    public void setClosableLoading(boolean closableLoading) {", "+        this.closableLoading = closableLoading;", "+    }", "-    <p:dialog id=\"adminStatusDialog\" modal=\"true\" widgetVar=\"statusDialog\" draggable=\"false\" closable=\"false\"", "+    <p:dialog id=\"adminStatusDialog\" modal=\"true\" widgetVar=\"statusDialog\" draggable=\"false\" closable=\"#{adminConfig.closableLoading}\"", "-admin.messagesHideTimeout=2500", "+admin.cloasableLoading=false", "+admin.messagesHideTimeout=25001"], "url": ["https://api.github.com/repos/adminfaces/admin-template/commits/a3a8f94dc8d99f6f249b9a388f41899c7942eb6c"]}