{"new_feature": "72,1,0,70,1,1.00", "commitmessage": "bug fixes", "patch": ["@@ -6,8 +6,8 @@ android {\n         applicationId \"com.aa65535.tabikaeruarchivemodifier\"\n         minSdkVersion 15\n         targetSdkVersion 27\n-        versionCode 31\n-        versionName \"2.3.6\"\n+        versionCode 32\n+        versionName \"2.3.7\"\n     }\n     signingConfigs {\n         config {", "@@ -1,14 +1,18 @@\n package com.aa65535.tabikaeruarchivemodifier.model;\n \n+import android.support.annotation.NonNull;\n+\n import com.aa65535.tabikaeruarchivemodifier.model.DataList.ElementFactory;\n \n import java.io.IOException;\n import java.io.RandomAccessFile;\n import java.util.ArrayList;\n import java.util.Collections;\n+import java.util.Iterator;\n import java.util.List;\n+import java.util.NoSuchElementException;\n \n-public class DataList<E extends Data> extends Data<ElementFactory<E>> {\n+public class DataList<E extends Data> extends Data<ElementFactory<E>> implements Iterable<E> {\n     private Int size;\n     private List<E> data;\n \n@@ -40,13 +44,17 @@ public int size() {\n         return Collections.unmodifiableList(data.subList(0, size()));\n     }\n \n+    public boolean hasNext() {\n+        return size() < data.size();\n+    }\n+\n     public E nextElement() {\n         try {\n             E e = data.get(size());\n             size.value(size() + 1);\n             return e;\n-        } catch (IndexOutOfBoundsException ignored) {\n-            throw new UnsupportedOperationException();\n+        } catch (IndexOutOfBoundsException e) {\n+            throw new NoSuchElementException();\n         }\n     }\n \n@@ -58,7 +66,7 @@ public E pop() {\n \n     @Override\n     public boolean save() {\n-        for (E e : data) {\n+        for (E e : this) {\n             if (!e.save()) {\n                 return false;\n             }\n@@ -71,6 +79,33 @@ public String toString() {\n         return data().toString();\n     }\n \n+    @NonNull\n+    @Override\n+    public Iterator<E> iterator() {\n+        return new Itr();\n+    }\n+\n+    private class Itr implements Iterator<E> {\n+        int cursor = 0;\n+\n+        @Override\n+        public boolean hasNext() {\n+            return cursor < size();\n+        }\n+\n+        @Override\n+        public E next() {\n+            try {\n+                int i = cursor;\n+                E next = data.get(i);\n+                cursor = i + 1;\n+                return next;\n+            } catch (IndexOutOfBoundsException e) {\n+                throw new NoSuchElementException();\n+            }\n+        }\n+    }\n+\n     public interface ElementFactory<T extends Data> {\n         T create(RandomAccessFile r) throws IOException;\n     }", "@@ -370,7 +370,7 @@ public boolean getAllItem(OnLoadedListener listener) {\n                 return false;\n             }\n         } else {\n-            for (Item item : itemList.data()) {\n+            for (Item item : itemList) {\n                 if (!item.stock(Item.MAX_STOCK).save()) {\n                     return false;\n                 }\n@@ -398,7 +398,7 @@ private void writeItems() throws IOException {\n     }\n \n     private void expandData(Data data, int len) throws IOException {\n-        int tail = (int) (data.offset() - data.length());\n+        int tail = (int) (data.offset() + data.length());\n         byte[] buffer = new byte[(int) (r.length() - tail)];\n         r.seek(tail);\n         r.readFully(buffer);"], "edit": ["-        versionCode 31", "-        versionName \"2.3.6\"", "+        versionCode 32", "+        versionName \"2.3.7\"", "+import android.support.annotation.NonNull;", "+", "+import java.util.Iterator;", "+import java.util.NoSuchElementException;", "-public class DataList<E extends Data> extends Data<ElementFactory<E>> {", "+public class DataList<E extends Data> extends Data<ElementFactory<E>> implements Iterable<E> {", "+    public boolean hasNext() {", "+        return size() < data.size();", "+    }", "+", "-        } catch (IndexOutOfBoundsException ignored) {", "-            throw new UnsupportedOperationException();", "+        } catch (IndexOutOfBoundsException e) {", "+            throw new NoSuchElementException();", "-        for (E e : data) {", "+        for (E e : this) {", "+    @NonNull", "+    @Override", "+    public Iterator<E> iterator() {", "+        return new Itr();", "+    }", "+", "+    private class Itr implements Iterator<E> {", "+        int cursor = 0;", "+", "+        @Override", "+        public boolean hasNext() {", "+            return cursor < size();", "+        }", "+", "+        @Override", "+        public E next() {", "+            try {", "+                int i = cursor;", "+                E next = data.get(i);", "+                cursor = i + 1;", "+                return next;", "+            } catch (IndexOutOfBoundsException e) {", "+                throw new NoSuchElementException();", "+            }", "+        }", "+    }", "+", "-            for (Item item : itemList.data()) {", "+            for (Item item : itemList) {", "-        int tail = (int) (data.offset() - data.length());", "+        int tail = (int) (data.offset() + data.length());"], "url": ["https://api.github.com/repos/aa65535/TabikaeruArchiveModifier/commits/a604346006ae59ee226c234d6e2359568d227416"]}