{"new_feature": "4880,99,0,51,8,0.27", "commitmessage": "Updates based on PRs, and a fix for host-relative external links in the wiki.", "patch": ["@@ -445,9 +445,9 @@ private Object buildReachableModel(Reachable r, List<PathwayDoc> pathwayDocs) {\n     model.put(\"cascade\", r.getPathwayVisualization());\n \n     if (hidePathways) {\n-      model.put(\"hideCascades\", true);\n+      model.put(\"hidePathways\", true);\n       // TODO: is there a cleaner way to make this URL?\n-      model.put(\"orderLink\", String.format(\"%s?%s=%s\", ORDER_PATH, ORDER_INCHI_KEY_PARAM, r.getInchiKey()));\n+      model.put(\"orderLink\", String.format(\"{{SERVER}}/%s?%s=%s\", ORDER_PATH, ORDER_INCHI_KEY_PARAM, r.getInchiKey()));\n     }\n \n     if (r.getWordCloudFilename() != null) {", "@@ -109,7 +109,7 @@\n     add(Option.builder(OPTION_DESIGN_SOME)\n         .argName(\"molecule\")\n         .desc(\"Generate designs for specified molecules; can be a numeric ids, InChIs, or InChI Keys, *separated by '|'* \" +\n-            \"for InChI compatibility.  Molecules ust exist in chemical source DB if InChI or InChI Key is used.\")\n+            \"for InChI compatibility.  Molecules must exist in chemical source DB if InChI or InChI Key is used.\")\n         .hasArgs().valueSeparator('|')\n         .longOpt(\"design-this\")\n     );", "@@ -31,7 +31,7 @@\n [[File:${cascade}.png|800px]]\n </#if>\n \n-<#if hideCascades??>\n+<#if hidePathways??>\n To order pathway information for this molecule, please [${orderLink} click here].\n <#else>\n <#if pathways??>", "@@ -38,17 +38,17 @@ the `BiointepretationDriver` class looks like this:\n   {\n     \"operation\": \"MERGE_REACTIONS\",\n     \"read\": \"actv01\",\n-    \"write\": \"drknow_2017-01-11\"\n+    \"write\": \"drknow_20170111\"\n   },\n   {\n     \"operation\": \"DESALT\",\n-    \"read\": \"drknow_2017-01-11\",\n-    \"write\": \"synapse_2017-01-11\"\n+    \"read\": \"drknow_20170111\",\n+    \"write\": \"synapse_20170111\"\n   },\n   {\n     \"operation\": \"REMOVE_COFACTORS\",\n-    \"read\": \"synapse_2017-01-11\",\n-    \"write\": \"jarvis_2017-01-11\"\n+    \"read\": \"synapse_20170111\",\n+    \"write\": \"jarvis_20170111\"\n   }\n ]\n ```\n@@ -80,15 +80,15 @@ The output of the installer pipeline will be a database named `jarvis_2017-01-11\n To run reachables computation on your new database, alter the `DEFAULT_DB` parameters in your `reachables.scala`,\n `postprocess_reachables.scala`, and `cascades.scala` files.  Then run this command:\n ```\n-$ today=`date +%Y-%m-%d`;\n-$ dirName=\"computed-$today\";\n+$ today=`date +%Y%m%d`;\n+$ dirName=\"reachables-$today\";\n $ PRE=\"r-$today\";\n $ sbt \"runMain com.act.reachables.reachables --prefix=$PRE --useNativesFile=/mnt/shared-data/Michael/ReachablesInputFiles/valid_starting_points.txt --useCofactorsFile=/mnt/shared-data/Michael/ReachablesInputFiles/my_cofactors_file.txt -o $dirName\";\n $ sbt \"runMain com.act.reachables.postprocess_reachables --prefix=$PRE --output-dir=$dirName --extractReachables --writeGraphToo\";\n $ sbt \"runMain com.act.reachables.cascades --prefix=r-$today --output-dir=$dirName --cache-cascades=true --do-hmmer=false --out-collection=pathways_jarvis_$today --verbosity=1\u201d\n ```\n \n-You should now have `r-${today}.reachables.txt` and `r-${today}-data` in your `computed-$today` directory.  We'll\n+You should now have `r-${today}.reachables.txt` and `r-${today}-data` in your `reachables-$today` directory.  We'll\n need these to complete the remaining steps.\n \n \n@@ -101,17 +101,15 @@ be available for this process to work.\n \n ```\n $ cut -d$'\\t' -f 3 r-${today}.reachables.txt >  r-${today}.reachables.just_inchis.txt\n-$ sbt 'runMain act.installer.reachablesexplorer.WordCloudGenerator -l r-${today}.reachables.just_inchis.txt -r /usr/bin/Rscript'\n+$ sbt \"runMain act.installer.reachablesexplorer.WordCloudGenerator -l r-${today}.reachables.just_inchis.txt -r /usr/bin/Rscript\"\n ```\n \n ### Run the Loader to Create a Reachables Collection ###\n \n Run the loader to produce a collection of `reachable` documents in MongoDB.\n \n ```\n-$ r_date=$(date +\"%Y%m%d\")\n-$ db_date=\"2017-01-11\"\n-$ sbt \"runMain act.installer.reachablesexplorer.Loader -c reachables_${r_date} -i jarvis_${db_date} -r $dirName -s sequences_${c_date} -P /mnt/shared-data/Gil/L4N2pubchem/n1_inchis/projectedReactions\"\n+$ sbt \"runMain act.installer.reachablesexplorer.Loader -c reachables_${today} -i jarvis_${today} -r $dirName -s sequences_${today} -P /mnt/shared-data/Gil/L4N2pubchem/n1_inchis/projectedReactions\"\n ```\n \n The `-P` option installs a set of L4 projections, and can be omitted if necessary.  This command will output any missing\n@@ -124,7 +122,7 @@ in `act.installer.pubchem.PubchemMeshSynonyms`.\n \n To find recent patents for reachable molecules, use the `PatentFinder`\n ```\n-$ sbt 'runMain act.installer.reachablesexplorer.PatentFinder -c reachables_${r_date}'\n+$ sbt \"runMain act.installer.reachablesexplorer.PatentFinder -c reachables_${today}\"\n ```\n \n This expects a collection of patent indexes to live at `/mnt/shared-data/Mark/patents`.  An alternative path can be\n@@ -143,26 +141,36 @@ $ find r-${today}-data -name '*.dot' | xargs dot -Tpng -O\n Note that this will write the images in the same directory as the dot files.  If this is not desired, you can copy them\n to another directory with this command:\n ```\n-$ find r-${today}-data -name '*.dot' -exec cp {} dest \\;\n+$ find r-${today}-data -name '*.dot.png' -exec cp {} dest \\;\n ```\n \n ### Wiki Page Rendering ###\n \n To render pathway-free wiki pages for all reachable molecules, run this command:\n ```\n-$ sbt \"runMain act.installer.reachablesexplorer.FreemarkerRenderer  -o wiki_pages -r reachables_${r_date} -i jarvis_2017-01-11 --no-pathways\n+$ sbt \"runMain act.installer.reachablesexplorer.FreemarkerRenderer -o wiki_pages --pathways pathways_jarvis_${today} -r reachables_${today} -i jarvis_2017-01-11 --no-pathways\n ```\n+Note that we specify a pathways collection here to make sure that no molecules are opportunistically loaded into the reachables collection from stale pathways.\n \n You can later specify specific pages to re-render with pathways and sequence designs (we'll get to designs in a moment):\n ```\n-$ sbt \"runMain act.installer.reachablesexplorer.FreemarkerRenderer  -o wiki_pages_custom -r reachables_${r_date} -i jarvis_2017-01-11 -m MWOOGOJBHIARFG-UHFFFAOYSA-N\n+$ sbt \"runMain act.installer.reachablesexplorer.FreemarkerRenderer -o wiki_pages_custom --pathways pathways_jarvis_${today} -r reachables_${today} -i jarvis_2017-01-11 -m MWOOGOJBHIARFG-UHFFFAOYSA-N\n ```\n \n Once the pages are generated, follow the upload and import instructions below.\n \n ### Building DNA Designs ###\n \n-There is currently no way to produce DNA designs for only one molecule at a time.  This section will be updated once that is possible.\n+To produce DNA designs for just a few molcules, run the following:\n+```\n+$ inchi_key=<inchi key>\n+$ sbt \"runMain org.twentyn.proteintodna.ProteinToDNADriver -c pathways_jarvis_${today} -d pathways_jarvis_w_designs_${today} -e designs_jarvis_${today} -m $inchi_key\"\n+```\n+Then render just the pages for the molecules you're interested using the command above, like this:\n+```\n+$ sbt \"runMain act.installer.reachablesexplorer.FreemarkerRenderer -o wiki_pages_custom --pathways pathways_jarvis_w_designs_${today} -r reachables_${today} -i jarvis_2017-01-11 -m $inchi_key\n+```\n+\n \n ## 2. New Wiki Instance Setup Steps ##\n "], "edit": ["-      model.put(\"hideCascades\", true);", "+      model.put(\"hidePathways\", true);", "-      model.put(\"orderLink\", String.format(\"%s?%s=%s\", ORDER_PATH, ORDER_INCHI_KEY_PARAM, r.getInchiKey()));", "+      model.put(\"orderLink\", String.format(\"{{SERVER}}/%s?%s=%s\", ORDER_PATH, ORDER_INCHI_KEY_PARAM, r.getInchiKey()));", "-            \"for InChI compatibility.  Molecules ust exist in chemical source DB if InChI or InChI Key is used.\")", "+            \"for InChI compatibility.  Molecules must exist in chemical source DB if InChI or InChI Key is used.\")", "-<#if hideCascades??>", "+<#if hidePathways??>", "-    \"write\": \"drknow_2017-01-11\"", "+    \"write\": \"drknow_20170111\"", "-    \"read\": \"drknow_2017-01-11\",", "-    \"write\": \"synapse_2017-01-11\"", "+    \"read\": \"drknow_20170111\",", "+    \"write\": \"synapse_20170111\"", "-    \"read\": \"synapse_2017-01-11\",", "-    \"write\": \"jarvis_2017-01-11\"", "+    \"read\": \"synapse_20170111\",", "+    \"write\": \"jarvis_20170111\"", "-$ today=`date +%Y-%m-%d`;", "-$ dirName=\"computed-$today\";", "+$ today=`date +%Y%m%d`;", "+$ dirName=\"reachables-$today\";", "-You should now have `r-${today}.reachables.txt` and `r-${today}-data` in your `computed-$today` directory.  We'll", "+You should now have `r-${today}.reachables.txt` and `r-${today}-data` in your `reachables-$today` directory.  We'll", "-$ sbt 'runMain act.installer.reachablesexplorer.WordCloudGenerator -l r-${today}.reachables.just_inchis.txt -r /usr/bin/Rscript'", "+$ sbt \"runMain act.installer.reachablesexplorer.WordCloudGenerator -l r-${today}.reachables.just_inchis.txt -r /usr/bin/Rscript\"", "-$ r_date=$(date +\"%Y%m%d\")", "-$ db_date=\"2017-01-11\"", "-$ sbt \"runMain act.installer.reachablesexplorer.Loader -c reachables_${r_date} -i jarvis_${db_date} -r $dirName -s sequences_${c_date} -P /mnt/shared-data/Gil/L4N2pubchem/n1_inchis/projectedReactions\"", "+$ sbt \"runMain act.installer.reachablesexplorer.Loader -c reachables_${today} -i jarvis_${today} -r $dirName -s sequences_${today} -P /mnt/shared-data/Gil/L4N2pubchem/n1_inchis/projectedReactions\"", "-$ sbt 'runMain act.installer.reachablesexplorer.PatentFinder -c reachables_${r_date}'", "+$ sbt \"runMain act.installer.reachablesexplorer.PatentFinder -c reachables_${today}\"", "-$ find r-${today}-data -name '*.dot' -exec cp {} dest \\;", "+$ find r-${today}-data -name '*.dot.png' -exec cp {} dest \\;", "-$ sbt \"runMain act.installer.reachablesexplorer.FreemarkerRenderer  -o wiki_pages -r reachables_${r_date} -i jarvis_2017-01-11 --no-pathways", "+$ sbt \"runMain act.installer.reachablesexplorer.FreemarkerRenderer -o wiki_pages --pathways pathways_jarvis_${today} -r reachables_${today} -i jarvis_2017-01-11 --no-pathways", "+Note that we specify a pathways collection here to make sure that no molecules are opportunistically loaded into the reachables collection from stale pathways.", "-$ sbt \"runMain act.installer.reachablesexplorer.FreemarkerRenderer  -o wiki_pages_custom -r reachables_${r_date} -i jarvis_2017-01-11 -m MWOOGOJBHIARFG-UHFFFAOYSA-N", "+$ sbt \"runMain act.installer.reachablesexplorer.FreemarkerRenderer -o wiki_pages_custom --pathways pathways_jarvis_${today} -r reachables_${today} -i jarvis_2017-01-11 -m MWOOGOJBHIARFG-UHFFFAOYSA-N", "-There is currently no way to produce DNA designs for only one molecule at a time.  This section will be updated once that is possible.", "+To produce DNA designs for just a few molcules, run the following:", "+```", "+$ inchi_key=<inchi key>", "+$ sbt \"runMain org.twentyn.proteintodna.ProteinToDNADriver -c pathways_jarvis_${today} -d pathways_jarvis_w_designs_${today} -e designs_jarvis_${today} -m $inchi_key\"", "+```", "+Then render just the pages for the molecules you're interested using the command above, like this:", "+```", "+$ sbt \"runMain act.installer.reachablesexplorer.FreemarkerRenderer -o wiki_pages_custom --pathways pathways_jarvis_w_designs_${today} -r reachables_${today} -i jarvis_2017-01-11 -m $inchi_key", "+```", "+"], "url": ["https://api.github.com/repos/20n/act/commits/a67937cf52de1569687e3da30e3b3e5c1f7d71fa"]}