{"new_feature": "63,2,0,129,1,1.00", "commitmessage": "Configuracao inicial do Spring Security", "patch": ["@@ -62,6 +62,17 @@\n \t\t\t<artifactId>spring-boot-starter-mail</artifactId>\n \t\t</dependency>\n \n+\t\t<dependency>\n+\t\t\t<groupId>org.springframework.boot</groupId>\n+\t\t\t<artifactId>spring-boot-starter-security</artifactId>\n+\t\t</dependency>\n+\n+\t\t<dependency>\n+\t\t\t<groupId>io.jsonwebtoken</groupId>\n+\t\t\t<artifactId>jjwt</artifactId>\n+\t\t\t<version>0.7.0</version>\n+\t\t</dependency>\n+\n \t</dependencies>\n \n \t<build>", "@@ -0,0 +1,55 @@\n+package com.nelioalves.cursomc.config;\n+\n+import java.util.Arrays;\n+\n+import org.springframework.beans.factory.annotation.Autowired;\n+import org.springframework.context.annotation.Bean;\n+import org.springframework.context.annotation.Configuration;\n+import org.springframework.core.env.Environment;\n+import org.springframework.http.HttpMethod;\n+import org.springframework.security.config.annotation.web.builders.HttpSecurity;\n+import org.springframework.security.config.annotation.web.configuration.EnableWebSecurity;\n+import org.springframework.security.config.annotation.web.configuration.WebSecurityConfigurerAdapter;\n+import org.springframework.security.config.http.SessionCreationPolicy;\n+import org.springframework.web.cors.CorsConfiguration;\n+import org.springframework.web.cors.CorsConfigurationSource;\n+import org.springframework.web.cors.UrlBasedCorsConfigurationSource;\n+\n+@Configuration\n+@EnableWebSecurity\n+public class SecurityConfig extends WebSecurityConfigurerAdapter {\n+\n+\t@Autowired\n+    private Environment env;\n+\t\n+\tprivate static final String[] PUBLIC_MATCHERS = {\n+\t\t\t\"/h2-console/**\"\n+\t};\n+\n+\tprivate static final String[] PUBLIC_MATCHERS_GET = {\n+\t\t\t\"/produtos/**\",\n+\t\t\t\"/categorias/**\"\n+\t};\n+\n+\t@Override\n+\tprotected void configure(HttpSecurity http) throws Exception {\n+\t\t\n+\t\tif (Arrays.asList(env.getActiveProfiles()).contains(\"test\")) {\n+            http.headers().frameOptions().disable();\n+        }\n+\t\t\n+\t\thttp.cors().and().csrf().disable();\n+\t\thttp.authorizeRequests()\n+\t\t\t.antMatchers(HttpMethod.GET, PUBLIC_MATCHERS_GET).permitAll()\n+\t\t\t.antMatchers(PUBLIC_MATCHERS).permitAll()\n+\t\t\t.anyRequest().authenticated();\n+\t\thttp.sessionManagement().sessionCreationPolicy(SessionCreationPolicy.STATELESS);\n+\t}\n+\t\n+\t@Bean\n+\tCorsConfigurationSource corsConfigurationSource() {\n+\t\tfinal UrlBasedCorsConfigurationSource source = new UrlBasedCorsConfigurationSource();\n+\t\tsource.registerCorsConfiguration(\"/**\", new CorsConfiguration().applyPermitDefaultValues());\n+\t\treturn source;\n+\t}\n+}", "@@ -1,4 +1,4 @@\n-spring.profiles.active=dev\n+spring.profiles.active=test\n \n default.sender=nelio.cursos@gmail.com\n default.recipient=nelio.cursos@gmail.com"], "edit": ["+\t\t<dependency>", "+\t\t\t<groupId>org.springframework.boot</groupId>", "+\t\t\t<artifactId>spring-boot-starter-security</artifactId>", "+\t\t</dependency>", "+", "+\t\t<dependency>", "+\t\t\t<groupId>io.jsonwebtoken</groupId>", "+\t\t\t<artifactId>jjwt</artifactId>", "+\t\t\t<version>0.7.0</version>", "+\t\t</dependency>", "+", "+package com.nelioalves.cursomc.config;", "+", "+import java.util.Arrays;", "+", "+import org.springframework.beans.factory.annotation.Autowired;", "+import org.springframework.context.annotation.Bean;", "+import org.springframework.context.annotation.Configuration;", "+import org.springframework.core.env.Environment;", "+import org.springframework.http.HttpMethod;", "+import org.springframework.security.config.annotation.web.builders.HttpSecurity;", "+import org.springframework.security.config.annotation.web.configuration.EnableWebSecurity;", "+import org.springframework.security.config.annotation.web.configuration.WebSecurityConfigurerAdapter;", "+import org.springframework.security.config.http.SessionCreationPolicy;", "+import org.springframework.web.cors.CorsConfiguration;", "+import org.springframework.web.cors.CorsConfigurationSource;", "+import org.springframework.web.cors.UrlBasedCorsConfigurationSource;", "+", "+@Configuration", "+@EnableWebSecurity", "+public class SecurityConfig extends WebSecurityConfigurerAdapter {", "+", "+\t@Autowired", "+    private Environment env;", "+", "+\tprivate static final String[] PUBLIC_MATCHERS = {", "+\t\t\t\"/h2-console/**\"", "+\t};", "+", "+\tprivate static final String[] PUBLIC_MATCHERS_GET = {", "+\t\t\t\"/produtos/**\",", "+\t\t\t\"/categorias/**\"", "+\t};", "+", "+\t@Override", "+\tprotected void configure(HttpSecurity http) throws Exception {", "+", "+\t\tif (Arrays.asList(env.getActiveProfiles()).contains(\"test\")) {", "+            http.headers().frameOptions().disable();", "+        }", "+", "+\t\thttp.cors().and().csrf().disable();", "+\t\thttp.authorizeRequests()", "+\t\t\t.antMatchers(HttpMethod.GET, PUBLIC_MATCHERS_GET).permitAll()", "+\t\t\t.antMatchers(PUBLIC_MATCHERS).permitAll()", "+\t\t\t.anyRequest().authenticated();", "+\t\thttp.sessionManagement().sessionCreationPolicy(SessionCreationPolicy.STATELESS);", "+\t}", "+", "+\t@Bean", "+\tCorsConfigurationSource corsConfigurationSource() {", "+\t\tfinal UrlBasedCorsConfigurationSource source = new UrlBasedCorsConfigurationSource();", "+\t\tsource.registerCorsConfiguration(\"/**\", new CorsConfiguration().applyPermitDefaultValues());", "+\t\treturn source;", "+\t}", "+}", "-spring.profiles.active=dev", "+spring.profiles.active=test"], "url": ["https://api.github.com/repos/acenelio/springboot2-ionic-backend/commits/a6a9643b33efccc59d43ebf541f5fe5daae9bc59"]}