{"new_feature": "3619,54,46,449,30,0.00", "commitmessage": "Fix for HandlebarsJs Processor generating null template names as\ndocumented in issue 484\n(http://code.google.com/p/wro4j/issues/detail?id=484)", "patch": ["@@ -3,8 +3,11 @@\n  */\n package ro.isdc.wro.extensions.processor.js;\n \n+import org.apache.commons.io.FilenameUtils;\n+\n import ro.isdc.wro.extensions.processor.support.handlebarsjs.HandlebarsJs;\n import ro.isdc.wro.extensions.processor.support.template.AbstractJsTemplateCompiler;\n+import ro.isdc.wro.model.resource.Resource;\n import ro.isdc.wro.model.resource.ResourceType;\n import ro.isdc.wro.model.resource.SupportedResourceType;\n \n@@ -28,4 +31,10 @@\n   protected AbstractJsTemplateCompiler createCompiler() {\n     return new HandlebarsJs();\n   }\n+\n+  @Override\n+  protected String getArgument(Resource resource) {\n+    final String name = resource == null ? \"\" : FilenameUtils.getBaseName(resource.getUri());\n+    return String.format(\"'%s'\", name);\n+  }\n }", "@@ -24,8 +24,8 @@\n   @Override\n   public String compile(final String content, final String name) {\n \n-    return HANDLEBARS_JS_TEMPLATES_INIT + \"templates['\" + name + \"'] = template(\"\n-        + super.compile(content, name) + \" ); })();\";\n+    return HANDLEBARS_JS_TEMPLATES_INIT + \"templates[\" + name + \"] = template(\"\n+        + super.compile(content, \"\") + \" ); })();\";\n   }\n \n   @Override", "@@ -1,4 +1,4 @@\n-(function() { var template = Handlebars.template, templates = Handlebars.templates = Handlebars.templates || {};templates['null'] = template(function (Handlebars,depth0,helpers,partials,data) {\n+(function() { var template = Handlebars.template, templates = Handlebars.templates = Handlebars.templates || {};templates['todoApp'] = template(function (Handlebars,depth0,helpers,partials,data) {\n   helpers = helpers || Handlebars.helpers;\n   var foundHelper, self=this;\n ", "@@ -1,4 +1,4 @@\n-(function() { var template = Handlebars.template, templates = Handlebars.templates = Handlebars.templates || {};templates['null'] = template(function (Handlebars,depth0,helpers,partials,data) {\n+(function() { var template = Handlebars.template, templates = Handlebars.templates = Handlebars.templates || {};templates['todoItem'] = template(function (Handlebars,depth0,helpers,partials,data) {\n   helpers = helpers || Handlebars.helpers;\n   var buffer = \"\", stack1, foundHelper, tmp1, self=this, functionType=\"function\", blockHelperMissing=helpers.blockHelperMissing, helperMissing=helpers.helperMissing, undef=void 0, escapeExpression=this.escapeExpression;\n ", "@@ -1,4 +1,4 @@\n-(function() { var template = Handlebars.template, templates = Handlebars.templates = Handlebars.templates || {};templates['null'] = template(function (Handlebars,depth0,helpers,partials,data) {\n+(function() { var template = Handlebars.template, templates = Handlebars.templates = Handlebars.templates || {};templates['todoStatus'] = template(function (Handlebars,depth0,helpers,partials,data) {\n   helpers = helpers || Handlebars.helpers;\n   var buffer = \"\", stack1, stack2, foundHelper, tmp1, self=this, functionType=\"function\", helperMissing=helpers.helperMissing, undef=void 0, escapeExpression=this.escapeExpression;\n "], "edit": ["+import org.apache.commons.io.FilenameUtils;", "+", "+import ro.isdc.wro.model.resource.Resource;", "+", "+  @Override", "+  protected String getArgument(Resource resource) {", "+    final String name = resource == null ? \"\" : FilenameUtils.getBaseName(resource.getUri());", "+    return String.format(\"'%s'\", name);", "+  }", "-    return HANDLEBARS_JS_TEMPLATES_INIT + \"templates['\" + name + \"'] = template(\"", "-        + super.compile(content, name) + \" ); })();\";", "+    return HANDLEBARS_JS_TEMPLATES_INIT + \"templates[\" + name + \"] = template(\"", "+        + super.compile(content, \"\") + \" ); })();\";", "-(function() { var template = Handlebars.template, templates = Handlebars.templates = Handlebars.templates || {};templates['null'] = template(function (Handlebars,depth0,helpers,partials,data) {", "+(function() { var template = Handlebars.template, templates = Handlebars.templates = Handlebars.templates || {};templates['todoApp'] = template(function (Handlebars,depth0,helpers,partials,data) {", "-(function() { var template = Handlebars.template, templates = Handlebars.templates = Handlebars.templates || {};templates['null'] = template(function (Handlebars,depth0,helpers,partials,data) {", "+(function() { var template = Handlebars.template, templates = Handlebars.templates = Handlebars.templates || {};templates['todoItem'] = template(function (Handlebars,depth0,helpers,partials,data) {", "-(function() { var template = Handlebars.template, templates = Handlebars.templates = Handlebars.templates || {};templates['null'] = template(function (Handlebars,depth0,helpers,partials,data) {", "+(function() { var template = Handlebars.template, templates = Handlebars.templates = Handlebars.templates || {};templates['todoStatus'] = template(function (Handlebars,depth0,helpers,partials,data) {"], "url": ["https://api.github.com/repos/alexo/wro4j/commits/a6d4b80991c72eb1aa3f01a92892cf3db672899d"]}