{"new_feature": "540,2,25,135,7,0.97", "commitmessage": "minor fix in filter redirect to logon", "patch": ["@@ -22,8 +22,8 @@\n /**\n  * Based on https://github.com/conventions/core/blob/master/src/main/java/org/conventionsframework/filter/ConventionsFilter.java\n  * Created by rafael-pestano on 07/01/17.\n- * <p>\n- * This filter controls when user must be redirected to logon\n+ *\n+ * This filter controls when user must be redirected to logon or index page\n  * and saves current url to redirect back when session expires\n  */\n @WebFilter(urlPatterns = {\"/*\"})\n@@ -142,13 +142,13 @@ private void redirectToLogon(HttpServletRequest request, HttpServletResponse res\n         try {\n             String referer = request.getHeader(\"Referer\");\n             String recoveryUrlParams = \"\";\n-            if (has(referer)) {\n-                if (referer.contains(\"?\")) {\n-                    recoveryUrlParams = referer.substring(referer.lastIndexOf(\"?\") + 1);\n-                }\n+            //get request parameters\n+            if (has(referer) && referer.contains(\"?\")) {\n+                recoveryUrlParams = referer.substring(referer.lastIndexOf(\"?\") + 1);\n             } else {\n                 recoveryUrlParams = request.getQueryString();\n             }\n+            //saves page where user were\n             String requestedPage = request.getRequestURI();\n             StringBuilder recoveryUrl = null;\n             if (!loginPage.equals(requestedPage) && requestedPage.contains(\".\")) {\n@@ -160,7 +160,12 @@ private void redirectToLogon(HttpServletRequest request, HttpServletResponse res\n                     recoveryUrl.append(\"?\").append(recoveryUrlParams);\n                 }\n             }\n-            String redirectUrl = request.getContextPath() + \"/\" + loginPage + (has(recoveryUrl) ? \"?page=\" + URLEncoder.encode(recoveryUrl.toString(), \"UTF-8\") : \"\");\n+            /*\n+             if saved page is not null and is not index page then send user to logon page and save\n+            / previous page in url param named 'page'\n+            */\n+            String redirectUrl = request.getContextPath() + \"/\" + loginPage + (has(recoveryUrl) &&\n+                    !recoveryUrl.toString().contains(indexPage) ? \"?page=\" + URLEncoder.encode(recoveryUrl.toString(), \"UTF-8\") : \"\");\n             if (\"partial/ajax\".equals(request.getHeader(\"Faces-Request\"))) {\n                 //redirect on ajax request: //http://stackoverflow.com/questions/13366936/jsf-filter-not-redirecting-after-initial-redirect\n                 response.setContentType(\"text/xml\");"], "edit": ["- * <p>", "- * This filter controls when user must be redirected to logon", "+ *", "+ * This filter controls when user must be redirected to logon or index page", "-            if (has(referer)) {", "-                if (referer.contains(\"?\")) {", "-                    recoveryUrlParams = referer.substring(referer.lastIndexOf(\"?\") + 1);", "-                }", "+            //get request parameters", "+            if (has(referer) && referer.contains(\"?\")) {", "+                recoveryUrlParams = referer.substring(referer.lastIndexOf(\"?\") + 1);", "+            //saves page where user were", "-            String redirectUrl = request.getContextPath() + \"/\" + loginPage + (has(recoveryUrl) ? \"?page=\" + URLEncoder.encode(recoveryUrl.toString(), \"UTF-8\") : \"\");", "+            /*", "+             if saved page is not null and is not index page then send user to logon page and save", "+            / previous page in url param named 'page'", "+            */", "+            String redirectUrl = request.getContextPath() + \"/\" + loginPage + (has(recoveryUrl) &&", "+                    !recoveryUrl.toString().contains(indexPage) ? \"?page=\" + URLEncoder.encode(recoveryUrl.toString(), \"UTF-8\") : \"\");"], "url": ["https://api.github.com/repos/adminfaces/admin-template/commits/a6f3956f5a868aa0f9c5d5ecf37f49e6bf185ccf"]}