{"new_feature": "3619,54,46,449,30,0.94", "commitmessage": "fix failing test (move remembered set from BuildContextHolder to ResourceChangeHandler)", "patch": ["@@ -5,9 +5,7 @@\n import java.io.FileOutputStream;\n import java.io.IOException;\n import java.io.OutputStream;\n-import java.util.HashSet;\n import java.util.Properties;\n-import java.util.Set;\n \n import org.apache.commons.io.FileUtils;\n import org.apache.commons.io.IOUtils;\n@@ -38,7 +36,6 @@\n   private Properties fallbackStorage;\n   private File fallbackStorageFile;\n   private boolean incrementalBuildEnabled;\n-  private Set<String> isAddesInThisRun = new HashSet<String>();\n \n   /**\n    * @return an instance of {@link BuildContextHolder} which uses temp folder as root location of persisted data.\n@@ -122,7 +119,6 @@ public String getValue(final String key) {\n   public void setValue(final String key, final String value) {\n     LOG.debug(\"storing key: '{}' and value: '{}'\", key, value);\n     if (key != null) {\n-      isAddesInThisRun.add(key);\n       if (buildContext != null) {\n         buildContext.setValue(key, value);\n       }\n@@ -173,8 +169,4 @@ public void persist() {\n       IOUtils.closeQuietly(os);\n     }\n   }\n-\n-  public boolean isAddesInThisRun(String key) {\n-\treturn isAddesInThisRun.contains(key);\n-  }\n }", "@@ -7,7 +7,9 @@\n import java.io.InputStreamReader;\n import java.io.Reader;\n import java.io.StringWriter;\n+import java.util.HashSet;\n import java.util.List;\n+import java.util.Set;\n import java.util.concurrent.atomic.AtomicBoolean;\n \n import org.apache.maven.plugin.logging.Log;\n@@ -50,6 +52,10 @@\n   private BuildContext buildContext;\n   private File buildDirectory;\n   private boolean incrementalBuildEnabled;\n+  /**\n+   * Contains the set of already remembered resources. Used to avoid duplicate hash computation.\n+   */\n+  private final Set<String> rememberedSet = new HashSet<String>();\n \n   /**\n    * Factory method which requires all mandatory fields.\n@@ -120,13 +126,14 @@ public void remember(final Resource resource) {\n     final HashStrategy hashStrategy = manager.getHashStrategy();\n     final UriLocatorFactory locatorFactory = manager.getUriLocatorFactory();\n \n-    if (getBuildContextHolder().isAddesInThisRun(resource.getUri())) {\n+    if (rememberedSet.contains(resource.getUri())) {\n       // only calculate fingerprints and check imports if not already done\n       getLog().debug(\"Resource with uri '\" + resource.getUri() + \"' has already been updated in this run.\");\n     } else {\n       try {\n         final String fingerprint = hashStrategy.getHash(locatorFactory.locate(resource.getUri()));\n         getBuildContextHolder().setValue(resource.getUri(), fingerprint);\n+        rememberedSet.add(resource.getUri());\n         getLog().debug(\"Persist fingerprint for resource '\" + resource.getUri() + \"' : \" + fingerprint);\n         if (resource.getType() == ResourceType.CSS) {\n           final Reader reader = new InputStreamReader(locatorFactory.locate(resource.getUri()));\n@@ -257,6 +264,7 @@ public boolean isIncrementalBuild() {\n    */\n   public void destroy() {\n     getBuildContextHolder().destroy();\n+    rememberedSet.clear();\n   }\n \n   /**\n@@ -269,6 +277,7 @@ public void destroy() {\n   public void forget(final Resource resource) {\n     if (resource != null) {\n       getBuildContextHolder().setValue(resource.getUri(), null);\n+      rememberedSet.remove(resource.getUri());\n     }\n   }\n "], "edit": ["-import java.util.HashSet;", "-import java.util.Set;", "-  private Set<String> isAddesInThisRun = new HashSet<String>();", "-      isAddesInThisRun.add(key);", "-", "-  public boolean isAddesInThisRun(String key) {", "-\treturn isAddesInThisRun.contains(key);", "-  }", "+import java.util.HashSet;", "+import java.util.Set;", "+  /**", "+   * Contains the set of already remembered resources. Used to avoid duplicate hash computation.", "+   */", "+  private final Set<String> rememberedSet = new HashSet<String>();", "-    if (getBuildContextHolder().isAddesInThisRun(resource.getUri())) {", "+    if (rememberedSet.contains(resource.getUri())) {", "+        rememberedSet.add(resource.getUri());", "+    rememberedSet.clear();", "+      rememberedSet.remove(resource.getUri());"], "url": ["https://api.github.com/repos/alexo/wro4j/commits/a794ef64b6753bec5e245efdc8d37f75c2e5096d"]}