{"new_feature": "23,1,0,77,1,1.00", "commitmessage": "fixed download order.", "patch": ["@@ -5,8 +5,8 @@\n import java.nio.file.Path;\n import java.nio.file.Paths;\n import java.util.Arrays;\n+import java.util.List;\n import java.util.Scanner;\n-import java.util.Set;\n import java.util.stream.Collectors;\n \n public class App {\n@@ -15,24 +15,24 @@ public static void main(String[] args) {\n \t\ttry {\n \t\t\tif (args.length != 0) {\n \t\t\t\tPath urlPath = Paths.get(args[0]);\n-\t\t\t\tSet<String> urls = Files.readAllLines(urlPath, StandardCharsets.UTF_8)\n+\t\t\t\tList<String> urls = Files.readAllLines(urlPath, StandardCharsets.UTF_8)\n \t\t\t\t\t\t\t\t\t\t.stream()\n \t\t\t\t\t\t\t\t\t\t.map(s -> s.split(\"[,;\\\\s]\"))\n \t\t\t\t\t\t\t\t\t\t.flatMap(Arrays::stream)\n \t\t\t\t\t\t\t\t\t\t.filter(App::isNotEmpty)\n-\t\t\t\t\t\t\t\t\t\t.collect(Collectors.toSet());\n+\t\t\t\t\t\t\t\t\t\t.distinct()\n+\t\t\t\t\t\t\t\t\t\t.collect(Collectors.toList());\n \t\t\t\tif (urls.size() > 0) {\n \t\t\t\t\tSystem.out.println(\"\\n\\n\\n\\tunique_count: \" + urls.size());\n-\t\t\t\t\tString result = readLine(\"\\n\\t\u4e0b\u8f7d\u5230: \");\n+\t\t\t\t\tString result = readLine(\"\\n\\tsave to: \");\n \t\t\t\t\tPath directory = null;\n \t\t\t\t\t\n \t\t\t\t\tif (isEmpty(result)) {\n \t\t\t\t\t\tdirectory = urlPath.getParent();\n \t\t\t\t\t} else directory = Paths.get(result);\n \t\t\t\t\t\n-\t\t\t\t\tif (Files.notExists(directory)) {\n-\t\t\t\t\t\tif (Files.notExists(directory)) Files.createDirectories(directory);\n-\t\t\t\t\t}\n+\t\t\t\t\tif (Files.notExists(directory)) Files.createDirectories(directory);\n+\t\t\t\t\t\n \t\t\t\t\tString folder = directory.toString();\n \t\t\t\t\turls.forEach(url -> {\n \t\t\t\t\t\tTinyDownloader.add(url, folder);", "@@ -314,17 +314,14 @@ static State download(DownloadTask task) {\n \t * <b>Author:</b> abeholder\n \t */\n \tprivate static boolean existFile(String filepath) throws IOException {\n-\t\t// \u68c0\u67e5\u5f53\u524d\u6587\u4ef6\u662f\u5426\u5b58\u5728\uff0c\u5982\u679c\u5b58\u5728\u90a3\u4e48\u8df3\u8fc7\n \t\tPath path = Paths.get(filepath);\n-\t\tif (Files.exists(path)) {\n-\t\t\treturn Files.size(path) > 0;\n-\t\t} return false;\n+\t\treturn Files.exists(path) && Files.size(path) > 0;\n \t}\n \n \t/**\n \t * \n \t * <b>Description:</b><br> \n-\t * \u5982\u679c\u8def\u5f84\u4e0d\u5b58\u5728\u90a3\u4e48\u521b\u5efa\n+\t * \u521b\u5efa\u5bf9\u5e94\u7684\u6587\u4ef6\u5939\n \t * @param task\n \t * @throws IOException\n \t * <b>Author:</b> abeholder\n@@ -333,7 +330,8 @@ private static void createDirectories(DownloadTask task) throws IOException {\n \t\tPath directory = Paths.get(task.getPath());\n \t\tif (Files.notExists(directory)) {\n \t\t\tsynchronized (TinyDownloader.class) {\n-\t\t\t\tif (Files.notExists(directory)) Files.createDirectories(directory);\n+\t\t\t\tif (Files.notExists(directory)) \n+\t\t\t\t\tFiles.createDirectories(directory);\n \t\t\t}\n \t\t}\n \t}"], "edit": ["+import java.util.List;", "-import java.util.Set;", "-\t\t\t\tSet<String> urls = Files.readAllLines(urlPath, StandardCharsets.UTF_8)", "+\t\t\t\tList<String> urls = Files.readAllLines(urlPath, StandardCharsets.UTF_8)", "-\t\t\t\t\t\t\t\t\t\t.collect(Collectors.toSet());", "+\t\t\t\t\t\t\t\t\t\t.distinct()", "+\t\t\t\t\t\t\t\t\t\t.collect(Collectors.toList());", "-\t\t\t\t\tString result = readLine(\"\\n\\t\u4e0b\u8f7d\u5230: \");", "+\t\t\t\t\tString result = readLine(\"\\n\\tsave to: \");", "-\t\t\t\t\tif (Files.notExists(directory)) {", "-\t\t\t\t\t\tif (Files.notExists(directory)) Files.createDirectories(directory);", "-\t\t\t\t\t}", "+\t\t\t\t\tif (Files.notExists(directory)) Files.createDirectories(directory);", "+", "-\t\t// \u68c0\u67e5\u5f53\u524d\u6587\u4ef6\u662f\u5426\u5b58\u5728\uff0c\u5982\u679c\u5b58\u5728\u90a3\u4e48\u8df3\u8fc7", "-\t\tif (Files.exists(path)) {", "-\t\t\treturn Files.size(path) > 0;", "-\t\t} return false;", "+\t\treturn Files.exists(path) && Files.size(path) > 0;", "-\t * \u5982\u679c\u8def\u5f84\u4e0d\u5b58\u5728\u90a3\u4e48\u521b\u5efa", "+\t * \u521b\u5efa\u5bf9\u5e94\u7684\u6587\u4ef6\u5939", "-\t\t\t\tif (Files.notExists(directory)) Files.createDirectories(directory);", "+\t\t\t\tif (Files.notExists(directory))", "+\t\t\t\t\tFiles.createDirectories(directory);"], "url": ["https://api.github.com/repos/abedormancy/tinydownloader/commits/a82efc49c046d6e4d50dff6768717db3d7fa87b2"]}