{"new_feature": "49,1,6,71,2,0.98", "commitmessage": "Fix calculate padding of the image view", "patch": ["@@ -78,7 +78,7 @@ public AvatarImageView(Context context, AttributeSet attrs) {\n     @Override\n     protected void onSizeChanged(int w, int h, int oldw, int oldh) {\n         super.onSizeChanged(w, h, oldw, oldh);\n-        mBackgroundBounds.set(0, 0, getWidth(), getHeight());\n+        mBackgroundBounds.set(getPaddingLeft(), getPaddingTop(), getWidth() - getPaddingRight(), getHeight() - getPaddingBottom());\n     }\n \n     @Override", "@@ -94,7 +94,7 @@ protected void onSizeChanged(int w, int h, int oldw, int oldh) {\n         super.onSizeChanged(w, h, oldw, oldh);\n \n         float halfStrokeWidth = mStrokePaint.getStrokeWidth() / 2f;\n-        mBitmapDrawBounds.set(0, 0, getWidth(), getHeight());\n+        mBitmapDrawBounds.set(getPaddingLeft(), getPaddingTop(), getWidth() - getPaddingRight(), getHeight() - getPaddingBottom());\n         mStrokeBounds.set(mBitmapDrawBounds);\n         mStrokeBounds.inset(halfStrokeWidth, halfStrokeWidth);\n \n@@ -153,20 +153,23 @@ private void setupBitmap() {\n     private void updateBitmapSize() {\n         if (mBitmap == null) return;\n \n-        float dx = 0;\n-        float dy = 0;\n+        float dx;\n+        float dy;\n         float scale;\n \n         // scale up/down with respect to this view size and maintain aspect ratio\n+        // translate bitmap position with dx/dy to the center of the image\n         if (mBitmap.getWidth() < mBitmap.getHeight()) {\n-            scale = (float)getWidth() / (float)mBitmap.getWidth();\n-            dy = (mBitmap.getHeight() * scale) * 0.5f - (getHeight() * 0.5f);\n+            scale = mBitmapDrawBounds.width() / (float)mBitmap.getWidth();\n+            dx = getPaddingLeft();\n+            dy = getPaddingTop() - (mBitmap.getHeight() * scale / 2f) + (mBitmapDrawBounds.width() / 2f);\n         } else {\n-            scale = (float)getHeight() / (float)mBitmap.getHeight();\n-            dx = (mBitmap.getWidth() * scale) * 0.5f - (getWidth() * 0.5f);\n+            scale = mBitmapDrawBounds.height() / (float)mBitmap.getHeight();\n+            dx = getPaddingLeft() - (mBitmap.getWidth() * scale / 2f) + (mBitmapDrawBounds.width() / 2f);\n+            dy = getPaddingTop();\n         }\n         mShaderMatrix.setScale(scale, scale);\n-        mShaderMatrix.postTranslate(-dx, -dy);\n+        mShaderMatrix.postTranslate(dx, dy);\n         mBitmapShader.setLocalMatrix(mShaderMatrix);\n     }\n "], "edit": ["-        mBackgroundBounds.set(0, 0, getWidth(), getHeight());", "+        mBackgroundBounds.set(getPaddingLeft(), getPaddingTop(), getWidth() - getPaddingRight(), getHeight() - getPaddingBottom());", "-        mBitmapDrawBounds.set(0, 0, getWidth(), getHeight());", "+        mBitmapDrawBounds.set(getPaddingLeft(), getPaddingTop(), getWidth() - getPaddingRight(), getHeight() - getPaddingBottom());", "-        float dx = 0;", "-        float dy = 0;", "+        float dx;", "+        float dy;", "+        // translate bitmap position with dx/dy to the center of the image", "-            scale = (float)getWidth() / (float)mBitmap.getWidth();", "-            dy = (mBitmap.getHeight() * scale) * 0.5f - (getHeight() * 0.5f);", "+            scale = mBitmapDrawBounds.width() / (float)mBitmap.getWidth();", "+            dx = getPaddingLeft();", "+            dy = getPaddingTop() - (mBitmap.getHeight() * scale / 2f) + (mBitmapDrawBounds.width() / 2f);", "-            scale = (float)getHeight() / (float)mBitmap.getHeight();", "-            dx = (mBitmap.getWidth() * scale) * 0.5f - (getWidth() * 0.5f);", "+            scale = mBitmapDrawBounds.height() / (float)mBitmap.getHeight();", "+            dx = getPaddingLeft() - (mBitmap.getWidth() * scale / 2f) + (mBitmapDrawBounds.width() / 2f);", "+            dy = getPaddingTop();", "-        mShaderMatrix.postTranslate(-dx, -dy);", "+        mShaderMatrix.postTranslate(dx, dy);"], "url": ["https://api.github.com/repos/abdularis/CircularImageView/commits/a8bb2e9b363f3b405bd503822efefd2809e7acd5"]}