{"new_feature": "2276,1,0,88,30,0.06", "commitmessage": "fix regression - service not loading correctly on startup", "patch": ["@@ -81,7 +81,7 @@\n import com.SecUpwN.AIMSICD.utils.Cell;\n import com.SecUpwN.AIMSICD.utils.GeoLocation;\n \n-public class AimsicdService extends Service implements OnSharedPreferenceChangeListener {\n+public class AimsicdService extends Service {\n \n     private final String TAG = \"AIMSICD_Service\";\n \n@@ -97,7 +97,6 @@\n     private final Handler timerHandler = new Handler();\n     private Context mContext;\n \n-    private SharedPreferences prefs;\n     private CellTracker mCellTracker;\n     private AccelerometerMonitor mAccelerometerMonitor;\n     private LocationTracker mLocationTracker;\n@@ -134,13 +133,6 @@ public void run() {\n         mRilExecutor = new RilExecutor(this);\n         mCellTracker = new CellTracker(this);\n \n-        prefs = this.getSharedPreferences(\n-                AimsicdService.SHARED_PREFERENCES_BASENAME, 0);\n-        prefs.registerOnSharedPreferenceChangeListener(this);\n-//        loadPreferences();\n-//\n-//        setNotification();\n-\n         //Register receiver for Silent SMS Interception Notification\n         mContext.registerReceiver(mMessageReceiver, new IntentFilter(SILENT_SMS));\n \n@@ -155,7 +147,6 @@ public int onStartCommand(Intent intent, int flags, int startId) {\n     @Override\n     public void onDestroy() {\n         super.onDestroy();\n-        prefs.unregisterOnSharedPreferenceChangeListener(this);\n         mCellTracker.cancelNotification();\n         dbHelper.close();\n         mContext.unregisterReceiver(mMessageReceiver);", "@@ -52,7 +52,7 @@\n /**\n  * Class to handle tracking of cell information\n  */\n-public class CellTracker {\n+public class CellTracker implements SharedPreferences.OnSharedPreferenceChangeListener {\n     public static final String TAG = \"CellTracker\";\n     public static String OCID_API_KEY = \"NA\";\n     private final int NOTIFICATION_ID = 1;\n@@ -91,6 +91,10 @@\n         tm = (TelephonyManager) context.getSystemService(Context.TELEPHONY_SERVICE);\n         prefs = context.getSharedPreferences(\n                 AimsicdService.SHARED_PREFERENCES_BASENAME, 0);\n+        prefs.registerOnSharedPreferenceChangeListener(this);\n+        loadPreferences();\n+        setNotification();\n+\n \n         PHONE_TYPE = tm.getPhoneType();\n \n@@ -152,6 +156,7 @@ public boolean isTrackingFemtocell() {\n \n     public void stop() {\n         tm.listen(mCellSignalListener, PhoneStateListener.LISTEN_NONE);\n+        prefs.unregisterOnSharedPreferenceChangeListener(this);\n     }\n \n     /**"], "edit": ["-public class AimsicdService extends Service implements OnSharedPreferenceChangeListener {", "+public class AimsicdService extends Service {", "-    private SharedPreferences prefs;", "-        prefs = this.getSharedPreferences(", "-                AimsicdService.SHARED_PREFERENCES_BASENAME, 0);", "-        prefs.registerOnSharedPreferenceChangeListener(this);", "-//        loadPreferences();", "-//", "-//        setNotification();", "-", "-        prefs.unregisterOnSharedPreferenceChangeListener(this);", "-public class CellTracker {", "+public class CellTracker implements SharedPreferences.OnSharedPreferenceChangeListener {", "+        prefs.registerOnSharedPreferenceChangeListener(this);", "+        loadPreferences();", "+        setNotification();", "+", "+        prefs.unregisterOnSharedPreferenceChangeListener(this);"], "url": ["https://api.github.com/repos/5GSD/AIMSICDL/commits/ab9a549893f5df303b11e236c56845332fc4eabf"]}