{"new_feature": "1577,1,17,193,30,0.71", "commitmessage": "Reduced the artist image loading timeout, this should fix album images not showing up when being on slow network.", "patch": ["@@ -12,8 +12,12 @@\n import com.kabouzeid.gramophone.util.MusicUtil;\n import com.kabouzeid.gramophone.util.Util;\n \n+import java.io.IOException;\n import java.io.InputStream;\n \n+import hugo.weaving.DebugLog;\n+import retrofit.Response;\n+\n /**\n  * @author Karim Abou Zeid (kabouzeid)\n  */\n@@ -27,6 +31,7 @@\n     private final int height;\n     private volatile boolean isCancelled;\n     private DataFetcher<InputStream> urlFetcher;\n+    private InputStream inputStream;\n \n     public ArtistImageFetcher(Context context, LastFMRestClient lastFMRestClient, ArtistImage model, ModelLoader<GlideUrl, InputStream> urlLoader, int width, int height) {\n         this.context = context;\n@@ -45,12 +50,21 @@ public String getId() {\n     @Override\n     public InputStream loadData(Priority priority) throws Exception {\n         if (!MusicUtil.isArtistNameUnknown(model.artistName) && Util.isAllowedToAutoDownload(context)) {\n-            LastFmArtist lastFmArtist = lastFMRestClient.getApiService().getArtistInfo(model.artistName, model.skipOkHttpCache ? \"no-cache\" : null).execute().body();\n+            Response<LastFmArtist> response = lastFMRestClient.getApiService().getArtistInfo(model.artistName, model.skipOkHttpCache ? \"no-cache\" : null).execute();\n+\n+            if (!response.isSuccess()) {\n+                throw new IOException(\"Request failed with code: \" + response.code());\n+            }\n+\n+            LastFmArtist lastFmArtist = response.body();\n \n             if (isCancelled) return null;\n \n-            urlFetcher = urlLoader.getResourceFetcher(new GlideUrl(LastFMUtil.getLargestArtistImageUrl(lastFmArtist.getArtist().getImage())), width, height);\n-            return urlFetcher.loadData(priority);\n+            GlideUrl url = new GlideUrl(LastFMUtil.getLargestArtistImageUrl(lastFmArtist.getArtist().getImage()));\n+            urlFetcher = urlLoader.getResourceFetcher(url, width, height);\n+            inputStream = urlFetcher.loadData(priority);\n+\n+            return inputStream;\n         }\n         return null;\n     }\n@@ -62,11 +76,19 @@ public void cleanup() {\n         }\n     }\n \n+    @DebugLog\n     @Override\n     public void cancel() {\n         isCancelled = true;\n         if (urlFetcher != null) {\n             urlFetcher.cancel();\n         }\n+        if (inputStream != null) {\n+            try {\n+                inputStream.close();\n+            } catch (Throwable t) {\n+                t.printStackTrace();\n+            }\n+        }\n     }\n }", "@@ -10,8 +10,10 @@\n import com.bumptech.glide.load.model.ModelLoaderFactory;\n import com.bumptech.glide.load.model.stream.StreamModelLoader;\n import com.kabouzeid.gramophone.lastfm.rest.LastFMRestClient;\n+import com.squareup.okhttp.OkHttpClient;\n \n import java.io.InputStream;\n+import java.util.concurrent.TimeUnit;\n \n /**\n  * @author Karim Abou Zeid (kabouzeid)\n@@ -38,8 +40,14 @@ public ArtistImageLoader(Context context, LastFMRestClient lastFMRestClient, Mod\n         private OkHttpUrlLoader.Factory okHttpFactory;\n \n         public Factory(Context context) {\n-            okHttpFactory = new OkHttpUrlLoader.Factory();\n-            lastFMClient = new LastFMRestClient(context);\n+            // we need these very low values to make sure our artist image loading calls doesn't block the image loading queue\n+            OkHttpClient okHttpClient = new OkHttpClient();\n+            okHttpClient.setConnectTimeout(500, TimeUnit.MILLISECONDS);\n+            okHttpClient.setReadTimeout(500, TimeUnit.MILLISECONDS);\n+            okHttpClient.setWriteTimeout(500, TimeUnit.MILLISECONDS);\n+\n+            okHttpFactory = new OkHttpUrlLoader.Factory(okHttpClient);\n+            lastFMClient = new LastFMRestClient(context, okHttpClient);\n         }\n \n         @Override", "@@ -25,8 +25,10 @@\n     private LastFMService apiService;\n \n     public LastFMRestClient(@NonNull Context context) {\n-        OkHttpClient okHttpClient = new OkHttpClient();\n+        this(context, new OkHttpClient());\n+    }\n \n+    public LastFMRestClient(@NonNull Context context, @NonNull OkHttpClient okHttpClient) {\n         File cacheDir = new File(context.getCacheDir().getAbsolutePath(), \"/okhttp-lastfm/\");\n         if (cacheDir.mkdirs() || cacheDir.isDirectory()) {\n             okHttpClient.setCache(new Cache(cacheDir, 1024 * 1024 * 10));", "@@ -265,21 +265,19 @@ private void setUpArtistImageAndApplyPalette(final boolean forceDownload) {\n                 .override(Target.SIZE_ORIGINAL, Target.SIZE_ORIGINAL)\n                 .listener(new RequestListener<ArtistImage, BitmapPaletteWrapper>() {\n                     @Override\n-                    public boolean onException(Exception e, ArtistImage model, Target<BitmapPaletteWrapper> target, boolean isFirstResource) {\n-                        toastUpdatedArtistImageIfDownloadWasForced();\n+                    public boolean onException(@Nullable Exception e, ArtistImage model, Target<BitmapPaletteWrapper> target, boolean isFirstResource) {\n+                        if (forceDownload) {\n+                            Toast.makeText(ArtistDetailActivity.this, e != null ? e.getClass().getSimpleName() : \"Error\", Toast.LENGTH_SHORT).show();\n+                        }\n                         return false;\n                     }\n \n                     @Override\n                     public boolean onResourceReady(BitmapPaletteWrapper resource, ArtistImage model, Target<BitmapPaletteWrapper> target, boolean isFromMemoryCache, boolean isFirstResource) {\n-                        toastUpdatedArtistImageIfDownloadWasForced();\n-                        return false;\n-                    }\n-\n-                    private void toastUpdatedArtistImageIfDownloadWasForced() {\n                         if (forceDownload) {\n                             Toast.makeText(ArtistDetailActivity.this, getString(R.string.updated_artist_image), Toast.LENGTH_SHORT).show();\n                         }\n+                        return false;\n                     }\n                 })\n                 .into(new PhonographColoredTarget(artistImage) {"], "edit": ["+import java.io.IOException;", "+import hugo.weaving.DebugLog;", "+import retrofit.Response;", "+", "+    private InputStream inputStream;", "-            LastFmArtist lastFmArtist = lastFMRestClient.getApiService().getArtistInfo(model.artistName, model.skipOkHttpCache ? \"no-cache\" : null).execute().body();", "+            Response<LastFmArtist> response = lastFMRestClient.getApiService().getArtistInfo(model.artistName, model.skipOkHttpCache ? \"no-cache\" : null).execute();", "+", "+            if (!response.isSuccess()) {", "+                throw new IOException(\"Request failed with code: \" + response.code());", "+            }", "+", "+            LastFmArtist lastFmArtist = response.body();", "-            urlFetcher = urlLoader.getResourceFetcher(new GlideUrl(LastFMUtil.getLargestArtistImageUrl(lastFmArtist.getArtist().getImage())), width, height);", "-            return urlFetcher.loadData(priority);", "+            GlideUrl url = new GlideUrl(LastFMUtil.getLargestArtistImageUrl(lastFmArtist.getArtist().getImage()));", "+            urlFetcher = urlLoader.getResourceFetcher(url, width, height);", "+            inputStream = urlFetcher.loadData(priority);", "+", "+            return inputStream;", "+    @DebugLog", "+        if (inputStream != null) {", "+            try {", "+                inputStream.close();", "+            } catch (Throwable t) {", "+                t.printStackTrace();", "+            }", "+        }", "+import com.squareup.okhttp.OkHttpClient;", "+import java.util.concurrent.TimeUnit;", "-            okHttpFactory = new OkHttpUrlLoader.Factory();", "-            lastFMClient = new LastFMRestClient(context);", "+            // we need these very low values to make sure our artist image loading calls doesn't block the image loading queue", "+            OkHttpClient okHttpClient = new OkHttpClient();", "+            okHttpClient.setConnectTimeout(500, TimeUnit.MILLISECONDS);", "+            okHttpClient.setReadTimeout(500, TimeUnit.MILLISECONDS);", "+            okHttpClient.setWriteTimeout(500, TimeUnit.MILLISECONDS);", "+", "+            okHttpFactory = new OkHttpUrlLoader.Factory(okHttpClient);", "+            lastFMClient = new LastFMRestClient(context, okHttpClient);", "-        OkHttpClient okHttpClient = new OkHttpClient();", "+        this(context, new OkHttpClient());", "+    }", "+    public LastFMRestClient(@NonNull Context context, @NonNull OkHttpClient okHttpClient) {", "-                    public boolean onException(Exception e, ArtistImage model, Target<BitmapPaletteWrapper> target, boolean isFirstResource) {", "-                        toastUpdatedArtistImageIfDownloadWasForced();", "+                    public boolean onException(@Nullable Exception e, ArtistImage model, Target<BitmapPaletteWrapper> target, boolean isFirstResource) {", "+                        if (forceDownload) {", "+                            Toast.makeText(ArtistDetailActivity.this, e != null ? e.getClass().getSimpleName() : \"Error\", Toast.LENGTH_SHORT).show();", "+                        }", "-                        toastUpdatedArtistImageIfDownloadWasForced();", "-                        return false;", "-                    }", "-", "-                    private void toastUpdatedArtistImageIfDownloadWasForced() {", "+                        return false;"], "url": ["https://api.github.com/repos/AdrienPoupa/VinylMusicPlayer/commits/abebf06a273c46df124db2f867d66289caedd56a"]}