{"new_feature": "1029,4,0,66,10,0.62", "commitmessage": "Fixed bug: Last bucket in the response time histogram should not be flattened or extrapolated. It will be appended as is to show the overflowing response times.", "patch": ["@@ -17,7 +17,7 @@\n  * your own identifying information:\n  * \"Portions Copyrighted [year] [name of copyright owner]\"\n  *\n- * $Id: Metrics.java,v 1.20 2008/05/15 15:49:36 akara Exp $\n+ * $Id: Metrics.java,v 1.21 2008/05/15 21:14:20 akara Exp $\n  *\n  * Copyright 2005 Sun Microsystems Inc. All Rights Reserved\n  */\n@@ -1001,7 +1001,41 @@ private int getBucketLimit(long[][] data) {\n      */\n     private void flattenRespHist() {\n         int limit = getBucketLimit(respHist);\n-        if (limit > FINE_RESPBUCKETS) {\n+\n+        // If all buckets are used, the last one does not get extrapolated\n+        // as it has the data of that bucket and beyond.\n+        if (limit == FINE_RESPBUCKETS + COARSE_RESPBUCKETS) {\n+            --limit; // Don't extrapolate the last bucket.\n+            int size = (COARSE_RESPBUCKETS - 1) * 10 + FINE_RESPBUCKETS + 1;\n+            int[][] respHist = new int[txTypes][size];\n+            for (int i = 0; i < txTypes; i++) {\n+\n+                // Copy the fine buckets unchanged.\n+                for (int j = 0; j < FINE_RESPBUCKETS; j++)\n+                    respHist[i][j] = this.respHist[i][j];\n+\n+                for (int j = FINE_RESPBUCKETS; j < limit; j++) {\n+                    int count = this.respHist[i][j];\n+                    // Spread the count among all 10 flat buckets.\n+                    int base = count / 10;\n+                    int remainder = count % 10;\n+                    int baseIdx = (j - FINE_RESPBUCKETS) * 10 +\n+                                    FINE_RESPBUCKETS;\n+                    int k = 9;\n+                    // The higher buckets get the base\n+                    for (; k >= remainder; k--)\n+                        respHist[i][baseIdx + k] = base;\n+                    // The lower remaining buckets get the base + 1\n+                    ++base;\n+                    for (; k >= 0; k--)\n+                        respHist[i][baseIdx + k] = base;\n+                }\n+                // Just copy the last bucket.\n+                respHist[i][size - 1] = this.respHist[i][limit];\n+            }\n+            this.respHist = respHist;\n+\n+        } else if (limit > FINE_RESPBUCKETS) {\n             int size = (limit - FINE_RESPBUCKETS) * 10 + FINE_RESPBUCKETS;\n             int[][] respHist = new int[txTypes][size];\n             for (int i = 0; i < txTypes; i++) {"], "edit": ["- * $Id: Metrics.java,v 1.20 2008/05/15 15:49:36 akara Exp $", "+ * $Id: Metrics.java,v 1.21 2008/05/15 21:14:20 akara Exp $", "-        if (limit > FINE_RESPBUCKETS) {", "+", "+        // If all buckets are used, the last one does not get extrapolated", "+        // as it has the data of that bucket and beyond.", "+        if (limit == FINE_RESPBUCKETS + COARSE_RESPBUCKETS) {", "+            --limit; // Don't extrapolate the last bucket.", "+            int size = (COARSE_RESPBUCKETS - 1) * 10 + FINE_RESPBUCKETS + 1;", "+            int[][] respHist = new int[txTypes][size];", "+            for (int i = 0; i < txTypes; i++) {", "+", "+                // Copy the fine buckets unchanged.", "+                for (int j = 0; j < FINE_RESPBUCKETS; j++)", "+                    respHist[i][j] = this.respHist[i][j];", "+", "+                for (int j = FINE_RESPBUCKETS; j < limit; j++) {", "+                    int count = this.respHist[i][j];", "+                    // Spread the count among all 10 flat buckets.", "+                    int base = count / 10;", "+                    int remainder = count % 10;", "+                    int baseIdx = (j - FINE_RESPBUCKETS) * 10 +", "+                                    FINE_RESPBUCKETS;", "+                    int k = 9;", "+                    // The higher buckets get the base", "+                    for (; k >= remainder; k--)", "+                        respHist[i][baseIdx + k] = base;", "+                    // The lower remaining buckets get the base + 1", "+                    ++base;", "+                    for (; k >= 0; k--)", "+                        respHist[i][baseIdx + k] = base;", "+                }", "+                // Just copy the last bucket.", "+                respHist[i][size - 1] = this.respHist[i][limit];", "+            }", "+            this.respHist = respHist;", "+", "+        } else if (limit > FINE_RESPBUCKETS) {"], "url": ["https://api.github.com/repos/akara/faban/commits/acaff16908c92d595eb59bd019694ee205228dfa"]}