{"new_feature": "27,1,5,128,3,0.85", "commitmessage": "set cancelable + minor bug fix", "patch": ["@@ -59,15 +59,15 @@ private void updateVariablesFromXml(Context context, AttributeSet attrs) {\n         yearRange = a.getInteger(R.styleable.PersianDatePicker_yearRange, 10);\n         /*\n          * Initializing yearNumberPicker min and max values If minYear and\n-\t\t * maxYear attributes are not set, use (current year - 10) as min and\n-\t\t * (current year + 10) as max.\n-\t\t */\n+         * maxYear attributes are not set, use (current year - 10) as min and\n+         * (current year + 10) as max.\n+         */\n         minYear = a.getInt(R.styleable.PersianDatePicker_minYear, pCalendar.getPersianYear() - yearRange);\n         maxYear = a.getInt(R.styleable.PersianDatePicker_maxYear, pCalendar.getPersianYear() + yearRange);\n         displayMonthNames = a.getBoolean(R.styleable.PersianDatePicker_displayMonthNames, false);\n         /*\n          * displayDescription\n-\t\t */\n+         */\n         displayDescription = a.getBoolean(R.styleable.PersianDatePicker_displayDescription, false);\n         selectedDay = a.getInteger(R.styleable.PersianDatePicker_selectedDay, pCalendar.getPersianDay());\n         selectedYear = a.getInt(R.styleable.PersianDatePicker_selectedYear, pCalendar.getPersianYear());\n@@ -88,11 +88,8 @@ private void updateVariablesFromXml(Context context, AttributeSet attrs) {\n     public PersianDatePicker(Context context, AttributeSet attrs, int defStyle) {\n         super(context, attrs, defStyle);\n \n-        // get layout inflater\n-        LayoutInflater inflater = (LayoutInflater) context.getSystemService(Context.LAYOUT_INFLATER_SERVICE);\n-\n         // inflate views\n-        View view = inflater.inflate(R.layout.sl_persian_date_picker, this);\n+        View view = LayoutInflater.from(context).inflate(R.layout.sl_persian_date_picker, this);\n \n         // get views\n         yearNumberPicker = view.findViewById(R.id.yearNumberPicker);\n@@ -202,9 +199,9 @@ private void updateViewData() {\n         yearNumberPicker.setValue(selectedYear);\n         yearNumberPicker.setOnValueChangedListener(dateChangeListener);\n \n-\t\t/*\n+        /*\n          * initialing monthNumberPicker\n-\t\t */\n+         */\n \n         monthNumberPicker.setMinValue(1);\n         monthNumberPicker.setMaxValue(12);\n@@ -218,9 +215,9 @@ private void updateViewData() {\n         monthNumberPicker.setValue(selectedMonth);\n         monthNumberPicker.setOnValueChangedListener(dateChangeListener);\n \n-\t\t/*\n+        /*\n          * initializing dayNumberPicker\n-\t\t */\n+         */\n         dayNumberPicker.setMinValue(1);\n         dayNumberPicker.setMaxValue(31);\n         if (selectedDay > 31 || selectedDay < 1) {\n@@ -259,7 +256,7 @@ public void onValueChange(NumberPicker picker, int oldVal, int newVal) {\n             if (month < 7) {\n                 dayNumberPicker.setMinValue(1);\n                 dayNumberPicker.setMaxValue(31);\n-            } else if (month > 6 && month < 12) {\n+            } else if (month < 12) {\n                 if (day == 31) {\n                     dayNumberPicker.setValue(30);\n                 }", "@@ -37,6 +37,7 @@\n     private String todayButtonString = \"\u0627\u0645\u0631\u0648\u0632\";\n     private boolean todayButtonVisibility = false;\n     private int actionColor = Color.GRAY;\n+    private boolean cancelable = true;\n \n     public PersianDatePickerDialog(Context context) {\n         this.context = context;\n@@ -114,6 +115,11 @@ public PersianDatePickerDialog setActionTextColorResource(@ColorRes int colorInt\n         return this;\n     }\n \n+    public PersianDatePickerDialog setCancelable(boolean cancelable) {\n+        this.cancelable = cancelable;\n+        return this;\n+    }\n+\n \n     public void show() {\n \n@@ -174,7 +180,7 @@ public void onDateChanged(int newYear, int newMonth, int newDay) {\n \n         final AlertDialog dialog = new AlertDialog.Builder(context)\n                 .setView(v)\n-                .setCancelable(true)\n+                .setCancelable(cancelable)\n                 .create();\n \n         negativeButton.setOnClickListener(new View.OnClickListener() {"], "edit": ["-\t\t * maxYear attributes are not set, use (current year - 10) as min and", "-\t\t * (current year + 10) as max.", "-\t\t */", "+         * maxYear attributes are not set, use (current year - 10) as min and", "+         * (current year + 10) as max.", "+         */", "-\t\t */", "+         */", "-        // get layout inflater", "-        LayoutInflater inflater = (LayoutInflater) context.getSystemService(Context.LAYOUT_INFLATER_SERVICE);", "-", "-        View view = inflater.inflate(R.layout.sl_persian_date_picker, this);", "+        View view = LayoutInflater.from(context).inflate(R.layout.sl_persian_date_picker, this);", "-\t\t/*", "+        /*", "-\t\t */", "+         */", "-\t\t/*", "+        /*", "-\t\t */", "+         */", "-            } else if (month > 6 && month < 12) {", "+            } else if (month < 12) {", "+    private boolean cancelable = true;", "+    public PersianDatePickerDialog setCancelable(boolean cancelable) {", "+        this.cancelable = cancelable;", "+        return this;", "+    }", "+", "-                .setCancelable(true)", "+                .setCancelable(cancelable)"], "url": ["https://api.github.com/repos/aliab/Persian-Date-Picker-Dialog/commits/acef085a12fd0df84951c116381ae355007df661"]}