{"new_feature": "102,1,3,52,1,1.00", "commitmessage": "Close  #5 : Download issues in Android Marshmallow\n\nFix: Devices using API level marshmallow onwards require runtime permissions. Absence of runtime permission (READ_EXTERNAL_STORAGE) was causing a FileNotFound Exception.", "patch": ["@@ -26,6 +26,7 @@\n     public static final String PAGEFRAG = \"PAGEFRAGMENT\";\n     public static final String TAG_TO_FRAG = \"TagToFrag\";\n     public static final String PAGE_NO = \"pagenumber\";\n+    public static final int PERMISSION_REQUEST_CODE = 1000;\n     private static final String TAG = Constants.class.getSimpleName();\n     public static String api_key;\n     public static HashMap<String, Fragment> TagToFrag;", "@@ -1,17 +1,21 @@\n package thenextvoyager.wallser.fragment;\n \n \n+import android.Manifest;\n import android.app.WallpaperManager;\n import android.content.ContentResolver;\n import android.content.Intent;\n+import android.content.pm.PackageManager;\n import android.graphics.Bitmap;\n import android.graphics.Paint;\n import android.graphics.drawable.Drawable;\n import android.net.Uri;\n import android.os.Build;\n import android.os.Bundle;\n import android.support.design.widget.BottomSheetBehavior;\n+import android.support.v4.app.ActivityCompat;\n import android.support.v4.app.Fragment;\n+import android.support.v4.content.ContextCompat;\n import android.view.LayoutInflater;\n import android.view.View;\n import android.view.ViewGroup;\n@@ -36,6 +40,7 @@\n import thenextvoyager.wallser.utility.Utility;\n \n import static thenextvoyager.wallser.data.Constants.IMAGE_FRAGMENT_TAG;\n+import static thenextvoyager.wallser.data.Constants.PERMISSION_REQUEST_CODE;\n import static thenextvoyager.wallser.data.Constants.makeUserURL;\n \n \n@@ -74,13 +79,32 @@ public void onDetach() {\n     @Override\n     public void onCreate(Bundle savedInstanceState) {\n         super.onCreate(savedInstanceState);\n+        if (Build.VERSION.SDK_INT > Build.VERSION_CODES.LOLLIPOP) {\n+            if (!checkPermission()) {\n+                requestPermission();\n+            }\n+        }\n         if (getArguments() != null) {\n             object = (DataModel) getArguments().getSerializable(ARG_PARAM);\n         }\n         resolver = getContext().getContentResolver();\n         isImageInDatabase = Utility.checkIfImageIsInDatabase(resolver, ImageContract.ImageEntry.COLUMN_NAME, object.name);\n     }\n \n+    private boolean checkPermission() {\n+        int result = ContextCompat.checkSelfPermission(getContext().getApplicationContext(), android.Manifest.permission.WRITE_EXTERNAL_STORAGE);\n+        return result == PackageManager.PERMISSION_GRANTED;\n+    }\n+\n+    private void requestPermission() {\n+        ActivityCompat.requestPermissions(getActivity(), new String[]{\n+                Manifest.permission.WRITE_EXTERNAL_STORAGE,\n+                Manifest.permission.SET_WALLPAPER,\n+                Manifest.permission.ACCESS_NETWORK_STATE,\n+                Manifest.permission.INTERNET}, PERMISSION_REQUEST_CODE\n+        );\n+    }\n+\n     @Override\n     public View onCreateView(LayoutInflater inflater, ViewGroup container,\n                              Bundle savedInstanceState) {", "@@ -33,7 +33,7 @@\n     private static File walserDirectory;\n \n     /**\n-     * Saves the image in disk or shares it via Intent; share variable defines the purpose.\n+     * Saves the image in disk or shares it via Intent; share variable if true, shares the image running deleteAfterShareCode.\n      *\n      * @param bitmap\n      * @param context"], "edit": ["+    public static final int PERMISSION_REQUEST_CODE = 1000;", "+import android.Manifest;", "+import android.content.pm.PackageManager;", "+import android.support.v4.app.ActivityCompat;", "+import android.support.v4.content.ContextCompat;", "+import static thenextvoyager.wallser.data.Constants.PERMISSION_REQUEST_CODE;", "+        if (Build.VERSION.SDK_INT > Build.VERSION_CODES.LOLLIPOP) {", "+            if (!checkPermission()) {", "+                requestPermission();", "+            }", "+        }", "+    private boolean checkPermission() {", "+        int result = ContextCompat.checkSelfPermission(getContext().getApplicationContext(), android.Manifest.permission.WRITE_EXTERNAL_STORAGE);", "+        return result == PackageManager.PERMISSION_GRANTED;", "+    }", "+", "+    private void requestPermission() {", "+        ActivityCompat.requestPermissions(getActivity(), new String[]{", "+                Manifest.permission.WRITE_EXTERNAL_STORAGE,", "+                Manifest.permission.SET_WALLPAPER,", "+                Manifest.permission.ACCESS_NETWORK_STATE,", "+                Manifest.permission.INTERNET}, PERMISSION_REQUEST_CODE", "+        );", "+    }", "+", "-     * Saves the image in disk or shares it via Intent; share variable defines the purpose.", "+     * Saves the image in disk or shares it via Intent; share variable if true, shares the image running deleteAfterShareCode."], "url": ["https://api.github.com/repos/abhiroj/Wallser/commits/af4898bc5bdd022e5a5e8853456a72e59da7e1b7"]}