{"new_feature": "2146,31,17,479,17,0.65", "commitmessage": "fix for findbugs", "patch": ["@@ -86,9 +86,9 @@\n     public NonBlockingSession(ServerConnection source) {\n         this.source = source;\n         this.target = new ConcurrentHashMap<>(2, 1f);\n-        this.joinBufferMC = new MemSizeController(DbleServer.getInstance().getConfig().getSystem().getJoinMemSize() * 1024 * 1024);\n-        this.orderBufferMC = new MemSizeController(DbleServer.getInstance().getConfig().getSystem().getOrderMemSize() * 1024 * 1024);\n-        this.otherBufferMC = new MemSizeController(DbleServer.getInstance().getConfig().getSystem().getOtherMemSize() * 1024 * 1024);\n+        this.joinBufferMC = new MemSizeController(DbleServer.getInstance().getConfig().getSystem().getJoinMemSize() * 1024 * 1024L);\n+        this.orderBufferMC = new MemSizeController(DbleServer.getInstance().getConfig().getSystem().getOrderMemSize() * 1024 * 1024L);\n+        this.otherBufferMC = new MemSizeController(DbleServer.getInstance().getConfig().getSystem().getOtherMemSize() * 1024 * 1024L);\n     }\n \n     public void setOutputHandler(OutputHandler outputHandler) {", "@@ -8,13 +8,13 @@\n import java.util.concurrent.locks.ReentrantReadWriteLock;\n \n public class ThreadWorkUsage {\n-    private final int statSecond1 = 15;\n-    private final int statSecond2 = 60;\n-    private final int statSecond3 = 300;\n+    private static final int STAT_PERIOD_1 = 15;\n+    private static final int STAT_PERIOD_2 = 60;\n+    private static final int STAT_PERIOD_3 = 300;\n     private long currentSecondUsed;\n-    private LoopQueue lastStat1 = new LoopQueue(statSecond1);\n-    private LoopQueue lastStat2 = new LoopQueue(statSecond2);\n-    private LoopQueue lastStat3 = new LoopQueue(statSecond3);\n+    private LoopQueue lastStat1 = new LoopQueue(STAT_PERIOD_1);\n+    private LoopQueue lastStat2 = new LoopQueue(STAT_PERIOD_2);\n+    private LoopQueue lastStat3 = new LoopQueue(STAT_PERIOD_3);\n     private ReentrantReadWriteLock currentLock = new ReentrantReadWriteLock();\n \n     public long getCurrentSecondUsed() {\n@@ -57,7 +57,7 @@ public void switchToNew() {\n         }\n     }\n \n-    private class LoopQueue {\n+    private static class LoopQueue {\n         private final int capacity;\n         private long[] usedTime;\n         private int index = 0;"], "edit": ["-        this.joinBufferMC = new MemSizeController(DbleServer.getInstance().getConfig().getSystem().getJoinMemSize() * 1024 * 1024);", "-        this.orderBufferMC = new MemSizeController(DbleServer.getInstance().getConfig().getSystem().getOrderMemSize() * 1024 * 1024);", "-        this.otherBufferMC = new MemSizeController(DbleServer.getInstance().getConfig().getSystem().getOtherMemSize() * 1024 * 1024);", "+        this.joinBufferMC = new MemSizeController(DbleServer.getInstance().getConfig().getSystem().getJoinMemSize() * 1024 * 1024L);", "+        this.orderBufferMC = new MemSizeController(DbleServer.getInstance().getConfig().getSystem().getOrderMemSize() * 1024 * 1024L);", "+        this.otherBufferMC = new MemSizeController(DbleServer.getInstance().getConfig().getSystem().getOtherMemSize() * 1024 * 1024L);", "-    private final int statSecond1 = 15;", "-    private final int statSecond2 = 60;", "-    private final int statSecond3 = 300;", "+    private static final int STAT_PERIOD_1 = 15;", "+    private static final int STAT_PERIOD_2 = 60;", "+    private static final int STAT_PERIOD_3 = 300;", "-    private LoopQueue lastStat1 = new LoopQueue(statSecond1);", "-    private LoopQueue lastStat2 = new LoopQueue(statSecond2);", "-    private LoopQueue lastStat3 = new LoopQueue(statSecond3);", "+    private LoopQueue lastStat1 = new LoopQueue(STAT_PERIOD_1);", "+    private LoopQueue lastStat2 = new LoopQueue(STAT_PERIOD_2);", "+    private LoopQueue lastStat3 = new LoopQueue(STAT_PERIOD_3);", "-    private class LoopQueue {", "+    private static class LoopQueue {"], "url": ["https://api.github.com/repos/actiontech/dble/commits/af5145c85ba06df9fdf3bd0cf534e5c12b26c465"]}