{"new_feature": "852,1,0,121,25,0.38", "commitmessage": "Fix ClientRequestContext\n\nSummary: ClientRequestContext is moved from nifty-core to nifty-client\nand this just makes it work.", "patch": ["@@ -15,7 +15,7 @@\n  */\n package com.facebook.swift.service;\n \n-import com.facebook.nifty.core.ClientRequestContext;\n+import com.facebook.nifty.client.ClientRequestContext;\n \n import java.util.ArrayList;\n import java.util.List;", "@@ -15,7 +15,7 @@\n  */\n package com.facebook.swift.service;\n \n-import com.facebook.nifty.core.ClientRequestContext;\n+import com.facebook.nifty.client.ClientRequestContext;\n \n public abstract class ThriftClientEventHandler\n {", "@@ -18,8 +18,8 @@\n import com.facebook.nifty.client.NiftyClient;\n import com.facebook.nifty.client.NiftyClientChannel;\n import com.facebook.nifty.client.NiftyClientConnector;\n-import com.facebook.nifty.core.ClientRequestContext;\n-import com.facebook.nifty.core.NiftyClientRequestContext;\n+import com.facebook.nifty.client.ClientRequestContext;\n+import com.facebook.nifty.client.NiftyClientRequestContext;\n import com.facebook.nifty.client.RequestChannel;\n import com.facebook.nifty.core.TChannelBufferInputTransport;\n import com.facebook.nifty.core.TChannelBufferOutputTransport;\n@@ -517,7 +517,7 @@ public Object invoke(Object proxy, Method method, Object[] args)\n                     throw new IllegalArgumentException(\"The swift client uses a channel that is not a NiftyClientChannel\", e);\n                 }\n \n-                ClientRequestContext requestContext = new NiftyClientRequestContext(getInputProtocol(), getOutputProtocol(), remoteAddress);\n+                ClientRequestContext requestContext = new NiftyClientRequestContext(getInputProtocol(), getOutputProtocol(), channel, remoteAddress);\n                 ClientContextChain context = new ClientContextChain(eventHandlers, methodHandler.getQualifiedName(), requestContext);\n                 return methodHandler.invoke(channel,\n                                             inputTransport,", "@@ -15,7 +15,7 @@\n  */\n package com.facebook.swift.service;\n \n-import com.facebook.nifty.core.ClientRequestContext;\n+import com.facebook.nifty.client.ClientRequestContext;\n import io.airlift.units.Duration;\n \n import java.util.concurrent.ConcurrentHashMap;"], "edit": ["-import com.facebook.nifty.core.ClientRequestContext;", "+import com.facebook.nifty.client.ClientRequestContext;", "-import com.facebook.nifty.core.ClientRequestContext;", "+import com.facebook.nifty.client.ClientRequestContext;", "-import com.facebook.nifty.core.ClientRequestContext;", "-import com.facebook.nifty.core.NiftyClientRequestContext;", "+import com.facebook.nifty.client.ClientRequestContext;", "+import com.facebook.nifty.client.NiftyClientRequestContext;", "-                ClientRequestContext requestContext = new NiftyClientRequestContext(getInputProtocol(), getOutputProtocol(), remoteAddress);", "+                ClientRequestContext requestContext = new NiftyClientRequestContext(getInputProtocol(), getOutputProtocol(), channel, remoteAddress);", "-import com.facebook.nifty.core.ClientRequestContext;", "+import com.facebook.nifty.client.ClientRequestContext;"], "url": ["https://api.github.com/repos/airlift/drift/commits/b095d78e991bebd1f78b1c42ed4351ba127afe71"]}