{"new_feature": "255,35,32,135,1,1.00", "commitmessage": "Various small fixes found from implementing UI", "patch": ["@@ -20,6 +20,7 @@\n package com.github.jobson.jobinputs.f32;\n \n import com.fasterxml.jackson.annotation.JsonCreator;\n+import com.fasterxml.jackson.annotation.JsonValue;\n import com.github.jobson.jobinputs.JobInput;\n \n import javax.validation.constraints.NotNull;\n@@ -35,6 +36,7 @@ public F32Input(float value) {\n     }\n \n     @Override\n+    @JsonValue\n     public String toString() {\n         return Float.toString(value);\n     }", "@@ -20,6 +20,7 @@\n package com.github.jobson.jobinputs.f64;\n \n import com.fasterxml.jackson.annotation.JsonCreator;\n+import com.fasterxml.jackson.annotation.JsonValue;\n import com.github.jobson.jobinputs.JobInput;\n \n import javax.validation.constraints.NotNull;\n@@ -34,7 +35,17 @@ public F64Input(double value) {\n         this.value = value;\n     }\n \n+    public F64Input(String value) {\n+        // The API may have to accept 64-bit doubles in string format because\n+        // javascript clients can't handle 64-bit binary decimals without losing\n+        // precision (after 16 significant digits, \"real\" doubles lose precision\n+        // after 21 digits). Because of this, clients *may* send a double as a string\n+        // which the server parses into a binary double server-side\n+        this.value = Double.parseDouble(value);\n+    }\n+\n     @Override\n+    @JsonValue\n     public String toString() {\n         return Double.toString(value);\n     }", "@@ -20,6 +20,7 @@\n package com.github.jobson.jobinputs.i32;\n \n import com.fasterxml.jackson.annotation.JsonCreator;\n+import com.fasterxml.jackson.annotation.JsonValue;\n import com.github.jobson.jobinputs.JobInput;\n \n import javax.validation.constraints.NotNull;\n@@ -35,6 +36,7 @@ public I32Input(int value) {\n     }\n \n     @Override\n+    @JsonValue\n     public String toString() {\n         return Integer.toString(this.value);\n     }", "@@ -20,6 +20,7 @@\n package com.github.jobson.jobinputs.i64;\n \n import com.fasterxml.jackson.annotation.JsonCreator;\n+import com.fasterxml.jackson.annotation.JsonValue;\n import com.github.jobson.jobinputs.JobInput;\n \n import javax.validation.constraints.NotNull;\n@@ -34,7 +35,16 @@ public I64Input(long value) {\n         this.value = value;\n     }\n \n+    @JsonCreator\n+    public I64Input(String value) {\n+        // The API may have to accept 64-bit numbers in string format because\n+        // javascript itself can't handle 64-bit binary numbers, so they're\n+        // sent as strings and parsed server-side.\n+        this.value = Long.parseLong(value);\n+    }\n+\n     @Override\n+    @JsonValue\n     public String toString() {\n         return Long.toString(value);\n     }"], "edit": ["+import com.fasterxml.jackson.annotation.JsonValue;", "+    @JsonValue", "+import com.fasterxml.jackson.annotation.JsonValue;", "+    public F64Input(String value) {", "+        // The API may have to accept 64-bit doubles in string format because", "+        // javascript clients can't handle 64-bit binary decimals without losing", "+        // precision (after 16 significant digits, \"real\" doubles lose precision", "+        // after 21 digits). Because of this, clients *may* send a double as a string", "+        // which the server parses into a binary double server-side", "+        this.value = Double.parseDouble(value);", "+    }", "+", "+    @JsonValue", "+import com.fasterxml.jackson.annotation.JsonValue;", "+    @JsonValue", "+import com.fasterxml.jackson.annotation.JsonValue;", "+    @JsonCreator", "+    public I64Input(String value) {", "+        // The API may have to accept 64-bit numbers in string format because", "+        // javascript itself can't handle 64-bit binary numbers, so they're", "+        // sent as strings and parsed server-side.", "+        this.value = Long.parseLong(value);", "+    }", "+", "+    @JsonValue"], "url": ["https://api.github.com/repos/adamkewley/jobson/commits/b0e778d217f9f7f012f18bc2ac4570661a875162"]}