{"new_feature": "260,8,0,54,5,0.57", "commitmessage": "test(Repository): Add missing tests, fix bugs related to introducing Optional in entities\n\nissue #46", "patch": ["@@ -17,6 +17,7 @@\n      * An id of a notebook, which the note is belonged. In case, if the note doesn't belong to any\n      * notebook, then notebookId equals to \"0\".\n      */\n+    @NonNull\n     private Optional<String> notebookId;\n \n     @NonNull\n@@ -47,13 +48,13 @@\n     private boolean isFavorite = false;\n \n     public Note(String id,\n-                String profileId,\n-                Optional<String> notebookId,\n-                String title,\n+                @NonNull String profileId,\n+                @NonNull Optional<String> notebookId,\n+                @NonNull String title,\n                 long creationTime,\n                 long updateTime,\n-                String content,\n-                String htmlContent,\n+                @NonNull String content,\n+                @NonNull String htmlContent,\n                 boolean isFavorite) {\n         this.id = id;\n         this.profileId = profileId;\n@@ -119,6 +120,7 @@ public void setId(@NonNull String id) {\n         this.id = id;\n     }\n \n+    @NonNull\n     public String getProfileId() {\n         return profileId;\n     }\n@@ -127,19 +129,21 @@ public void setProfileId(@NonNull String profileId) {\n         this.profileId = profileId;\n     }\n \n+    @NonNull\n     public Optional<String> getNotebookId() {\n         return notebookId;\n     }\n \n-    public void setNotebookId(Optional<String> notebookId) {\n+    public void setNotebookId(@NonNull Optional<String> notebookId) {\n         this.notebookId = notebookId;\n     }\n \n+    @NonNull\n     public String getTitle() {\n         return title;\n     }\n \n-    public void setTitle(String title) {\n+    public void setTitle(@NonNull String title) {\n         this.title = title;\n     }\n \n@@ -159,19 +163,21 @@ public void setUpdateTime(long updateTime) {\n         this.updateTime = updateTime;\n     }\n \n+    @NonNull\n     public String getContent() {\n         return content;\n     }\n \n-    public void setContent(String content) {\n+    public void setContent(@NonNull String content) {\n         this.content = content;\n     }\n \n+    @NonNull\n     public String getHtmlContent() {\n         return htmlContent;\n     }\n \n-    public void setHtmlContent(String htmlContent) {\n+    public void setHtmlContent(@NonNull String htmlContent) {\n         this.htmlContent = htmlContent;\n     }\n ", "@@ -17,6 +17,7 @@\n      * An id of a notebook, which the notebook is belonged as a child. In case, if the note doesn't\n      * belong to any parent notebook, then parentId equals to \"0\".\n      */\n+    @NonNull\n     private Optional<String> parentId;\n \n     @NonNull\n@@ -37,7 +38,7 @@\n \n     public Notebook(String id,\n                     String profileId,\n-                    Optional<String> parentId,\n+                    @NonNull Optional<String> parentId,\n                     @NonNull String name,\n                     long creationTime,\n                     long updateTime,", "@@ -13,7 +13,7 @@\n     @NonNull\n     private String name;\n \n-    public Profile(String id, String name) {\n+    public Profile(@NonNull String id, @NonNull String name) {\n         this.id = id;\n         this.name = name;\n     }", "@@ -82,7 +82,7 @@ public boolean addTagToNote(@NonNull String noteId, @NonNull String tagId) {\n         } finally {\n             mDatabase.endTransaction();\n         }\n-        Logger.d(\"Table name: %s\\nOperation: addTagToNote\\nNote id: %d\\nTag id: %s\\nResult: %s\",\n+        Logger.d(\"Table name: %s\\nOperation: addTagToNote\\nNote id: %s\\nTag id: %s\\nResult: %s\",\n                 TABLE_NAME, noteId, tagId, result);\n         return result;\n     }\n@@ -101,7 +101,7 @@ public boolean removeTagFromNote(@NonNull String noteId, @NonNull String tagId)\n         } finally {\n             mDatabase.endTransaction();\n         }\n-        Logger.d(\"Table name: %s\\nOperation: removeTagToNote\\nNote id: %d\\nTag id: %d\\nResult: %s\",\n+        Logger.d(\"Table name: %s\\nOperation: removeTagToNote\\nNote id: %s\\nTag id: %s\\nResult: %s\",\n                 TABLE_NAME, noteId, tagId, result);\n         return result;\n     }\n@@ -137,7 +137,7 @@ public boolean removeTagFromNote(@NonNull String noteId, @NonNull String tagId)\n     public boolean update(@NonNull Note entity) {\n         String query = \"UPDATE \" + TABLE_NAME\n                 + \" SET \"\n-                + COLUMN_NOTEBOOK_ID + \"=\" + (entity.getNotebookId() != null ? \"'\" + entity.getNotebookId() + \"', \" : \"null, \")\n+                + COLUMN_NOTEBOOK_ID + \"=\" + (entity.getNotebookId().isPresent() ? \"'\" + entity.getNotebookId().get() + \"', \" : null + \", \")\n                 + COLUMN_TITLE + \"='\" + entity.getTitle() + \"', \"\n                 + COLUMN_CONTENT + \"='\" + entity.getContent() + \"', \"\n                 + COLUMN_IS_FAVORITE + \"='\" + entity.isFavorite() + \"', \"", "@@ -75,14 +75,20 @@ protected Notebook toEntity(@NonNull Cursor cursor) {\n     @NonNull\n     @Override\n     public List<Notebook> getRootParents(@NonNull String profileId, @Size(min = 1) int from, @Size(min = 2) int amount) {\n-        return super.getByIdCondition(COLUMN_PROFILE_ID, profileId, from, amount);\n+        String query = \"SELECT * FROM \" + TABLE_NAME\n+                + \" WHERE \" + COLUMN_PROFILE_ID + \"='\" + profileId + \"'\"\n+                + \" AND \" + COLUMN_PARENT_ID + \" IS NULL\"\n+                + \" LIMIT \" + amount\n+                + \" OFFSET \" + (from - 1);\n+        System.out.println(query);\n+        return super.getByRawQuery(query);\n     }\n \n     @Override\n     public boolean update(@NonNull Notebook entity) {\n         String query = \"UPDATE \" + TABLE_NAME\n                 + \" SET \"\n-                + COLUMN_PARENT_ID + \"=\" + (entity.getParentId() != null ? \"'\" + entity.getParentId() + \"', \" : \"null, \")\n+                + COLUMN_PARENT_ID + \"=\" + (entity.getParentId().isPresent() ? \"'\" + entity.getParentId().get() + \"', \" : null + \", \")\n                 + COLUMN_NAME + \"='\" + entity.getName() + \"', \"\n                 + COLUMN_UPDATE_TIME + \"='\" + entity.getUpdateTime() + \"'\"\n                 + \" WHERE \" + COLUMN_ID + \"='\" + entity.getId() + \"'\";", "@@ -87,7 +87,7 @@ public NoteServiceImpl(@NonNull NoteRepository noteRepository,\n     @Override\n     public boolean update(@NonNull String id, @NonNull NoteForm noteForm) {\n         noteForm.setContent(NoteTextParser.parseSingleQuotes(noteForm.getContent()));\n-        if(validateForUpdate(noteForm.getNotebookId(), noteForm.getTitle()) && mNoteRepository.update(noteForm.toEntity(id))) {\n+        if (validateForUpdate(noteForm.getNotebookId(), noteForm.getTitle()) && mNoteRepository.update(noteForm.toEntity(id))) {\n             parseContent(mNoteRepository.getById(id).get().getProfileId(), id, noteForm.getContent());\n             return true;\n         }", "@@ -63,7 +63,7 @@ public void setUp() {\n \n         noteRepository = new NoteRepositoryImpl();\n \n-        notebook = new Notebook(\"notebook_id_1\", \"profile_id_1\", null, \"notebook1\", 1111, 2222, 0);\n+        notebook = new Notebook(\"notebook_id_1\", \"profile_id_1\", Optional.absent(), \"notebook1\", 1111, 2222, 0);\n         NotebookRepositoryImpl notebooksRepository = new NotebookRepositoryImpl();\n         notebooksRepository.openDatabaseConnection();\n         notebooksRepository.add(notebook);\n@@ -72,7 +72,7 @@ public void setUp() {\n         note1 = new Note(\n                 \"note_id_1\",\n                 \"profile_id_1\",\n-                \"notebook_id_1\",\n+                Optional.of(\"notebook_id_1\"),\n                 \"title_1\",\n                 1111,\n                 2222,\n@@ -84,7 +84,7 @@ public void setUp() {\n         note2 = new Note(\n                 \"note_id_2\",\n                 \"profile_id_1\",\n-                \"notebook_id_1\",\n+                Optional.of(\"notebook_id_1\"),\n                 \"title_2\",\n                 1111,\n                 2222,\n@@ -96,7 +96,7 @@ public void setUp() {\n         note3 = new Note(\n                 \"note_id_3\",\n                 \"profile_id_2\",\n-                \"notebook_id_2\",\n+                Optional.of(\"notebook_id_2\"),\n                 \"title_3\",\n                 1111,\n                 2222,", "@@ -60,7 +60,7 @@ public void setUp() {\n         notebook1 = new Notebook(\n                 \"id_1\",\n                 \"profile_id_1\",\n-                null,\n+                Optional.absent(),\n                 \"notebook_name_1\",\n                 1111,\n                 2222,\n@@ -70,7 +70,7 @@ public void setUp() {\n         notebook2 = new Notebook(\n                 \"id_2\",\n                 \"profile_id_1\",\n-                null,\n+                Optional.of(notebook1.getId()),\n                 \"notebook_name_2\",\n                 1111,\n                 2222,\n@@ -80,7 +80,7 @@ public void setUp() {\n         notebook3 = new Notebook(\n                 \"id_3\",\n                 \"profile_id_2\",\n-                null,\n+                Optional.absent(),\n                 \"notebook_name_3\",\n                 1111,\n                 2222,\n@@ -156,18 +156,26 @@ public void repositoryShouldGetNotebooksByName() {\n \n     @Test\n     public void repositoryShouldGetChildrenNotebooks() {\n-        notebook2.setParentId(notebook1.getId());\n+        notebook2.setParentId(Optional.of(notebook1.getId()));\n         notebook3.setProfileId(profile.getId());\n-        notebook3.setParentId(notebook1.getId());\n+        notebook3.setParentId(Optional.of(notebook1.getId()));\n \n         notebookRepository.add(notebook1);\n         notebookRepository.add(notebook2);\n         notebookRepository.add(notebook3);\n \n-        assertThat(notebookRepository.getChildren(notebook1.getId(),1, 10)).hasSize(2);\n-        System.out.println(notebookRepository.getChildren(notebook1.getId(),1, 10));\n+        assertThat(notebookRepository.getChildren(notebook1.getId(), 1, 10)).hasSize(2);\n     }\n \n+    @Test\n+    public void repositoryShouldGetRootParentNotebooks() {\n+        notebookRepository.add(notebook1);\n+        notebookRepository.add(notebook2);\n+        notebookRepository.add(notebook3);\n+        notebook3.setProfileId(profile.getId());\n+\n+        assertThat(notebookRepository.getRootParents(profile.getId(), 1, 10)).hasSize(1);\n+    }\n \n     @After\n     public void finish() {", "@@ -130,14 +130,14 @@ public void repositoryShouldUpdateEntity() {\n     }\n \n     @Test\n-    public void repositoryShoudGetTagsByNote() {\n+    public void repositoryShouldGetTagsByNote() {\n         tagRepository.add(tag1);\n         tagRepository.add(tag2);\n         tagRepository.add(tag3);\n \n         NoteRepositoryImpl notesRepository = new NoteRepositoryImpl();\n         notesRepository.openDatabaseConnection();\n-        Note note1 = new Note(\"note_id_1\",\"profile_id_1\", null, \"title\", 1111, 2222, \"dfdf\", \"dfdf\", true);\n+        Note note1 = new Note(\"note_id_1\",\"profile_id_1\", Optional.absent(), \"title\", 1111, 2222, \"dfdf\", \"dfdf\", true);\n         notesRepository.add(note1);\n         notesRepository.addTagToNote(note1.getId(), tag1.getId());\n         notesRepository.addTagToNote(note1.getId(), tag2.getId());", "@@ -58,7 +58,7 @@ public void setUp() {\n \n         NoteRepositoryImpl notesRepository = new NoteRepositoryImpl();\n         notesRepository.openDatabaseConnection();\n-        notesRepository.add(new Note(\"node_id_1\", profile.getId(), null, \"title\", 1111, 2222, \"dfsdf\", \"dfsdf\", true));\n+        notesRepository.add(new Note(\"node_id_1\", profile.getId(), Optional.absent(), \"title\", 1111, 2222, \"dfsdf\", \"dfsdf\", true));\n         notesRepository.closeDatabaseConnection();\n \n         taskRepository = new TaskRepositoryImpl();"], "edit": ["+    @NonNull", "-                String profileId,", "-                Optional<String> notebookId,", "-                String title,", "+                @NonNull String profileId,", "+                @NonNull Optional<String> notebookId,", "+                @NonNull String title,", "-                String content,", "-                String htmlContent,", "+                @NonNull String content,", "+                @NonNull String htmlContent,", "+    @NonNull", "+    @NonNull", "-    public void setNotebookId(Optional<String> notebookId) {", "+    public void setNotebookId(@NonNull Optional<String> notebookId) {", "+    @NonNull", "-    public void setTitle(String title) {", "+    public void setTitle(@NonNull String title) {", "+    @NonNull", "-    public void setContent(String content) {", "+    public void setContent(@NonNull String content) {", "+    @NonNull", "-    public void setHtmlContent(String htmlContent) {", "+    public void setHtmlContent(@NonNull String htmlContent) {", "+    @NonNull", "-                    Optional<String> parentId,", "+                    @NonNull Optional<String> parentId,", "-    public Profile(String id, String name) {", "+    public Profile(@NonNull String id, @NonNull String name) {", "-        Logger.d(\"Table name: %s\\nOperation: addTagToNote\\nNote id: %d\\nTag id: %s\\nResult: %s\",", "+        Logger.d(\"Table name: %s\\nOperation: addTagToNote\\nNote id: %s\\nTag id: %s\\nResult: %s\",", "-        Logger.d(\"Table name: %s\\nOperation: removeTagToNote\\nNote id: %d\\nTag id: %d\\nResult: %s\",", "+        Logger.d(\"Table name: %s\\nOperation: removeTagToNote\\nNote id: %s\\nTag id: %s\\nResult: %s\",", "+ \" SET \"", "-                + COLUMN_NOTEBOOK_ID + \"=\" + (entity.getNotebookId() != null ? \"'\" + entity.getNotebookId() + \"', \" : \"null, \")", "+                + COLUMN_NOTEBOOK_ID + \"=\" + (entity.getNotebookId().isPresent() ? \"'\" + entity.getNotebookId().get() + \"', \" : null + \", \")", "+ COLUMN_TITLE + \"='\" + entity.getTitle() + \"', \"", "+ COLUMN_CONTENT + \"='\" + entity.getContent() + \"', \"", "+ COLUMN_IS_FAVORITE + \"='\" + entity.isFavorite() + \"', \"", "-        return super.getByIdCondition(COLUMN_PROFILE_ID, profileId, from, amount);", "+        String query = \"SELECT * FROM \" + TABLE_NAME", "+                + \" WHERE \" + COLUMN_PROFILE_ID + \"='\" + profileId + \"'\"", "+                + \" AND \" + COLUMN_PARENT_ID + \" IS NULL\"", "+                + \" LIMIT \" + amount", "+                + \" OFFSET \" + (from - 1);", "+        System.out.println(query);", "+        return super.getByRawQuery(query);", "+ \" SET \"", "-                + COLUMN_PARENT_ID + \"=\" + (entity.getParentId() != null ? \"'\" + entity.getParentId() + \"', \" : \"null, \")", "+                + COLUMN_PARENT_ID + \"=\" + (entity.getParentId().isPresent() ? \"'\" + entity.getParentId().get() + \"', \" : null + \", \")", "+ COLUMN_NAME + \"='\" + entity.getName() + \"', \"", "+ COLUMN_UPDATE_TIME + \"='\" + entity.getUpdateTime() + \"'\"", "+ \" WHERE \" + COLUMN_ID + \"='\" + entity.getId() + \"'\";", "-        if(validateForUpdate(noteForm.getNotebookId(), noteForm.getTitle()) && mNoteRepository.update(noteForm.toEntity(id))) {", "+        if (validateForUpdate(noteForm.getNotebookId(), noteForm.getTitle()) && mNoteRepository.update(noteForm.toEntity(id))) {", "-        notebook = new Notebook(\"notebook_id_1\", \"profile_id_1\", null, \"notebook1\", 1111, 2222, 0);", "+        notebook = new Notebook(\"notebook_id_1\", \"profile_id_1\", Optional.absent(), \"notebook1\", 1111, 2222, 0);", "-                \"notebook_id_1\",", "+                Optional.of(\"notebook_id_1\"),", "-                \"notebook_id_1\",", "+                Optional.of(\"notebook_id_1\"),", "-                \"notebook_id_2\",", "+                Optional.of(\"notebook_id_2\"),", "-                null,", "+                Optional.absent(),", "-                null,", "+                Optional.of(notebook1.getId()),", "-                null,", "+                Optional.absent(),", "-        notebook2.setParentId(notebook1.getId());", "+        notebook2.setParentId(Optional.of(notebook1.getId()));", "-        notebook3.setParentId(notebook1.getId());", "+        notebook3.setParentId(Optional.of(notebook1.getId()));", "-        assertThat(notebookRepository.getChildren(notebook1.getId(),1, 10)).hasSize(2);", "-        System.out.println(notebookRepository.getChildren(notebook1.getId(),1, 10));", "+        assertThat(notebookRepository.getChildren(notebook1.getId(), 1, 10)).hasSize(2);", "+    @Test", "+    public void repositoryShouldGetRootParentNotebooks() {", "+        notebookRepository.add(notebook1);", "+        notebookRepository.add(notebook2);", "+        notebookRepository.add(notebook3);", "+        notebook3.setProfileId(profile.getId());", "+", "+        assertThat(notebookRepository.getRootParents(profile.getId(), 1, 10)).hasSize(1);", "+    }", "-    public void repositoryShoudGetTagsByNote() {", "+    public void repositoryShouldGetTagsByNote() {", "-        Note note1 = new Note(\"note_id_1\",\"profile_id_1\", null, \"title\", 1111, 2222, \"dfdf\", \"dfdf\", true);", "+        Note note1 = new Note(\"note_id_1\",\"profile_id_1\", Optional.absent(), \"title\", 1111, 2222, \"dfdf\", \"dfdf\", true);", "-        notesRepository.add(new Note(\"node_id_1\", profile.getId(), null, \"title\", 1111, 2222, \"dfsdf\", \"dfsdf\", true));", "+        notesRepository.add(new Note(\"node_id_1\", profile.getId(), Optional.absent(), \"title\", 1111, 2222, \"dfsdf\", \"dfsdf\", true));"], "url": ["https://api.github.com/repos/aint/laverna-android/commits/b4d0464f4bf1eb94a881d02fb3bc69c761d8a2ba"]}