{"new_feature": "136,1,5,239,2,0.99", "commitmessage": "fix silent self-update", "patch": ["@@ -8,7 +8,7 @@ android {\n         minSdkVersion 9\n         targetSdkVersion 25\n         versionCode 1\n-        versionName \"1.0\"\n+        versionName \"1.1\"\n         testInstrumentationRunner \"android.support.test.runner.AndroidJUnitRunner\"\n     }\n     buildTypes {", "@@ -92,19 +92,7 @@ public void run() {\n                 DlDone.setParams(dlComplete);\n                 DlDone.execute();\n \n-                try\n-                {\n-                    Runtime.getRuntime().exec(new String[] {\"su\", \"-c\", \"pm install -r /mnt/internal/Download/\" + Constants.UPDATE_PKG_FILE_NAME});\n-                }\n-                catch (IOException e)\n-                {\n-                    System.out.println(e.toString());\n-                    System.out.println(\"no root\");\n-\n-                    Intent updateIntent = new Intent(context, UpdateActivity.class);\n-                    updateIntent.addFlags(FLAG_ACTIVITY_NEW_TASK);\n-                    context.startActivity(updateIntent);\n-                }\n+                installApk(outputFile);\n \n \n             } catch (Exception e) {\n@@ -137,4 +125,25 @@ public void run() {\n             requestPermissions();\n         }\n     }\n+\n+    public void installApk(File file){\n+        if(file.exists()){\n+            try {\n+//                Install apk silently if rooted\n+                String command;\n+                command = \"pm install -r \" + file.getAbsolutePath();\n+                Log.i(TAG, \"Command: \" + command);\n+                Process proc = Runtime.getRuntime().exec(new String[] { \"su\", \"-c\", command });\n+                proc.waitFor();\n+\n+            } catch (Exception e) {\n+//                Prompt update activity\n+                Log.i(TAG, e.toString());\n+                Log.i(TAG, \"no root, open update activity\");\n+                Intent updateIntent = new Intent(context, UpdateActivity.class);\n+                updateIntent.addFlags(FLAG_ACTIVITY_NEW_TASK);\n+                context.startActivity(updateIntent);\n+            }\n+        }\n+    }\n }\n\\ No newline at end of file"], "edit": ["-        versionName \"1.0\"", "+        versionName \"1.1\"", "-                try", "-                {", "-                    Runtime.getRuntime().exec(new String[] {\"su\", \"-c\", \"pm install -r /mnt/internal/Download/\" + Constants.UPDATE_PKG_FILE_NAME});", "-                }", "-                catch (IOException e)", "-                {", "-                    System.out.println(e.toString());", "-                    System.out.println(\"no root\");", "-", "-                    Intent updateIntent = new Intent(context, UpdateActivity.class);", "-                    updateIntent.addFlags(FLAG_ACTIVITY_NEW_TASK);", "-                    context.startActivity(updateIntent);", "-                }", "+                installApk(outputFile);", "+", "+    public void installApk(File file){", "+        if(file.exists()){", "+            try {", "+//                Install apk silently if rooted", "+                String command;", "+                command = \"pm install -r \" + file.getAbsolutePath();", "+                Log.i(TAG, \"Command: \" + command);", "+                Process proc = Runtime.getRuntime().exec(new String[] { \"su\", \"-c\", command });", "+                proc.waitFor();", "+", "+            } catch (Exception e) {", "+//                Prompt update activity", "+                Log.i(TAG, e.toString());", "+                Log.i(TAG, \"no root, open update activity\");", "+                Intent updateIntent = new Intent(context, UpdateActivity.class);", "+                updateIntent.addFlags(FLAG_ACTIVITY_NEW_TASK);", "+                context.startActivity(updateIntent);", "+            }", "+        }", "+    }"], "url": ["https://api.github.com/repos/adonespitogo/AdoBot/commits/b6809ae2e14b0091fccd2f893314ee455ecc4309"]}