{"new_feature": "72,1,0,70,1,1.00", "commitmessage": "minor fix\n\nSigned-off-by: Jian Chang <aa65535@live.com>", "patch": ["@@ -75,9 +75,9 @@\n     // VersionAdded: 1.20\n     private DataList<Int> pkgList;\n     // VersionAdded: 1.20\n-    private DataList<Int> pkg_CollectFlags_Id;\n+    private DataList<Int> pkgCollectFlagsId;\n     // VersionAdded: 1.20\n-    private DataList<Int> pkg_SpecialtyFlags_Id;\n+    private DataList<Int> pkgSpecialtyFlagsId;\n     // VersionAdded: 1.20\n     private Int requestCount;\n     // VersionAdded: 1.20\n@@ -151,8 +151,8 @@ protected void initialize(OnLoadedListener listener) throws IOException {\n             coupon = new Int(r);\n             lastActPromo = new DataList<>(r, new IntElementFactory());\n             pkgList = new DataList<>(r, new IntElementFactory());\n-            pkg_CollectFlags_Id = new DataList<>(r, new IntElementFactory());\n-            pkg_SpecialtyFlags_Id = new DataList<>(r, new IntElementFactory());\n+            pkgCollectFlagsId = new DataList<>(r, new IntElementFactory());\n+            pkgSpecialtyFlagsId = new DataList<>(r, new IntElementFactory());\n             requestCount = new Int(r);\n             requestId = new Int(r);\n             requestTimer = new Int(r);\n@@ -330,10 +330,9 @@ public float versionStart() {\n     // getter end\n \n     public boolean getAllItem(OnLoadedListener listener) {\n-        int len = ALL_ITEMS_ARRAY.length * 8 + 4 - itemList.length();\n         try {\n-            resizeData(itemList, len);\n-            writeItems();\n+            resizeData(itemList, ALL_ITEMS_ARRAY.length * 8 + 4 - itemList.length());\n+            writeAllItems();\n             reload(listener);\n         } catch (IOException e) {\n             e.printStackTrace();\n@@ -342,7 +341,7 @@ public boolean getAllItem(OnLoadedListener listener) {\n         return true;\n     }\n \n-    private void writeItems() throws IOException {\n+    private void writeAllItems() throws IOException {\n         r.seek(itemList.offset());\n         r.writeInt(ALL_ITEMS_ARRAY.length);\n         for (int i : ALL_ITEMS_ARRAY) {\n@@ -448,7 +447,6 @@ public boolean save() {\n     @Override\n     public boolean write(RandomAccessFile r) {\n         try {\n-            r.seek(0);\n             r.writeInt(version);\n             r.writeInt(supportID);\n             if (!hoten.write(r)) {\n@@ -580,10 +578,10 @@ public boolean write(RandomAccessFile r) {\n                 if (!pkgList.write(r)) {\n                     return false;\n                 }\n-                if (!pkg_CollectFlags_Id.write(r)) {\n+                if (!pkgCollectFlagsId.write(r)) {\n                     return false;\n                 }\n-                if (!pkg_SpecialtyFlags_Id.write(r)) {\n+                if (!pkgSpecialtyFlagsId.write(r)) {\n                     return false;\n                 }\n                 if (!requestCount.write(r)) {"], "edit": ["-    private DataList<Int> pkg_CollectFlags_Id;", "+    private DataList<Int> pkgCollectFlagsId;", "-    private DataList<Int> pkg_SpecialtyFlags_Id;", "+    private DataList<Int> pkgSpecialtyFlagsId;", "-            pkg_CollectFlags_Id = new DataList<>(r, new IntElementFactory());", "-            pkg_SpecialtyFlags_Id = new DataList<>(r, new IntElementFactory());", "+            pkgCollectFlagsId = new DataList<>(r, new IntElementFactory());", "+            pkgSpecialtyFlagsId = new DataList<>(r, new IntElementFactory());", "-        int len = ALL_ITEMS_ARRAY.length * 8 + 4 - itemList.length();", "-            resizeData(itemList, len);", "-            writeItems();", "+            resizeData(itemList, ALL_ITEMS_ARRAY.length * 8 + 4 - itemList.length());", "+            writeAllItems();", "-    private void writeItems() throws IOException {", "+    private void writeAllItems() throws IOException {", "-            r.seek(0);", "-                if (!pkg_CollectFlags_Id.write(r)) {", "+                if (!pkgCollectFlagsId.write(r)) {", "-                if (!pkg_SpecialtyFlags_Id.write(r)) {", "+                if (!pkgSpecialtyFlagsId.write(r)) {"], "url": ["https://api.github.com/repos/aa65535/TabikaeruArchiveModifier/commits/b858568074b9418efe9d06ac5d7098f083f89084"]}