{"new_feature": "4880,99,0,51,8,0.27", "commitmessage": "Fix TSV parsing", "patch": ["@@ -15,36 +15,43 @@\n import java.util.function.Predicate;\n import java.util.stream.Collectors;\n \n-/**\n- * Created by gil on 10/26/16.\n- */\n public class LcmsTSVParser {\n \n+  private static final String MZ_KEY = \"mz\";\n+  private static final String INT_KEY = \"exp_maxo\";\n+  private static final String RT_KEY = \"rt\";\n+\n+  private static final Double MASS_TOLERANCE = .1;\n+  private static final Double RT_TOLERANCE = 1.0;\n+\n   public static PeakSpectrum parseTSV(File lcmsTSVFile) throws IOException {\n     FileChecker.verifyInputFile(lcmsTSVFile);\n     TSVParser parser = new TSVParser();\n     parser.parse(lcmsTSVFile);\n \n     TSVSpectrum spectrum = new TSVSpectrum();\n \n+    int i = 0;\n     for (Map<String, String> row : parser.getResults()) {\n-      Double minMz = Double.parseDouble(row.get(\"mzmin\"));\n-      Double maxMz = Double.parseDouble(row.get(\"mzmax\"));\n-      Double intensity = Double.parseDouble(row.get(\"exp_maxo\"));\n-      Double retentionTime = Double.parseDouble(row.get(\"rt\"));\n-      Double retentionWindow = (Double.parseDouble(row.get(\"rtmax\")) - Double.parseDouble(row.get(\"rtmin\"))) / 2;\n+      Double mz = getDouble(row.get(MZ_KEY));\n+      Double intensity = getDouble(row.get(INT_KEY));\n+      Double retentionTime = getDouble(row.get(RT_KEY));\n       String scanFile = lcmsTSVFile.getAbsolutePath();\n \n       if (intensity > 0) {\n-        FixedWindowDetectedPeak peak = new FixedWindowDetectedPeak(scanFile, (minMz + maxMz) / 2, (maxMz - minMz) / 2,\n-            retentionTime, retentionWindow, intensity, 1.0);\n+        FixedWindowDetectedPeak peak = new FixedWindowDetectedPeak(scanFile, mz - MASS_TOLERANCE, mz + MASS_TOLERANCE,\n+            retentionTime, RT_TOLERANCE, intensity, 1.0);\n         spectrum.addPeak(peak);\n       }\n     }\n \n     return spectrum;\n   }\n \n+  private static Double getDouble(String raw) {\n+    return (raw.equals(\"\")) ? 0.0 : Double.parseDouble(raw);\n+  }\n+\n   private static class TSVSpectrum implements PeakSpectrum {\n \n     List<DetectedPeak> peaks;", "@@ -22,8 +22,7 @@\n   List<MS1.MetlinIonMass> ionMasses;\n \n   public MetaboliteToMz(Set<String> ions) {\n-    ionMasses = Arrays.asList(ionDeltas);\n-    ionMasses.removeIf(m -> !ions.contains(m.getName()));\n+    ionMasses = Arrays.stream(ionDeltas).filter(m -> ions.contains(m.getName())).collect(Collectors.toList());\n   }\n \n   @Override"], "edit": ["-/**", "- * Created by gil on 10/26/16.", "- */", "+  private static final String MZ_KEY = \"mz\";", "+  private static final String INT_KEY = \"exp_maxo\";", "+  private static final String RT_KEY = \"rt\";", "+", "+  private static final Double MASS_TOLERANCE = .1;", "+  private static final Double RT_TOLERANCE = 1.0;", "+", "+    int i = 0;", "-      Double minMz = Double.parseDouble(row.get(\"mzmin\"));", "-      Double maxMz = Double.parseDouble(row.get(\"mzmax\"));", "-      Double intensity = Double.parseDouble(row.get(\"exp_maxo\"));", "-      Double retentionTime = Double.parseDouble(row.get(\"rt\"));", "-      Double retentionWindow = (Double.parseDouble(row.get(\"rtmax\")) - Double.parseDouble(row.get(\"rtmin\"))) / 2;", "+      Double mz = getDouble(row.get(MZ_KEY));", "+      Double intensity = getDouble(row.get(INT_KEY));", "+      Double retentionTime = getDouble(row.get(RT_KEY));", "-        FixedWindowDetectedPeak peak = new FixedWindowDetectedPeak(scanFile, (minMz + maxMz) / 2, (maxMz - minMz) / 2,", "-            retentionTime, retentionWindow, intensity, 1.0);", "+        FixedWindowDetectedPeak peak = new FixedWindowDetectedPeak(scanFile, mz - MASS_TOLERANCE, mz + MASS_TOLERANCE,", "+            retentionTime, RT_TOLERANCE, intensity, 1.0);", "+  private static Double getDouble(String raw) {", "+    return (raw.equals(\"\")) ? 0.0 : Double.parseDouble(raw);", "+  }", "+", "-    ionMasses = Arrays.asList(ionDeltas);", "-    ionMasses.removeIf(m -> !ions.contains(m.getName()));", "+    ionMasses = Arrays.stream(ionDeltas).filter(m -> ions.contains(m.getName())).collect(Collectors.toList());"], "url": ["https://api.github.com/repos/20n/act/commits/b8aab66f6697d9dc6a27bc6f93afacd8bab77477"]}