{"new_feature": "2146,31,17,479,17,0.65", "commitmessage": "typo fix", "patch": ["@@ -16,7 +16,7 @@\n         <maven.build.timestamp.format>yyyy-MM-dd HH:mm:ss</maven.build.timestamp.format>\n         <version.template.file>version.txt.template</version.template.file>\n         <version.file>version.txt</version.file>\n-        <sever.comment>dble Server (ActionTech)</sever.comment>\n+        <server.comment>dble Server (ActionTech)</server.comment>\n         <project.build.sourceEncoding>\n             UTF-8\n         </project.build.sourceEncoding>\n@@ -387,7 +387,7 @@\n                                 </replacement>\n                                 <replacement>\n                                     <token>@version-comment@</token>\n-                                    <value>${sever.comment}</value>\n+                                    <value>${server.comment}</value>\n                                 </replacement>\n                                 <replacement>\n                                     <token>@annotation-name@</token>\n@@ -397,6 +397,10 @@\n                                     <token>@root_prefix@</token>\n                                     <value>dble</value>\n                                 </replacement>\n+                                <replacement>\n+                                    <token>@domain@</token>\n+                                    <value>http://dble.cloud/</value>\n+                                </replacement>\n                             </replacements>\n                         </configuration>\n                     </execution>", "@@ -34,6 +34,7 @@\n     public static final byte[] VERSION_COMMENT = \"dble Server (ActionTech)\".getBytes();\n     public static final String ANNOTATION_NAME = \"dble:\";\n     public static final String ROOT_PREFIX = \"dble\";\n+    public static final String DOMAIN = \"http://dble.cloud/\";\n \n     public static void setServerVersion(String version) {\n         byte[] mysqlVersionPart = version.getBytes();", "@@ -34,6 +34,7 @@ public abstract class Versions {\n     public static final byte[] VERSION_COMMENT = \"@version-comment@\".getBytes();\n     public static final String ANNOTATION_NAME = \"@annotation-name@\";\n     public static final String ROOT_PREFIX = \"@root_prefix@\";\n+    public static final String DOMAIN = \"@domain@\";\n \n     public static void setServerVersion(String version) {\n         byte[] mysqlVersionPart = version.getBytes();", "@@ -11,7 +11,7 @@\n import java.util.List;\n \n @XmlAccessorType(XmlAccessType.FIELD)\n-@XmlRootElement(namespace = \"http://\" + Versions.ROOT_PREFIX + \".cloud/\", name = \"rule\")\n+@XmlRootElement(namespace = Versions.DOMAIN, name = \"rule\")\n public class Rules {\n \n     protected List<TableRule> tableRule;", "@@ -12,7 +12,7 @@\n import java.util.List;\n \n @XmlAccessorType(XmlAccessType.FIELD)\n-@XmlRootElement(namespace = \"http://\" + Versions.ROOT_PREFIX + \".cloud/\", name = \"schema\")\n+@XmlRootElement(namespace = Versions.DOMAIN, name = \"schema\")\n public class Schemas {\n     private List<Schema> schema;\n ", "@@ -12,7 +12,7 @@\n import java.util.List;\n \n @XmlAccessorType(XmlAccessType.FIELD)\n-@XmlRootElement(namespace = \"http://\" + Versions.ROOT_PREFIX + \".cloud/\", name = \"server\")\n+@XmlRootElement(namespace = Versions.DOMAIN, name = \"server\")\n public class Server {\n \n     @XmlElement(required = true)", "@@ -1,4 +1,4 @@\n-@XmlSchema(xmlns = @XmlNs(prefix = Versions.ROOT_PREFIX, namespaceURI = \"http://\" + Versions.ROOT_PREFIX + \".cloud/\"), elementFormDefault = javax.xml.bind.annotation.XmlNsForm.QUALIFIED)\n+@XmlSchema(xmlns = @XmlNs(prefix = Versions.ROOT_PREFIX, namespaceURI = Versions.DOMAIN), elementFormDefault = javax.xml.bind.annotation.XmlNsForm.QUALIFIED)\n \n package com.actiontech.dble.config.loader.zkprocess.entity;\n "], "edit": ["-        <sever.comment>dble Server (ActionTech)</sever.comment>", "+        <server.comment>dble Server (ActionTech)</server.comment>", "-                                    <value>${sever.comment}</value>", "+                                    <value>${server.comment}</value>", "+                                <replacement>", "+                                    <token>@domain@</token>", "+                                    <value>http://dble.cloud/</value>", "+                                </replacement>", "+    public static final String DOMAIN = \"http://dble.cloud/\";", "+    public static final String DOMAIN = \"@domain@\";", "-@XmlRootElement(namespace = \"http://\" + Versions.ROOT_PREFIX + \".cloud/\", name = \"rule\")", "+@XmlRootElement(namespace = Versions.DOMAIN, name = \"rule\")", "-@XmlRootElement(namespace = \"http://\" + Versions.ROOT_PREFIX + \".cloud/\", name = \"schema\")", "+@XmlRootElement(namespace = Versions.DOMAIN, name = \"schema\")", "-@XmlRootElement(namespace = \"http://\" + Versions.ROOT_PREFIX + \".cloud/\", name = \"server\")", "+@XmlRootElement(namespace = Versions.DOMAIN, name = \"server\")", "-@XmlSchema(xmlns = @XmlNs(prefix = Versions.ROOT_PREFIX, namespaceURI = \"http://\" + Versions.ROOT_PREFIX + \".cloud/\"), elementFormDefault = javax.xml.bind.annotation.XmlNsForm.QUALIFIED)", "+@XmlSchema(xmlns = @XmlNs(prefix = Versions.ROOT_PREFIX, namespaceURI = Versions.DOMAIN), elementFormDefault = javax.xml.bind.annotation.XmlNsForm.QUALIFIED)"], "url": ["https://api.github.com/repos/actiontech/dble/commits/b8de51915d30d6523319cea68e7bb3f66938bfc2"]}