{"new_feature": "32,1,0,79,1,1.00", "commitmessage": "bug fixes", "patch": ["@@ -7,6 +7,7 @@\n import android.widget.Button;\n \n import com.app.abby.tsnackbar.TSnackbar;\n+import com.app.abby.tsnackbar.Util;\n \n public class MainActivity extends AppCompatActivity {\n \n@@ -66,7 +67,7 @@ public void onClick(View v) {\n             @Override\n             public void onClick(View v) {\n                 TSnackbar.make(getWindow().getDecorView(),\"\u6b63\u5728\u52a0\u8f7d\u4e2d\",TSnackbar.LENGTH_LONG)\n-                        .setIconRes(R.drawable.ic_wifi_black_24dp)\n+                        .setIconRes(R.mipmap.ic_launcher, Util.dp2px(MainActivity.this,20),Util.dp2px(MainActivity.this,20))\n                         .setBackgroundColor(Color.GREEN)\n                         .show();\n             }", "@@ -7,6 +7,9 @@ buildscript {\n     dependencies {\n         classpath 'com.android.tools.build:gradle:2.3.3'\n \n+        classpath 'com.jfrog.bintray.gradle:gradle-bintray-plugin:1.2'\n+        classpath 'com.github.dcendents:android-maven-gradle-plugin:1.5'\n+\n         // NOTE: Do not place your application dependencies here; they belong\n         // in the individual module build.gradle files\n     }", "@@ -1,39 +0,0 @@\n-package com.app.abby.tsnackbar;\n-\n-import android.graphics.Color;\n-import android.os.Bundle;\n-import android.support.design.widget.AppBarLayout;\n-import android.support.design.widget.Snackbar;\n-import android.support.v7.app.AppCompatActivity;\n-import android.view.View;\n-\n-/**\n- * Created by Abby on 8/24/2017.\n- */\n-\n-public class MainActivity extends AppCompatActivity {\n-\n-    TSnackbar tSnackbar;\n-    @Override\n-    public void onCreate(Bundle savedInstanceState){\n-        super.onCreate(savedInstanceState);\n-        TSnackbar.make(this.getWindow().getDecorView(),\"\u52a0\u8f7d\u5b8c\u6bd5\",TSnackbar.LENGTH_LONG)\n-                .setActionTextColor(Color.WHITE)\n-                .setMessageTextColor(Color.WHITE)\n-            //    .setAlpha(150)\n-                .setShowsDirection(TSnackbar.SHOW_FROM_BOTTOM_TO_TOP)\n-                .setPreDefinedStyle(TSnackbar.STYLE_LOADING)\n-                .setBackgroundColor(Color.BLUE)\n-                .setFadeOrTranslateStyle(TSnackbar.STYLE_FADE_OUT)\n-                .setAction(\"\u53d6\u6d88\", new View.OnClickListener() {\n-                    @Override\n-                    public void onClick(View view) {\n-                        tSnackbar.dismiss();\n-                    }\n-                }).show();\n-\n-\n-\n-\n-    }\n-}"], "edit": ["+import com.app.abby.tsnackbar.Util;", "-                        .setIconRes(R.drawable.ic_wifi_black_24dp)", "+                        .setIconRes(R.mipmap.ic_launcher, Util.dp2px(MainActivity.this,20),Util.dp2px(MainActivity.this,20))", "+        classpath 'com.jfrog.bintray.gradle:gradle-bintray-plugin:1.2'", "+        classpath 'com.github.dcendents:android-maven-gradle-plugin:1.5'", "+", "-package com.app.abby.tsnackbar;", "-", "-import android.graphics.Color;", "-import android.os.Bundle;", "-import android.support.design.widget.AppBarLayout;", "-import android.support.design.widget.Snackbar;", "-import android.support.v7.app.AppCompatActivity;", "-import android.view.View;", "-", "-/**", "- * Created by Abby on 8/24/2017.", "- */", "-", "-public class MainActivity extends AppCompatActivity {", "-", "-    TSnackbar tSnackbar;", "-    @Override", "-    public void onCreate(Bundle savedInstanceState){", "-        super.onCreate(savedInstanceState);", "-        TSnackbar.make(this.getWindow().getDecorView(),\"\u52a0\u8f7d\u5b8c\u6bd5\",TSnackbar.LENGTH_LONG)", "-                .setActionTextColor(Color.WHITE)", "-                .setMessageTextColor(Color.WHITE)", "-            //    .setAlpha(150)", "-                .setShowsDirection(TSnackbar.SHOW_FROM_BOTTOM_TO_TOP)", "-                .setPreDefinedStyle(TSnackbar.STYLE_LOADING)", "-                .setBackgroundColor(Color.BLUE)", "-                .setFadeOrTranslateStyle(TSnackbar.STYLE_FADE_OUT)", "-                .setAction(\"\u53d6\u6d88\", new View.OnClickListener() {", "-                    @Override", "-                    public void onClick(View view) {", "-                        tSnackbar.dismiss();", "-                    }", "-                }).show();", "-", "-", "-", "-", "-    }", "-}"], "url": ["https://api.github.com/repos/AbbyJM/TSnackbar/commits/ba8eea7b13814e47ef51ddaf4bf6dc1e4f74439a"]}