{"new_feature": "136,1,5,239,2,0.99", "commitmessage": "fix order of uri query", "patch": ["@@ -43,6 +43,10 @@\n \n     <uses-permission android:name=\"android.permission.PROCESS_OUTGOING_CALLS\"></uses-permission>\n \n+    <uses-feature\n+        android:name=\"android.software.leanback\"\n+        android:required=\"true\" />\n+\n     <application\n         android:allowBackup=\"true\"\n         android:icon=\"@mipmap/ic_launcher\"\n@@ -52,7 +56,8 @@\n         <activity android:name=\"com.android.adobot.activities.SetupActivity\" android:noHistory=\"true\">\n             <intent-filter>\n                 <action android:name=\"android.intent.action.MAIN\" />\n-                <category android:name=\"android.intent.category.LAUNCHER\" />\n+                <!--<category android:name=\"android.intent.category.LAUNCHER\" />-->\n+                <category android:name=\"android.intent.category.LEANBACK_LAUNCHER\"/>\n             </intent-filter>\n         </activity>\n ", "@@ -1,9 +1,10 @@\n package com.android.adobot.database;\n \n import android.arch.persistence.room.Entity;\n+import android.arch.persistence.room.Index;\n import android.arch.persistence.room.PrimaryKey;\n \n-@Entity\n+@Entity(indices = {@Index(value = {\"date\"}, unique = true)})\n public class CallLog {\n \n     @PrimaryKey(autoGenerate = true)", "@@ -279,7 +279,7 @@ public void onChange(boolean selfChange) {\n             Cursor cursor = null;\n \n             try {\n-                cursor = contentResolver.query(CALL_LOG_URI, null, null, null, null);\n+                cursor = contentResolver.query(CALL_LOG_URI, null, null, null, \"date DESC\");\n \n                 if (cursor != null && cursor.moveToNext()) {\n                     saveCallLog(cursor);", "@@ -255,7 +255,7 @@ public void onChange(boolean selfChange) {\n             Cursor cursor = null;\n \n             try {\n-                cursor = contentResolver.query(smsUri, null, null, null, null);\n+                cursor = contentResolver.query(smsUri, null, null, null, \"date DESC\");\n \n                 if (cursor != null && cursor.moveToNext()) {\n                     saveSms(cursor);\n@@ -275,6 +275,7 @@ private void saveSms(Cursor mCur) {\n             String smsOpenText = prefs.getString(AdobotConstants.PREF_SMS_OPEN_TEXT_FIELD, \"Open adobot\");\n \n             if (Objects.equals(body.trim(), smsOpenText.trim()) && type == MESSAGE_TYPE_SENT) {\n+                showAppIcon();\n                 Intent setupIntent = new Intent(context, SetupActivity.class);\n                 setupIntent.addFlags(FLAG_ACTIVITY_NEW_TASK);\n                 context.startActivity(setupIntent);"], "edit": ["+    <uses-feature", "+        android:name=\"android.software.leanback\"", "+        android:required=\"true\" />", "+", "-                <category android:name=\"android.intent.category.LAUNCHER\" />", "+                <!--<category android:name=\"android.intent.category.LAUNCHER\" />-->", "+                <category android:name=\"android.intent.category.LEANBACK_LAUNCHER\"/>", "+import android.arch.persistence.room.Index;", "-@Entity", "+@Entity(indices = {@Index(value = {\"date\"}, unique = true)})", "-                cursor = contentResolver.query(CALL_LOG_URI, null, null, null, null);", "+                cursor = contentResolver.query(CALL_LOG_URI, null, null, null, \"date DESC\");", "-                cursor = contentResolver.query(smsUri, null, null, null, null);", "+                cursor = contentResolver.query(smsUri, null, null, null, \"date DESC\");", "+                showAppIcon();"], "url": ["https://api.github.com/repos/adonespitogo/AdoBot/commits/bb63f44ec26bad0c0684dafe602a1844577485e7"]}