{"new_feature": "3619,54,46,449,30,0.94", "commitmessage": "fix failing test", "patch": ["@@ -41,6 +41,9 @@\n   private static final Logger LOG = LoggerFactory.getLogger(Less4jProcessor.class);\n   public static final String ALIAS = \"less4j\";\n \n+  /**\n+   * Required to use the less4j import mechanism.\n+   */\n   private static class RelativeAwareLessSource\n       extends LessSource.StringSource {\n     private final Resource resource;\n@@ -64,8 +67,6 @@ private LessSource computeRelative(final Resource resource, final String relativ\n         final String relativeResourceUri = computeRelativeResourceUri(resource.getUri(), relativePath);\n         final Resource relativeResource = Resource.create(relativeResourceUri, ResourceType.CSS);\n         final String relativeResourceContent = IOUtils.toString(locatorFactory.locate(relativeResourceUri), \"UTF-8\");\n-        System.out.println(\"relativeResource: \" + relativeResource);\n-        System.out.println(\"relativeResourceContent: \" + relativeResourceContent);\n         return new RelativeAwareLessSource(relativeResource, relativeResourceContent, locatorFactory);\n       } catch (final IOException e) {\n         throw new StringSourceException();\n@@ -76,14 +77,6 @@ public String computeRelativeResourceUri(final String originalResourceUri, final\n       final String fullPath = FilenameUtils.getFullPath(originalResourceUri) + relativePath;\n       return FilenameUtils.normalize(fullPath);\n     }\n-//\n-//    /**\n-//     * Override hashcode to make less4j aware about duplicate imports using the provided resource.\n-//     */\n-//    @Override\n-//    public int hashCode() {\n-//      return resource == null ? super.hashCode() : resource.hashCode();\n-//    }\n   }\n   @Inject\n   private UriLocatorFactory locatorFactory;", "@@ -20,8 +20,6 @@\n import ro.isdc.wro.model.resource.Resource;\n import ro.isdc.wro.model.resource.ResourceType;\n import ro.isdc.wro.model.resource.processor.ResourcePreProcessor;\n-import ro.isdc.wro.model.resource.processor.impl.css.LessCssImportPreProcessor;\n-import ro.isdc.wro.model.resource.processor.support.ChainedProcessor;\n import ro.isdc.wro.util.Function;\n import ro.isdc.wro.util.WroTestUtils;\n \n@@ -102,7 +100,7 @@ public Void apply(final File input)\n   @Test\n   public void shouldDetectProperlyCssImportStatements()\n       throws Exception {\n-    final ResourcePreProcessor processor = ChainedProcessor.create(new LessCssImportPreProcessor(), victim);\n+    final ResourcePreProcessor processor = victim;\n     final URL url = getClass().getResource(\"lesscss\");\n \n     final File testFolder = new File(url.getFile(), \"test\");"], "edit": ["+  /**", "+   * Required to use the less4j import mechanism.", "+   */", "-        System.out.println(\"relativeResource: \" + relativeResource);", "-        System.out.println(\"relativeResourceContent: \" + relativeResourceContent);", "-//", "-//    /**", "-//     * Override hashcode to make less4j aware about duplicate imports using the provided resource.", "-//     */", "-//    @Override", "-//    public int hashCode() {", "-//      return resource == null ? super.hashCode() : resource.hashCode();", "-//    }", "-import ro.isdc.wro.model.resource.processor.impl.css.LessCssImportPreProcessor;", "-import ro.isdc.wro.model.resource.processor.support.ChainedProcessor;", "-    final ResourcePreProcessor processor = ChainedProcessor.create(new LessCssImportPreProcessor(), victim);", "+    final ResourcePreProcessor processor = victim;"], "url": ["https://api.github.com/repos/alexo/wro4j/commits/bc7d98427c1d7f0c03f98aedcf2f330444c70c1d"]}