{"new_feature": "1577,1,17,193,30,0.71", "commitmessage": "Fix crash related to genre tab", "patch": ["@@ -19,20 +19,7 @@\n \n     @NonNull\n     public static ArrayList<Genre> getAllGenres(@NonNull final Context context) {\n-        final String[] projection = new String[]{\n-                Genres._ID,\n-                Genres.NAME\n-        };\n-        // Genres that actually have songs\n-        final String selection = Genres._ID + \" IN\" +\n-                \" (SELECT \" + Genres.Members.GENRE_ID + \" FROM audio_genres_map WHERE \" + Genres.Members.AUDIO_ID + \" IN\" +\n-                \" (SELECT \" + Genres._ID + \" FROM audio_meta WHERE \" + SongLoader.BASE_SELECTION + \"))\";\n-\n-        final Cursor cursor = context.getContentResolver().query(\n-                Genres.EXTERNAL_CONTENT_URI,\n-                projection, selection, null, PreferenceUtil.getInstance(context).getGenreSortOrder());\n-\n-        return getGenresFromCursor(context, cursor);\n+        return getGenresFromCursor(context, makeGenreCursor(context));\n     }\n \n     @NonNull\n@@ -43,11 +30,7 @@\n             return getSongsWithNoGenre(context);\n         }\n \n-        final Cursor cursor = context.getContentResolver().query(\n-                Genres.Members.getContentUri(\"external\", genreId),\n-                SongLoader.BASE_PROJECTION, SongLoader.BASE_SELECTION, null, null);\n-\n-        return SongLoader.getSongs(cursor);\n+        return SongLoader.getSongs(makeGenreSongCursor(context, genreId));\n     }\n \n     @NonNull\n@@ -107,4 +90,35 @@ private static Cursor makeAllSongsWithGenreCursor(@NonNull final Context context\n             return null;\n         }\n     }\n+\n+    @Nullable\n+    private static Cursor makeGenreSongCursor(@NonNull final Context context, int genreId) {\n+        try {\n+            return context.getContentResolver().query(\n+                    Genres.Members.getContentUri(\"external\", genreId),\n+                    SongLoader.BASE_PROJECTION, SongLoader.BASE_SELECTION, null, PreferenceUtil.getInstance(context).getSongSortOrder());\n+        } catch (SecurityException e) {\n+            return null;\n+        }\n+    }\n+\n+    @Nullable\n+    private static Cursor makeGenreCursor(@NonNull final Context context) {\n+        final String[] projection = new String[]{\n+                Genres._ID,\n+                Genres.NAME\n+        };\n+        // Genres that actually have songs\n+        final String selection = Genres._ID + \" IN\" +\n+                \" (SELECT \" + Genres.Members.GENRE_ID + \" FROM audio_genres_map WHERE \" + Genres.Members.AUDIO_ID + \" IN\" +\n+                \" (SELECT \" + Genres._ID + \" FROM audio_meta WHERE \" + SongLoader.BASE_SELECTION + \"))\";\n+\n+        try {\n+            return context.getContentResolver().query(\n+                    Genres.EXTERNAL_CONTENT_URI,\n+                    projection, selection, null, PreferenceUtil.getInstance(context).getGenreSortOrder());\n+        } catch (SecurityException e) {\n+            return null;\n+        }\n+    }\n }"], "edit": ["-        final String[] projection = new String[]{", "-                Genres._ID,", "-                Genres.NAME", "-        };", "-        // Genres that actually have songs", "-        final String selection = Genres._ID + \" IN\" +", "-                \" (SELECT \" + Genres.Members.GENRE_ID + \" FROM audio_genres_map WHERE \" + Genres.Members.AUDIO_ID + \" IN\" +", "-                \" (SELECT \" + Genres._ID + \" FROM audio_meta WHERE \" + SongLoader.BASE_SELECTION + \"))\";", "-", "-        final Cursor cursor = context.getContentResolver().query(", "-                Genres.EXTERNAL_CONTENT_URI,", "-                projection, selection, null, PreferenceUtil.getInstance(context).getGenreSortOrder());", "-", "-        return getGenresFromCursor(context, cursor);", "+        return getGenresFromCursor(context, makeGenreCursor(context));", "-        final Cursor cursor = context.getContentResolver().query(", "-                Genres.Members.getContentUri(\"external\", genreId),", "-                SongLoader.BASE_PROJECTION, SongLoader.BASE_SELECTION, null, null);", "-", "-        return SongLoader.getSongs(cursor);", "+        return SongLoader.getSongs(makeGenreSongCursor(context, genreId));", "+", "+    @Nullable", "+    private static Cursor makeGenreSongCursor(@NonNull final Context context, int genreId) {", "+        try {", "+            return context.getContentResolver().query(", "+                    Genres.Members.getContentUri(\"external\", genreId),", "+                    SongLoader.BASE_PROJECTION, SongLoader.BASE_SELECTION, null, PreferenceUtil.getInstance(context).getSongSortOrder());", "+        } catch (SecurityException e) {", "+            return null;", "+        }", "+    }", "+", "+    @Nullable", "+    private static Cursor makeGenreCursor(@NonNull final Context context) {", "+        final String[] projection = new String[]{", "+                Genres._ID,", "+                Genres.NAME", "+        };", "+        // Genres that actually have songs", "+        final String selection = Genres._ID + \" IN\" +", "+                \" (SELECT \" + Genres.Members.GENRE_ID + \" FROM audio_genres_map WHERE \" + Genres.Members.AUDIO_ID + \" IN\" +", "+                \" (SELECT \" + Genres._ID + \" FROM audio_meta WHERE \" + SongLoader.BASE_SELECTION + \"))\";", "+", "+        try {", "+            return context.getContentResolver().query(", "+                    Genres.EXTERNAL_CONTENT_URI,", "+                    projection, selection, null, PreferenceUtil.getInstance(context).getGenreSortOrder());", "+        } catch (SecurityException e) {", "+            return null;", "+        }", "+    }"], "url": ["https://api.github.com/repos/AdrienPoupa/VinylMusicPlayer/commits/bd9c75787d69463765a9ea9bb44553e62dad23bb"]}