{"new_feature": "240,3,41,177,30,0.00", "commitmessage": "fixed inconsistent file name encoding (#129)", "patch": ["@@ -1,5 +1,5 @@\n /*\n- *  Copyright 2017-2018 Adobe.\n+ *  Copyright 2017-2019 Adobe.\n  *\n  *  Licensed under the Apache License, Version 2.0 (the \"License\");\n  *  you may not use this file except in compliance with the License.\n@@ -79,6 +79,7 @@\n import javax.servlet.http.HttpServletResponse;\n import org.apache.commons.io.IOUtils;\n import org.apache.commons.io.input.BoundedInputStream;\n+import org.eclipse.jetty.util.UrlEncoded;\n import org.slf4j.Logger;\n import org.slf4j.LoggerFactory;\n import org.springframework.beans.factory.annotation.Autowired;\n@@ -1213,7 +1214,9 @@ private void getObjectWithRange(final HttpServletResponse response, final Range\n   private static String filenameFrom(final @PathVariable String bucketName,\n       final HttpServletRequest request) {\n     final String requestUri = request.getRequestURI();\n-    return requestUri.substring(requestUri.indexOf(bucketName) + bucketName.length() + 1);\n+    return UrlEncoded.decodeString(\n+            requestUri.substring(requestUri.indexOf(bucketName) + bucketName.length() + 1)\n+    );\n   }\n \n   private void verifyObjectMatching(", "@@ -35,6 +35,7 @@\n import org.apache.http.entity.StringEntity;\n import org.apache.http.impl.client.CloseableHttpClient;\n import org.apache.http.impl.client.HttpClients;\n+import org.eclipse.jetty.util.UrlEncoded;\n import org.junit.jupiter.api.AfterEach;\n import org.junit.jupiter.api.BeforeEach;\n import org.junit.jupiter.api.Test;\n@@ -71,6 +72,27 @@ public void putObjectReturns200() throws IOException {\n     assertThat(putObjectResponse.getStatusLine().getStatusCode(), is(SC_OK));\n   }\n \n+  @Test\n+  public void putObjectWithSpecialCharactersInTheName() throws Exception {\n+    final String fileNameWithSpecialCharacters = \"file=name$Dollar;Semicolon\"\n+            + \"&Ampersand@At:Colon     Space,Comma?Questionmark\";\n+    final Bucket targetBucket = s3Client.createBucket(UUID.randomUUID().toString());\n+    final HttpPut putObject = new HttpPut(SLASH + targetBucket.getName()\n+            + SLASH + UrlEncoded.encodeString(fileNameWithSpecialCharacters));\n+    putObject.setEntity(new ByteArrayEntity(UUID.randomUUID().toString().getBytes()));\n+\n+    final HttpResponse putObjectResponse =\n+            httpClient.execute(new HttpHost(getHost(), getHttpPort()), putObject);\n+\n+    assertThat(putObjectResponse.getStatusLine().getStatusCode(), is(SC_OK));\n+    assertThat(s3Client\n+                    .listObjects(targetBucket.getName())\n+                    .getObjectSummaries()\n+                    .get(0)\n+                    .getKey(),\n+            is(fileNameWithSpecialCharacters));\n+  }\n+\n   @Test\n   public void deleteNonExistingObjectReturns204() throws IOException {\n     final Bucket targetBucket = s3Client.createBucket(UUID.randomUUID().toString());"], "edit": ["- *  Copyright 2017-2018 Adobe.", "+ *  Copyright 2017-2019 Adobe.", "+import org.eclipse.jetty.util.UrlEncoded;", "-    return requestUri.substring(requestUri.indexOf(bucketName) + bucketName.length() + 1);", "+    return UrlEncoded.decodeString(", "+            requestUri.substring(requestUri.indexOf(bucketName) + bucketName.length() + 1)", "+    );", "+import org.eclipse.jetty.util.UrlEncoded;", "+  @Test", "+  public void putObjectWithSpecialCharactersInTheName() throws Exception {", "+    final String fileNameWithSpecialCharacters = \"file=name$Dollar;Semicolon\"", "+            + \"&Ampersand@At:Colon     Space,Comma?Questionmark\";", "+    final Bucket targetBucket = s3Client.createBucket(UUID.randomUUID().toString());", "+    final HttpPut putObject = new HttpPut(SLASH + targetBucket.getName()", "+            + SLASH + UrlEncoded.encodeString(fileNameWithSpecialCharacters));", "+    putObject.setEntity(new ByteArrayEntity(UUID.randomUUID().toString().getBytes()));", "+", "+    final HttpResponse putObjectResponse =", "+            httpClient.execute(new HttpHost(getHost(), getHttpPort()), putObject);", "+", "+    assertThat(putObjectResponse.getStatusLine().getStatusCode(), is(SC_OK));", "+    assertThat(s3Client", "+                    .listObjects(targetBucket.getName())", "+                    .getObjectSummaries()", "+                    .get(0)", "+                    .getKey(),", "+            is(fileNameWithSpecialCharacters));", "+  }", "+"], "url": ["https://api.github.com/repos/adobe/S3Mock/commits/bdd9bcbb5f5d3a38b7160d133fd909a25ba319f3"]}