{"new_feature": "1050,1,6,586,29,0.01", "commitmessage": "fix queryParams match rule in case of empty query", "patch": ["@@ -61,11 +61,20 @@ public boolean isMatch(Request a, Request b) {\n     queryParams {\n         @Override\n         public boolean isMatch(Request a, Request b) {\n-            String[] aParameters = a.getUri().getQuery().split(\"&\");\n-            String[] bParameters = b.getUri().getQuery().split(\"&\");\n-            Arrays.sort(aParameters);\n-            Arrays.sort(bParameters);\n-            return Arrays.equals(aParameters, bParameters);\n+            if((a.getUri().getQuery() != null) && (b.getUri().getQuery() != null)) {\n+                // both request have a query, split query params and compare\n+                String[] aParameters = a.getUri().getQuery().split(\"&\");\n+                String[] bParameters = b.getUri().getQuery().split(\"&\");\n+                Arrays.sort(aParameters);\n+                Arrays.sort(bParameters);\n+                return Arrays.equals(aParameters, bParameters);\n+            } else {\n+                if ((a.getUri().getQuery() == null) && (b.getUri().getQuery() == null)) {\n+                    // both request have no query\n+                    return true;\n+                }\n+                return false;\n+            }\n         }\n     }, authorization {\n         @Override", "@@ -118,6 +118,8 @@ class MatchRuleSpec extends Specification {\n         given:\n         def request1 = new RecordedRequest(method: 'GET', uri: 'http://freeside.co/betamax?p=2&q=1'.toURI())\n         def request2 = new RecordedRequest(method: 'GET', uri: 'http://freeside.co/betamax?p=2&q=2'.toURI())\n+        def request3 = new RecordedRequest(method: 'GET', uri: 'http://freeside.co/betamax'.toURI())\n+        def request4 = new RecordedRequest(method: 'GET', uri: 'http://freeside.co/betamax'.toURI())\n \n         and:\n         def request = new RecordedRequest(method: 'GET', uri: 'http://freeside.co/betamax?q=1&p=2'.toURI())\n@@ -126,6 +128,8 @@ class MatchRuleSpec extends Specification {\n         expect:\n         rule.isMatch(request, request1)\n         !rule.isMatch(request, request2)\n+        rule.isMatch(request3, request4)\n+        !rule.isMatch(request, request3)\n \n     }\n "], "edit": ["-            String[] aParameters = a.getUri().getQuery().split(\"&\");", "-            String[] bParameters = b.getUri().getQuery().split(\"&\");", "-            Arrays.sort(aParameters);", "-            Arrays.sort(bParameters);", "-            return Arrays.equals(aParameters, bParameters);", "+            if((a.getUri().getQuery() != null) && (b.getUri().getQuery() != null)) {", "+                // both request have a query, split query params and compare", "+                String[] aParameters = a.getUri().getQuery().split(\"&\");", "+                String[] bParameters = b.getUri().getQuery().split(\"&\");", "+                Arrays.sort(aParameters);", "+                Arrays.sort(bParameters);", "+                return Arrays.equals(aParameters, bParameters);", "+            } else {", "+                if ((a.getUri().getQuery() == null) && (b.getUri().getQuery() == null)) {", "+                    // both request have no query", "+                    return true;", "+                }", "+                return false;", "+            }", "+        def request3 = new RecordedRequest(method: 'GET', uri: 'http://freeside.co/betamax'.toURI())", "+        def request4 = new RecordedRequest(method: 'GET', uri: 'http://freeside.co/betamax'.toURI())", "+        rule.isMatch(request3, request4)", "+        !rule.isMatch(request, request3)"], "url": ["https://api.github.com/repos/airbnb/okreplay/commits/be2ebbd462d9ed6ae2020f2c388dde5aacf956d8"]}