{"new_feature": "1147,17,0,59,14,0.13", "commitmessage": "SecondaryLocations fix", "patch": ["@@ -318,6 +318,7 @@ private void addSecondaryLocation(Token token, int increment, int nested) {\n     }\n \n     locations.add(secondaryLocation);\n+    methodsComplexitySecondaryLocations.put(currentMethod, locations);\n   }\n \n   @Value", "@@ -1,3 +1,24 @@\n+/*\n+ * This file is a part of BSL Language Server.\n+ *\n+ * Copyright \u00a9 2018-2019\n+ * Alexey Sosnoviy <labotamy@gmail.com>, Nikita Gryzlov <nixel2007@gmail.com> and contributors\n+ *\n+ * SPDX-License-Identifier: LGPL-3.0-or-later\n+ *\n+ * BSL Language Server is free software; you can redistribute it and/or\n+ * modify it under the terms of the GNU Lesser General Public\n+ * License as published by the Free Software Foundation; either\n+ * version 3.0 of the License, or (at your option) any later version.\n+ *\n+ * BSL Language Server is distributed in the hope that it will be useful,\n+ * but WITHOUT ANY WARRANTY; without even the implied warranty of\n+ * MERCHANTABILITY or FITNESS FOR A PARTICULAR PURPOSE.  See the GNU\n+ * Lesser General Public License for more details.\n+ *\n+ * You should have received a copy of the GNU Lesser General Public\n+ * License along with BSL Language Server.\n+ */\n package org.github._1c_syntax.bsl.languageserver.diagnostics;\n \n import org.eclipse.lsp4j.Diagnostic;\n@@ -23,9 +44,9 @@ void runTest()\n     List<Diagnostic> diagnostics = getDiagnostics();\n \n     // then\n-    assertThat(diagnostics).hasSize(2);\n-    assertThat(diagnostics.get(0).getRange()).isEqualTo(RangeHelper.newRange(4, 8, 4, 20));\n-    assertThat(diagnostics.get(1).getRange()).isEqualTo(RangeHelper.newRange(10, 0, 10, 13));\n+    assertThat(diagnostics).hasSize(1);\n+    assertThat(diagnostics.get(0).getRange()).isEqualTo(RangeHelper.newRange(0, 8, 0, 32));\n+//    assertThat(diagnostics.get(1).getRange()).isEqualTo(RangeHelper.newRange(10, 0, 10, 13));\n \n   }\n }\n\\ No newline at end of file", "@@ -89,3 +89,11 @@\n \n \t\u0412\u043e\u0437\u0432\u0440\u0430\u0442 \u041c\u043e\u0434\u0443\u043b\u044c;\n \u041a\u043e\u043d\u0435\u0446\u0424\u0443\u043d\u043a\u0446\u0438\u0438\n+\n+\u041f\u0440\u043e\u0446\u0435\u0434\u0443\u0440\u0430 \u0421\u041d\u0443\u043b\u0435\u0432\u043e\u0439\u0421\u043b\u043e\u0436\u043d\u043e\u0441\u0442\u044c\u044e()\n+\n+\u041a\u043e\u043d\u0435\u0446\u041f\u0440\u043e\u0446\u0435\u0434\u0443\u0440\u044b\n+\n+\u0415\u0441\u043b\u0438 \u0418\u0441\u0442\u0438\u043d\u0430 \u0422\u043e\u0433\u0434\u0430\n+\n+\u041a\u043e\u043d\u0435\u0446\u0415\u0441\u043b\u0438;\n\\ No newline at end of file"], "edit": ["+    methodsComplexitySecondaryLocations.put(currentMethod, locations);", "+/*", "+ * This file is a part of BSL Language Server.", "+ *", "+ * Copyright \u00a9 2018-2019", "+ * Alexey Sosnoviy <labotamy@gmail.com>, Nikita Gryzlov <nixel2007@gmail.com> and contributors", "+ *", "+ * SPDX-License-Identifier: LGPL-3.0-or-later", "+ *", "+ * BSL Language Server is free software; you can redistribute it and/or", "+ * modify it under the terms of the GNU Lesser General Public", "+ * License as published by the Free Software Foundation; either", "+ * version 3.0 of the License, or (at your option) any later version.", "+ *", "+ * BSL Language Server is distributed in the hope that it will be useful,", "+ * but WITHOUT ANY WARRANTY; without even the implied warranty of", "+ * MERCHANTABILITY or FITNESS FOR A PARTICULAR PURPOSE.  See the GNU", "+ * Lesser General Public License for more details.", "+ *", "+ * You should have received a copy of the GNU Lesser General Public", "+ * License along with BSL Language Server.", "+ */", "-    assertThat(diagnostics).hasSize(2);", "-    assertThat(diagnostics.get(0).getRange()).isEqualTo(RangeHelper.newRange(4, 8, 4, 20));", "-    assertThat(diagnostics.get(1).getRange()).isEqualTo(RangeHelper.newRange(10, 0, 10, 13));", "+    assertThat(diagnostics).hasSize(1);", "+    assertThat(diagnostics.get(0).getRange()).isEqualTo(RangeHelper.newRange(0, 8, 0, 32));", "+//    assertThat(diagnostics.get(1).getRange()).isEqualTo(RangeHelper.newRange(10, 0, 10, 13));", "+", "+\u041f\u0440\u043e\u0446\u0435\u0434\u0443\u0440\u0430 \u0421\u041d\u0443\u043b\u0435\u0432\u043e\u0439\u0421\u043b\u043e\u0436\u043d\u043e\u0441\u0442\u044c\u044e()", "+", "+\u041a\u043e\u043d\u0435\u0446\u041f\u0440\u043e\u0446\u0435\u0434\u0443\u0440\u044b", "+", "+\u0415\u0441\u043b\u0438 \u0418\u0441\u0442\u0438\u043d\u0430 \u0422\u043e\u0433\u0434\u0430", "+", "+\u041a\u043e\u043d\u0435\u0446\u0415\u0441\u043b\u0438;"], "url": ["https://api.github.com/repos/1c-syntax/bsl-language-server/commits/be4a2fc2c2b208c28e15bef651d3e99c3ea56a44"]}