{"new_feature": "1577,1,17,193,30,0.71", "commitmessage": "Fixed cab (contextual action bar) content not visible with light primary colors.", "patch": ["@@ -25,6 +25,12 @@\n \n <p>You can view the changelog dialog again at any time from the <i>about</i> section.</p>\n \n+<h3>Version 0.9.46 beta 2</h3>\n+\n+<ol>\n+    <li><b>FIX:</b> Cab (contextual action bar) content not visible with light primary colors</li>\n+</ol>\n+\n <h3>Version 0.9.46 beta 1</h3>\n \n <ol>", "@@ -384,7 +384,7 @@ public MaterialCab openCab(int menuRes, @NonNull final MaterialCab.Callback call\n         cab = new MaterialCab(this, R.id.cab_stub)\n                 .setMenu(menuRes)\n                 .setCloseDrawableRes(R.drawable.ic_close_white_24dp)\n-                .setBackgroundColor(getPaletteColor())\n+                .setBackgroundColor(ColorUtil.shiftBackgroundColorForLightText(getPaletteColor()))\n                 .start(new MaterialCab.Callback() {\n                     @Override\n                     public boolean onCabCreated(MaterialCab materialCab, Menu menu) {", "@@ -448,7 +448,7 @@ public MaterialCab openCab(int menuRes, @NonNull final MaterialCab.Callback call\n         cab = new MaterialCab(this, R.id.cab_stub)\n                 .setMenu(menuRes)\n                 .setCloseDrawableRes(R.drawable.ic_close_white_24dp)\n-                .setBackgroundColor(getPaletteColor())\n+                .setBackgroundColor(ColorUtil.shiftBackgroundColorForLightText(getPaletteColor()))\n                 .start(new MaterialCab.Callback() {\n                     @Override\n                     public boolean onCabCreated(MaterialCab materialCab, Menu menu) {", "@@ -541,7 +541,7 @@ public MaterialCab openCab(final int menu, final MaterialCab.Callback callback)\n         cab = new MaterialCab(this, R.id.cab_stub)\n                 .setMenu(menu)\n                 .setCloseDrawableRes(R.drawable.ic_close_white_24dp)\n-                .setBackgroundColor(getThemeColorPrimary())\n+                .setBackgroundColor(ColorUtil.shiftBackgroundColorForLightText(getThemeColorPrimary()))\n                 .start(callback);\n         return cab;\n     }", "@@ -191,7 +191,7 @@ public MaterialCab openCab(final int menu, final MaterialCab.Callback callback)\n         cab = new MaterialCab(this, R.id.cab_stub)\n                 .setMenu(menu)\n                 .setCloseDrawableRes(R.drawable.ic_close_white_24dp)\n-                .setBackgroundColor(getThemeColorPrimary())\n+                .setBackgroundColor(ColorUtil.shiftBackgroundColorForLightText(getThemeColorPrimary()))\n                 .start(callback);\n         return cab;\n     }", "@@ -121,4 +121,20 @@ public static int getPrimaryTextColorForBackground(final Context context, @Color\n     public static int getSecondaryTextColorForBackground(final Context context, @ColorInt int backgroundColor) {\n         return getSecondaryTextColor(context, useDarkTextColorOnBackground(backgroundColor));\n     }\n+\n+    @ColorInt\n+    public static int shiftBackgroundColorForLightText(@ColorInt int backgroundColor) {\n+        while (ColorUtil.useDarkTextColorOnBackground(backgroundColor)) {\n+            backgroundColor = ColorUtil.shiftColorDown(backgroundColor);\n+        }\n+        return backgroundColor;\n+    }\n+\n+    @ColorInt\n+    public static int shiftBackgroundColorForDarkText(@ColorInt int backgroundColor) {\n+        while (!ColorUtil.useDarkTextColorOnBackground(backgroundColor)) {\n+            backgroundColor = ColorUtil.shiftColorUp(backgroundColor);\n+        }\n+        return backgroundColor;\n+    }\n }", "@@ -22,7 +22,6 @@\n import android.view.ViewTreeObserver;\n import android.view.animation.PathInterpolator;\n import android.widget.CheckBox;\n-import android.widget.EditText;\n import android.widget.ImageView;\n import android.widget.ListView;\n import android.widget.RadioButton;\n@@ -160,6 +159,7 @@ public static void setToolbarContentDark(@NonNull Context context, @Nullable Too\n         setToolbarIconColor(context, toolbar, getToolbarIconColor(context, dark));\n     }\n \n+    @ColorInt\n     public static int getToolbarIconColor(Context context, boolean dark) {\n         if (dark) {\n             return ColorUtil.getSecondaryTextColor(context, true);"], "edit": ["+<h3>Version 0.9.46 beta 2</h3>", "+", "+<ol>", "+    <li><b>FIX:</b> Cab (contextual action bar) content not visible with light primary colors</li>", "+</ol>", "+", "-                .setBackgroundColor(getPaletteColor())", "+                .setBackgroundColor(ColorUtil.shiftBackgroundColorForLightText(getPaletteColor()))", "-                .setBackgroundColor(getPaletteColor())", "+                .setBackgroundColor(ColorUtil.shiftBackgroundColorForLightText(getPaletteColor()))", "-                .setBackgroundColor(getThemeColorPrimary())", "+                .setBackgroundColor(ColorUtil.shiftBackgroundColorForLightText(getThemeColorPrimary()))", "-                .setBackgroundColor(getThemeColorPrimary())", "+                .setBackgroundColor(ColorUtil.shiftBackgroundColorForLightText(getThemeColorPrimary()))", "+", "+    @ColorInt", "+    public static int shiftBackgroundColorForLightText(@ColorInt int backgroundColor) {", "+        while (ColorUtil.useDarkTextColorOnBackground(backgroundColor)) {", "+            backgroundColor = ColorUtil.shiftColorDown(backgroundColor);", "+        }", "+        return backgroundColor;", "+    }", "+", "+    @ColorInt", "+    public static int shiftBackgroundColorForDarkText(@ColorInt int backgroundColor) {", "+        while (!ColorUtil.useDarkTextColorOnBackground(backgroundColor)) {", "+            backgroundColor = ColorUtil.shiftColorUp(backgroundColor);", "+        }", "+        return backgroundColor;", "+    }", "-import android.widget.EditText;", "+    @ColorInt"], "url": ["https://api.github.com/repos/AdrienPoupa/VinylMusicPlayer/commits/c0b41f63ccd07a11f7845fd3a7472f8e6e9bf58d"]}