{"new_feature": "49,1,6,71,2,0.98", "commitmessage": "Fix always circle regardless of width and height difference & fix wrong bitmap scaling when padding added", "patch": ["@@ -78,7 +78,7 @@ public AvatarImageView(Context context, AttributeSet attrs) {\n     @Override\n     protected void onSizeChanged(int w, int h, int oldw, int oldh) {\n         super.onSizeChanged(w, h, oldw, oldh);\n-        mBackgroundBounds.set(getPaddingLeft(), getPaddingTop(), getWidth() - getPaddingRight(), getHeight() - getPaddingBottom());\n+        updateCircleDrawBounds(mBackgroundBounds);\n     }\n \n     @Override", "@@ -104,7 +104,7 @@ protected void onSizeChanged(int w, int h, int oldw, int oldh) {\n         super.onSizeChanged(w, h, oldw, oldh);\n \n         float halfStrokeWidth = mStrokePaint.getStrokeWidth() / 2f;\n-        mBitmapDrawBounds.set(getPaddingLeft(), getPaddingTop(), getWidth() - getPaddingRight(), getHeight() - getPaddingBottom());\n+        updateCircleDrawBounds(mBitmapDrawBounds);\n         mStrokeBounds.set(mBitmapDrawBounds);\n         mStrokeBounds.inset(halfStrokeWidth, halfStrokeWidth);\n \n@@ -173,6 +173,22 @@ protected void drawBitmap(Canvas canvas) {\n         canvas.drawOval(mBitmapDrawBounds, mBitmapPaint);\n     }\n \n+    protected void updateCircleDrawBounds(RectF bounds) {\n+        float contentWidth = getWidth() - getPaddingLeft() - getPaddingRight();\n+        float contentHeight = getHeight() - getPaddingTop() - getPaddingBottom();\n+\n+        float left = getPaddingLeft();\n+        float top = getPaddingTop();\n+        if (contentWidth > contentHeight) {\n+            left += (contentWidth - contentHeight) / 2f;\n+        } else {\n+            top += (contentHeight - contentWidth) / 2f;\n+        }\n+\n+        float diameter = Math.min(contentWidth, contentHeight);\n+        bounds.set(left, top, left + diameter, top + diameter);\n+    }\n+\n     private void setupBitmap() {\n         if (!mInitialized) {\n             return;\n@@ -199,12 +215,12 @@ private void updateBitmapSize() {\n         // translate bitmap position with dx/dy to the center of the image\n         if (mBitmap.getWidth() < mBitmap.getHeight()) {\n             scale = mBitmapDrawBounds.width() / (float)mBitmap.getWidth();\n-            dx = getPaddingLeft();\n-            dy = getPaddingTop() - (mBitmap.getHeight() * scale / 2f) + (mBitmapDrawBounds.width() / 2f);\n+            dx = mBitmapDrawBounds.left;\n+            dy = mBitmapDrawBounds.top - (mBitmap.getHeight() * scale / 2f) + (mBitmapDrawBounds.width() / 2f);\n         } else {\n             scale = mBitmapDrawBounds.height() / (float)mBitmap.getHeight();\n-            dx = getPaddingLeft() - (mBitmap.getWidth() * scale / 2f) + (mBitmapDrawBounds.width() / 2f);\n-            dy = getPaddingTop();\n+            dx = mBitmapDrawBounds.left - (mBitmap.getWidth() * scale / 2f) + (mBitmapDrawBounds.width() / 2f);\n+            dy = mBitmapDrawBounds.top;\n         }\n         mShaderMatrix.setScale(scale, scale);\n         mShaderMatrix.postTranslate(dx, dy);"], "edit": ["-        mBackgroundBounds.set(getPaddingLeft(), getPaddingTop(), getWidth() - getPaddingRight(), getHeight() - getPaddingBottom());", "+        updateCircleDrawBounds(mBackgroundBounds);", "-        mBitmapDrawBounds.set(getPaddingLeft(), getPaddingTop(), getWidth() - getPaddingRight(), getHeight() - getPaddingBottom());", "+        updateCircleDrawBounds(mBitmapDrawBounds);", "+    protected void updateCircleDrawBounds(RectF bounds) {", "+        float contentWidth = getWidth() - getPaddingLeft() - getPaddingRight();", "+        float contentHeight = getHeight() - getPaddingTop() - getPaddingBottom();", "+", "+        float left = getPaddingLeft();", "+        float top = getPaddingTop();", "+        if (contentWidth > contentHeight) {", "+            left += (contentWidth - contentHeight) / 2f;", "+        } else {", "+            top += (contentHeight - contentWidth) / 2f;", "+        }", "+", "+        float diameter = Math.min(contentWidth, contentHeight);", "+        bounds.set(left, top, left + diameter, top + diameter);", "+    }", "+", "-            dx = getPaddingLeft();", "-            dy = getPaddingTop() - (mBitmap.getHeight() * scale / 2f) + (mBitmapDrawBounds.width() / 2f);", "+            dx = mBitmapDrawBounds.left;", "+            dy = mBitmapDrawBounds.top - (mBitmap.getHeight() * scale / 2f) + (mBitmapDrawBounds.width() / 2f);", "-            dx = getPaddingLeft() - (mBitmap.getWidth() * scale / 2f) + (mBitmapDrawBounds.width() / 2f);", "-            dy = getPaddingTop();", "+            dx = mBitmapDrawBounds.left - (mBitmap.getWidth() * scale / 2f) + (mBitmapDrawBounds.width() / 2f);", "+            dy = mBitmapDrawBounds.top;"], "url": ["https://api.github.com/repos/abdularis/CircularImageView/commits/c303a27b02a66aeeb79279fb2f4b8996b3575246"]}