{"new_feature": "2276,1,0,88,30,0.01", "commitmessage": "Quick fix for #783", "patch": ["@@ -59,9 +59,12 @@\n import com.squareup.okhttp.Request;\n import com.squareup.okhttp.Response;\n \n+import org.json.JSONException;\n+import org.json.JSONObject;\n import org.xmlpull.v1.XmlPullParserException;\n \n import java.io.IOException;\n+import java.util.ArrayList;\n import java.util.List;\n \n import io.freefair.android.injection.annotation.Inject;\n@@ -306,7 +309,7 @@ void selectDrawerItem(int position) {\n                     sb.append(\"&cellid=\").append(mAimsicdService.getCell().getCID());\n                 }\n \n-                sb.append(\"&format=xml\");\n+                sb.append(\"&format=json\");\n \n                 Request request = new Request.Builder()\n                         .url(sb.toString())\n@@ -323,9 +326,20 @@ public void onFailure(Request request, IOException e) {\n                             @Override\n                             public void onResponse(Response response) throws IOException {\n                                 try {\n-                                    List<Cell> cellList = new StackOverflowXmlParser().parse(response.body().byteStream());\n+                                    JSONObject jsonCell = new JSONObject(response.body().string());\n+                                    Cell cell = new Cell();\n+                                    cell.setLat(jsonCell.getDouble(\"lat\"));\n+                                    cell.setLon(jsonCell.getDouble(\"lon\"));\n+                                    cell.setMCC(jsonCell.getInt(\"mcc\"));\n+                                    cell.setMNC(jsonCell.getInt(\"mnc\"));\n+                                    cell.setCID(jsonCell.getInt(\"cellid\"));\n+                                    cell.setLAC(jsonCell.getInt(\"lac\"));\n+\n+                                    List<Cell> cellList = new ArrayList<>();\n+                                    cellList.add(cell);\n+\n                                     AIMSICD.this.processFinish(cellList);\n-                                } catch (XmlPullParserException e) {\n+                                } catch (JSONException e) {\n                                     e.printStackTrace();\n                                 }\n                             }", "@@ -58,7 +58,7 @@\n     // to their respective \"read\" methods for processing. Otherwise, skips the tag.\n     private Cell readCell(XmlPullParser parser) throws XmlPullParserException, IOException {\n         Cell cell = new Cell();\n-        parser.require(XmlPullParser.START_TAG, ns, \"cell\");\n+        //parser.require(XmlPullParser.START_TAG, ns, \"cell\");\n         while (parser.next() != XmlPullParser.END_TAG) {\n             if (parser.getEventType() != XmlPullParser.START_TAG) {\n                 continue;"], "edit": ["+import org.json.JSONException;", "+import org.json.JSONObject;", "+import java.util.ArrayList;", "-                sb.append(\"&format=xml\");", "+                sb.append(\"&format=json\");", "-                                    List<Cell> cellList = new StackOverflowXmlParser().parse(response.body().byteStream());", "+                                    JSONObject jsonCell = new JSONObject(response.body().string());", "+                                    Cell cell = new Cell();", "+                                    cell.setLat(jsonCell.getDouble(\"lat\"));", "+                                    cell.setLon(jsonCell.getDouble(\"lon\"));", "+                                    cell.setMCC(jsonCell.getInt(\"mcc\"));", "+                                    cell.setMNC(jsonCell.getInt(\"mnc\"));", "+                                    cell.setCID(jsonCell.getInt(\"cellid\"));", "+                                    cell.setLAC(jsonCell.getInt(\"lac\"));", "+", "+                                    List<Cell> cellList = new ArrayList<>();", "+                                    cellList.add(cell);", "+", "-                                } catch (XmlPullParserException e) {", "+                                } catch (JSONException e) {", "-        parser.require(XmlPullParser.START_TAG, ns, \"cell\");", "+        //parser.require(XmlPullParser.START_TAG, ns, \"cell\");"], "url": ["https://api.github.com/repos/5GSD/AIMSICDL/commits/c32b8897288ac51c0849b97ef8bcdbd3d228372b"]}