{"new_feature": "1029,4,0,66,10,0.62", "commitmessage": "1. Increased the response time buckets to 1000 (from 100)\nallowing much more accurate 90th% calculation.\n2. Fixed bug in response time histogram printing", "patch": ["@@ -17,7 +17,7 @@\n  * your own identifying information:\n  * \"Portions Copyrighted [year] [name of copyright owner]\"\n  *\n- * $Id: Metrics.java,v 1.16 2008/05/14 15:50:04 akara Exp $\n+ * $Id: Metrics.java,v 1.17 2008/05/14 16:49:40 akara Exp $\n  *\n  * Copyright 2005 Sun Microsystems Inc. All Rights Reserved\n  */\n@@ -45,7 +45,7 @@\n \tprivate static final long serialVersionUID = 1L;\n \n \t/** Number of response time buckets in histogram. */\n-    public static final int RESPBUCKETS = 100;\n+    public static final int RESPBUCKETS = 1000;\n \n     /** Number of delay time buckets in histogram. */\n     public static final int DELAYBUCKETS = 100;\n@@ -950,7 +950,7 @@ private int getBucketLimit(long[][] data) {\n     public void printDetail(StringBuilder b)  {\n         RunInfo runInfo = RunInfo.getInstance();\n         BenchmarkDefinition.Driver driver = runInfo.driverConfigs[driverType];\n-        long precision = driver.responseTimeUnit.toNanos(1l);\n+        double precision = driver.responseTimeUnit.toNanos(1l);\n \n         double graphBucketSize = this.graphBucketSize / 1e9d;\n         String responseTimeUnit = driver.responseTimeUnit.toString().\n@@ -963,14 +963,14 @@ public void printDetail(StringBuilder b)  {\n                 thruputGraph, precision);\n \n         printHistogram(b, \"Frequency Distribution of Response Times (\" +\n-                responseTimeUnit + \")\", respBucketSize / precision, \"%5.3f\",\n+                responseTimeUnit + \")\", respBucketSize / precision, \"%.5f\",\n                 respHist);\n \n         printHistogram(b, \"Frequency Distribution of Cycle/Think Times \" +\n-                \"(seconds)\", delayBucketSize / 1e9d, \"%5.3f\", delayHist);\n+                \"(seconds)\", delayBucketSize / 1e9d, \"%.3f\", delayHist);\n \n         printHistogram(b, \"Frequency Distribution of Targeted Cycle/Think \" +\n-                \"Times (seconds)\", delayBucketSize / 1e9d, \"%5.3f\",\n+                \"Times (seconds)\", delayBucketSize / 1e9d, \"%.3f\",\n                 targetedDelayHist);\n     }\n \n@@ -1078,7 +1078,7 @@ private void printHistogram(StringBuilder b, String label, double unit,\n         TextTable table = new TextTable(bucketLimit, txTypes + 1);\n \n         // The X axis headers and column headers, or legends\n-        table.setHeader(0, \"Time (s)\");\n+        table.setHeader(0, \"Time\");\n         for (int j = 0; j < txTypes; j++) {\n             table.setHeader(j + 1, txNames[j]);\n \t\t}"], "edit": ["- * $Id: Metrics.java,v 1.16 2008/05/14 15:50:04 akara Exp $", "+ * $Id: Metrics.java,v 1.17 2008/05/14 16:49:40 akara Exp $", "-    public static final int RESPBUCKETS = 100;", "+    public static final int RESPBUCKETS = 1000;", "-        long precision = driver.responseTimeUnit.toNanos(1l);", "+        double precision = driver.responseTimeUnit.toNanos(1l);", "-                responseTimeUnit + \")\", respBucketSize / precision, \"%5.3f\",", "+                responseTimeUnit + \")\", respBucketSize / precision, \"%.5f\",", "-                \"(seconds)\", delayBucketSize / 1e9d, \"%5.3f\", delayHist);", "+                \"(seconds)\", delayBucketSize / 1e9d, \"%.3f\", delayHist);", "-                \"Times (seconds)\", delayBucketSize / 1e9d, \"%5.3f\",", "+                \"Times (seconds)\", delayBucketSize / 1e9d, \"%.3f\",", "-        table.setHeader(0, \"Time (s)\");", "+        table.setHeader(0, \"Time\");"], "url": ["https://api.github.com/repos/akara/faban/commits/c39c88c61fa619bb8c3802b2b18942481af61ac3"]}