{"new_feature": "1147,17,0,59,14,0.13", "commitmessage": "EmptyStatement QuickFix", "patch": ["@@ -22,27 +22,59 @@\n package org.github._1c_syntax.bsl.languageserver.diagnostics;\n \n import org.antlr.v4.runtime.tree.ParseTree;\n+import org.eclipse.lsp4j.CodeAction;\n+import org.eclipse.lsp4j.CodeActionParams;\n+import org.eclipse.lsp4j.Diagnostic;\n+import org.eclipse.lsp4j.Position;\n+import org.eclipse.lsp4j.Range;\n+import org.github._1c_syntax.bsl.languageserver.context.DocumentContext;\n import org.github._1c_syntax.bsl.languageserver.diagnostics.metadata.DiagnosticMetadata;\n import org.github._1c_syntax.bsl.languageserver.diagnostics.metadata.DiagnosticSeverity;\n import org.github._1c_syntax.bsl.languageserver.diagnostics.metadata.DiagnosticType;\n+import org.github._1c_syntax.bsl.languageserver.providers.CodeActionProvider;\n import org.github._1c_syntax.bsl.parser.BSLParser;\n \n+import java.util.List;\n+\n @DiagnosticMetadata(\n   type = DiagnosticType.CODE_SMELL,\n   severity = DiagnosticSeverity.INFO,\n   minutesToFix = 1\n )\n-public class EmptyStatementDiagnostic extends AbstractVisitorDiagnostic {\n+public class EmptyStatementDiagnostic extends AbstractVisitorDiagnostic implements QuickFixProvider{\n \n   @Override\n   public ParseTree visitStatement(BSLParser.StatementContext ctx) {\n \n     if (ctx.getChildCount() == 1 && ctx.SEMICOLON() != null) {\n \n-      addDiagnostic(ctx);\n+      diagnosticStorage.addDiagnostic(ctx);\n \n     }\n \n     return super.visitStatement(ctx);\n   }\n+\n+  @Override\n+  public List<CodeAction> getQuickFixes(\n+    Diagnostic diagnostic,\n+    CodeActionParams params,\n+    DocumentContext documentContext\n+  ) {\n+\n+    Position diagnosticRangeEnd = diagnostic.getRange().getEnd();\n+    Position diagnosticRangeNewEnd = new Position(diagnosticRangeEnd.getLine(), diagnosticRangeEnd.getCharacter() -1);\n+\n+    Range range = new Range(diagnosticRangeNewEnd, diagnosticRangeEnd);\n+\n+    return CodeActionProvider.createCodeActions(\n+      range,\n+      \"\",\n+      getResourceString(\"quickFixMessage\"),\n+      documentContext.getUri(),\n+      diagnostic\n+    );\n+\n+  }\n+\n }", "@@ -1,2 +1,3 @@\n diagnosticMessage=Remove \";\"\r\n-diagnosticName=Empty statement\n\\ No newline at end of file\n+diagnosticName=Empty statement\r\n+quickFixMessage=Remove \";\"\n\\ No newline at end of file", "@@ -1,2 +1,3 @@\n diagnosticMessage=\u0423\u0434\u0430\u043b\u0438\u0442\u0435 \";\"\r\n-diagnosticName=\u041f\u0443\u0441\u0442\u043e\u0439 \u043e\u043f\u0435\u0440\u0430\u0442\u043e\u0440\n\\ No newline at end of file\n+diagnosticName=\u041f\u0443\u0441\u0442\u043e\u0439 \u043e\u043f\u0435\u0440\u0430\u0442\u043e\u0440\r\n+quickFixMessage=\u0423\u0434\u0430\u043b\u0438\u0442\u044c \";\"\n\\ No newline at end of file"], "edit": ["+import org.eclipse.lsp4j.CodeAction;", "+import org.eclipse.lsp4j.CodeActionParams;", "+import org.eclipse.lsp4j.Diagnostic;", "+import org.eclipse.lsp4j.Position;", "+import org.eclipse.lsp4j.Range;", "+import org.github._1c_syntax.bsl.languageserver.context.DocumentContext;", "+import org.github._1c_syntax.bsl.languageserver.providers.CodeActionProvider;", "+import java.util.List;", "+", "-public class EmptyStatementDiagnostic extends AbstractVisitorDiagnostic {", "+public class EmptyStatementDiagnostic extends AbstractVisitorDiagnostic implements QuickFixProvider{", "-      addDiagnostic(ctx);", "+      diagnosticStorage.addDiagnostic(ctx);", "+", "+  @Override", "+  public List<CodeAction> getQuickFixes(", "+    Diagnostic diagnostic,", "+    CodeActionParams params,", "+    DocumentContext documentContext", "+  ) {", "+", "+    Position diagnosticRangeEnd = diagnostic.getRange().getEnd();", "+    Position diagnosticRangeNewEnd = new Position(diagnosticRangeEnd.getLine(), diagnosticRangeEnd.getCharacter() -1);", "+", "+    Range range = new Range(diagnosticRangeNewEnd, diagnosticRangeEnd);", "+", "+    return CodeActionProvider.createCodeActions(", "+      range,", "+      \"\",", "+      getResourceString(\"quickFixMessage\"),", "+      documentContext.getUri(),", "+      diagnostic", "+    );", "+", "+  }", "+", "-diagnosticName=Empty statement", "+diagnosticName=Empty statement", "+quickFixMessage=Remove \";\"", "-diagnosticName=\u041f\u0443\u0441\u0442\u043e\u0439 \u043e\u043f\u0435\u0440\u0430\u0442\u043e\u0440", "+diagnosticName=\u041f\u0443\u0441\u0442\u043e\u0439 \u043e\u043f\u0435\u0440\u0430\u0442\u043e\u0440", "+quickFixMessage=\u0423\u0434\u0430\u043b\u0438\u0442\u044c \";\""], "url": ["https://api.github.com/repos/1c-syntax/bsl-language-server/commits/c4338fe84fab4dd7f3d0fde3076829ebbd33567b"]}