{"new_feature": "1029,4,0,66,10,0.62", "commitmessage": "Fixed bug in dd-less deployment.", "patch": ["@@ -17,7 +17,7 @@\n  * your own identifying information:\n  * \"Portions Copyrighted [year] [name of copyright owner]\"\n  *\n- * $Id: BenchmarkDescription.java,v 1.10 2008/06/02 21:02:08 akara Exp $\n+ * $Id: BenchmarkDescription.java,v 1.11 2008/06/03 18:00:32 akara Exp $\n  *\n  * Copyright 2005 Sun Microsystems Inc. All Rights Reserved\n  */\n@@ -210,8 +210,13 @@ private static void generateMaps(boolean deploy) {\n     public static BenchmarkDescription readDescription(String shortName,\n                                                        String dir) {\n         BenchmarkDescription desc = null;\n-        String metaInf = dir + File.separator + \"META-INF\" + File.separator;\n-        File benchmarkXml = new File(metaInf + \"benchmark.xml\");\n+        String metaInf = dir + File.separator + \"META-INF\";\n+        File metaInfDir = new File(metaInf);\n+        if (!metaInfDir.isDirectory())\n+            return null;\n+\n+        File benchmarkXml = new File(metaInfDir, \"benchmark.xml\");\n+\n         try {\n             desc = new BenchmarkDescription();\n             DocumentBuilder parser = parserPool.get();\n@@ -220,7 +225,7 @@ public static BenchmarkDescription readDescription(String shortName,\n                root = parser.parse(benchmarkXml).getDocumentElement();\n                desc.benchmarkClass = xPath.evaluate(\"benchmark-class\", root);\n             }\n-            boolean fdExists = readFabanDescription(desc, metaInf, parser);\n+            boolean fdExists = readFabanDescription(desc, metaInfDir, parser);\n             parserPool.release(parser);\n \n             if (!fdExists && root == null)\n@@ -298,9 +303,9 @@ public static BenchmarkDescription readDescription(String shortName,\n     }\n \n     private static boolean readFabanDescription(BenchmarkDescription desc,\n-                                             String metaInf,\n+                                             File metaInfDir,\n                                              DocumentBuilder parser) {\n-        File fabanXml = new File(metaInf + \"faban.xml\");\n+        File fabanXml = new File(metaInfDir, \"faban.xml\");\n         if (fabanXml.exists())\n             try {\n                 Node root = parser.parse(fabanXml).getDocumentElement();", "@@ -17,7 +17,7 @@\n  * your own identifying information:\n  * \"Portions Copyrighted [year] [name of copyright owner]\"\n  *\n- * $Id: DeployUtil.java,v 1.14 2008/06/02 21:02:09 akara Exp $\n+ * $Id: DeployUtil.java,v 1.15 2008/06/03 18:00:32 akara Exp $\n  *\n  * Copyright 2005 Sun Microsystems Inc. All Rights Reserved\n  */\n@@ -92,14 +92,16 @@ public static void generateDD(String dir) {\n         String configFile = null;\n             try {\n                 if (benchmarkXml.exists()) {\n-                DocumentBuilder parser = DocumentBuilderFactory.newInstance().\n-                        newDocumentBuilder();\n-                Node root = parser.parse(benchmarkXml).getDocumentElement();\n-                XPath xPath = XPathFactory.newInstance().newXPath();\n-                configFile = xPath.evaluate(\"config-file-name\", root);\n+                    DocumentBuilder parser = DocumentBuilderFactory.\n+                            newInstance().newDocumentBuilder();\n+                    Node root = parser.parse(benchmarkXml).getDocumentElement();\n+                    XPath xPath = XPathFactory.newInstance().newXPath();\n+                    configFile = xPath.evaluate(\"config-file-name\", root);\n+                }\n+\n                 if (configFile == null || configFile.length() == 0)\n                     configFile = \"run.xml\";\n-                }\n+\n                 File libDir = new File(Config.LIB_DIR);\n                 String[] jarFiles = libDir.list();\n                 String classpath = null;"], "edit": ["- * $Id: BenchmarkDescription.java,v 1.10 2008/06/02 21:02:08 akara Exp $", "+ * $Id: BenchmarkDescription.java,v 1.11 2008/06/03 18:00:32 akara Exp $", "-        String metaInf = dir + File.separator + \"META-INF\" + File.separator;", "-        File benchmarkXml = new File(metaInf + \"benchmark.xml\");", "+        String metaInf = dir + File.separator + \"META-INF\";", "+        File metaInfDir = new File(metaInf);", "+        if (!metaInfDir.isDirectory())", "+            return null;", "+", "+        File benchmarkXml = new File(metaInfDir, \"benchmark.xml\");", "+", "-            boolean fdExists = readFabanDescription(desc, metaInf, parser);", "+            boolean fdExists = readFabanDescription(desc, metaInfDir, parser);", "-                                             String metaInf,", "+                                             File metaInfDir,", "-        File fabanXml = new File(metaInf + \"faban.xml\");", "+        File fabanXml = new File(metaInfDir, \"faban.xml\");", "- * $Id: DeployUtil.java,v 1.14 2008/06/02 21:02:09 akara Exp $", "+ * $Id: DeployUtil.java,v 1.15 2008/06/03 18:00:32 akara Exp $", "-                DocumentBuilder parser = DocumentBuilderFactory.newInstance().", "-                        newDocumentBuilder();", "-                Node root = parser.parse(benchmarkXml).getDocumentElement();", "-                XPath xPath = XPathFactory.newInstance().newXPath();", "-                configFile = xPath.evaluate(\"config-file-name\", root);", "+                    DocumentBuilder parser = DocumentBuilderFactory.", "+                            newInstance().newDocumentBuilder();", "+                    Node root = parser.parse(benchmarkXml).getDocumentElement();", "+                    XPath xPath = XPathFactory.newInstance().newXPath();", "+                    configFile = xPath.evaluate(\"config-file-name\", root);", "+                }", "+", "-                }", "+"], "url": ["https://api.github.com/repos/akara/faban/commits/c5395a249f6f1759ded711a62430641fb4338945"]}