{"new_feature": "1577,1,17,193,30,0.71", "commitmessage": "Fixed a coloring bug", "patch": ["@@ -36,6 +36,9 @@\n \n     private ArrayList<Song> dataSet;\n \n+    private AlbumCoverFragment.ColorReceiver currentColorReceiver;\n+    private int currentColorReceiverPosition = -1;\n+\n     public AlbumCoverPagerAdapter(FragmentManager fm, ArrayList<Song> dataSet) {\n         super(fm);\n         this.dataSet = dataSet;\n@@ -51,6 +54,30 @@ public int getCount() {\n         return dataSet.size();\n     }\n \n+    @Override\n+    public Object instantiateItem(ViewGroup container, int position) {\n+        Object o = super.instantiateItem(container, position);\n+        if (currentColorReceiver != null && currentColorReceiverPosition == position) {\n+            receiveColor(currentColorReceiver, currentColorReceiverPosition);\n+        }\n+        return o;\n+    }\n+\n+    /**\n+     * Only the latest passed {@link AlbumCoverFragment.ColorReceiver} is guaranteed to receive a response\n+     */\n+    public void receiveColor(AlbumCoverFragment.ColorReceiver colorReceiver, int position) {\n+        AlbumCoverFragment fragment = (AlbumCoverFragment) getFragment(position);\n+        if (fragment != null) {\n+            currentColorReceiver = null;\n+            currentColorReceiverPosition = -1;\n+            fragment.receiveColor(colorReceiver, position);\n+        } else {\n+            currentColorReceiver = colorReceiver;\n+            currentColorReceiverPosition = position;\n+        }\n+    }\n+\n     public static class AlbumCoverFragment extends Fragment implements SharedPreferences.OnSharedPreferenceChangeListener {\n         private static final String SONG_ARG = \"song\";\n ", "@@ -4,7 +4,6 @@\n import android.os.Bundle;\n import android.support.annotation.ColorInt;\n import android.support.v4.view.ViewPager;\n-import android.util.Log;\n import android.view.LayoutInflater;\n import android.view.View;\n import android.view.ViewGroup;\n@@ -34,7 +33,7 @@\n     ImageView favoriteIcon;\n \n     private OnColorChangedListener onColorChangedListener;\n-    private int currentRequest;\n+    private int currentPosition;\n \n     @Override\n     public View onCreateView(LayoutInflater inflater, ViewGroup container,\n@@ -81,21 +80,17 @@ public void onPageScrolled(int position, float positionOffset, int positionOffse\n \n     @Override\n     public void onPageSelected(int position) {\n-        currentRequest = position;\n-        AlbumCoverPagerAdapter.AlbumCoverFragment albumCoverFragment = ((AlbumCoverPagerAdapter.AlbumCoverFragment) ((AlbumCoverPagerAdapter) viewPager.getAdapter()).getFragment(position));\n-        if (albumCoverFragment != null) {\n-            albumCoverFragment.receiveColor(colorReceiver, position);\n-        }\n+        currentPosition = position;\n+        ((AlbumCoverPagerAdapter) viewPager.getAdapter()).receiveColor(colorReceiver, position);\n         if (position != MusicPlayerRemote.getPosition()) {\n             MusicPlayerRemote.playSongAt(position);\n         }\n     }\n \n     private AlbumCoverPagerAdapter.AlbumCoverFragment.ColorReceiver colorReceiver = new AlbumCoverPagerAdapter.AlbumCoverFragment.ColorReceiver() {\n         @Override\n-        public void onColorReady(int color, int request) {\n-            Log.d(TAG, \"currentRequest == request : \" + (currentRequest == request));\n-            if (currentRequest == request) {\n+        public void onColorReady(int color, int requestCode) {\n+            if (currentPosition == requestCode) {\n                 notifyColorChange(color);\n             }\n         }"], "edit": ["+    private AlbumCoverFragment.ColorReceiver currentColorReceiver;", "+    private int currentColorReceiverPosition = -1;", "+", "+    @Override", "+    public Object instantiateItem(ViewGroup container, int position) {", "+        Object o = super.instantiateItem(container, position);", "+        if (currentColorReceiver != null && currentColorReceiverPosition == position) {", "+            receiveColor(currentColorReceiver, currentColorReceiverPosition);", "+        }", "+        return o;", "+    }", "+", "+    /**", "+     * Only the latest passed {@link AlbumCoverFragment.ColorReceiver} is guaranteed to receive a response", "+     */", "+    public void receiveColor(AlbumCoverFragment.ColorReceiver colorReceiver, int position) {", "+        AlbumCoverFragment fragment = (AlbumCoverFragment) getFragment(position);", "+        if (fragment != null) {", "+            currentColorReceiver = null;", "+            currentColorReceiverPosition = -1;", "+            fragment.receiveColor(colorReceiver, position);", "+        } else {", "+            currentColorReceiver = colorReceiver;", "+            currentColorReceiverPosition = position;", "+        }", "+    }", "+", "-import android.util.Log;", "-    private int currentRequest;", "+    private int currentPosition;", "-        currentRequest = position;", "-        AlbumCoverPagerAdapter.AlbumCoverFragment albumCoverFragment = ((AlbumCoverPagerAdapter.AlbumCoverFragment) ((AlbumCoverPagerAdapter) viewPager.getAdapter()).getFragment(position));", "-        if (albumCoverFragment != null) {", "-            albumCoverFragment.receiveColor(colorReceiver, position);", "-        }", "+        currentPosition = position;", "+        ((AlbumCoverPagerAdapter) viewPager.getAdapter()).receiveColor(colorReceiver, position);", "-        public void onColorReady(int color, int request) {", "-            Log.d(TAG, \"currentRequest == request : \" + (currentRequest == request));", "-            if (currentRequest == request) {", "+        public void onColorReady(int color, int requestCode) {", "+            if (currentPosition == requestCode) {"], "url": ["https://api.github.com/repos/AdrienPoupa/VinylMusicPlayer/commits/c5b5460e011596008e71e7e39a2c618ff8c8d6b0"]}