{"new_feature": "852,1,0,121,25,0.24", "commitmessage": "Fix typo in function name", "patch": ["@@ -35,7 +35,7 @@\n \n public class ThriftCodecBinder\n {\n-    public static ThriftCodecBinder thriftServerBinder(Binder binder)\n+    public static ThriftCodecBinder thriftCodecBinder(Binder binder)\n     {\n         return new ThriftCodecBinder(binder);\n     }", "@@ -36,7 +36,7 @@\n import java.util.List;\n import java.util.Map;\n \n-import static com.facebook.swift.codec.guice.ThriftCodecBinder.thriftServerBinder;\n+import static com.facebook.swift.codec.guice.ThriftCodecBinder.thriftCodecBinder;\n import static org.testng.Assert.assertEquals;\n import static org.testng.Assert.assertNotNull;\n \n@@ -53,13 +53,13 @@ public void testThriftClientAndServerModules()\n                     @Override\n                     public void configure(Binder binder)\n                     {\n-                        thriftServerBinder(binder).bindThriftCodec(BonkConstructor.class);\n-                        thriftServerBinder(binder).bindListThriftCodec(BonkConstructor.class);\n-                        thriftServerBinder(binder).bindMapThriftCodec(String.class, BonkConstructor.class);\n+                        thriftCodecBinder(binder).bindThriftCodec(BonkConstructor.class);\n+                        thriftCodecBinder(binder).bindListThriftCodec(BonkConstructor.class);\n+                        thriftCodecBinder(binder).bindMapThriftCodec(String.class, BonkConstructor.class);\n \n-                        thriftServerBinder(binder).bindThriftCodec(new TypeLiteral<Map<Integer, List<String>>>() {});\n+                        thriftCodecBinder(binder).bindThriftCodec(new TypeLiteral<Map<Integer, List<String>>>() {});\n \n-                        thriftServerBinder(binder).bindThriftCodec(new ThriftCodec<ValueClass>()\n+                        thriftCodecBinder(binder).bindThriftCodec(new ThriftCodec<ValueClass>()\n                         {\n                             @Override\n                             public ThriftType getType()"], "edit": ["-    public static ThriftCodecBinder thriftServerBinder(Binder binder)", "+    public static ThriftCodecBinder thriftCodecBinder(Binder binder)", "-import static com.facebook.swift.codec.guice.ThriftCodecBinder.thriftServerBinder;", "+import static com.facebook.swift.codec.guice.ThriftCodecBinder.thriftCodecBinder;", "-                        thriftServerBinder(binder).bindThriftCodec(BonkConstructor.class);", "-                        thriftServerBinder(binder).bindListThriftCodec(BonkConstructor.class);", "-                        thriftServerBinder(binder).bindMapThriftCodec(String.class, BonkConstructor.class);", "+                        thriftCodecBinder(binder).bindThriftCodec(BonkConstructor.class);", "+                        thriftCodecBinder(binder).bindListThriftCodec(BonkConstructor.class);", "+                        thriftCodecBinder(binder).bindMapThriftCodec(String.class, BonkConstructor.class);", "-                        thriftServerBinder(binder).bindThriftCodec(new TypeLiteral<Map<Integer, List<String>>>() {});", "+                        thriftCodecBinder(binder).bindThriftCodec(new TypeLiteral<Map<Integer, List<String>>>() {});", "-                        thriftServerBinder(binder).bindThriftCodec(new ThriftCodec<ValueClass>()", "+                        thriftCodecBinder(binder).bindThriftCodec(new ThriftCodec<ValueClass>()"], "url": ["https://api.github.com/repos/airlift/drift/commits/c80d5418e547e738516c7c1b8651660633f69ce7"]}