{"new_feature": "22,1,8,140,1,1.00", "commitmessage": "fix type constant name & add class description comment", "patch": ["@@ -23,6 +23,14 @@\n /**\n  * Created by abdularis on 02/01/18.\n  *\n+ * This view class shows 4 different view in different state\n+ * 1. Idle state show a button (download button in this case, but not limited)\n+ * 2. Indeterminate state show indeterminate circular progress, with optional button in the center\n+ * 3. Determinate state show determinate progress, with optional button in the center\n+ * 4. Finish state show finish drawable or hide this view\n+ *\n+ * you can use this view to make a download or upload button, you might also use this for another\n+ * purpose.\n  */\n \n public class DownloadButtonProgress extends View implements View.OnClickListener {\n@@ -59,7 +67,7 @@\n     private static final int DEF_INDETERMINATE_COLOR = Color.WHITE;\n     private static final int DEF_PROGRESS_WIDTH = 8;\n     private static final int DEF_PROGRESS_MARGIN = 5;\n-    private static final int DEF_PROGRESS_INTEDETERMINATE_WIDTH = 90;\n+    private static final int DEF_PROGRESS_INDETERMINATE_WIDTH = 90;\n \n     private Drawable mIdleIcon;\n     private Drawable mCancelIcon;\n@@ -137,7 +145,7 @@ public DownloadButtonProgress(Context context, @Nullable AttributeSet attrs) {\n             mCurrState = a.getInt(R.styleable.DownloadButtonProgress_state, STATE_IDLE);\n             mCancelable = a.getBoolean(R.styleable.DownloadButtonProgress_cancelable, DEF_CANCELABLE);\n             mHideOnFinish = a.getBoolean(R.styleable.DownloadButtonProgress_hideOnFinish, false);\n-            mProgressIndeterminateSweepAngle = a.getInteger(R.styleable.DownloadButtonProgress_progressIndeterminateSweepAngle, DEF_PROGRESS_INTEDETERMINATE_WIDTH);\n+            mProgressIndeterminateSweepAngle = a.getInteger(R.styleable.DownloadButtonProgress_progressIndeterminateSweepAngle, DEF_PROGRESS_INDETERMINATE_WIDTH);\n             mProgressDeterminateColor = a.getColor(R.styleable.DownloadButtonProgress_progressDeterminateColor, DEF_DETERMINATE_COLOR);\n             mProgressIndeterminateColor = a.getColor(R.styleable.DownloadButtonProgress_progressIndeterminateColor, DEF_INDETERMINATE_COLOR);\n             mProgressPaint.setStrokeWidth(\n@@ -167,7 +175,7 @@ public DownloadButtonProgress(Context context, @Nullable AttributeSet attrs) {\n             mCurrState = STATE_IDLE;\n             mCancelable = DEF_CANCELABLE;\n             mHideOnFinish = false;\n-            mProgressIndeterminateSweepAngle = DEF_PROGRESS_INTEDETERMINATE_WIDTH;\n+            mProgressIndeterminateSweepAngle = DEF_PROGRESS_INDETERMINATE_WIDTH;\n             mProgressDeterminateColor = DEF_DETERMINATE_COLOR;\n             mProgressIndeterminateColor = DEF_INDETERMINATE_COLOR;\n             mProgressPaint.setStrokeWidth(DEF_PROGRESS_WIDTH);"], "edit": ["+ * This view class shows 4 different view in different state", "+ * 1. Idle state show a button (download button in this case, but not limited)", "+ * 2. Indeterminate state show indeterminate circular progress, with optional button in the center", "+ * 3. Determinate state show determinate progress, with optional button in the center", "+ * 4. Finish state show finish drawable or hide this view", "+ *", "+ * you can use this view to make a download or upload button, you might also use this for another", "+ * purpose.", "-    private static final int DEF_PROGRESS_INTEDETERMINATE_WIDTH = 90;", "+    private static final int DEF_PROGRESS_INDETERMINATE_WIDTH = 90;", "-            mProgressIndeterminateSweepAngle = a.getInteger(R.styleable.DownloadButtonProgress_progressIndeterminateSweepAngle, DEF_PROGRESS_INTEDETERMINATE_WIDTH);", "+            mProgressIndeterminateSweepAngle = a.getInteger(R.styleable.DownloadButtonProgress_progressIndeterminateSweepAngle, DEF_PROGRESS_INDETERMINATE_WIDTH);", "-            mProgressIndeterminateSweepAngle = DEF_PROGRESS_INTEDETERMINATE_WIDTH;", "+            mProgressIndeterminateSweepAngle = DEF_PROGRESS_INDETERMINATE_WIDTH;"], "url": ["https://api.github.com/repos/abdularis/AndroidButtonProgress/commits/c9d5be879efacda23dbc93f2c520e4dbf345ba36"]}