{"new_feature": "2146,31,17,479,17,0.20", "commitmessage": "#303  support lower_case_table_names and code style fix", "patch": ["@@ -1,4 +1,4 @@\n-package com.actiontech.dble.backend.mysql.view.recovery;\n+package com.actiontech.dble.backend.mysql.view;\n \n import com.actiontech.dble.DbleServer;\n import com.actiontech.dble.config.ServerConfig;\n@@ -176,7 +176,7 @@ public String mapToJsonString() {\n         StringBuffer sb = new StringBuffer(\"[\");\n         for (Map.Entry<String,Map<String, String>> schema : viewCreateSqlMap.entrySet()) {\n             Map<String, String> schemaSet = schema.getValue();\n-            sb.append(\"{\\\"schema\\\":\\\"\").append(schema).append(\"\\\",\\\"list\\\":[\");\n+            sb.append(\"{\\\"schema\\\":\\\"\").append(schema.getKey()).append(\"\\\",\\\"list\\\":[\");\n             for (Map.Entry<String,String> view : schemaSet.entrySet()) {\n                 sb.append(\"{\\\"name\\\":\\\"\").append(view.getKey()).append(\"\\\",\\\"sql\\\":\\\"\").append(view.getValue()).append(\"\\\"},\");\n             }", "@@ -1,4 +1,4 @@\n-package com.actiontech.dble.backend.mysql.view.recovery;\n+package com.actiontech.dble.backend.mysql.view;\n \n import com.actiontech.dble.config.loader.zkprocess.comm.ZkConfig;\n import com.actiontech.dble.config.loader.zkprocess.comm.ZkParamCfg;", "@@ -1,4 +1,4 @@\n-package com.actiontech.dble.backend.mysql.view.recovery;\n+package com.actiontech.dble.backend.mysql.view;\n \n import java.util.Map;\n ", "@@ -3,9 +3,9 @@\n import com.actiontech.dble.DbleServer;\n import com.actiontech.dble.backend.datasource.PhysicalDBNode;\n import com.actiontech.dble.backend.datasource.PhysicalDBPool;\n-import com.actiontech.dble.backend.mysql.view.recovery.FileSystemRepository;\n-import com.actiontech.dble.backend.mysql.view.recovery.KVStoreRepository;\n-import com.actiontech.dble.backend.mysql.view.recovery.Reposoitory;\n+import com.actiontech.dble.backend.mysql.view.FileSystemRepository;\n+import com.actiontech.dble.backend.mysql.view.KVStoreRepository;\n+import com.actiontech.dble.backend.mysql.view.Reposoitory;\n import com.actiontech.dble.config.ServerConfig;\n import com.actiontech.dble.config.loader.zkprocess.comm.ZkConfig;\n import com.actiontech.dble.config.loader.zkprocess.comm.ZkParamCfg;\n@@ -298,12 +298,12 @@ public void recoveryViewFromFile() {\n      * @param viewCreateSqlMap\n      */\n     public void recoveryViewMeta(Map<String, Map<String, String>> viewCreateSqlMap) {\n-        for (String schemaName : viewCreateSqlMap.keySet()) {\n-            Map<String, String> schemaViewMap = viewCreateSqlMap.get(schemaName);\n-            for (String viewName : schemaViewMap.keySet()) {\n-                ViewMeta vm = new ViewMeta(schemaViewMap.get(viewName), schemaName);\n+\n+        for (Map.Entry<String,Map<String, String>> schemaName : viewCreateSqlMap.entrySet()) {\n+            for (Map.Entry<String,String> view : schemaName.getValue().entrySet()) {\n+                ViewMeta vm = new ViewMeta(view.getValue(), schemaName.getKey());\n                 vm.init(true);\n-                DbleServer.getInstance().getTmManager().getCatalogs().get(schemaName).getViewMetas().put(vm.getViewName(), vm);\n+                DbleServer.getInstance().getTmManager().getCatalogs().get(schemaName.getKey()).getViewMetas().put(vm.getViewName(), vm);\n             }\n         }\n     }", "@@ -13,7 +13,7 @@\n \n import java.nio.charset.StandardCharsets;\n \n-import static com.actiontech.dble.backend.mysql.view.recovery.Reposoitory.*;\n+import static com.actiontech.dble.backend.mysql.view.Reposoitory.*;\n \n \n public class ViewChildListener implements PathChildrenCacheListener {", "@@ -1,5 +1,7 @@\n package com.actiontech.dble.meta;\n \n+import com.actiontech.dble.DbleServer;\n+\n import java.util.ArrayList;\n import java.util.Arrays;\n import java.util.List;\n@@ -22,10 +24,14 @@ public ViewMetaParser(String originalSql) {\n     }\n \n     public void parseCreateView(ViewMeta viewMeta) {\n+        String viewName = getViewName();\n+        if(DbleServer.getInstance().getSystemVariables().isLowerCaseTableNames()){\n+            viewName = viewName.toLowerCase();\n+        }\n         //get the name of view\n-        viewMeta.setViewName(getViewName());\n+        viewMeta.setViewName(viewName);\n         //get the list of column name\n-        viewMeta.setViewColumnMeta(getViewColumn());\n+        viewMeta.setViewColumnMeta(getViewColumn(DbleServer.getInstance().getSystemVariables().isLowerCaseTableNames()));\n         //get select sql\n         viewMeta.setSelectSql(parseSelectSQL());\n \n@@ -107,7 +113,7 @@ public String parseSelectSQL() {\n     }\n \n \n-    public List<String> getViewColumn() {\n+    public List<String> getViewColumn(boolean isLowerCaseTableNames) {\n         int start = 0;\n         String columnList = \"\";\n         while (true) {\n@@ -122,6 +128,9 @@ public String parseSelectSQL() {\n                 break;\n             }\n         }\n+        if(isLowerCaseTableNames){\n+            columnList = columnList.toLowerCase();\n+        }\n         return new ArrayList<String>(Arrays.asList(columnList.split(\",\")));\n     }\n ", "@@ -53,7 +53,7 @@ public SchemaConfig visitorParse(SchemaConfig schema, RouteResultset rrs, SQLSta\n         String schemaName = schema == null ? null : schema.getName();\n         SchemaInfo schemaInfo = SchemaUtil.getSchemaInfo(sc.getUser(), schemaName, createStmt.getTableSource());\n \n-        if (DbleServer.getInstance().getTmManager().getCatalogs().get(schemaInfo.getSchema()).getView(createStmt.getTableSource().getExpr().toString()) != null) {\n+        if (DbleServer.getInstance().getTmManager().getCatalogs().get(schemaInfo.getSchema()).getView(schemaInfo.getTable()) != null) {\n             String msg = \"Table '\" + createStmt.getName().toString() + \"' already exists\";\n             LOGGER.warn(msg);\n             throw new SQLNonTransientException(msg);", "@@ -32,7 +32,7 @@ public void testGetViewName(){\n     public void getViewColumnTest(){\n         ViewMetaParser x = new ViewMetaParser(\"       create      or        replace         view        x_xx__xx(id,name)as select * from suntest\");\n         x.getViewName();\n-        List<String> testlist = x.getViewColumn();\n+        List<String> testlist = x.getViewColumn(false);\n         Assert.assertEquals(\"id\",testlist.get(0));\n         Assert.assertEquals(\"name\",testlist.get(1));\n     }\n@@ -43,7 +43,7 @@ public void getViewColumnTest(){\n     public void parseTotalTest(){\n         ViewMetaParser x = new ViewMetaParser(\"       create      or        replace         view        x_xx__xx(id,name)as select * from suntest\");\n         x.getViewName();\n-        List<String> testlist = x.getViewColumn();\n+        List<String> testlist = x.getViewColumn(false);\n         Assert.assertEquals(\"id\",testlist.get(0));\n         Assert.assertEquals(\"name\",testlist.get(1));\n         Assert.assertEquals(\" select * from suntest\",x.parseSelectSQL());"], "edit": ["-package com.actiontech.dble.backend.mysql.view.recovery;", "+package com.actiontech.dble.backend.mysql.view;", "-            sb.append(\"{\\\"schema\\\":\\\"\").append(schema).append(\"\\\",\\\"list\\\":[\");", "+            sb.append(\"{\\\"schema\\\":\\\"\").append(schema.getKey()).append(\"\\\",\\\"list\\\":[\");", "-package com.actiontech.dble.backend.mysql.view.recovery;", "+package com.actiontech.dble.backend.mysql.view;", "-package com.actiontech.dble.backend.mysql.view.recovery;", "+package com.actiontech.dble.backend.mysql.view;", "-import com.actiontech.dble.backend.mysql.view.recovery.FileSystemRepository;", "-import com.actiontech.dble.backend.mysql.view.recovery.KVStoreRepository;", "-import com.actiontech.dble.backend.mysql.view.recovery.Reposoitory;", "+import com.actiontech.dble.backend.mysql.view.FileSystemRepository;", "+import com.actiontech.dble.backend.mysql.view.KVStoreRepository;", "+import com.actiontech.dble.backend.mysql.view.Reposoitory;", "-        for (String schemaName : viewCreateSqlMap.keySet()) {", "-            Map<String, String> schemaViewMap = viewCreateSqlMap.get(schemaName);", "-            for (String viewName : schemaViewMap.keySet()) {", "-                ViewMeta vm = new ViewMeta(schemaViewMap.get(viewName), schemaName);", "+", "+        for (Map.Entry<String,Map<String, String>> schemaName : viewCreateSqlMap.entrySet()) {", "+            for (Map.Entry<String,String> view : schemaName.getValue().entrySet()) {", "+                ViewMeta vm = new ViewMeta(view.getValue(), schemaName.getKey());", "-                DbleServer.getInstance().getTmManager().getCatalogs().get(schemaName).getViewMetas().put(vm.getViewName(), vm);", "+                DbleServer.getInstance().getTmManager().getCatalogs().get(schemaName.getKey()).getViewMetas().put(vm.getViewName(), vm);", "-import static com.actiontech.dble.backend.mysql.view.recovery.Reposoitory.*;", "+import static com.actiontech.dble.backend.mysql.view.Reposoitory.*;", "+import com.actiontech.dble.DbleServer;", "+", "+        String viewName = getViewName();", "+        if(DbleServer.getInstance().getSystemVariables().isLowerCaseTableNames()){", "+            viewName = viewName.toLowerCase();", "+        }", "-        viewMeta.setViewName(getViewName());", "+        viewMeta.setViewName(viewName);", "-        viewMeta.setViewColumnMeta(getViewColumn());", "+        viewMeta.setViewColumnMeta(getViewColumn(DbleServer.getInstance().getSystemVariables().isLowerCaseTableNames()));", "-    public List<String> getViewColumn() {", "+    public List<String> getViewColumn(boolean isLowerCaseTableNames) {", "+        if(isLowerCaseTableNames){", "+            columnList = columnList.toLowerCase();", "+        }", "-        if (DbleServer.getInstance().getTmManager().getCatalogs().get(schemaInfo.getSchema()).getView(createStmt.getTableSource().getExpr().toString()) != null) {", "+        if (DbleServer.getInstance().getTmManager().getCatalogs().get(schemaInfo.getSchema()).getView(schemaInfo.getTable()) != null) {", "-        List<String> testlist = x.getViewColumn();", "+        List<String> testlist = x.getViewColumn(false);", "-        List<String> testlist = x.getViewColumn();", "+        List<String> testlist = x.getViewColumn(false);"], "url": ["https://api.github.com/repos/actiontech/dble/commits/ccd1edfefb42e2dca6ffeed3a43d5143ed6f0e28"]}