{"new_feature": "852,1,0,121,25,0.38", "commitmessage": "Revert \"Ensure no metadata errors or warnings are added after the point they are thrown\"\n\nThis reverts commit 4d3f59359ca7b4b89b56f6db1fd4cc5438be2884.\n\nThis is part of a rever of a range of commits 9fe381b1ae3887e1b51a1c7e31058d9c80bfa401..8566e8bacdb5cd3eb8898a57157b092da1558029, which are causing crashes in certain cases.", "patch": ["@@ -35,7 +35,6 @@\n \n import static com.facebook.swift.codec.ThriftField.Requiredness;\n import static com.facebook.swift.codec.metadata.FieldKind.THRIFT_FIELD;\n-import static com.google.common.base.Preconditions.checkState;\n \n @NotThreadSafe\n public class ThriftStructMetadataBuilder\n@@ -130,9 +129,6 @@ public ThriftStructMetadata build()\n         // methods injections\n         List<ThriftMethodInjection> methodInjections = buildMethodInjections();\n \n-        checkState(metadataErrors.getErrors().isEmpty() && metadataErrors.getWarnings().isEmpty(),\n-                   \"metadata errors and warnings should only be added before the build stage\");\n-\n         return new ThriftStructMetadata(\n                 structName,\n                 extractStructIdlAnnotations(),", "@@ -38,7 +38,6 @@\n import static com.facebook.swift.codec.ThriftField.Requiredness;\n import static com.facebook.swift.codec.metadata.FieldKind.THRIFT_UNION_ID;\n import static com.facebook.swift.codec.metadata.ReflectionHelper.findAnnotatedMethods;\n-import static com.google.common.base.Preconditions.checkState;\n \n @NotThreadSafe\n public class ThriftUnionMetadataBuilder\n@@ -110,24 +109,16 @@ private void extractThriftUnionId()\n \n         if (idFields.size() + idMethods.size() != 1) {\n             if (idFields.size() + idMethods.size() == 0) {\n-                metadataErrors.addError(\n-                    \"Neither a field nor a method is annotated with @ThriftUnionId in '%s'\",\n-                    structName);\n+                metadataErrors.addError(\"Neither a field nor a method is annotated with @ThriftUnionId\");\n             }\n             else  if (idFields.size() > 1) {\n-                metadataErrors.addError(\n-                    \"More than one @ThriftUnionId field present in '%s'\",\n-                    structName);\n+                metadataErrors.addError(\"More than one @ThriftUnionId field present\");\n             }\n             else if (idMethods.size() > 1) {\n-                metadataErrors.addError(\n-                    \"More than one @ThriftUnionId method present in '%s'\",\n-                    structName);\n+                metadataErrors.addError(\"More than one @ThriftUnionId method present\");\n             }\n             else {\n-                metadataErrors.addError(\n-                    \"Both fields and methods annotated with @ThriftUnionId in '%s'\",\n-                    structName);\n+                metadataErrors.addError(\"Both fields and methods annotated with @ThriftUnionId\");\n             }\n             return;\n         }\n@@ -228,9 +219,6 @@ public ThriftStructMetadata build()\n         // methods injections\n         List<ThriftMethodInjection> methodInjections = buildMethodInjections();\n \n-        checkState(metadataErrors.getErrors().isEmpty() && metadataErrors.getWarnings().isEmpty(),\n-                   \"metadata errors and warnings should only be added before the build stage\");\n-\n         return new ThriftStructMetadata(\n                 structName,\n                 extractStructIdlAnnotations(),"], "edit": ["-import static com.google.common.base.Preconditions.checkState;", "-        checkState(metadataErrors.getErrors().isEmpty() && metadataErrors.getWarnings().isEmpty(),", "-                   \"metadata errors and warnings should only be added before the build stage\");", "-", "-import static com.google.common.base.Preconditions.checkState;", "-                metadataErrors.addError(", "-                    \"Neither a field nor a method is annotated with @ThriftUnionId in '%s'\",", "-                    structName);", "+                metadataErrors.addError(\"Neither a field nor a method is annotated with @ThriftUnionId\");", "-                metadataErrors.addError(", "-                    \"More than one @ThriftUnionId field present in '%s'\",", "-                    structName);", "+                metadataErrors.addError(\"More than one @ThriftUnionId field present\");", "-                metadataErrors.addError(", "-                    \"More than one @ThriftUnionId method present in '%s'\",", "-                    structName);", "+                metadataErrors.addError(\"More than one @ThriftUnionId method present\");", "-                metadataErrors.addError(", "-                    \"Both fields and methods annotated with @ThriftUnionId in '%s'\",", "-                    structName);", "+                metadataErrors.addError(\"Both fields and methods annotated with @ThriftUnionId\");", "-        checkState(metadataErrors.getErrors().isEmpty() && metadataErrors.getWarnings().isEmpty(),", "-                   \"metadata errors and warnings should only be added before the build stage\");", "-"], "url": ["https://api.github.com/repos/airlift/drift/commits/cd7048722d04965cdd31c7b97062ff8caf4fca79"]}