{"new_feature": "852,1,0,121,25,0.04", "commitmessage": "swift2thrift: Fix type ordering bug\n\nWhen a type A depends on a non-completely-resolved type B, type B is\nadded to a list of \"known\" types (in addition to emitting an error\nmessage) so that other classes that also depend on B don't emit the same\nerror message again.\n\nHowever this behavior means that a non-yet-completely-resolved type B\nmay appear as \"known\" to another type C and thus C's .thrift code is\nemitted before B's code has.\n\nThis change fixes the bug at the expense of more verbose and repeating\nerror messages in case the input is not valid.", "patch": ["@@ -54,6 +54,8 @@\n import java.util.Map;\n import java.util.Set;\n \n+import static com.google.common.base.Preconditions.checkNotNull;\n+\n public class Swift2ThriftGenerator\n {\n     private static final Logger LOG = LoggerFactory.getLogger(Swift2ThriftGenerator.class);\n@@ -182,7 +184,7 @@ private boolean verifyTypes()\n             @Override\n             public boolean apply(@Nullable ThriftType t)\n             {\n-                ThriftProtocolType proto = t.getProtocolType();\n+                ThriftProtocolType proto = checkNotNull(t).getProtocolType();\n                 if (proto == ThriftProtocolType.ENUM) {\n                     knownTypes.add(t);\n                     return true;\n@@ -258,9 +260,9 @@ public boolean apply(@Nullable ThriftServiceMetadata thriftServiceMetadata)\n             remaining = bad;\n         }\n         if (prevSize == 0) {\n-            return new SuccessAndResult(true, newList);\n+            return new SuccessAndResult<>(true, newList);\n         } else {\n-            return new SuccessAndResult(false, remaining);\n+            return new SuccessAndResult<>(false, remaining);\n         }\n     }\n \n@@ -366,17 +368,18 @@ private boolean verifyStruct(ThriftType t, boolean quiet)\n                 }\n             }\n         }\n-        // add t even if it failed verification to avoid spurious errors for types that depend on t\n-        knownTypes.add(t);\n+\n+        if (ok) {\n+            knownTypes.add(t);\n+        }\n         return ok;\n     }\n \n     private Class<?> load(String className)\n     {\n         className = getFullClassName(className);\n         try {\n-            Class<?> cls = getClassLoader().loadClass(className);\n-            return cls;\n+            return getClassLoader().loadClass(className);\n         } catch (ClassNotFoundException e) {\n             LOG.warn(\"Couldn't load class {}\", className);\n         }"], "edit": ["+import static com.google.common.base.Preconditions.checkNotNull;", "+", "-                ThriftProtocolType proto = t.getProtocolType();", "+                ThriftProtocolType proto = checkNotNull(t).getProtocolType();", "-            return new SuccessAndResult(true, newList);", "+            return new SuccessAndResult<>(true, newList);", "-            return new SuccessAndResult(false, remaining);", "+            return new SuccessAndResult<>(false, remaining);", "-        // add t even if it failed verification to avoid spurious errors for types that depend on t", "-        knownTypes.add(t);", "+", "+        if (ok) {", "+            knownTypes.add(t);", "+        }", "-            Class<?> cls = getClassLoader().loadClass(className);", "-            return cls;", "+            return getClassLoader().loadClass(className);"], "url": ["https://api.github.com/repos/airlift/drift/commits/cffd265221dc6e331759c143bd35bdb766eb335f"]}