{"new_feature": "1577,1,17,193,30,0.06", "commitmessage": "Fix seconds/ms not being considered for today and negative amount of weekdays", "patch": ["@@ -17,13 +17,15 @@ public CalendarUtil() {\n     }\n \n     /**\n-     * Returns the time elapsed so far today in seconds.\n+     * Returns the time elapsed so far today in milliseconds.\n      *\n-     * @return Time elapsed today in seconds.\n+     * @return Time elapsed today in milliseconds.\n      */\n     public long getElapsedToday() {\n         // Time elapsed so far today\n-        return (calendar.get(Calendar.HOUR_OF_DAY) * 60 + calendar.get(Calendar.MINUTE)) * MS_PER_MINUTE;\n+        return (calendar.get(Calendar.HOUR_OF_DAY) * 60 + calendar.get(Calendar.MINUTE)) * MS_PER_MINUTE\n+                + calendar.get(Calendar.SECOND) * 1000\n+                + calendar.get(Calendar.MILLISECOND);\n     }\n \n     /**\n@@ -32,8 +34,15 @@ public long getElapsedToday() {\n      * @return Time elapsed this week in milliseconds.\n      */\n     public long getElapsedWeek() {\n-        // Today + days passed\n-        return getElapsedToday() + ((calendar.get(Calendar.DAY_OF_WEEK) - 1 - calendar.getFirstDayOfWeek()) * MS_PER_DAY);\n+        // Today + days passed this week\n+        long elapsed = getElapsedToday();\n+\n+        final int passedWeekdays = calendar.get(Calendar.DAY_OF_WEEK) - 1 - calendar.getFirstDayOfWeek();\n+        if (passedWeekdays > 0) {\n+            elapsed += passedWeekdays * MS_PER_DAY;\n+        }\n+\n+        return elapsed;\n     }\n \n     /**\n@@ -43,7 +52,8 @@ public long getElapsedWeek() {\n      */\n     public long getElapsedMonth() {\n         // Today + rest of this month\n-        return getElapsedToday() + ((calendar.get(Calendar.DAY_OF_MONTH) - 1) * MS_PER_DAY);\n+        return getElapsedToday() +\n+                ((calendar.get(Calendar.DAY_OF_MONTH) - 1) * MS_PER_DAY);\n     }\n \n     /**\n@@ -67,10 +77,7 @@ public long getElapsedMonths(int numMonths) {\n                 year--;\n             }\n \n-            final Calendar monthCal = new GregorianCalendar(year, month, 1);\n-            final int daysInMonth = monthCal.getActualMaximum(Calendar.DAY_OF_MONTH);\n-\n-            elapsed += daysInMonth * MS_PER_DAY;\n+            elapsed += getDaysInMonth(year, month) * MS_PER_DAY;\n         }\n \n         return elapsed;\n@@ -86,15 +93,25 @@ public long getElapsedYear() {\n         long elapsed = getElapsedMonth();\n \n         int month = calendar.get(Calendar.MONTH) - 1;\n+        int year = calendar.get(Calendar.YEAR);\n         while (month > Calendar.JANUARY) {\n-            final Calendar monthCal = new GregorianCalendar(calendar.get(Calendar.YEAR), month, 1);\n-            final int daysInMonth = monthCal.getActualMaximum(Calendar.DAY_OF_MONTH);\n-\n-            elapsed += daysInMonth * MS_PER_DAY;\n+            elapsed += getDaysInMonth(year, month) * MS_PER_DAY;\n \n             month--;\n         }\n \n         return elapsed;\n     }\n+\n+    /**\n+     * Gets the number of days for the given month in the given year.\n+     *\n+     * @param year  The year.\n+     * @param month The month (1 - 12).\n+     * @return The days in that month/year.\n+     */\n+    private int getDaysInMonth(int year, int month) {\n+        final Calendar monthCal = new GregorianCalendar(calendar.get(Calendar.YEAR), month, 1);\n+        return monthCal.getActualMaximum(Calendar.DAY_OF_MONTH);\n+    }\n }"], "edit": ["-     * Returns the time elapsed so far today in seconds.", "+     * Returns the time elapsed so far today in milliseconds.", "-     * @return Time elapsed today in seconds.", "+     * @return Time elapsed today in milliseconds.", "-        return (calendar.get(Calendar.HOUR_OF_DAY) * 60 + calendar.get(Calendar.MINUTE)) * MS_PER_MINUTE;", "+        return (calendar.get(Calendar.HOUR_OF_DAY) * 60 + calendar.get(Calendar.MINUTE)) * MS_PER_MINUTE", "+                + calendar.get(Calendar.SECOND) * 1000", "+                + calendar.get(Calendar.MILLISECOND);", "-        // Today + days passed", "-        return getElapsedToday() + ((calendar.get(Calendar.DAY_OF_WEEK) - 1 - calendar.getFirstDayOfWeek()) * MS_PER_DAY);", "+        // Today + days passed this week", "+        long elapsed = getElapsedToday();", "+", "+        final int passedWeekdays = calendar.get(Calendar.DAY_OF_WEEK) - 1 - calendar.getFirstDayOfWeek();", "+        if (passedWeekdays > 0) {", "+            elapsed += passedWeekdays * MS_PER_DAY;", "+        }", "+", "+        return elapsed;", "-        return getElapsedToday() + ((calendar.get(Calendar.DAY_OF_MONTH) - 1) * MS_PER_DAY);", "+        return getElapsedToday() +", "+                ((calendar.get(Calendar.DAY_OF_MONTH) - 1) * MS_PER_DAY);", "-            final Calendar monthCal = new GregorianCalendar(year, month, 1);", "-            final int daysInMonth = monthCal.getActualMaximum(Calendar.DAY_OF_MONTH);", "-", "-            elapsed += daysInMonth * MS_PER_DAY;", "+            elapsed += getDaysInMonth(year, month) * MS_PER_DAY;", "+        int year = calendar.get(Calendar.YEAR);", "-            final Calendar monthCal = new GregorianCalendar(calendar.get(Calendar.YEAR), month, 1);", "-            final int daysInMonth = monthCal.getActualMaximum(Calendar.DAY_OF_MONTH);", "-", "-            elapsed += daysInMonth * MS_PER_DAY;", "+            elapsed += getDaysInMonth(year, month) * MS_PER_DAY;", "+", "+    /**", "+     * Gets the number of days for the given month in the given year.", "+     *", "+     * @param year  The year.", "+     * @param month The month (1 - 12).", "+     * @return The days in that month/year.", "+     */", "+    private int getDaysInMonth(int year, int month) {", "+        final Calendar monthCal = new GregorianCalendar(calendar.get(Calendar.YEAR), month, 1);", "+        return monthCal.getActualMaximum(Calendar.DAY_OF_MONTH);", "+    }"], "url": ["https://api.github.com/repos/AdrienPoupa/VinylMusicPlayer/commits/d0171abdee521f1b0ffd795b52900302fec0fcbb"]}