{"new_feature": "2276,1,0,88,30,0.11", "commitmessage": "fix background dialogs\n\nfix #688\nfix #677", "patch": ["@@ -23,6 +23,7 @@\n     <uses-permission android:name=\"android.permission.INTERACT_ACROSS_USERS_FULL\"/>\n     <uses-permission android:name=\"android.permission.VIBRATE\"/>\n     <uses-permission android:name=\"android.permission.WAKE_LOCK\"/>\n+    <uses-permission android:name=\"android.permission.SYSTEM_ALERT_WINDOW\"/>\n \n     <!-- SPECIAL PERMISSIONS TO BE ADDED AFTER THIS LINE. /> -->\n     <!-- To list all available (used) Android permissions on a device, use:", "@@ -24,7 +24,6 @@\n \n package com.SecUpwN.AIMSICD.service;\n \n-import android.app.AlertDialog;\n import android.app.Service;\n import android.content.DialogInterface;\n import android.content.Intent;\n@@ -35,6 +34,7 @@\n import android.os.Bundle;\n import android.os.Handler;\n import android.os.IBinder;\n+import android.support.v7.app.AlertDialog;\n import android.view.WindowManager;\n \n import com.SecUpwN.AIMSICD.R;\n@@ -89,6 +89,7 @@ public AimsicdService getService() {\n \n     @Override\n     public void onCreate() {\n+        setTheme(R.style.AppTheme);\n \n         signalStrengthTracker = new SignalStrengthTracker(getBaseContext());\n \n@@ -246,8 +247,8 @@ public void checkLocationServices() {\n     private void enableLocationServices() {\n         if (isLocationRequestShowing) return; // only show dialog once\n \n-        final AlertDialog.Builder builder = new AlertDialog.Builder(this);\n-        builder.setMessage(R.string.location_error_message)\n+        AlertDialog alertDialog = new AlertDialog.Builder(this)\n+                .setMessage(R.string.location_error_message)\n                 .setTitle(R.string.location_error_title)\n                 .setCancelable(false)\n                 .setPositiveButton(R.string.text_ok, new DialogInterface.OnClickListener() {\n@@ -264,10 +265,10 @@ public void onClick(DialogInterface dialog, int which) {\n                         isLocationRequestShowing = false;\n                         setCellTracking(false);\n                     }\n-                });\n-        AlertDialog alert = builder.create();\n-        alert.getWindow().setType(WindowManager.LayoutParams.TYPE_SYSTEM_ALERT);\n-        alert.show();\n+                })\n+                .create();\n+        alertDialog.getWindow().setType(WindowManager.LayoutParams.TYPE_SYSTEM_ALERT);\n+        alertDialog.show();\n         isLocationRequestShowing = true;\n     }\n ", "@@ -13,6 +13,7 @@\n import android.os.IBinder;\n import android.support.annotation.StringRes;\n import android.support.v7.app.AlertDialog;\n+import android.view.WindowManager;\n \n import com.SecUpwN.AIMSICD.R;\n import com.SecUpwN.AIMSICD.adapters.AIMSICDDbAdapter;\n@@ -110,11 +111,13 @@ public void startPopUpInfo(SmsType smsType) {\n                 R.drawable.sense_danger,\n                 true);\n \n-        new AlertDialog.Builder(mContext)\n+        AlertDialog alertDialog = new AlertDialog.Builder(mContext)\n                 .setTitle(smsType.getTitle())\n                 .setMessage(smsType.getMessage())\n                 .setIcon(R.drawable.sense_danger)\n-                .show();\n+                .create();\n+        alertDialog.getWindow().setType(WindowManager.LayoutParams.TYPE_SYSTEM_ALERT);\n+        alertDialog.show();\n     }\n \n     public void startSmsDetection() {"], "edit": ["+    <uses-permission android:name=\"android.permission.SYSTEM_ALERT_WINDOW\"/>", "-import android.app.AlertDialog;", "+import android.support.v7.app.AlertDialog;", "+        setTheme(R.style.AppTheme);", "-        final AlertDialog.Builder builder = new AlertDialog.Builder(this);", "-        builder.setMessage(R.string.location_error_message)", "+        AlertDialog alertDialog = new AlertDialog.Builder(this)", "+                .setMessage(R.string.location_error_message)", "-                });", "-        AlertDialog alert = builder.create();", "-        alert.getWindow().setType(WindowManager.LayoutParams.TYPE_SYSTEM_ALERT);", "-        alert.show();", "+                })", "+                .create();", "+        alertDialog.getWindow().setType(WindowManager.LayoutParams.TYPE_SYSTEM_ALERT);", "+        alertDialog.show();", "+import android.view.WindowManager;", "-        new AlertDialog.Builder(mContext)", "+        AlertDialog alertDialog = new AlertDialog.Builder(mContext)", "-                .show();", "+                .create();", "+        alertDialog.getWindow().setType(WindowManager.LayoutParams.TYPE_SYSTEM_ALERT);", "+        alertDialog.show();"], "url": ["https://api.github.com/repos/5GSD/AIMSICDL/commits/d0e860be281862636992332cd996f3b3626c2491"]}