{"new_feature": "1029,4,0,66,10,0.62", "commitmessage": "Added user and password attributes for the ant deploy task.", "patch": ["@@ -17,7 +17,7 @@\n  * your own identifying information:\n  * \"Portions Copyrighted [year] [name of copyright owner]\"\n  *\n- * $Id: DeployTask.java,v 1.3 2006/09/26 23:28:49 akara Exp $\n+ * $Id: DeployTask.java,v 1.4 2006/09/27 23:25:00 akara Exp $\n  *\n  * Copyright 2005 Sun Microsystems Inc. All Rights Reserved\n  */\n@@ -45,6 +45,8 @@\n     private String target;\n     private File jarFile;\n     private boolean clearConfig = false;\n+    private String user;\n+    private String password;\n \n     /**\n      * Sets the target URL to the Faban deployment servlet\n@@ -54,6 +56,26 @@ public void setUrl(String target) {\n         this.target = target;\n     }\n \n+    /**\n+     * Sets the user name for deployment.\n+     * Note that the user/password is not checked if the Faban harness\n+     * security is turned off.\n+     * @param user The user name\n+     */\n+    public void setUser(String user) {\n+        this.user = user;\n+    }\n+\n+    /**\n+     * Sets the password for deployment.\n+     * Note that the user/password is not checked if the Faban harness\n+     * security is turned off.\n+     * @param password The user's password.\n+     */\n+    public void setPassword(String password) {\n+        this.password = password;\n+    }\n+\n     /**\n      * Sets the jar file to be deployed.\n      * @param jarFile The benchmark jar\n@@ -78,7 +100,12 @@ public void execute() throws BuildException {\n         try {\n             MultipartPostMethod post = new MultipartPostMethod(\n                     target + \"/deploy\");\n-            post.addParameter(\"clearconfig\", String.valueOf(clearConfig));\n+            if (user != null)\n+                post.addParameter(\"user\", user);\n+            if (password != null)\n+                post.addParameter(\"password\", password);\n+            if (clearConfig)\n+                post.addParameter(\"clearconfig\", \"true\");\n             post.addParameter(jarFile.getName(), jarFile);\n             HttpClient client = new HttpClient();\n             client.setConnectionTimeout(5000);"], "edit": ["- * $Id: DeployTask.java,v 1.3 2006/09/26 23:28:49 akara Exp $", "+ * $Id: DeployTask.java,v 1.4 2006/09/27 23:25:00 akara Exp $", "+    private String user;", "+    private String password;", "+    /**", "+     * Sets the user name for deployment.", "+     * Note that the user/password is not checked if the Faban harness", "+     * security is turned off.", "+     * @param user The user name", "+     */", "+    public void setUser(String user) {", "+        this.user = user;", "+    }", "+", "+    /**", "+     * Sets the password for deployment.", "+     * Note that the user/password is not checked if the Faban harness", "+     * security is turned off.", "+     * @param password The user's password.", "+     */", "+    public void setPassword(String password) {", "+        this.password = password;", "+    }", "+", "-            post.addParameter(\"clearconfig\", String.valueOf(clearConfig));", "+            if (user != null)", "+                post.addParameter(\"user\", user);", "+            if (password != null)", "+                post.addParameter(\"password\", password);", "+            if (clearConfig)", "+                post.addParameter(\"clearconfig\", \"true\");"], "url": ["https://api.github.com/repos/akara/faban/commits/d15fe0f720d291a32cdd912542eab9cfa04d678b"]}