{"new_feature": "1577,1,17,193,30,0.71", "commitmessage": "Added fading edges to playing queue. Fixed statusbar not being colored in player fragment.", "patch": ["@@ -27,6 +27,7 @@\n import com.h6ah4i.android.widget.advrecyclerview.utils.WrapperAdapterUtils;\n import com.kabouzeid.appthemehelper.ThemeStore;\n import com.kabouzeid.appthemehelper.util.ATHUtil;\n+import com.kabouzeid.appthemehelper.util.ColorUtil;\n import com.kabouzeid.appthemehelper.util.TintHelper;\n import com.kabouzeid.appthemehelper.util.ToolbarContentTintHelper;\n import com.kabouzeid.gramophone.R;\n@@ -481,7 +482,8 @@ public void animateColorChange(PlayerFragment fragment, int newColor) {\n             fragment.slidingUpPanelLayout.setBackgroundColor(fragment.lastColor);\n \n             AnimatorSet animatorSet = createDefaultColorChangeAnimatorSet(fragment, newColor);\n-            animatorSet.play(ViewUtil.createBackgroundColorTransition(fragment.toolbar, fragment.lastColor, newColor));\n+            animatorSet.play(ViewUtil.createBackgroundColorTransition(fragment.toolbar, fragment.lastColor, newColor))\n+                    .with(ViewUtil.createBackgroundColorTransition(fragment.getView().findViewById(R.id.status_bar), ColorUtil.darkenColor(fragment.lastColor), ColorUtil.darkenColor(newColor)));\n             animatorSet.start();\n         }\n     }", "@@ -121,7 +121,9 @@\n                                 <android.support.v7.widget.RecyclerView\n                                     android:id=\"@+id/player_recycler_view\"\n                                     android:layout_width=\"match_parent\"\n-                                    android:layout_height=\"wrap_content\" />\n+                                    android:layout_height=\"wrap_content\"\n+                                    android:paddingBottom=\"8dp\"\n+                                    android:requiresFadingEdge=\"vertical\" />\n \n                             </LinearLayout>\n ", "@@ -122,7 +122,9 @@\n                         <android.support.v7.widget.RecyclerView\n                             android:id=\"@+id/player_recycler_view\"\n                             android:layout_width=\"match_parent\"\n-                            android:layout_height=\"wrap_content\" />\n+                            android:layout_height=\"wrap_content\"\n+                            android:paddingBottom=\"8dp\"\n+                            android:requiresFadingEdge=\"vertical\" />\n \n                     </LinearLayout>\n "], "edit": ["+import com.kabouzeid.appthemehelper.util.ColorUtil;", "-            animatorSet.play(ViewUtil.createBackgroundColorTransition(fragment.toolbar, fragment.lastColor, newColor));", "+            animatorSet.play(ViewUtil.createBackgroundColorTransition(fragment.toolbar, fragment.lastColor, newColor))", "+                    .with(ViewUtil.createBackgroundColorTransition(fragment.getView().findViewById(R.id.status_bar), ColorUtil.darkenColor(fragment.lastColor), ColorUtil.darkenColor(newColor)));", "-                                    android:layout_height=\"wrap_content\" />", "+                                    android:layout_height=\"wrap_content\"", "+                                    android:paddingBottom=\"8dp\"", "+                                    android:requiresFadingEdge=\"vertical\" />", "-                            android:layout_height=\"wrap_content\" />", "+                            android:layout_height=\"wrap_content\"", "+                            android:paddingBottom=\"8dp\"", "+                            android:requiresFadingEdge=\"vertical\" />"], "url": ["https://api.github.com/repos/AdrienPoupa/VinylMusicPlayer/commits/d31ad77e62c5497f0b7481e1ba741e12c4678004"]}