{"new_feature": "1212,68,81,7340,22,0.60", "commitmessage": "bugfix", "patch": ["@@ -225,6 +225,7 @@ sourceSets {\n     }\n }\n \n+\n tasks.findByName(\"test\").enabled=false\n \n ", "@@ -318,7 +318,6 @@ public void runTask() {\n                                                           @Override\n                                                           public void accept(ApplicationVariant applicationVariant) {\n \n-\n                                                               AppVariantContext appVariantContext = AtlasBuildContext.sBuilderAdapter.appVariantContextFactory\n                                                                       .getAppVariantContext(project, applicationVariant);\n ", "@@ -211,7 +211,7 @@ public void transform(TransformInvocation transformInvocation) throws TransformE\n                                 processJar(jarInput.getFile(), output, transformInvocation);\n                             }\n                         }else {\n-                            throw new TransformException(jarInput.getFile().getAbsolutePath() +\"is not in maindex and awb libraries in AtlasFixStackFramesTransform!\");\n+                            logger.warning(jarInput.getFile().getAbsolutePath() +\"is not in maindex and awb libraries in AtlasFixStackFramesTransform!\");\n                         }\n                     }\n ", "@@ -263,6 +263,7 @@ private boolean validJar(JarInput jarInput) {\n \n     private boolean inMainDex(JarInput jarInput) {\n         if (jarInput.getFile().getName().equals(\"desugar_try_with_resources.jar\")){\n+            logger.info(\"add desugar_try_with_resources.jar to maindex\");\n             AtlasBuildContext.atlasMainDexHelper.getMainDexFiles().add(new BuildAtlasEnvTask.FileIdentity(jarInput.getFile().getName(),jarInput.getFile(),false,false));\n         }\n         return AtlasBuildContext.atlasMainDexHelper.inMainDex(jarInput);", "@@ -37,7 +37,7 @@ public void setExculdeClasses(Set<String> classes) {\n     }\n \n     public static void main(String []args){\n-        TpatchDexTool tpatchDexTool = new TpatchDexTool(new File(\"/Users/lilong/Downloads/taobao-android-debug1/lib/armeabi/libcom_taobao_taolive/classes.dex\"),new File(\"/Users/lilong/Downloads/patch-7.4.5.62173@7.4.2.48/libcom_taobao_taolive/classes.dex\"),21,false);\n+        TpatchDexTool tpatchDexTool = new TpatchDexTool(new File(\"/Users/lilong/Downloads/taobao-android-release/classes.dex\"),new File(\"/Users/lilong/Downloads/taobao-android-release0/classes.dex\"),21,false);\n         File outDex = new File(\"/Users/lilong/Downloads/taobao-android-debug1/lib/armeabi/libcom_taobao_taolive/patch.dex\");\n         try {\n             tpatchDexTool.createPatchDex(outDex);"], "edit": ["+", "-", "-                            throw new TransformException(jarInput.getFile().getAbsolutePath() +\"is not in maindex and awb libraries in AtlasFixStackFramesTransform!\");", "+                            logger.warning(jarInput.getFile().getAbsolutePath() +\"is not in maindex and awb libraries in AtlasFixStackFramesTransform!\");", "+            logger.info(\"add desugar_try_with_resources.jar to maindex\");", "-        TpatchDexTool tpatchDexTool = new TpatchDexTool(new File(\"/Users/lilong/Downloads/taobao-android-debug1/lib/armeabi/libcom_taobao_taolive/classes.dex\"),new File(\"/Users/lilong/Downloads/patch-7.4.5.62173@7.4.2.48/libcom_taobao_taolive/classes.dex\"),21,false);", "+        TpatchDexTool tpatchDexTool = new TpatchDexTool(new File(\"/Users/lilong/Downloads/taobao-android-release/classes.dex\"),new File(\"/Users/lilong/Downloads/taobao-android-release0/classes.dex\"),21,false);"], "url": ["https://api.github.com/repos/alibaba/atlas/commits/d34f1aac7d2ef39af61baa0d3874b979a0d0d97d"]}