{"new_feature": "102,1,3,52,1,1.00", "commitmessage": "Feat: Tab changing effects on network calls fixed", "patch": ["@@ -11,7 +11,6 @@\n public class Constants {\n \n     public static String api_key;\n-\n     Context context;\n \n     public Constants(Context context) {", "@@ -1,15 +1,13 @@\n package thenextvoyager.wallser.Data;\n \n import java.io.Serializable;\n-import java.util.ArrayList;\n \n /**\n  * Created by Abhiroj on 3/6/2017.\n  */\n \n public class DataModel implements Serializable {\n \n-    public static ArrayList<DataModel> model;\n     public String imageURL;\n     public String downloadURL;\n     public String name;", "@@ -24,13 +24,12 @@\n \n import java.util.ArrayList;\n \n-import thenextvoyager.wallser.Data.Constants;\n import thenextvoyager.wallser.Data.DataModel;\n import thenextvoyager.wallser.R;\n import thenextvoyager.wallser.adapter.ImageAdapter;\n import thenextvoyager.wallser.utility.EndlessRecyclerViewScrollListener;\n \n-import static thenextvoyager.wallser.Data.DataModel.model;\n+import static thenextvoyager.wallser.Data.Constants.api_key;\n \n \n /**\n@@ -49,13 +48,13 @@\n      * Unsplash API call parameter, By Default=latest\n      * Change it in Pager Fragment, based on Tab tapped\n      */\n-    public static String order_By = \"latest\";\n-\n+    public String order_By = \"latest\";\n     RecyclerView recyclerView;\n     ImageAdapter imageAdapter;\n     boolean first_call = true;\n     GridLayoutManager layoutManager;\n     EndlessRecyclerViewScrollListener scrollListener;\n+    private ArrayList<DataModel> model;\n \n     public static Fragment newInstance(String callFor) {\n         Log.d(TAG, \"Instantiating \" + callFor + \" Fragment\");\n@@ -70,10 +69,8 @@ public static Fragment newInstance(String callFor) {\n     @Override\n     public void onCreate(@Nullable Bundle savedInstanceState) {\n         super.onCreate(savedInstanceState);\n-        if (savedInstanceState != null && !savedInstanceState.isEmpty()) {\n-            order_By = ((savedInstanceState.getString(ARG_PAGE) == \"Popular\") ? \"popular\" : \"latest\");\n+        order_By = ((getArguments().getString(ARG_PAGE) == \"Popular\") ? \"popular\" : \"latest\");\n             Log.d(TAG, \"Ordering the results by \" + order_By);\n-        }\n         layoutManager = new GridLayoutManager(getContext(), 2);\n         scrollListener = new EndlessRecyclerViewScrollListener(layoutManager) {\n             @Override\n@@ -108,8 +105,8 @@ void setUpRecyclerView() {\n     void loadDataUsingVolley(int page) {\n         final ProgressDialog dialog = ProgressDialog.show(getContext(), \"Wallser\", \"Loading\");\n         dialog.show();\n-        final RequestQueue requestQueue = Volley.newRequestQueue(getContext());\n-        final String URL = \"https://api.unsplash.com/photos/?page=\" + page + \"&client_id=\" + Constants.api_key + \"&per_page=\" + per_page + \"&order_by=\" + order_By;\n+        RequestQueue requestQueue = Volley.newRequestQueue(getContext());\n+        String URL = \"https://api.unsplash.com/photos/?page=\" + page + \"&client_id=\" + api_key + \"&per_page=\" + per_page + \"&order_by=\" + order_By;\n         Log.d(TAG, URL);\n         JsonArrayRequest objectRequest = new JsonArrayRequest(Request.Method.GET, URL, null, new Response.Listener<JSONArray>() {\n             @Override"], "edit": ["-", "-import java.util.ArrayList;", "-    public static ArrayList<DataModel> model;", "-import thenextvoyager.wallser.Data.Constants;", "-import static thenextvoyager.wallser.Data.DataModel.model;", "+import static thenextvoyager.wallser.Data.Constants.api_key;", "-    public static String order_By = \"latest\";", "-", "+    public String order_By = \"latest\";", "+    private ArrayList<DataModel> model;", "-        if (savedInstanceState != null && !savedInstanceState.isEmpty()) {", "-            order_By = ((savedInstanceState.getString(ARG_PAGE) == \"Popular\") ? \"popular\" : \"latest\");", "+        order_By = ((getArguments().getString(ARG_PAGE) == \"Popular\") ? \"popular\" : \"latest\");", "-        }", "-        final RequestQueue requestQueue = Volley.newRequestQueue(getContext());", "-        final String URL = \"https://api.unsplash.com/photos/?page=\" + page + \"&client_id=\" + Constants.api_key + \"&per_page=\" + per_page + \"&order_by=\" + order_By;", "+        RequestQueue requestQueue = Volley.newRequestQueue(getContext());", "+        String URL = \"https://api.unsplash.com/photos/?page=\" + page + \"&client_id=\" + api_key + \"&per_page=\" + per_page + \"&order_by=\" + order_By;"], "url": ["https://api.github.com/repos/abhiroj/Wallser/commits/d4040bdc1eb354d2c98b7365e5767a3b8873ab9d"]}