{"new_feature": "195,2,12,413,1,1.00", "commitmessage": "fix bugs: doodle items are clipped after rotating", "patch": ["@@ -402,7 +402,6 @@ protected void dispatchDraw(Canvas canvas) {\n         }\n \n         int count = canvas.save();\n-        canvas.rotate(mDoodleRotateDegree, getWidth() / 2, getHeight() / 2);\n         super.dispatchDraw(canvas);\n         canvas.restoreToCount(count);\n \n@@ -431,7 +430,6 @@ protected void dispatchDraw(Canvas canvas) {\n             canvas.scale(scale, scale);\n             canvas.translate(-mTouchX + mZoomerRadius / scale, -mTouchY + mZoomerRadius / scale);\n             // draw inner\n-            canvas.rotate(mDoodleRotateDegree, getWidth() / 2, getHeight() / 2);\n             super.dispatchDraw(canvas);\n             // \u89e6\u6478\u70b9\n             float left = getAllTranX();\n@@ -468,7 +466,6 @@ protected void dispatchDraw(Canvas canvas) {\n             canvas.clipRect(-strokeWidth, -strokeWidth, getWidth() + strokeWidth, getHeight() + strokeWidth);\n             canvas.drawColor(0x88888888);\n             canvas.save();\n-            canvas.rotate(mDoodleRotateDegree, getWidth() / 2, getHeight() / 2);\n             float tempScale = mScale;\n             float tempTransX = mTransX;\n             float tempTransY = mTransY;\n@@ -1252,7 +1249,16 @@ public BackgroundView(Context context) {\n \n         @Override\n         protected void onDraw(Canvas canvas) {\n-            LogUtil.d(TAG, \"BackgroundView>>onDraw\");\n+            if (LogUtil.sIsLog) {\n+                LogUtil.d(TAG, \"BackgroundView>>onDraw\");\n+            }\n+            int count = canvas.save();\n+            canvas.rotate(mDoodleRotateDegree, getWidth() / 2, getHeight() / 2);\n+            doDraw(canvas);\n+            canvas.restoreToCount(count);\n+        }\n+\n+        private void doDraw(Canvas canvas) {\n             float left = getAllTranX();\n             float top = getAllTranY();\n \n@@ -1298,6 +1304,7 @@ public boolean onTouchEvent(MotionEvent event) {\n \n         protected void onDraw(Canvas canvas) {\n             int count = canvas.save();\n+            canvas.rotate(mDoodleRotateDegree, getWidth() / 2, getHeight() / 2);\n             doDraw(canvas);\n             canvas.restoreToCount(count);\n         }"], "edit": ["-        canvas.rotate(mDoodleRotateDegree, getWidth() / 2, getHeight() / 2);", "-            canvas.rotate(mDoodleRotateDegree, getWidth() / 2, getHeight() / 2);", "-            canvas.rotate(mDoodleRotateDegree, getWidth() / 2, getHeight() / 2);", "-            LogUtil.d(TAG, \"BackgroundView>>onDraw\");", "+            if (LogUtil.sIsLog) {", "+                LogUtil.d(TAG, \"BackgroundView>>onDraw\");", "+            }", "+            int count = canvas.save();", "+            canvas.rotate(mDoodleRotateDegree, getWidth() / 2, getHeight() / 2);", "+            doDraw(canvas);", "+            canvas.restoreToCount(count);", "+        }", "+", "+        private void doDraw(Canvas canvas) {", "+            canvas.rotate(mDoodleRotateDegree, getWidth() / 2, getHeight() / 2);"], "url": ["https://api.github.com/repos/1993hzw/Doodle/commits/d42fbf82856224a8f8ec112f43184aa2781bafa1"]}