{"new_feature": "1029,4,0,66,10,0.62", "commitmessage": "1. Added the FabanNamespaceContext for a DriverContext XPath access.\n2. Fixed post header to set content type all the time, providing a default.", "patch": ["@@ -17,7 +17,7 @@\n  * your own identifying information:\n  * \"Portions Copyrighted [year] [name of copyright owner]\"\n  *\n- * $Id: HttpTransport.java,v 1.6 2007/05/26 06:32:44 akara Exp $\n+ * $Id: HttpTransport.java,v 1.7 2007/06/30 04:02:38 akara Exp $\n  *\n  * Copyright 2005 Sun Microsystems Inc. All Rights Reserved\n  */\n@@ -100,7 +100,11 @@\n     /** Reference to the thread local cookie handler. */\n     private ThreadCookieHandler cookieHandler;\n \n+    /** Default header when we do http posts, if no header is given */\n+    private HashMap<String, String> defaultPostHeader;\n+\n     private boolean followRedirects = false;\n+\n     /**\n      * Constructs a new HttpTransport object.\n      */\n@@ -465,14 +469,24 @@ public StringBuilder fetchURL(String url, String postRequest,\n     public StringBuilder fetchURL(URL url, String postRequest,\n                                   Map<String, String> headers)\n             throws IOException {\n-        HttpURLConnection c = getConnection(url);\n-        String type = headers.get(\"Content-type\");\n-        if (type == null)\n-            headers.put(\"Content-type\", \"application/x-www-form-urlencoded\");\n-        else if (!type.equals(\"application/x-www-form-urlencoded\"))\n-            throw new IOException(\"Unexepcted header type \" + type +\n-                    \" for URL encoded POST request\");\n+        String postHeader = \"Content-type\";\n+        String postHeaderValue = \"application/x-www-form-urlencoded\";\n+        if (headers == null) {\n+            if (defaultPostHeader == null) {\n+                defaultPostHeader = new HashMap<String, String>();\n+                defaultPostHeader.put(postHeader, postHeaderValue);\n+            }\n+            headers = defaultPostHeader;\n+        } else {\n+            String type = headers.get(postHeader);\n+            if (type == null)\n+                headers.put(postHeader, postHeaderValue);\n+            else if (!postHeaderValue.equals(type))\n+                throw new IOException(\"Unexepected header type \" + type +\n+                        \" for URL encoded POST request\");\n+        }\n         postRequest = URLEncoder.encode(postRequest, \"UTF-8\");\n+        HttpURLConnection c = getConnection(url);\n         setHeaders(c, headers);\n         postRequest(c, postRequest.getBytes(\"UTF-8\"));\n         return fetchResponse(c);", "@@ -17,7 +17,7 @@\n  * your own identifying information:\n  * \"Portions Copyrighted [year] [name of copyright owner]\"\n  *\n- * $Id: DriverContext.java,v 1.5 2007/06/29 08:35:17 akara Exp $\n+ * $Id: DriverContext.java,v 1.6 2007/06/30 04:02:37 akara Exp $\n  *\n  * Copyright 2005 Sun Microsystems Inc. All Rights Reserved\n  */\n@@ -27,6 +27,7 @@\n import com.sun.faban.driver.Timing;\n import com.sun.faban.driver.util.Random;\n import com.sun.faban.driver.util.Timer;\n+import com.sun.faban.common.FabanNamespaceContext;\n import org.w3c.dom.Attr;\n import org.w3c.dom.Element;\n import org.w3c.dom.NodeList;\n@@ -333,7 +334,9 @@ public boolean isTxSteadyState() {\n     public String getXPathValue(String xPath) throws XPathExpressionException {\n         if (xPathInstance == null) {\n             XPathFactory xf = XPathFactory.newInstance();\n+            FabanNamespaceContext nsCtx = new FabanNamespaceContext();            \n             xPathInstance = xf.newXPath();\n+            xPathInstance.setNamespaceContext(nsCtx);\n         }\n         return xPathInstance.evaluate(xPath,\n                 agentThread.driverConfig.rootElement);"], "edit": ["- * $Id: HttpTransport.java,v 1.6 2007/05/26 06:32:44 akara Exp $", "+ * $Id: HttpTransport.java,v 1.7 2007/06/30 04:02:38 akara Exp $", "+    /** Default header when we do http posts, if no header is given */", "+    private HashMap<String, String> defaultPostHeader;", "+", "+", "-        HttpURLConnection c = getConnection(url);", "-        String type = headers.get(\"Content-type\");", "-        if (type == null)", "-            headers.put(\"Content-type\", \"application/x-www-form-urlencoded\");", "-        else if (!type.equals(\"application/x-www-form-urlencoded\"))", "-            throw new IOException(\"Unexepcted header type \" + type +", "-                    \" for URL encoded POST request\");", "+        String postHeader = \"Content-type\";", "+        String postHeaderValue = \"application/x-www-form-urlencoded\";", "+        if (headers == null) {", "+            if (defaultPostHeader == null) {", "+                defaultPostHeader = new HashMap<String, String>();", "+                defaultPostHeader.put(postHeader, postHeaderValue);", "+            }", "+            headers = defaultPostHeader;", "+        } else {", "+            String type = headers.get(postHeader);", "+            if (type == null)", "+                headers.put(postHeader, postHeaderValue);", "+            else if (!postHeaderValue.equals(type))", "+                throw new IOException(\"Unexepected header type \" + type +", "+                        \" for URL encoded POST request\");", "+        }", "+        HttpURLConnection c = getConnection(url);", "- * $Id: DriverContext.java,v 1.5 2007/06/29 08:35:17 akara Exp $", "+ * $Id: DriverContext.java,v 1.6 2007/06/30 04:02:37 akara Exp $", "+import com.sun.faban.common.FabanNamespaceContext;", "+            FabanNamespaceContext nsCtx = new FabanNamespaceContext();", "+            xPathInstance.setNamespaceContext(nsCtx);"], "url": ["https://api.github.com/repos/akara/faban/commits/d5740887aa01b5fbb727c77593ddcc06404455a9"]}