{"new_feature": "2276,1,0,88,30,0.40", "commitmessage": "Fixes nc_list_present\n\nFixes issue where CellTracker keeps polling neighbouring cells if the\nphone does not support it.\n\nAlso added event log for changing lac in GSM case: only had it in CDMA\nbefore this PR", "patch": ["@@ -340,8 +340,9 @@ public void getOcidKey() {\n         if(neighboringCellInfo == null)\n             neighboringCellInfo = new ArrayList<>();\n \n-        if (neighboringCellInfo != null &&\n-                neighboringCellInfo.size() == 0) {\n+        Boolean nclp = tinydb.getBoolean(\"nc_list_present\"); // NC list present? (default is false)\n+        //if nclp = true then check for neighboringCellInfo\n+        if (neighboringCellInfo != null && neighboringCellInfo.size() == 0 && nclp) {\n             // try to poll the neighboring cells for a few seconds\n             neighboringCellBlockingQueue = new LinkedBlockingQueue<>(100);\n             Log.i(TAG, mTAG + \": neighbouringCellInfo empty - start polling\");\n@@ -551,6 +552,16 @@ public void compareLac(CellLocation location){\n                     boolean lacOK = dbHelper.checkLAC(mMonitorCell);\n                     if (!lacOK) {\n                         mChangedLAC = true;\n+\n+                        dbHelper.insertEventLog(MiscUtils.getCurrentTimeStamp(),\n+                                mMonitorCell.getLAC(),\n+                                mMonitorCell.getCID(),\n+                                mMonitorCell.getPSC(),//This is giving weird values like 21478364... is this right?\n+                                String.valueOf(mMonitorCell.getLat()),\n+                                String.valueOf(mMonitorCell.getLon()),\n+                                (int)mMonitorCell.getAccuracy(),\n+                                1,\n+                                \"Changing LAC\");\n                         setNotification();\n                     } else {\n                         mChangedLAC = false;\n@@ -559,7 +570,7 @@ public void compareLac(CellLocation location){\n                     if ( tinydb.getBoolean(\"ocid_downloaded\") ) {\n                         if (!dbHelper.openCellExists(mMonitorCell.getCID())) {\n                             Log.i(TAG, mTAG + \": ALERT: Connected to unknown CID not in DBe_import: \" + mMonitorCell.getCID());\n-                            //dbHelper.open();\n+\n                             dbHelper.insertEventLog(MiscUtils.getCurrentTimeStamp(),\n                                     mMonitorCell.getLAC(),\n                                     mMonitorCell.getCID(),"], "edit": ["-        if (neighboringCellInfo != null &&", "-                neighboringCellInfo.size() == 0) {", "+        Boolean nclp = tinydb.getBoolean(\"nc_list_present\"); // NC list present? (default is false)", "+        //if nclp = true then check for neighboringCellInfo", "+        if (neighboringCellInfo != null && neighboringCellInfo.size() == 0 && nclp) {", "+", "+                        dbHelper.insertEventLog(MiscUtils.getCurrentTimeStamp(),", "+                                mMonitorCell.getLAC(),", "+                                mMonitorCell.getCID(),", "+                                mMonitorCell.getPSC(),//This is giving weird values like 21478364... is this right?", "+                                String.valueOf(mMonitorCell.getLat()),", "+                                String.valueOf(mMonitorCell.getLon()),", "+                                (int)mMonitorCell.getAccuracy(),", "+                                1,", "+                                \"Changing LAC\");", "-                            //dbHelper.open();", "+"], "url": ["https://api.github.com/repos/5GSD/AIMSICDL/commits/d6f9e22d338a83678d927e6eb5e7f9cfbea6d19d"]}