{"new_feature": "2146,31,17,479,17,0.65", "commitmessage": "fix compile error", "patch": ["@@ -118,7 +118,7 @@ public boolean visit(SQLSelectItem x) {\n             if (x.getExpr() instanceof SQLName) {\n                 boolean isSelf = false;\n                 String itemName = x.getExpr().toString();\n-                if (DbleServer.getInstance().getConfig().getSystem().isLowerCaseTableNames()) {\n+                if (DbleServer.getInstance().getSystemVariables().isLowerCaseTableNames()) {\n                     isSelf = StringUtil.equalsIgnoreCase(alias, itemName);\n                 } else {\n                     isSelf = StringUtil.equals(alias, itemName);\n@@ -375,15 +375,15 @@ protected Column getColumn(SQLExpr expr) {\n         }\n \n         if (expr instanceof SQLPropertyExpr) {\n-            return getColumns((SQLPropertyExpr) expr, aliasMap);\n+            return getColumnByExpr((SQLPropertyExpr) expr, aliasMap);\n         }\n \n         if (expr instanceof SQLIdentifierExpr) {\n-            return getColumn((SQLIdentifierExpr) expr, aliasMap);\n+            return getColumnByExpr((SQLIdentifierExpr) expr, aliasMap);\n         }\n \n         if (expr instanceof SQLBetweenExpr) {\n-            return getColumns((SQLBetweenExpr) expr, aliasMap);\n+            return getColumnByExpr((SQLBetweenExpr) expr, aliasMap);\n         }\n         return null;\n     }\n@@ -429,7 +429,7 @@ protected void handleCondition(SQLExpr expr, String operator, SQLExpr... valueEx\n         }\n     }\n \n-    private Column getColumns(SQLBetweenExpr betweenExpr, Map<String, String> aliasMap) {\n+    private Column getColumnByExpr(SQLBetweenExpr betweenExpr, Map<String, String> aliasMap) {\n         if (betweenExpr.getTestExpr() != null) {\n             String tableName = null;\n             String column = null;\n@@ -464,7 +464,7 @@ private Column getColumns(SQLBetweenExpr betweenExpr, Map<String, String> aliasM\n         return null;\n     }\n \n-    private Column getColumn(SQLIdentifierExpr expr, Map<String, String> aliasMap) {\n+    private Column getColumnByExpr(SQLIdentifierExpr expr, Map<String, String> aliasMap) {\n         Column attrColumn = (Column) expr.getAttribute(ATTR_COLUMN);\n         if (attrColumn != null) {\n             return attrColumn;\n@@ -490,7 +490,7 @@ private Column getColumn(SQLIdentifierExpr expr, Map<String, String> aliasMap) {\n         return new Column(\"UNKNOWN\", column);\n     }\n \n-    private Column getColumns(SQLPropertyExpr expr, Map<String, String> aliasMap) {\n+    private Column getColumnByExpr(SQLPropertyExpr expr, Map<String, String> aliasMap) {\n         SQLExpr owner = expr.getOwner();\n         String column = expr.getName();\n "], "edit": ["-                if (DbleServer.getInstance().getConfig().getSystem().isLowerCaseTableNames()) {", "+                if (DbleServer.getInstance().getSystemVariables().isLowerCaseTableNames()) {", "-            return getColumns((SQLPropertyExpr) expr, aliasMap);", "+            return getColumnByExpr((SQLPropertyExpr) expr, aliasMap);", "-            return getColumn((SQLIdentifierExpr) expr, aliasMap);", "+            return getColumnByExpr((SQLIdentifierExpr) expr, aliasMap);", "-            return getColumns((SQLBetweenExpr) expr, aliasMap);", "+            return getColumnByExpr((SQLBetweenExpr) expr, aliasMap);", "-    private Column getColumns(SQLBetweenExpr betweenExpr, Map<String, String> aliasMap) {", "+    private Column getColumnByExpr(SQLBetweenExpr betweenExpr, Map<String, String> aliasMap) {", "-    private Column getColumn(SQLIdentifierExpr expr, Map<String, String> aliasMap) {", "+    private Column getColumnByExpr(SQLIdentifierExpr expr, Map<String, String> aliasMap) {", "-    private Column getColumns(SQLPropertyExpr expr, Map<String, String> aliasMap) {", "+    private Column getColumnByExpr(SQLPropertyExpr expr, Map<String, String> aliasMap) {"], "url": ["https://api.github.com/repos/actiontech/dble/commits/db0e9a1188521b1116708bc74ff833c5e05884ea"]}