{"new_feature": "1029,4,0,66,10,0.62", "commitmessage": "Added new DriverContext API to obtain the number of client threads across all agents in the whole driver.", "patch": ["@@ -17,7 +17,7 @@\n  * your own identifying information:\n  * \"Portions Copyrighted [year] [name of copyright owner]\"\n  *\n- * $Id: DriverContext.java,v 1.6 2008/02/06 21:33:54 akara Exp $\n+ * $Id: DriverContext.java,v 1.7 2008/02/09 07:52:30 akara Exp $\n  *\n  * Copyright 2005 Sun Microsystems Inc. All Rights Reserved\n  */\n@@ -64,10 +64,16 @@ public static DriverContext getContext() {\n     /**\n      * Obtains the number of client threads in this agent.\n      *\n-     * @return the number of client threads\n+     * @return the number of client threads for this agent\n      */\n     public abstract int getClientsInAgent();\n \n+    /**\n+     * Obtains the total number of clients threads for this driver.\n+     * @return the number of client threads for this driver\n+     */\n+    public abstract int getClientsInDriver();\n+\n     /**\n      * Obtains the global agent thread id for this context's thread.\n      * @return the global agent thread id", "@@ -17,7 +17,7 @@\n  * your own identifying information:\n  * \"Portions Copyrighted [year] [name of copyright owner]\"\n  *\n- * $Id: DriverContext.java,v 1.11 2008/02/06 21:33:54 akara Exp $\n+ * $Id: DriverContext.java,v 1.12 2008/02/09 07:52:29 akara Exp $\n  *\n  * Copyright 2005 Sun Microsystems Inc. All Rights Reserved\n  */\n@@ -124,6 +124,15 @@ public int getClientsInAgent() {\n         return agentThread.runInfo.agentInfo.threads;\n     }\n \n+    /**\n+     * Obtains the total number of clients threads for this driver.\n+     *\n+     * @return the number of client threads for this driver\n+     */\n+    public int getClientsInDriver() {\n+        return agentThread.runInfo.driverConfig.numThreads;\n+    }\n+\n     /**\n      * Obtains the global thread id for this context's thread. The thread id\n      * is unique for each driver type.", "@@ -17,7 +17,7 @@\n  * your own identifying information:\n  * \"Portions Copyrighted [year] [name of copyright owner]\"\n  *\n- * $Id: NullContext.java,v 1.7 2008/02/06 21:33:54 akara Exp $\n+ * $Id: NullContext.java,v 1.8 2008/02/09 07:52:29 akara Exp $\n  *\n  * Copyright 2005 Sun Microsystems Inc. All Rights Reserved\n  */\n@@ -60,6 +60,15 @@ public int getClientsInAgent() {\n         return 0;\n     }\n \n+    /**\n+     * Obtains the total number of clients threads for this driver.\n+     *\n+     * @return the number of client threads for this driver\n+     */\n+    public int getClientsInDriver() {\n+        return 0;\n+    }\n+\n     /**\n      * @see com.sun.faban.driver.DriverContext#getThreadId()\n      */"], "edit": ["- * $Id: DriverContext.java,v 1.6 2008/02/06 21:33:54 akara Exp $", "+ * $Id: DriverContext.java,v 1.7 2008/02/09 07:52:30 akara Exp $", "-     * @return the number of client threads", "+     * @return the number of client threads for this agent", "+    /**", "+     * Obtains the total number of clients threads for this driver.", "+     * @return the number of client threads for this driver", "+     */", "+    public abstract int getClientsInDriver();", "+", "- * $Id: DriverContext.java,v 1.11 2008/02/06 21:33:54 akara Exp $", "+ * $Id: DriverContext.java,v 1.12 2008/02/09 07:52:29 akara Exp $", "+    /**", "+     * Obtains the total number of clients threads for this driver.", "+     *", "+     * @return the number of client threads for this driver", "+     */", "+    public int getClientsInDriver() {", "+        return agentThread.runInfo.driverConfig.numThreads;", "+    }", "+", "- * $Id: NullContext.java,v 1.7 2008/02/06 21:33:54 akara Exp $", "+ * $Id: NullContext.java,v 1.8 2008/02/09 07:52:29 akara Exp $", "+    /**", "+     * Obtains the total number of clients threads for this driver.", "+     *", "+     * @return the number of client threads for this driver", "+     */", "+    public int getClientsInDriver() {", "+        return 0;", "+    }", "+"], "url": ["https://api.github.com/repos/akara/faban/commits/db42492670def7e52dbcabaeb4980d576055f8cd"]}