{"new_feature": "2276,1,0,88,30,0.08", "commitmessage": "CID & LAC Fix\n\nReported that some devices are returning both the CID & LAC as INTEGER.MAX value,\nincluded a check for this and possible correct by using 0xffff bit-mask if this is\nreturned.\n\nAwaiting user testing to confirm correct CID & LAC are now being returned by these\ndevices.", "patch": ["@@ -124,6 +124,7 @@\n     private final String TAG = \"AIMSICD_Service\";\n     public static final String SHARED_PREFERENCES_BASENAME = \"com.SecUpwN.AIMSICD_preferences\";\n     public static final String SILENT_SMS = \"SILENT_SMS_INTERCEPTED\";\n+    public static int PHONE_TYPE;\n \n     /*\n      * System and helper declarations\n@@ -192,6 +193,8 @@ public void onCreate() {\n         lm = (LocationManager) this.getSystemService(Context.LOCATION_SERVICE);\n         mContext = getApplicationContext();\n \n+        PHONE_TYPE = tm.getPhoneType();\n+\n         prefs = this.getSharedPreferences(\n                 AimsicdService.SHARED_PREFERENCES_BASENAME, 0);\n         prefs.registerOnSharedPreferenceChangeListener(this);\n@@ -769,8 +772,10 @@ public void onCellLocationChanged(CellLocation location) {\n                     if (gsmCellLocation != null) {\n                         mDevice.setCellInfo(gsmCellLocation.toString() + mDevice.getDataActivityTypeShort() + \"|\"\n                                 + mDevice.getDataStateShort() + \"|\" + mDevice.getNetworkTypeName() + \"|\");\n-                        mDevice.setLAC(gsmCellLocation.getLac());\n-                        mDevice.setCellID(gsmCellLocation.getCid());\n+                        mDevice.setLAC((gsmCellLocation.getLac() == 0x7FFFFFFF ) ?\n+                                gsmCellLocation.getLac() & 0xffff : gsmCellLocation.getLac());\n+                        mDevice.setCellID((gsmCellLocation.getCid() == 0x7FFFFFFF) ?\n+                                gsmCellLocation.getCid() & 0xffff : gsmCellLocation.getCid());\n                         mDevice.getSimCountry(tm);\n                         mDevice.getSimOperator(tm);\n                         mDevice.getSimOperatorName(tm);", "@@ -83,8 +83,10 @@ public void refreshDeviceInfo(TelephonyManager tm) {\n                 mNetName = tm.getNetworkOperatorName();\n                 GsmCellLocation gsmCellLocation = (GsmCellLocation) tm.getCellLocation();\n                 if (gsmCellLocation != null) {\n-                    mCellID = gsmCellLocation.getCid();\n-                    mLac = gsmCellLocation.getLac();\n+                    mCellID = (gsmCellLocation.getCid() == 0x7FFFFFFF) ?\n+                            gsmCellLocation.getCid() & 0xffff : gsmCellLocation.getCid();\n+                    mLac = (gsmCellLocation.getLac() == 0x7FFFFFFF ) ?\n+                            gsmCellLocation.getLac() & 0xffff : gsmCellLocation.getLac();\n                     mPSC = gsmCellLocation.getPsc();\n                 }\n "], "edit": ["+    public static int PHONE_TYPE;", "+        PHONE_TYPE = tm.getPhoneType();", "+", "+ mDevice.getDataStateShort() + \"|\" + mDevice.getNetworkTypeName() + \"|\");", "-                        mDevice.setLAC(gsmCellLocation.getLac());", "-                        mDevice.setCellID(gsmCellLocation.getCid());", "+                        mDevice.setLAC((gsmCellLocation.getLac() == 0x7FFFFFFF ) ?", "+                                gsmCellLocation.getLac() & 0xffff : gsmCellLocation.getLac());", "+                        mDevice.setCellID((gsmCellLocation.getCid() == 0x7FFFFFFF) ?", "+                                gsmCellLocation.getCid() & 0xffff : gsmCellLocation.getCid());", "-                    mCellID = gsmCellLocation.getCid();", "-                    mLac = gsmCellLocation.getLac();", "+                    mCellID = (gsmCellLocation.getCid() == 0x7FFFFFFF) ?", "+                            gsmCellLocation.getCid() & 0xffff : gsmCellLocation.getCid();", "+                    mLac = (gsmCellLocation.getLac() == 0x7FFFFFFF ) ?", "+                            gsmCellLocation.getLac() & 0xffff : gsmCellLocation.getLac();"], "url": ["https://api.github.com/repos/5GSD/AIMSICDL/commits/dd6665e5f7bb9a442c86bd0e4770bf6585a1826a"]}