{"new_feature": "852,1,0,121,25,0.38", "commitmessage": "Revert \"Move union field requiredness checking earlier\"\n\nThis reverts commit 8ac3925fd52829506c3d3509f99c79b3b7549e63.\n\nThis is part of a rever of a range of commits 9fe381b1ae3887e1b51a1c7e31058d9c80bfa401..8566e8bacdb5cd3eb8898a57157b092da1558029, which are causing crashes in certain cases.", "patch": ["@@ -22,7 +22,6 @@\n import com.google.common.base.Optional;\n import com.google.common.collect.ImmutableList;\n import com.google.common.collect.ImmutableMap;\n-import com.google.common.collect.Sets;\n \n import javax.annotation.concurrent.NotThreadSafe;\n \n@@ -33,7 +32,6 @@\n import java.util.Collection;\n import java.util.List;\n import java.util.Map;\n-import java.util.Set;\n \n import static com.facebook.swift.codec.ThriftField.Requiredness;\n import static com.facebook.swift.codec.metadata.FieldKind.THRIFT_UNION_ID;\n@@ -55,8 +53,6 @@ public ThriftUnionMetadataBuilder(ThriftCatalog catalog, Type structType)\n \n         // finally normalize the field metadata using things like\n         normalizeThriftFields(catalog);\n-\n-        checkFieldRequiredness();\n     }\n \n     @Override\n@@ -170,34 +166,6 @@ protected boolean isValidateSetter(Method method)\n         return method.getParameterTypes().length == 1;\n     }\n \n-    private void checkFieldRequiredness()\n-    {\n-        Set<Short> visitedInvalidFields = Sets.newHashSet();\n-\n-        for (FieldMetadata field : fields) {\n-            if (field.getType() == THRIFT_UNION_ID) {\n-                continue;\n-            }\n-\n-            switch (field.getRequiredness()) {\n-                case REQUIRED:\n-                case OPTIONAL:\n-                    if (!visitedInvalidFields.contains(field.getId())) {\n-                        metadataErrors.addError(\n-                                \"Thrift union '%s' field '%s(%s)' should not be marked required or optional\",\n-                                structName,\n-                                field.getName(),\n-                                field.getId());\n-                        visitedInvalidFields.add(field.getId());\n-                    }\n-                    break;\n-\n-                default:\n-                    break;\n-            }\n-        }\n-    }\n-\n     //\n     // Build final metadata\n     //\n@@ -272,6 +240,20 @@ protected ThriftFieldMetadata buildField(Collection<FieldMetadata> input)\n             fieldType = fieldMetadata.getType();\n             thriftTypeReference = catalog.getFieldThriftTypeReference(fieldMetadata);\n \n+            switch (requiredness) {\n+                case REQUIRED:\n+                case OPTIONAL:\n+                    metadataErrors.addError(\n+                            \"Thrift union '%s' field '%s(%s)' should not be marked required or optional\",\n+                            structName,\n+                            name,\n+                            id);\n+                    break;\n+\n+                default:\n+                    break;\n+            }\n+\n             if (fieldMetadata instanceof FieldInjection) {\n                 FieldInjection fieldInjection = (FieldInjection) fieldMetadata;\n                 injections.add(new ThriftFieldInjection(fieldInjection.getId(), fieldInjection.getName(), fieldInjection.getField(), fieldInjection.getType()));", "@@ -46,7 +46,7 @@ public RecursiveUnion(String data)\n         this.value = data;\n     }\n \n-    @ThriftField(value = 1, isRecursive = Recursiveness.TRUE)\n+    @ThriftField(value = 1, requiredness = Requiredness.OPTIONAL, isRecursive = Recursiveness.TRUE)\n     public RecursiveUnion getChild()\n     {\n         return (RecursiveUnion)value;"], "edit": ["-import com.google.common.collect.Sets;", "-import java.util.Set;", "-", "-        checkFieldRequiredness();", "-    private void checkFieldRequiredness()", "-    {", "-        Set<Short> visitedInvalidFields = Sets.newHashSet();", "-", "-        for (FieldMetadata field : fields) {", "-            if (field.getType() == THRIFT_UNION_ID) {", "-                continue;", "-            }", "-", "-            switch (field.getRequiredness()) {", "-                case REQUIRED:", "-                case OPTIONAL:", "-                    if (!visitedInvalidFields.contains(field.getId())) {", "-                        metadataErrors.addError(", "-                                \"Thrift union '%s' field '%s(%s)' should not be marked required or optional\",", "-                                structName,", "-                                field.getName(),", "-                                field.getId());", "-                        visitedInvalidFields.add(field.getId());", "-                    }", "-                    break;", "-", "-                default:", "-                    break;", "-            }", "-        }", "-    }", "-", "+            switch (requiredness) {", "+                case REQUIRED:", "+                case OPTIONAL:", "+                    metadataErrors.addError(", "+                            \"Thrift union '%s' field '%s(%s)' should not be marked required or optional\",", "+                            structName,", "+                            name,", "+                            id);", "+                    break;", "+", "+                default:", "+                    break;", "+            }", "+", "-    @ThriftField(value = 1, isRecursive = Recursiveness.TRUE)", "+    @ThriftField(value = 1, requiredness = Requiredness.OPTIONAL, isRecursive = Recursiveness.TRUE)"], "url": ["https://api.github.com/repos/airlift/drift/commits/ddbb24fa1bce2cff5772dd12667e158270c78e01"]}