{"new_feature": "1577,1,17,193,30,0.71", "commitmessage": "Fixed a critical bug in the music service. Properly hide and show the bottom bar depending on whether the playlist is empty or not.", "patch": ["@@ -552,7 +552,8 @@ public void setRepeatMode(final int repeatMode) {\n \n     public void openQueue(@Nullable final ArrayList<Song> playingQueue, final int startPosition, final boolean startPlaying) {\n         if (playingQueue != null && !playingQueue.isEmpty() && startPosition >= 0 && startPosition < playingQueue.size()) {\n-            originalPlayingQueue = playingQueue;\n+            // it is important to copy the playing queue here first as we might add/remove songs later\n+            originalPlayingQueue = new ArrayList<>(playingQueue);\n             this.playingQueue = new ArrayList<>(originalPlayingQueue);\n \n             int position = startPosition;", "@@ -24,7 +24,7 @@\n /**\n  * @author Karim Abou Zeid (kabouzeid)\n  *         <p/>\n- *         Do not use {@link #setContentView(int)} but wrap your layout with\n+ *         Do not use {@link #setContentView(int)}. Instead wrap your layout with\n  *         {@link #wrapSlidingMusicPanel(int)} first and then return it in {@link #createContentView()}\n  */\n public abstract class AbsSlidingMusicPanelActivity extends AbsMusicServiceActivity implements SlidingUpPanelLayout.PanelSlideListener, PlayerFragment.Callbacks {\n@@ -71,8 +71,6 @@ public void onGlobalLayout() {\n         });\n         slidingUpPanelLayout.setPanelSlideListener(this);\n \n-        hideBottomBar(MusicPlayerRemote.getPlayingQueue().isEmpty());\n-\n         playerFragment.onHide();\n     }\n \n@@ -155,9 +153,10 @@ public void expandPanel() {\n \n     public void hideBottomBar(final boolean hide) {\n         if (hide) {\n-            slidingUpPanelLayout.setPanelState(SlidingUpPanelLayout.PanelState.HIDDEN);\n-        } else if (getPanelState() == SlidingUpPanelLayout.PanelState.HIDDEN) {\n+            slidingUpPanelLayout.setPanelHeight(0);\n             collapsePanel();\n+        } else {\n+            slidingUpPanelLayout.setPanelHeight(getResources().getDimensionPixelSize(R.dimen.mini_player_height));\n         }\n     }\n \n@@ -171,7 +170,8 @@ protected View wrapSlidingMusicPanel(@LayoutRes int resId) {\n \n     @Override\n     public void onBackPressed() {\n-        if (playerFragment.onBackPressed()) return;\n+        if (slidingUpPanelLayout.getPanelHeight() != 0 && playerFragment.onBackPressed())\n+            return;\n         if (getPanelState() == SlidingUpPanelLayout.PanelState.EXPANDED) {\n             collapsePanel();\n             return;"], "edit": ["-            originalPlayingQueue = playingQueue;", "+            // it is important to copy the playing queue here first as we might add/remove songs later", "+            originalPlayingQueue = new ArrayList<>(playingQueue);", "- *         Do not use {@link #setContentView(int)} but wrap your layout with", "+ *         Do not use {@link #setContentView(int)}. Instead wrap your layout with", "-        hideBottomBar(MusicPlayerRemote.getPlayingQueue().isEmpty());", "-", "-            slidingUpPanelLayout.setPanelState(SlidingUpPanelLayout.PanelState.HIDDEN);", "-        } else if (getPanelState() == SlidingUpPanelLayout.PanelState.HIDDEN) {", "+            slidingUpPanelLayout.setPanelHeight(0);", "+        } else {", "+            slidingUpPanelLayout.setPanelHeight(getResources().getDimensionPixelSize(R.dimen.mini_player_height));", "-        if (playerFragment.onBackPressed()) return;", "+        if (slidingUpPanelLayout.getPanelHeight() != 0 && playerFragment.onBackPressed())", "+            return;"], "url": ["https://api.github.com/repos/AdrienPoupa/VinylMusicPlayer/commits/de31396b67ae9310b28163c1f8fdc5ec1a146186"]}