{"new_feature": "4880,99,0,51,8,0.27", "commitmessage": "Fix spacing/formatting.", "patch": ["@@ -143,23 +143,16 @@ public boolean equals(Object o) {\n     MolGraph thisAdded = getAddedMolGraph(), thisDeleted = getDeletedMolGraph();\n     MolGraph otherAdded = other.getAddedMolGraph(), otherDeleted = other\n         .getDeletedMolGraph();\n-    return (thisAdded.queryEquals(otherAdded) && thisDeleted\n-        .queryEquals(otherDeleted)) // add = add and del = del\n-        || (thisAdded.queryEquals(otherDeleted) && thisDeleted\n-            .queryEquals(otherAdded));// add = del and del = add\n+    return (thisAdded.queryEquals(otherAdded) && thisDeleted.queryEquals(otherDeleted))  // add = add and del = del\n+        || (thisAdded.queryEquals(otherDeleted) && thisDeleted.queryEquals(otherAdded)); // add = del and del = add\n \n   }\n \n   @Override\n   public int hashCode() {\n     MolGraph thisAdded = getAddedMolGraph(), thisDeleted = getDeletedMolGraph();\n-    return thisAdded.queryHashCode() ^ thisDeleted.queryHashCode(); // xor\n-                                    // is\n-                                    // commutative\n-                                    // so\n-                                    // add/del\n-                                    // are\n-                                    // interchangeable\n+    // xor is commutative so add/del are interchangeable\n+    return thisAdded.queryHashCode() ^ thisDeleted.queryHashCode();\n   }\n \n   public int ID() {\n@@ -194,7 +187,7 @@ public String toStringOLD() {\n \n   @Deprecated\n   private String console_printing_delta2str(MolGraph g,\n-      HashMap<Atom, List<Integer>> seen) {\n+                                            HashMap<Atom, List<Integer>> seen) {\n     String s = \"\";\n     boolean added = false;\n     HashMap<Integer, Boolean> covered = new HashMap<Integer, Boolean>();\n@@ -222,7 +215,7 @@ private String console_printing_delta2str(MolGraph g,\n \n   @Deprecated\n   private String console_printing_nodes(HashMap<Atom, List<Integer>> seen,\n-      Atom atom, int id) {\n+                                        Atom atom, int id) {\n     if (!seen.containsKey(atom))\n       seen.put(atom, new ArrayList<Integer>());\n     List<Integer> alreadySeen = seen.get(atom);\n@@ -242,19 +235,19 @@ private String console_printing_nodes(HashMap<Atom, List<Integer>> seen,\n   private String console_printing_edge(BondType e) {\n     String bnd = \"\";\n     switch (e) {\n-    case Single:\n-      bnd = \"-\";\n-      break;\n-    case Double:\n-      bnd = \"=\";\n-      break;\n-    case Triple:\n-      bnd = \"#\";\n-      break;\n-    // case EdgeType.Aromatic: bnd = \":\"; break;\n-    default:\n-      bnd = \"\";\n-      break;\n+      case Single:\n+        bnd = \"-\";\n+        break;\n+      case Double:\n+        bnd = \"=\";\n+        break;\n+      case Triple:\n+        bnd = \"#\";\n+        break;\n+      // case EdgeType.Aromatic: bnd = \":\"; break;\n+      default:\n+        bnd = \"\";\n+        break;\n     }\n     return bnd;\n   }\n@@ -263,8 +256,8 @@ private String console_printing_edge(BondType e) {\n //   public String getQueryRxnString() {\n //    return this.ro.rxn;\n \n-    // IndigoObject reaction = indigo.createQueryReaction();\n-    // IndigoObject.addReactant, IndigoObject.addProduct, and IndigoObject.addCatalyst can be used to populate the reaction\n+  // IndigoObject reaction = indigo.createQueryReaction();\n+  // IndigoObject.addReactant, IndigoObject.addProduct, and IndigoObject.addCatalyst can be used to populate the reaction\n /* add query molecules to the query reaction...\n  * IndigoObject qmol = indigo.createQueryMolecule()\n IndigoObject a1 = qmol.addAtom(\"C\")"], "edit": ["-    return (thisAdded.queryEquals(otherAdded) && thisDeleted", "-        .queryEquals(otherDeleted)) // add = add and del = del", "-        || (thisAdded.queryEquals(otherDeleted) && thisDeleted", "-            .queryEquals(otherAdded));// add = del and del = add", "+    return (thisAdded.queryEquals(otherAdded) && thisDeleted.queryEquals(otherDeleted))  // add = add and del = del", "+        || (thisAdded.queryEquals(otherDeleted) && thisDeleted.queryEquals(otherAdded)); // add = del and del = add", "-    return thisAdded.queryHashCode() ^ thisDeleted.queryHashCode(); // xor", "-                                    // is", "-                                    // commutative", "-                                    // so", "-                                    // add/del", "-                                    // are", "-                                    // interchangeable", "+    // xor is commutative so add/del are interchangeable", "+    return thisAdded.queryHashCode() ^ thisDeleted.queryHashCode();", "-      HashMap<Atom, List<Integer>> seen) {", "+                                            HashMap<Atom, List<Integer>> seen) {", "-      Atom atom, int id) {", "+                                        Atom atom, int id) {", "-    case Single:", "-      bnd = \"-\";", "-      break;", "-    case Double:", "-      bnd = \"=\";", "-      break;", "-    case Triple:", "-      bnd = \"#\";", "-      break;", "-    // case EdgeType.Aromatic: bnd = \":\"; break;", "-    default:", "-      bnd = \"\";", "-      break;", "+      case Single:", "+        bnd = \"-\";", "+        break;", "+      case Double:", "+        bnd = \"=\";", "+        break;", "+      case Triple:", "+        bnd = \"#\";", "+        break;", "+      // case EdgeType.Aromatic: bnd = \":\"; break;", "+      default:", "+        bnd = \"\";", "+        break;", "-    // IndigoObject reaction = indigo.createQueryReaction();", "-    // IndigoObject.addReactant, IndigoObject.addProduct, and IndigoObject.addCatalyst can be used to populate the reaction", "+  // IndigoObject reaction = indigo.createQueryReaction();", "+  // IndigoObject.addReactant, IndigoObject.addProduct, and IndigoObject.addCatalyst can be used to populate the reaction"], "url": ["https://api.github.com/repos/20n/act/commits/ded05525046355531cfbf8f75a249de5f52cd538"]}