{"new_feature": "240,3,41,177,30,0.01", "commitmessage": "Fix getS3Objects for root directory.\n\nEmpty prefix should have the same meaning as null prefix.", "patch": ["@@ -18,6 +18,7 @@\n \n import static java.util.Objects.requireNonNull;\n import static java.util.stream.Collectors.toSet;\n+import static org.springframework.util.StringUtils.isEmpty;\n \n import com.adobe.testing.s3mock.dto.CopyObjectResult;\n import com.adobe.testing.s3mock.util.AwsChunkDecodingInputStream;\n@@ -404,7 +405,7 @@ public S3Object getS3Object(final String bucketName, final String objectName) {\n     final Set<Path> collect = directoryHierarchy\n             .filter(path -> path.toFile().isDirectory())\n             .map(path -> theBucket.getPath().relativize(path))\n-            .filter(path -> prefix == null || path.startsWith(prefix)\n+            .filter(path -> isEmpty(prefix) || path.startsWith(prefix)\n     ).collect(toSet());\n \n     for (final Path path : collect) {", "@@ -555,6 +555,28 @@ public void getObjectsForParentDirectory() throws Exception {\n     assertThat(result.get(0).getName(), is(\"a/b/c\"));\n   }\n \n+  @Test\n+  public void getObjectsForEmptyPrefix() throws Exception {\n+    fileStore.createBucket(TEST_BUCKET_NAME);\n+    fileStore\n+            .putS3Object(TEST_BUCKET_NAME, \"a\", \"text/plain\", new FileInputStream(new File(TEST_FILE_PATH)),\n+                    false);\n+    List<S3Object> result = fileStore.getS3Objects(TEST_BUCKET_NAME, \"\");\n+    assertThat(result, hasSize(1));\n+    assertThat(result.get(0).getName(), is(\"a\"));\n+  }\n+\n+  @Test\n+  public void getObjectsForNullPrefix() throws Exception {\n+    fileStore.createBucket(TEST_BUCKET_NAME);\n+    fileStore\n+            .putS3Object(TEST_BUCKET_NAME, \"a\", \"text/plain\", new FileInputStream(new File(TEST_FILE_PATH)),\n+                    false);\n+    List<S3Object> result = fileStore.getS3Objects(TEST_BUCKET_NAME, null);\n+    assertThat(result, hasSize(1));\n+    assertThat(result.get(0).getName(), is(\"a\"));\n+  }\n+\n   @Test\n   public void getObjectsForPartialParentDirectory() throws Exception {\n     fileStore.createBucket(TEST_BUCKET_NAME);"], "edit": ["+import static org.springframework.util.StringUtils.isEmpty;", "-            .filter(path -> prefix == null || path.startsWith(prefix)", "+            .filter(path -> isEmpty(prefix) || path.startsWith(prefix)", "+  @Test", "+  public void getObjectsForEmptyPrefix() throws Exception {", "+    fileStore.createBucket(TEST_BUCKET_NAME);", "+    fileStore", "+            .putS3Object(TEST_BUCKET_NAME, \"a\", \"text/plain\", new FileInputStream(new File(TEST_FILE_PATH)),", "+                    false);", "+    List<S3Object> result = fileStore.getS3Objects(TEST_BUCKET_NAME, \"\");", "+    assertThat(result, hasSize(1));", "+    assertThat(result.get(0).getName(), is(\"a\"));", "+  }", "+", "+  @Test", "+  public void getObjectsForNullPrefix() throws Exception {", "+    fileStore.createBucket(TEST_BUCKET_NAME);", "+    fileStore", "+            .putS3Object(TEST_BUCKET_NAME, \"a\", \"text/plain\", new FileInputStream(new File(TEST_FILE_PATH)),", "+                    false);", "+    List<S3Object> result = fileStore.getS3Objects(TEST_BUCKET_NAME, null);", "+    assertThat(result, hasSize(1));", "+    assertThat(result.get(0).getName(), is(\"a\"));", "+  }", "+"], "url": ["https://api.github.com/repos/adobe/S3Mock/commits/df9e937b19694ce1bbf95028488b66d6c1e6d746"]}