{"new_feature": "852,1,0,121,25,0.00", "commitmessage": "Expose queueTimeout in swift", "patch": ["@@ -182,6 +182,7 @@ public NiftyProcessor getProcessor(TTransport transport)\n                                                          .withSecurityFactory(securityFactoryHolder.niftySecurityFactory)\n                                                          .using(workerExecutor)\n                                                          .taskTimeout(config.getTaskExpirationTimeout())\n+                                                         .queueTimeout(config.getQueueTimeout())\n                                                          .build();\n \n         NettyServerConfigBuilder nettyServerConfigBuilder = NettyServerConfig.newBuilder();", "@@ -55,6 +55,7 @@\n     private int ioThreadCount = DEFAULT_IO_WORKER_THREAD_COUNT;\n     private Duration idleConnectionTimeout = Duration.valueOf(\"60s\");\n     private Duration taskExpirationTimeout = Duration.valueOf(\"5s\");\n+    private Duration queueTimeout = Duration.valueOf(\"5s\");\n     private Optional<Integer> workerThreads = Optional.absent();\n     private Optional<Integer> maxQueuedRequests = Optional.absent();\n     private Optional<ExecutorService> workerExecutor = Optional.absent();\n@@ -192,6 +193,26 @@ public ThriftServerConfig setIdleConnectionTimeout(Duration idleConnectionTimeou\n         return this;\n     }\n \n+    public Duration getQueueTimeout()\n+    {\n+        return queueTimeout;\n+    }\n+\n+    /**\n+     * Sets a timeout period between receiving a request and the pulling the request off the queue.\n+     * If the timeout expires before the request reaches the front of the queue and begins\n+     * processing, the server will discard the request instead of processing it.\n+     *\n+     * @param queueTimeout The timeout\n+     * @return This {@link ThriftServerConfig} instance\n+     */\n+    @Config(\"thrift.queue-timeout\")\n+    public ThriftServerConfig setQueueTimeout(Duration queueTimeout)\n+    {\n+        this.queueTimeout = queueTimeout;\n+        return this;\n+    }\n+\n     public Duration getTaskExpirationTimeout()\n     {\n         return taskExpirationTimeout;"], "edit": ["+                                                         .queueTimeout(config.getQueueTimeout())", "+    private Duration queueTimeout = Duration.valueOf(\"5s\");", "+    public Duration getQueueTimeout()", "+    {", "+        return queueTimeout;", "+    }", "+", "+    /**", "+     * Sets a timeout period between receiving a request and the pulling the request off the queue.", "+     * If the timeout expires before the request reaches the front of the queue and begins", "+     * processing, the server will discard the request instead of processing it.", "+     *", "+     * @param queueTimeout The timeout", "+     * @return This {@link ThriftServerConfig} instance", "+     */", "+    @Config(\"thrift.queue-timeout\")", "+    public ThriftServerConfig setQueueTimeout(Duration queueTimeout)", "+    {", "+        this.queueTimeout = queueTimeout;", "+        return this;", "+    }", "+"], "url": ["https://api.github.com/repos/airlift/drift/commits/e0701bb0f68f2adb3c597950769ef9f10ed7de45"]}