{"new_feature": "1029,4,0,66,10,0.62", "commitmessage": "Fix for Issue #63: Add support for OPTIONS request in ApacheHc3Transport\n\nAdded optionsURL() methods similar to other types of Http methods.", "patch": ["@@ -1469,6 +1469,42 @@ public StringBuilder deleteURL(URL url) throws IOException {\n         return deleteURL(url.toString());\n     }\n \n+    /**\n+     * Makes a OPTIONS request to the URL. Reads data back and returns the data\n+     * read. Note that this method only works with text data as it does the\n+     * byte-to-char conversion. This method will return null for responses\n+     * with binary MIME types. The addTextType(String) method is used to\n+     * register additional MIME types as text types. Use getContentSize() to\n+     * obtain the bytes of binary data read.\n+     *\n+     * @param url     The URL to read from\n+     * @param headers The request headers, or null\n+     * @return The StringBuilder buffer containing the resulting document\n+     * @throws java.io.IOException\n+     */\n+    public StringBuilder optionsURL(String url, Map<String, String> headers)\n+            throws IOException {\n+        OptionsMethod method = new OptionsMethod(url);\n+        method.setFollowRedirects(followRedirects);\n+        setHeaders(method, headers);\n+        try {\n+            responseCode = hc.executeMethod(method);\n+            buildResponseHeaders(method);\n+            return fetchResponse(method);\n+        } finally {\n+            method.releaseConnection();\n+        }\n+    }\n+\n+    public StringBuilder optionsURL(URL url, Map<String, String> headers)\n+            throws IOException {\n+        return optionsURL(url.toString(), headers);\n+    }\n+\n+    public StringBuilder optionsURL(URL url) throws IOException {\n+        return optionsURL(url.toString(), null);\n+    }\n+\n     /**\n      * Obtains the list of cookie values by the name of the cookies.\n      * @param name The cookie name"], "edit": ["+    /**", "+     * Makes a OPTIONS request to the URL. Reads data back and returns the data", "+     * read. Note that this method only works with text data as it does the", "+     * byte-to-char conversion. This method will return null for responses", "+     * with binary MIME types. The addTextType(String) method is used to", "+     * register additional MIME types as text types. Use getContentSize() to", "+     * obtain the bytes of binary data read.", "+     *", "+     * @param url     The URL to read from", "+     * @param headers The request headers, or null", "+     * @return The StringBuilder buffer containing the resulting document", "+     * @throws java.io.IOException", "+     */", "+    public StringBuilder optionsURL(String url, Map<String, String> headers)", "+            throws IOException {", "+        OptionsMethod method = new OptionsMethod(url);", "+        method.setFollowRedirects(followRedirects);", "+        setHeaders(method, headers);", "+        try {", "+            responseCode = hc.executeMethod(method);", "+            buildResponseHeaders(method);", "+            return fetchResponse(method);", "+        } finally {", "+            method.releaseConnection();", "+        }", "+    }", "+", "+    public StringBuilder optionsURL(URL url, Map<String, String> headers)", "+            throws IOException {", "+        return optionsURL(url.toString(), headers);", "+    }", "+", "+    public StringBuilder optionsURL(URL url) throws IOException {", "+        return optionsURL(url.toString(), null);", "+    }", "+"], "url": ["https://api.github.com/repos/akara/faban/commits/e0a411b9b5f22da476f5db3df7f72f776e7715dc"]}