{"new_feature": "2146,31,17,479,17,0.00", "commitmessage": "add RocksDB support for cache using FST for serializer (#691)\n\n* add RocksDB support for cache using FST for serializer\r\n\r\n* to support expire for RocksDBPool\r\n\r\n* fix RocksDB ttl and maxsize cache\r\n\r\n* reformat code about RocksDB\r\n\r\n* optimize code for initializating RocksDB", "patch": ["@@ -109,6 +109,16 @@\n             <artifactId>mapdb</artifactId>\n             <version>1.0.7</version>\n         </dependency>\n+        <dependency>\n+            <groupId>org.rocksdb</groupId>\n+            <artifactId>rocksdbjni</artifactId>\n+            <version>5.14.2</version>\n+        </dependency>\n+        <dependency>\n+            <groupId>de.ruedigermoeller</groupId>\n+            <artifactId>fst</artifactId>\n+            <version>2.57</version>\n+        </dependency>\n         <dependency>\n             <groupId>junit</groupId>\n             <artifactId>junit</artifactId>", "@@ -1,13 +1,14 @@\n /*\n-* Copyright (C) 2016-2018 ActionTech.\n-* based on code by MyCATCopyrightHolder Copyright (c) 2013, OpenCloudDB/MyCAT.\n-* License: http://www.gnu.org/licenses/gpl.html GPL version 2 or higher.\n-*/\n+ * Copyright (C) 2016-2018 ActionTech.\n+ * based on code by MyCATCopyrightHolder Copyright (c) 2013, OpenCloudDB/MyCAT.\n+ * License: http://www.gnu.org/licenses/gpl.html GPL version 2 or higher.\n+ */\n package com.actiontech.dble.cache;\n \n import com.actiontech.dble.cache.impl.EnchachePooFactory;\n import com.actiontech.dble.cache.impl.LevelDBCachePooFactory;\n import com.actiontech.dble.cache.impl.MapDBCachePooFactory;\n+import com.actiontech.dble.cache.impl.RocksDBCachePoolFactory;\n import com.actiontech.dble.util.ResourceUtil;\n import org.slf4j.Logger;\n import org.slf4j.LoggerFactory;\n@@ -169,6 +170,9 @@ private void createPoolFactory(String factoryType, String factryClassName) throw\n             case \"mapdb\":\n                 poolFactories.put(factoryType, new MapDBCachePooFactory());\n                 break;\n+            case \"rocksdb\":\n+                poolFactories.put(factoryType, new RocksDBCachePoolFactory());\n+                break;\n             default:\n                 CachePoolFactory factry = (CachePoolFactory) Class.forName(factryClassName).newInstance();\n                 poolFactories.put(factoryType, factry);", "@@ -0,0 +1,60 @@\n+package com.actiontech.dble.cache.impl;\n+\n+import com.actiontech.dble.cache.CachePool;\n+import com.actiontech.dble.cache.CachePoolFactory;\n+import org.rocksdb.*;\n+import org.slf4j.Logger;\n+import org.slf4j.LoggerFactory;\n+\n+public class RocksDBCachePoolFactory extends CachePoolFactory {\n+    private static final Logger LOGGER = LoggerFactory.getLogger(RocksDBCachePoolFactory.class);\n+\n+    @Override\n+    public CachePool createCachePool(String poolName, int cacheSize, int expireSeconds) {\n+        final Options options = new Options();\n+        options.setAllowMmapReads(true).\n+                setAllowMmapWrites(true).\n+                setCreateIfMissing(true).\n+                setCreateMissingColumnFamilies(true);\n+        if (cacheSize > 0) {\n+            CompactionOptionsFIFO fifo = new CompactionOptionsFIFO();\n+            fifo.setMaxTableFilesSize(cacheSize);\n+            options.setCompactionOptionsFIFO(fifo);\n+        }\n+\n+        String path = \"rocksdb/\" + poolName;\n+        try {\n+            RocksDB db;\n+            if (expireSeconds > 0) {\n+                db = TtlDB.open(options, path, expireSeconds, false);\n+            } else {\n+                db = RocksDB.open(options, path);\n+            }\n+            final RocksDB finalDB = db;\n+            Runtime.getRuntime().addShutdownHook(new Thread() {\n+                public void run() {\n+                    FlushOptions fo = new FlushOptions();\n+                    fo.setWaitForFlush(true);\n+                    try {\n+                        finalDB.flush(fo);\n+                    } catch (RocksDBException e) {\n+                        LOGGER.warn(\"RocksDB flush error\", e);\n+                    } finally {\n+                        finalDB.close();\n+                        fo.close();\n+                        options.close();\n+                    }\n+                }\n+            });\n+            return new RocksDBPool(db, poolName, cacheSize);\n+        } catch (RocksDBException e) {\n+            throw new InitStoreException(e);\n+        }\n+    }\n+\n+    public static class InitStoreException extends RuntimeException {\n+        public InitStoreException(Throwable cause) {\n+            super(cause);\n+        }\n+    }\n+}", "@@ -0,0 +1,86 @@\n+package com.actiontech.dble.cache.impl;\n+\n+import com.actiontech.dble.cache.CachePool;\n+import com.actiontech.dble.cache.CacheStatic;\n+import org.nustaq.serialization.FSTConfiguration;\n+import org.rocksdb.RocksDB;\n+import org.slf4j.Logger;\n+import org.slf4j.LoggerFactory;\n+\n+public class RocksDBPool implements CachePool {\n+    private static final Logger LOGGER = LoggerFactory.getLogger(RocksDBPool.class);\n+    private final RocksDB cache;\n+    private final CacheStatic cacheStatistics = new CacheStatic();\n+    private final String name;\n+    private final long maxSize;\n+    private FSTConfiguration fst = FSTConfiguration.createDefaultConfiguration();\n+\n+    public RocksDBPool(RocksDB cache, String name, long maxSize) {\n+        this.cache = cache;\n+        this.name = name;\n+        this.maxSize = maxSize;\n+    }\n+\n+    @Override\n+    public void putIfAbsent(Object key, Object value) {\n+        try {\n+            cache.put(fst.asByteArray(key), fst.asByteArray(value));\n+            cacheStatistics.incPutTimes();\n+            if (LOGGER.isDebugEnabled()) {\n+                LOGGER.debug(name + \" add leveldb cache ,key:\" + key + \" value:\" + value);\n+            }\n+        } catch (Exception e) {\n+            throw new RocksDBPoolException(e);\n+        }\n+    }\n+\n+    @Override\n+    public Object get(Object key) {\n+        try {\n+            byte[] keyBytes = fst.asByteArray(key);\n+            byte[] bytes = cache.get(fst.asByteArray(keyBytes));\n+            if (bytes != null) {\n+                Object cached = fst.asObject(bytes);\n+\n+                if (LOGGER.isDebugEnabled()) {\n+                    LOGGER.debug(name + \" hit cache ,key:\" + key);\n+                }\n+                cacheStatistics.incHitTimes();\n+                return cached;\n+            } else {\n+                if (LOGGER.isDebugEnabled()) {\n+                    LOGGER.debug(name + \"  miss cache ,key:\" + key);\n+                }\n+                cacheStatistics.incAccessTimes();\n+                return null;\n+            }\n+        } catch (Exception e) {\n+            throw new RocksDBPoolException(e);\n+        }\n+    }\n+\n+    @Override\n+    public void clearCache() {\n+        LOGGER.info(\"clear cache \" + name);\n+        //cache.delete(key);\n+        cacheStatistics.reset();\n+        //cacheStati.setMemorySize(cache.g);\n+    }\n+\n+    @Override\n+    public CacheStatic getCacheStatic() {\n+        cacheStatistics.setItemSize(cacheStatistics.getPutTimes());\n+        return cacheStatistics;\n+    }\n+\n+    @Override\n+    public long getMaxSize() {\n+        return maxSize;\n+    }\n+\n+    public static class RocksDBPoolException extends RuntimeException {\n+        public RocksDBPoolException(Throwable cause) {\n+            super(cause);\n+        }\n+    }\n+}", "@@ -12,7 +12,7 @@\n \n     public static final byte PROTOCOL_VERSION = 10;\n \n-    private static byte[] serverVersion = \"5.6.29-dble-9.9.9.9-0f1666c-20180823180745\".getBytes();\n+    private static byte[] serverVersion = \"5.6.29-dble-9.9.9.9-715373a-20180907110922\".getBytes();\n     public static final byte[] VERSION_COMMENT = \"dble Server (ActionTech)\".getBytes();\n     public static final String ANNOTATION_NAME = \"dble:\";\n     public static final String ROOT_PREFIX = \"dble\";"], "edit": ["+        <dependency>", "+            <groupId>org.rocksdb</groupId>", "+            <artifactId>rocksdbjni</artifactId>", "+            <version>5.14.2</version>", "+        </dependency>", "+        <dependency>", "+            <groupId>de.ruedigermoeller</groupId>", "+            <artifactId>fst</artifactId>", "+            <version>2.57</version>", "+        </dependency>", "-* Copyright (C) 2016-2018 ActionTech.", "-* based on code by MyCATCopyrightHolder Copyright (c) 2013, OpenCloudDB/MyCAT.", "-* License: http://www.gnu.org/licenses/gpl.html GPL version 2 or higher.", "-*/", "+ * Copyright (C) 2016-2018 ActionTech.", "+ * based on code by MyCATCopyrightHolder Copyright (c) 2013, OpenCloudDB/MyCAT.", "+ * License: http://www.gnu.org/licenses/gpl.html GPL version 2 or higher.", "+ */", "+import com.actiontech.dble.cache.impl.RocksDBCachePoolFactory;", "+            case \"rocksdb\":", "+                poolFactories.put(factoryType, new RocksDBCachePoolFactory());", "+                break;", "+package com.actiontech.dble.cache.impl;", "+", "+import com.actiontech.dble.cache.CachePool;", "+import com.actiontech.dble.cache.CachePoolFactory;", "+import org.rocksdb.*;", "+import org.slf4j.Logger;", "+import org.slf4j.LoggerFactory;", "+", "+public class RocksDBCachePoolFactory extends CachePoolFactory {", "+    private static final Logger LOGGER = LoggerFactory.getLogger(RocksDBCachePoolFactory.class);", "+", "+    @Override", "+    public CachePool createCachePool(String poolName, int cacheSize, int expireSeconds) {", "+        final Options options = new Options();", "+        options.setAllowMmapReads(true).", "+                setAllowMmapWrites(true).", "+                setCreateIfMissing(true).", "+                setCreateMissingColumnFamilies(true);", "+        if (cacheSize > 0) {", "+            CompactionOptionsFIFO fifo = new CompactionOptionsFIFO();", "+            fifo.setMaxTableFilesSize(cacheSize);", "+            options.setCompactionOptionsFIFO(fifo);", "+        }", "+", "+        String path = \"rocksdb/\" + poolName;", "+        try {", "+            RocksDB db;", "+            if (expireSeconds > 0) {", "+                db = TtlDB.open(options, path, expireSeconds, false);", "+            } else {", "+                db = RocksDB.open(options, path);", "+            }", "+            final RocksDB finalDB = db;", "+            Runtime.getRuntime().addShutdownHook(new Thread() {", "+                public void run() {", "+                    FlushOptions fo = new FlushOptions();", "+                    fo.setWaitForFlush(true);", "+                    try {", "+                        finalDB.flush(fo);", "+                    } catch (RocksDBException e) {", "+                        LOGGER.warn(\"RocksDB flush error\", e);", "+                    } finally {", "+                        finalDB.close();", "+                        fo.close();", "+                        options.close();", "+                    }", "+                }", "+            });", "+            return new RocksDBPool(db, poolName, cacheSize);", "+        } catch (RocksDBException e) {", "+            throw new InitStoreException(e);", "+        }", "+    }", "+", "+    public static class InitStoreException extends RuntimeException {", "+        public InitStoreException(Throwable cause) {", "+            super(cause);", "+        }", "+    }", "+}", "+package com.actiontech.dble.cache.impl;", "+", "+import com.actiontech.dble.cache.CachePool;", "+import com.actiontech.dble.cache.CacheStatic;", "+import org.nustaq.serialization.FSTConfiguration;", "+import org.rocksdb.RocksDB;", "+import org.slf4j.Logger;", "+import org.slf4j.LoggerFactory;", "+", "+public class RocksDBPool implements CachePool {", "+    private static final Logger LOGGER = LoggerFactory.getLogger(RocksDBPool.class);", "+    private final RocksDB cache;", "+    private final CacheStatic cacheStatistics = new CacheStatic();", "+    private final String name;", "+    private final long maxSize;", "+    private FSTConfiguration fst = FSTConfiguration.createDefaultConfiguration();", "+", "+    public RocksDBPool(RocksDB cache, String name, long maxSize) {", "+        this.cache = cache;", "+        this.name = name;", "+        this.maxSize = maxSize;", "+    }", "+", "+    @Override", "+    public void putIfAbsent(Object key, Object value) {", "+        try {", "+            cache.put(fst.asByteArray(key), fst.asByteArray(value));", "+            cacheStatistics.incPutTimes();", "+            if (LOGGER.isDebugEnabled()) {", "+                LOGGER.debug(name + \" add leveldb cache ,key:\" + key + \" value:\" + value);", "+            }", "+        } catch (Exception e) {", "+            throw new RocksDBPoolException(e);", "+        }", "+    }", "+", "+    @Override", "+    public Object get(Object key) {", "+        try {", "+            byte[] keyBytes = fst.asByteArray(key);", "+            byte[] bytes = cache.get(fst.asByteArray(keyBytes));", "+            if (bytes != null) {", "+                Object cached = fst.asObject(bytes);", "+", "+                if (LOGGER.isDebugEnabled()) {", "+                    LOGGER.debug(name + \" hit cache ,key:\" + key);", "+                }", "+                cacheStatistics.incHitTimes();", "+                return cached;", "+            } else {", "+                if (LOGGER.isDebugEnabled()) {", "+                    LOGGER.debug(name + \"  miss cache ,key:\" + key);", "+                }", "+                cacheStatistics.incAccessTimes();", "+                return null;", "+            }", "+        } catch (Exception e) {", "+            throw new RocksDBPoolException(e);", "+        }", "+    }", "+", "+    @Override", "+    public void clearCache() {", "+        LOGGER.info(\"clear cache \" + name);", "+        //cache.delete(key);", "+        cacheStatistics.reset();", "+        //cacheStati.setMemorySize(cache.g);", "+    }", "+", "+    @Override", "+    public CacheStatic getCacheStatic() {", "+        cacheStatistics.setItemSize(cacheStatistics.getPutTimes());", "+        return cacheStatistics;", "+    }", "+", "+    @Override", "+    public long getMaxSize() {", "+        return maxSize;", "+    }", "+", "+    public static class RocksDBPoolException extends RuntimeException {", "+        public RocksDBPoolException(Throwable cause) {", "+            super(cause);", "+        }", "+    }", "+}", "-    private static byte[] serverVersion = \"5.6.29-dble-9.9.9.9-0f1666c-20180823180745\".getBytes();", "+    private static byte[] serverVersion = \"5.6.29-dble-9.9.9.9-715373a-20180907110922\".getBytes();"], "url": ["https://api.github.com/repos/actiontech/dble/commits/e13df8bfc6556f3220061ca2b814918b431ac78c"]}