{"new_feature": "1029,4,0,66,10,0.62", "commitmessage": "1. Fixed Result.java so instances can be created for separate drivers. Bug fix.\n2. Limit MatrixMix.flatMix power to 9999. This is to avoid infinite loops. Normally, convergence should reach beyond power of 200. 9999 should be plenty to cover extreme cases.", "patch": ["@@ -17,7 +17,7 @@\n  * your own identifying information:\n  * \"Portions Copyrighted [year] [name of copyright owner]\"\n  *\n- * $Id: MatrixMix.java,v 1.2 2006/06/29 19:38:37 akara Exp $\n+ * $Id: MatrixMix.java,v 1.3 2007/02/23 06:47:12 akara Exp $\n  *\n  * Copyright 2005 Sun Microsystems Inc. All Rights Reserved\n  */\n@@ -321,8 +321,10 @@ public FlatMix flatMix() {\n                     iResults[0][i][j] += mix[i][k] * mix[k][j];\n \n         // We just don't think it has converged yet, start power 3 without check\n+        int power = 3;\n+\n         incrementPower:\n-        for (int power = 3;; power++) {\n+        for (; power < 10000; power++) { // Limit to 9999 iters\n             int srcIdx = (power - 1) & 1;\n             int resIdx = power & 1; // Just need to know the idx 0 or 1\n \n@@ -363,9 +365,15 @@ public FlatMix flatMix() {\n                 // comparator which is rounded to <precision> digits\n                 results[j] = comparator * threshold;\n             }\n-            getLogger().finer(\"Obtained stable mix at matrix power \" + power + '.');\n+            getLogger().finer(\"Obtained stable mix at matrix power \" + power +\n+                              '.');\n             break;\n         }\n+        if (power == 10000) {\n+            throw new ArithmeticException(\"Mix probability did not converge \" +\n+                    \"after 9999 iterations, please check mix for validity.\" +\n+                    \" Aborting.\");\n+        }\n         FlatMix flatMix = new FlatMix();\n         flatMix.operations = operations;\n         flatMix.deviation = deviation;", "@@ -17,7 +17,7 @@\n  * your own identifying information:\n  * \"Portions Copyrighted [year] [name of copyright owner]\"\n  *\n- * $Id: Result.java,v 1.2 2006/06/29 19:38:37 akara Exp $\n+ * $Id: Result.java,v 1.3 2007/02/23 06:47:12 akara Exp $\n  *\n  * Copyright 2005 Sun Microsystems Inc. All Rights Reserved\n  */\n@@ -38,10 +38,6 @@ public static Result getInstance() {\n     }\n \n     static void init(Metrics m) { // Only called by Metrics\n-        if (instance != null) {\n-            throw new IllegalStateException(\n-                    \"Result already exists, duplicate instantiation.\");\n-        }\n         instance = new Result(m);\n     }\n "], "edit": ["- * $Id: MatrixMix.java,v 1.2 2006/06/29 19:38:37 akara Exp $", "+ * $Id: MatrixMix.java,v 1.3 2007/02/23 06:47:12 akara Exp $", "+        int power = 3;", "+", "-        for (int power = 3;; power++) {", "+        for (; power < 10000; power++) { // Limit to 9999 iters", "-            getLogger().finer(\"Obtained stable mix at matrix power \" + power + '.');", "+            getLogger().finer(\"Obtained stable mix at matrix power \" + power +", "+                              '.');", "+        if (power == 10000) {", "+            throw new ArithmeticException(\"Mix probability did not converge \" +", "+                    \"after 9999 iterations, please check mix for validity.\" +", "+                    \" Aborting.\");", "+        }", "- * $Id: Result.java,v 1.2 2006/06/29 19:38:37 akara Exp $", "+ * $Id: Result.java,v 1.3 2007/02/23 06:47:12 akara Exp $", "-        if (instance != null) {", "-            throw new IllegalStateException(", "-                    \"Result already exists, duplicate instantiation.\");", "-        }"], "url": ["https://api.github.com/repos/akara/faban/commits/e313f5ff3f7ca075fc17ed8fe0655dd212206430"]}