{"new_feature": "102,1,0,58,1,1.00", "commitmessage": "Trie \u2014 No Prefix Set", "patch": ["@@ -0,0 +1,66 @@\n+import java.io.*;\n+import java.util.*;\n+\n+class TrieNode {\n+  public char c;\n+  public TrieNode parent = null;\n+  public boolean isEndWordNode = false;\n+  public HashMap<Character, TrieNode> children = new HashMap<Character, TrieNode>();\n+\n+  public TrieNode(char c, TrieNode parent) {\n+    this.c = c;\n+    this.parent = parent;\n+  }\n+\n+  public TrieNode(char c, TrieNode parent, boolean isEndWordNode) {\n+    this.c = c;\n+    this.isEndWordNode = isEndWordNode;\n+    this.parent = parent;\n+  }\n+}\n+\n+class Trie {\n+  public TrieNode root = new TrieNode(' ', null);\n+\n+  public String add(String word) {\n+    TrieNode r = root;\n+    int i = 0;\n+    while (i < word.length()) {\n+      if (!r.children.containsKey(word.charAt(i))) {\n+        r.children.put(word.charAt(i), new TrieNode(word.charAt(i), r));\n+        r = r.children.get(word.charAt(i));\n+      } else {\n+        r = r.children.get(word.charAt(i));\n+        if (r.isEndWordNode) {  return word; }\n+      }\n+      i++;\n+    }\n+\n+    if (r.children.size() > 0) {  return word; }\n+\n+    r.isEndWordNode = true;\n+\n+    return \"\";\n+  }\n+}\n+\n+public class Solution {\n+\n+  public static void main(String[] args) {\n+        Scanner sc = new Scanner(System.in);\n+        int n = sc.nextInt();\n+        String invalid = \"\";\n+        Trie root = new Trie();\n+        for (int i = 0; i < n; i++) {\n+          invalid = root.add(sc.next());\n+          if (invalid != \"\") {  break; }\n+        }\n+\n+        if (invalid != \"\") {\n+          System.out.println(\"BAD SET\");\n+          System.out.println(invalid);\n+        } else {\n+          System.out.println(\"GOOD SET\");\n+        }\n+  }\n+}", "@@ -1,7 +1,7 @@\n <div align=\"center\">\n <img src=\"https://github.com/alexprut/HackerRank/raw/master/hackerrank-logo.png\" width=\"450\" height=\"auto\"/>\n \n-[![Solutions](https://img.shields.io/badge/solutions-221-green.svg?style=flat-square)](https://github.com/alexprut/HackerRank#table-of-contents)\n+[![Solutions](https://img.shields.io/badge/solutions-222-green.svg?style=flat-square)](https://github.com/alexprut/HackerRank#table-of-contents)\n [![Languages](https://img.shields.io/badge/languages-c%2B%2B%2Cjava%2Chaskell-yellow.svg)](https://github.com/alexprut/HackerRank#table-of-contents)\n [![Author](https://img.shields.io/badge/author-alexprut-brightgreen.svg?style=flat-square)](https://www.hackerrank.com/alexprut)\n [![MIT](https://img.shields.io/dub/l/vibe-d.svg?style=flat-square)](https://github.com/alexprut/HackerRank/blob/master/LICENSE)\n@@ -135,6 +135,7 @@ platform tests of a given problem.\n |Multiple Choice|[Data Structures MCQ 2](https://www.hackerrank.com/challenges/are-you-an-expert-on-data-structures)|Hard|5|[Solution.txt](Data%20Structures/Multiple%20Choice/%20Data%20Structures%20MCQ%202/Solution.txt)|\n |Multiple Choice|[Data Structures MCQ 3](https://www.hackerrank.com/challenges/are-you-an-expert-on-data-structures-1)|Hard|5|[Solution.txt](Data%20Structures/Multiple%20Choice/%20Data%20Structures%20MCQ%203/Solution.txt)|\n |Trie|[Contacts](https://www.hackerrank.com/challenges/contacts)|Medium|40|[Solution.cpp](Data%20Structures/Trie/Contacts/Solution.cpp)|\n+|Trie|[No Prefix Set](https://www.hackerrank.com/challenges/no-prefix-set)|Hard|50|[Solution.java](Data%20Structures/Trie/No%20Prefix%20Set/Solution.java)|\n \n \n ## Functional Programming"], "edit": ["+import java.io.*;", "+import java.util.*;", "+", "+class TrieNode {", "+  public char c;", "+  public TrieNode parent = null;", "+  public boolean isEndWordNode = false;", "+  public HashMap<Character, TrieNode> children = new HashMap<Character, TrieNode>();", "+", "+  public TrieNode(char c, TrieNode parent) {", "+    this.c = c;", "+    this.parent = parent;", "+  }", "+", "+  public TrieNode(char c, TrieNode parent, boolean isEndWordNode) {", "+    this.c = c;", "+    this.isEndWordNode = isEndWordNode;", "+    this.parent = parent;", "+  }", "+}", "+", "+class Trie {", "+  public TrieNode root = new TrieNode(' ', null);", "+", "+  public String add(String word) {", "+    TrieNode r = root;", "+    int i = 0;", "+    while (i < word.length()) {", "+      if (!r.children.containsKey(word.charAt(i))) {", "+        r.children.put(word.charAt(i), new TrieNode(word.charAt(i), r));", "+        r = r.children.get(word.charAt(i));", "+      } else {", "+        r = r.children.get(word.charAt(i));", "+        if (r.isEndWordNode) {  return word; }", "+      }", "+      i++;", "+    }", "+", "+    if (r.children.size() > 0) {  return word; }", "+", "+    r.isEndWordNode = true;", "+", "+    return \"\";", "+  }", "+}", "+", "+public class Solution {", "+", "+  public static void main(String[] args) {", "+        Scanner sc = new Scanner(System.in);", "+        int n = sc.nextInt();", "+        String invalid = \"\";", "+        Trie root = new Trie();", "+        for (int i = 0; i < n; i++) {", "+          invalid = root.add(sc.next());", "+          if (invalid != \"\") {  break; }", "+        }", "+", "+        if (invalid != \"\") {", "+          System.out.println(\"BAD SET\");", "+          System.out.println(invalid);", "+        } else {", "+          System.out.println(\"GOOD SET\");", "+        }", "+  }", "+}", "-[![Solutions](https://img.shields.io/badge/solutions-221-green.svg?style=flat-square)](https://github.com/alexprut/HackerRank#table-of-contents)", "+[![Solutions](https://img.shields.io/badge/solutions-222-green.svg?style=flat-square)](https://github.com/alexprut/HackerRank#table-of-contents)", "+|Trie|[No Prefix Set](https://www.hackerrank.com/challenges/no-prefix-set)|Hard|50|[Solution.java](Data%20Structures/Trie/No%20Prefix%20Set/Solution.java)|"], "url": ["https://api.github.com/repos/alexprut/HackerRank/commits/e355abaca55e5221b5e10b738106531540eaa400"]}