{"new_feature": "1029,4,0,66,10,0.62", "commitmessage": "1. Fixed bug in fenxi script regarding command line args count.\n2. Fixed generic benchmark to call new fenxi command line.", "patch": ["@@ -63,8 +63,8 @@ PROG=$FENXI_SCRIPTS/process\n \n chmod a+rx $FENXI_HOME/txt2db/*\n \n-if [ $# -ne 3 ]; then\n-        echo \"usage: $PROG rawdir htmldir runID\" 2>&1\n+if [ $# -ne 4 ]; then\n+        echo \"usage: $0 [process|compare] rawdir htmldir runID\" 2>&1\n         exit 2\n fi\n ", "@@ -0,0 +1,31 @@\n+#!/bin/sh\n+BINDIR=`dirname $0`\n+\n+if [ -n \"$BINDIR\" ]\n+then\n+    FABAN_HOME=`cd $BINDIR/.. > /dev/null 2>&1 && pwd`\n+    export FABAN_HOME\n+fi\n+\n+JAVA=\"\"\n+\n+# If JAVA_HOME is not defined, we try our best to locate it.\n+if [ -z \"$JAVA_HOME\" ] ; then\n+\n+    # Check that Java is reachable at all.\n+    JAVA_BIN=`which java`\n+    if [ -z \"$JAVA_BIN\" ] ; then\n+        echo \"Could not find java. Please make sure the JDK is installed \\\n+and set JAVA_HOME or PATH accordingly.\" >&2\n+        exit 1\n+    fi\n+    JAVA=$JAVA_BIN\n+else\n+    JAVA=$JAVA_HOME/bin/java\n+fi\n+\n+cd $FABAN_HOME\n+\n+$JAVA -client -cp master/common/lib/ant-launcher.jar \\\n+      -Dkit.dir=/tmp \\\n+      org.apache.tools.ant.launch.Launcher package-agent", "@@ -17,7 +17,7 @@\n  * your own identifying information:\n  * \"Portions Copyrighted [year] [name of copyright owner]\"\n  *\n- * $Id: GenericBenchmark.java,v 1.22 2008/01/15 08:02:52 akara Exp $\n+ * $Id: GenericBenchmark.java,v 1.23 2008/02/04 22:55:12 akara Exp $\n  *\n  * Copyright 2005 Sun Microsystems Inc. All Rights Reserved\n  */\n@@ -404,8 +404,8 @@ private boolean postProcess() {\n             return false;\n \n \t\t// Process the text using FenXi.\n-\t\tCommand fenxi = new Command (\"fenxi \" + outDir + \" \" + outDir + \" \" +\n-                                                                run.getRunId());\n+\t\tCommand fenxi = new Command (\"fenxi process \" + outDir + \" \" + outDir +\n+                                                        \" \" + run.getRunId());\n         fenxi.setWorkingDirectory(Config.FABAN_HOME + \"logs\");\n \n \t\ttry {"], "edit": ["-if [ $# -ne 3 ]; then", "-        echo \"usage: $PROG rawdir htmldir runID\" 2>&1", "+if [ $# -ne 4 ]; then", "+        echo \"usage: $0 [process|compare] rawdir htmldir runID\" 2>&1", "+#!/bin/sh", "+BINDIR=`dirname $0`", "+", "+if [ -n \"$BINDIR\" ]", "+then", "+    FABAN_HOME=`cd $BINDIR/.. > /dev/null 2>&1 && pwd`", "+    export FABAN_HOME", "+fi", "+", "+JAVA=\"\"", "+", "+# If JAVA_HOME is not defined, we try our best to locate it.", "+if [ -z \"$JAVA_HOME\" ] ; then", "+", "+    # Check that Java is reachable at all.", "+    JAVA_BIN=`which java`", "+    if [ -z \"$JAVA_BIN\" ] ; then", "+        echo \"Could not find java. Please make sure the JDK is installed \\", "+and set JAVA_HOME or PATH accordingly.\" >&2", "+        exit 1", "+    fi", "+    JAVA=$JAVA_BIN", "+else", "+    JAVA=$JAVA_HOME/bin/java", "+fi", "+", "+cd $FABAN_HOME", "+", "+$JAVA -client -cp master/common/lib/ant-launcher.jar \\", "+      -Dkit.dir=/tmp \\", "+      org.apache.tools.ant.launch.Launcher package-agent", "- * $Id: GenericBenchmark.java,v 1.22 2008/01/15 08:02:52 akara Exp $", "+ * $Id: GenericBenchmark.java,v 1.23 2008/02/04 22:55:12 akara Exp $", "-\t\tCommand fenxi = new Command (\"fenxi \" + outDir + \" \" + outDir + \" \" +", "-                                                                run.getRunId());", "+\t\tCommand fenxi = new Command (\"fenxi process \" + outDir + \" \" + outDir +", "+                                                        \" \" + run.getRunId());"], "url": ["https://api.github.com/repos/akara/faban/commits/e62a34f52a3db78913ec7145dc4880ec35a84acb"]}