{"new_feature": "1029,4,0,66,10,0.62", "commitmessage": "1. Fixed metrics - sum of squares turn negative in some cases.\n2. Added field MonitoredHosts on ParamRepository.", "patch": ["@@ -648,14 +648,16 @@ public void add(Metrics s) {\n      * @return The new sum of squares\n      */\n     static double addSumSquare(double s, int n, double t, double x) {\n+        double s0 = s;\n         if (n > 1) {\n             double y = n * x - t;\n-            s = s + y * y / (n * (n - 1));\n+            s = s + y * y / (n * (double) (n - 1));\n         }\n         if (s < 0) {\n-            Logger.getLogger(Metrics.class.getName()).warning(\n-                        \"Doug - addSumSquare(s=\" + s + \", n=\" + n + \", t=\" +\n-                        t + \", x=\" + x + \") returns NEGATIVE \"+ s + \" \");\n+            Logger.getLogger(Metrics.class.getName()).log(Level.WARNING,\n+                        \"Doug - addSumSquare(s=\" + s0 + \", n=\" + n + \", t=\" +\n+                        t + \", x=\" + x + \") returns NEGATIVE \"+ s + \" \",\n+                        new Exception());\n             }\n         return s;\n     }", "@@ -315,10 +315,18 @@ private void readHostConfigs() throws ConfigurationException {\n      */\n     public String[] getEnabledHosts(Element base) throws ConfigurationException {\n         String[] enabledHosts;\n-        if (getBooleanValue(\"fa:hostConfig/fh:enabled\", base, true))\n-            enabledHosts = getTokenizedValue(\"fa:hostConfig/fa:host\", base);\n-        else\n+        if (getBooleanValue(\"fa:hostConfig/fh:enabled\", base, true)) {\n+            // TODO: Take care of managed hosts/ports\n+            enabledHosts = getTokenizedValue(\"fa:hostConfig/fh:managedHosts\",\n+                                                base);\n+            if (enabledHosts == null || enabledHosts.length == 0)\n+                enabledHosts = getTokenizedValue(\"fa:hostConfig/fa:host\", base);\n+\n+            if (enabledHosts == null)\n+                enabledHosts = new String[0];\n+        } else {\n             enabledHosts = new String[0];\n+        }\n        return enabledHosts;\n     }\n "], "edit": ["+        double s0 = s;", "-            s = s + y * y / (n * (n - 1));", "+            s = s + y * y / (n * (double) (n - 1));", "-            Logger.getLogger(Metrics.class.getName()).warning(", "-                        \"Doug - addSumSquare(s=\" + s + \", n=\" + n + \", t=\" +", "-                        t + \", x=\" + x + \") returns NEGATIVE \"+ s + \" \");", "+            Logger.getLogger(Metrics.class.getName()).log(Level.WARNING,", "+                        \"Doug - addSumSquare(s=\" + s0 + \", n=\" + n + \", t=\" +", "+                        t + \", x=\" + x + \") returns NEGATIVE \"+ s + \" \",", "+                        new Exception());", "-        if (getBooleanValue(\"fa:hostConfig/fh:enabled\", base, true))", "-            enabledHosts = getTokenizedValue(\"fa:hostConfig/fa:host\", base);", "-        else", "+        if (getBooleanValue(\"fa:hostConfig/fh:enabled\", base, true)) {", "+            // TODO: Take care of managed hosts/ports", "+            enabledHosts = getTokenizedValue(\"fa:hostConfig/fh:managedHosts\",", "+                                                base);", "+            if (enabledHosts == null || enabledHosts.length == 0)", "+                enabledHosts = getTokenizedValue(\"fa:hostConfig/fa:host\", base);", "+", "+            if (enabledHosts == null)", "+                enabledHosts = new String[0];", "+        } else {", "+        }"], "url": ["https://api.github.com/repos/akara/faban/commits/e6d56ea9033accf2129f182532cf65f644d859c7"]}