{"new_feature": "4880,99,0,51,8,0.25", "commitmessage": "fix cofactors", "patch": ["@@ -3,7 +3,6 @@\n import com.fasterxml.jackson.annotation.JsonProperty;\n import com.fasterxml.jackson.databind.ObjectMapper;\n \n-import java.io.File;\n import java.io.IOException;\n import java.io.InputStream;\n import java.util.HashMap;\n@@ -34,7 +33,7 @@ public void loadCorpus() throws IOException {\n     InputStream cofactorsStream = INSTANCE_CLASS_LOADER.getResourceAsStream(COFACTORS_FILE_PATH);\n     CofactorsCorpus corpus = OBJECT_MAPPER.readValue(cofactorsStream, CofactorsCorpus.class);\n \n-    List<Cofactor> cofactors = corpus.getCofactors();\n+    this.cofactors = corpus.getCofactors();\n     for (Cofactor cofactor : cofactors) {\n       inchiToName.put(cofactor.getInchi(), cofactor.getName());\n       inchiToRank.put(cofactor.getInchi(), cofactor.getRank());", "@@ -5,6 +5,10 @@\n import act.shared.Chemical;\n import act.shared.Chemical.REFS;\n import act.shared.Reaction;\n+import chemaxon.formats.MolFormatException;\n+import com.act.analysis.chemicals.molecules.MoleculeExporter$;\n+import com.act.analysis.chemicals.molecules.MoleculeFormat$;\n+import com.act.analysis.chemicals.molecules.MoleculeImporter;\n import com.mongodb.DBCursor;\n import org.apache.commons.lang3.tuple.Pair;\n import org.json.JSONArray;\n@@ -484,7 +488,15 @@ private void pullChemicalsReferencedInRxns() {\n       logProgress(\"\\t pullChemicalsReferencedInRxns: %d\\r\", count++);\n       Chemical c = this.db.getChemicalFromChemicalUUID(id);\n       ActData.instance().chemInchis.put(c.getInChI(), id);\n-      ActData.instance().chemId2Inchis.put(id, c.getInChI());\n+\n+      // Import and Export quickly to make consistent format\n+      try {\n+        String cleanedInchi = MoleculeExporter$.MODULE$.exportMolecule(MoleculeImporter.importMolecule(c), MoleculeFormat$.MODULE$.strictNoStereoInchi());\n+        ActData.instance().chemId2Inchis.put(id, cleanedInchi);\n+      } catch (MolFormatException e){\n+        ActData.instance().chemId2Inchis.put(id, c.getInChI());\n+      }\n+\n       ActData.instance().chemIdIsAbstraction.put(id, isAbstractInChI(c.getInChI()));\n       String name = c.getShortestBRENDAName();\n       if (name == null) {", "@@ -3,6 +3,7 @@ package com.act.reachables\n import java.io.{File, PrintWriter}\n \n import act.server.MongoDB\n+import com.act.biointerpretation.cofactorremoval.CofactorsCorpus\n \n import scala.collection.JavaConversions._\n import scala.io.Source\n@@ -49,14 +50,18 @@ object reachables {\n         case _ => null\n       }\n \n-    val universal_cofactors = \n+    val universal_cofactors: Set[String] =\n       opts.get(\"useCofactorsFile\") match { \n         case Some(file) => {\n           val data = Source.fromFile(file).getLines\n           val inchis = data.filter{ x => x.length > 0 && x.charAt(0) != '#' }\n-          collection.mutable.Set(inchis.toSeq:_*)\n+          collection.mutable.Set(inchis.toSeq:_*).toSet\n+        }\n+        case _ => {\n+          val corpy = new CofactorsCorpus()\n+          corpy.loadCorpus()\n+          corpy.getCofactors.map(x => x.getInchi).toSet\n         }\n-        case _ => null\n       }\n \n     val regression_suite_files = \n@@ -116,14 +121,14 @@ object reachables {\n     val testcols: List[List[String]] = testlines.map(line => line.split(\"\\t\").toList)\n \n     val hdrs = Set(\"inchi\", \"name\", \"plausibility\", \"comment\", \"reference\")\n-    if (testcols.length == 0 || !testcols(0).toSet.equals(hdrs)) {\n+    if (testcols.isEmpty || !testcols.head.toSet.equals(hdrs)) {\n       println(\"Invalid test file: \" + test_file)\n       println(\"\\tExpected: \" + hdrs.toString)\n-      println(\"\\tFound: \" + testcols(0).toString)\n+      println(\"\\tFound: \" + testcols.head.toString)\n     } else {\n \n       // delete the header from the data set, leaving behind only the test rows\n-      val hdr = testcols(0)\n+      val hdr = testcols.head\n       val rows = testcols.drop(1)\n \n       def add_hdrs(row: List[String]) = hdr.zip(row)"], "edit": ["-import java.io.File;", "-    List<Cofactor> cofactors = corpus.getCofactors();", "+    this.cofactors = corpus.getCofactors();", "+import chemaxon.formats.MolFormatException;", "+import com.act.analysis.chemicals.molecules.MoleculeExporter$;", "+import com.act.analysis.chemicals.molecules.MoleculeFormat$;", "+import com.act.analysis.chemicals.molecules.MoleculeImporter;", "-      ActData.instance().chemId2Inchis.put(id, c.getInChI());", "+", "+      // Import and Export quickly to make consistent format", "+      try {", "+        String cleanedInchi = MoleculeExporter$.MODULE$.exportMolecule(MoleculeImporter.importMolecule(c), MoleculeFormat$.MODULE$.strictNoStereoInchi());", "+        ActData.instance().chemId2Inchis.put(id, cleanedInchi);", "+      } catch (MolFormatException e){", "+        ActData.instance().chemId2Inchis.put(id, c.getInChI());", "+      }", "+", "+import com.act.biointerpretation.cofactorremoval.CofactorsCorpus", "-    val universal_cofactors =", "+    val universal_cofactors: Set[String] =", "-          collection.mutable.Set(inchis.toSeq:_*)", "+          collection.mutable.Set(inchis.toSeq:_*).toSet", "+        }", "+        case _ => {", "+          val corpy = new CofactorsCorpus()", "+          corpy.loadCorpus()", "+          corpy.getCofactors.map(x => x.getInchi).toSet", "-        case _ => null", "-    if (testcols.length == 0 || !testcols(0).toSet.equals(hdrs)) {", "+    if (testcols.isEmpty || !testcols.head.toSet.equals(hdrs)) {", "-      println(\"\\tFound: \" + testcols(0).toString)", "+      println(\"\\tFound: \" + testcols.head.toString)", "-      val hdr = testcols(0)", "+      val hdr = testcols.head"], "url": ["https://api.github.com/repos/20n/act/commits/e727d63c158d18ffa8afb07e580bdb5fb618c76a"]}