{"new_feature": "4880,99,0,51,8,0.25", "commitmessage": "fixes to running full reachables - don't keep colored", "patch": ["@@ -218,6 +218,8 @@ public String toDOT() {\n       }\n \n       lines.add(edge_line);\n+\n+      Edge.setAttribute(e, \"color\", null);\n     }\n \n     lines.add(\"}\");", "@@ -1,10 +1,10 @@\n \n package com.act.reachables;\n \n+import java.io.Serializable;\n+import java.util.ArrayList;\n import java.util.HashMap;\n import java.util.List;\n-import java.util.ArrayList;\n-import java.io.Serializable;\n \n public class Node implements Serializable {\n   private static final long serialVersionUID = -6907101658540501637L;\n@@ -57,6 +57,10 @@ public static Object getAttribute(Long id, String key) {\n       return null;\n   }\n \n+  public static void clearAttributeData(){\n+    ActData.instance().nodeAttributes = new HashMap<Long, HashMap<String, Serializable>>();\n+  }\n+\n   @Override\n   public String toString() {\n     return this.id.toString();", "@@ -27,7 +27,11 @@ object Cascade extends Falls {\n \n   case class SubProductPair(substrates: List[Long], products: List[Long])\n \n-  val nodeMerger: mutable.HashMap[SubProductPair, Node] = new mutable.HashMap()\n+  var nodeMerger: mutable.HashMap[SubProductPair, Node] = new mutable.HashMap()\n+\n+  def clearCascades() {\n+    nodeMerger = new mutable.HashMap()\n+  }\n \n   // depth upto which to generate cascade data\n   var max_cascade_depth = GlobalParams.MAX_CASCADE_DEPTH\n@@ -44,10 +48,6 @@ object Cascade extends Falls {\n   // fwd in the tree, if the rxn is really good, but we risk infinite loops then)\n \n   def pre_rxns(m: Long, higherInTree: Boolean = true): Map[SubProductPair, List[ReachRxn]] = {\n-    if (cache_bestpre_rxn.contains(m) && higherInTree) {\n-      return cache_bestpre_rxn(m)\n-    }\n-\n     // incoming unreachable rxns ignored\n     val upReach = upR(m).filter(_.isreachable)\n \n@@ -92,10 +92,6 @@ object Cascade extends Falls {\n         groupBy(_._1).\n         mapValues(_.map(_._2))\n \n-      if (higherInTree) {\n-        cache_bestpre_rxn.put(m, passingGrouped)\n-      }\n-\n       passingGrouped\n     }\n   }", "@@ -192,11 +192,6 @@ object cascades {\n   }\n \n   def doStuff(reachid: Long, dir: String): Unit = {\n-    if (Cascade.pathwayCollection.findOneById(s\"${reachid}_0\") != null) {\n-      println(s\"Skipping ${reachid} as it already exists in DB.\")\n-      return\n-    }\n-\n     println(s\"Started reachable $reachid\")\n \n     // write to disk; JS front end uses json\n@@ -213,6 +208,7 @@ object cascades {\n     writer.write(cascade.allStringPaths.mkString(\"\\n\"))\n     writer.close()\n \n+    // Attributes are cached here so we clear it after each run.\n     println(s\"Completed reachable $reachid\")\n   }\n "], "edit": ["+", "+      Edge.setAttribute(e, \"color\", null);", "+import java.io.Serializable;", "+import java.util.ArrayList;", "-import java.util.ArrayList;", "-import java.io.Serializable;", "+  public static void clearAttributeData(){", "+    ActData.instance().nodeAttributes = new HashMap<Long, HashMap<String, Serializable>>();", "+  }", "+", "-  val nodeMerger: mutable.HashMap[SubProductPair, Node] = new mutable.HashMap()", "+  var nodeMerger: mutable.HashMap[SubProductPair, Node] = new mutable.HashMap()", "+", "+  def clearCascades() {", "+    nodeMerger = new mutable.HashMap()", "+  }", "-    if (cache_bestpre_rxn.contains(m) && higherInTree) {", "-      return cache_bestpre_rxn(m)", "-    }", "-", "-      if (higherInTree) {", "-        cache_bestpre_rxn.put(m, passingGrouped)", "-      }", "-", "-    if (Cascade.pathwayCollection.findOneById(s\"${reachid}_0\") != null) {", "-      println(s\"Skipping ${reachid} as it already exists in DB.\")", "-      return", "-    }", "-", "+    // Attributes are cached here so we clear it after each run."], "url": ["https://api.github.com/repos/20n/act/commits/e77dbb8240b341b19c7da7582ac652d892a54721"]}