{"new_feature": "2276,1,0,88,30,0.06", "commitmessage": "fixed default location usage", "patch": ["@@ -393,12 +393,14 @@ public void run() {\n                 }\n \n                 GeoPoint ret = new GeoPoint(0,0);\n-                try {\n-                    int mcc = mAimsicdService.mDevice.mCell.getMCC();\n-                    double[] d = mDbHelper.getDefaultLocation(mcc);\n-                    ret = new GeoPoint(d[0], d[1]);\n-                } catch (Exception e) {\n-                    Log.e(\"map\", \"Error getting default location\", e);\n+                if (mBound) {\n+                    try {\n+                        int mcc = mAimsicdService.mDevice.mCell.getMCC();\n+                        double[] d = mDbHelper.getDefaultLocation(mcc);\n+                        ret = new GeoPoint(d[0], d[1]);\n+                    } catch (Exception e) {\n+                        Log.e(\"map\", \"Error getting default location\", e);\n+                    }\n                 }\n \n                 c.close();\n@@ -412,7 +414,7 @@ public void run() {\n             }\n \n             @Override\n-            protected void onPostExecute(GeoPoint loc) {\n+            protected void onPostExecute(GeoPoint defaultLoc) {\n                 if (loc != null && (loc.getLatitude() != 0.0 && loc.getLongitude() != 0.0)) {\n                     mMap.getController().setZoom(16);\n                     mMap.getController().animateTo(new GeoPoint(loc.getLatitude(), loc.getLongitude()));\n@@ -427,6 +429,8 @@ protected void onPostExecute(GeoPoint loc) {\n                             mMap.getController().animateTo(new GeoPoint(loc.getLatitude(), loc.getLongitude()));\n                         } else {\n                             //Use Mcc to move camera to an approximate location near Countries Capital\n+                            loc = defaultLoc;\n+\n                             mMap.getController().setZoom(13);\n                             mMap.getController().animateTo(new GeoPoint(loc.getLatitude(), loc.getLongitude()));\n                         }"], "edit": ["-                try {", "-                    int mcc = mAimsicdService.mDevice.mCell.getMCC();", "-                    double[] d = mDbHelper.getDefaultLocation(mcc);", "-                    ret = new GeoPoint(d[0], d[1]);", "-                } catch (Exception e) {", "-                    Log.e(\"map\", \"Error getting default location\", e);", "+                if (mBound) {", "+                    try {", "+                        int mcc = mAimsicdService.mDevice.mCell.getMCC();", "+                        double[] d = mDbHelper.getDefaultLocation(mcc);", "+                        ret = new GeoPoint(d[0], d[1]);", "+                    } catch (Exception e) {", "+                        Log.e(\"map\", \"Error getting default location\", e);", "+                    }", "-            protected void onPostExecute(GeoPoint loc) {", "+            protected void onPostExecute(GeoPoint defaultLoc) {", "+                            loc = defaultLoc;", "+"], "url": ["https://api.github.com/repos/5GSD/AIMSICDL/commits/e7bfd0f9d853acb2793e17df7b7526224ca47b32"]}