{"new_feature": "1029,4,0,66,10,0.62", "commitmessage": "Faban-16:\n- Fixed minor issue in ToolContext to enforce capturing\n- Update Cpustat to correctly wait for postprocessing time", "patch": ["@@ -17,7 +17,7 @@\n  * your own identifying information:\n  * \"Portions Copyrighted [year] [name of copyright owner]\"\n  *\n- * $Id: Cpustat.java,v 1.11 2009/06/25 23:13:38 sheetalpatil Exp $\n+ * $Id: Cpustat.java,v 1.12 2009/06/26 17:18:20 akara Exp $\n  *\n  * Copyright 2005 Sun Microsystems Inc. All Rights Reserved\n  */\n@@ -36,6 +36,8 @@\n  */\n public class Cpustat extends CommandLineTool{\n \n+    private long stopTime;\n+\n     @Configure\n     public void configure() {\n         super.config();\n@@ -51,21 +53,18 @@ public void configure() {\n     @Stop\n     public void stop() throws IOException, InterruptedException {\n         super.stop();\n+        stopTime = System.currentTimeMillis();\n+    }\n \n+    @Postprocess\n+    public void postprocess() throws IOException, InterruptedException {\n         String rawFile = ctx.getOutputFile();\n         String postFile = rawFile.replace(\".raw.\", \".xan.\");\n         ctx.setOutputFile(postFile);\n-\n-        Thread.sleep(500);\n-\n+        long sleepTime = stopTime + 500 - System.currentTimeMillis();\n+        if (sleepTime > 0)\n+            Thread.sleep(sleepTime);\n         cmd = new Command(\"cpustat-post\");\n-        cmd.setStreamHandling(Command.STDOUT, Command.CAPTURE);\n-        cmd.setOutputFile(Command.STDOUT, postFile);\n-        ctx.exec(cmd);\n-    }\n-\n-    @Postprocess\n-    public void postprocess() throws IOException, InterruptedException {\n-\n+        ctx.execSetOutputStream(cmd);\n     }\n }", "@@ -109,7 +109,8 @@ public CommandHandle execSetOutputStream(Command cmd)\n      */\n     public CommandHandle execSetOutputStream(Command cmd, int stream)\n             throws IOException, InterruptedException {\n-        cmd.setOutputFile(stream, localOutputFile);\n+        cmd.setStreamHandling(stream, Command.CAPTURE);\n+        cmd.setOutputFile(stream, localOutputFile);        \n         wrapper.outputHandle = wrapper.cmdAgent.execute(cmd);\n         wrapper.outputStream = stream;\n         return wrapper.outputHandle;"], "edit": ["- * $Id: Cpustat.java,v 1.11 2009/06/25 23:13:38 sheetalpatil Exp $", "+ * $Id: Cpustat.java,v 1.12 2009/06/26 17:18:20 akara Exp $", "+    private long stopTime;", "+", "+        stopTime = System.currentTimeMillis();", "+    }", "+    @Postprocess", "+    public void postprocess() throws IOException, InterruptedException {", "-", "-        Thread.sleep(500);", "-", "+        long sleepTime = stopTime + 500 - System.currentTimeMillis();", "+        if (sleepTime > 0)", "+            Thread.sleep(sleepTime);", "-        cmd.setStreamHandling(Command.STDOUT, Command.CAPTURE);", "-        cmd.setOutputFile(Command.STDOUT, postFile);", "-        ctx.exec(cmd);", "-    }", "-", "-    @Postprocess", "-    public void postprocess() throws IOException, InterruptedException {", "-", "+        ctx.execSetOutputStream(cmd);", "-        cmd.setOutputFile(stream, localOutputFile);", "+        cmd.setStreamHandling(stream, Command.CAPTURE);", "+        cmd.setOutputFile(stream, localOutputFile);"], "url": ["https://api.github.com/repos/akara/faban/commits/e8abe2f8f433c98270f00b7179a49046591cdc8a"]}