{"new_feature": "2276,1,0,88,30,0.40", "commitmessage": "fixes RequestTask\n\nFixes RequestTask and now is same as original with my changes", "patch": ["@@ -96,8 +96,8 @@\n \n     //Calling from the menu more extensive(more difficult for sever),\n     // we have to give more time for the server response\n-    public static final int REQUEST_TIMEOUT_MAPS = 80000;       // [ms] 40 s Calling from map\n-    public static final int REQUEST_TIMEOUT_MENU = 80000;       // [ms] 40 s Calling from menu\n+    public static final int REQUEST_TIMEOUT_MAPS = 80000;       // [ms] 80 s Calling from map\n+    public static final int REQUEST_TIMEOUT_MENU = 80000;       // [ms] 80 s Calling from menu\n \n     public static final char DBE_DOWNLOAD_REQUEST = 1;          // OCID download request from \"APPLICATION\" drawer title\n     public static final char DBE_DOWNLOAD_REQUEST_FROM_MAP = 2; // OCID download request from \"Antenna Map Viewer\"\n@@ -204,7 +204,7 @@ protected String doInBackground(String... commandString) {\n                     HttpURLConnection urlConnection = (HttpURLConnection) url.openConnection();\n                     urlConnection.setRequestMethod(\"GET\");\n                     urlConnection.setConnectTimeout(mTimeOut);\n-                    urlConnection.setReadTimeout(mTimeOut);   // [ms] 40 s\n+                    urlConnection.setReadTimeout(mTimeOut);   // [ms] 80 s\n                     urlConnection.setDoInput(true);\n                     urlConnection.connect();\n \n@@ -260,21 +260,16 @@ protected String doInBackground(String... commandString) {\n                 }\n \n             case BACKUP_DATABASE:\n-                //#   mDbAdapter.open();\n+\n                 if (mDbAdapter.backupDB()) {\n-                    //#       mDbAdapter.close();\n                     return \"Successful\";\n                 }\n-                //#   mDbAdapter.close();\n                 return null;\n \n             case RESTORE_DATABASE:\n-                //#   mDbAdapter.open();\n                 if (mDbAdapter.restoreDB()) {\n-                    //#    mDbAdapter.close();\n                     return \"Successful\";\n                 }\n-                //# mDbAdapter.close();\n                 return null;\n         }\n \n@@ -337,14 +332,12 @@ protected void onPostExecute(String result) {\n \n             case DBE_DOWNLOAD_REQUEST_FROM_MAP:\n                 if (result != null && result.equals(\"Successful\")) {\n-                    //#    mDbAdapter.open();\n                     if (mDbAdapter.populateDBeImport()) {\n                         Intent intent = new Intent(MapViewerOsmDroid.updateOpenCellIDMarkers);\n                         LocalBroadcastManager.getInstance(mAppContext).sendBroadcast(intent);\n                         Helpers.msgShort(mAppContext, mAppContext.getString(R.string.opencellid_data_successfully_received_markers_updated));\n \n                         mDbAdapter.checkDBe();\n-                        //#      mDbAdapter.close();\n                         tinydb.putBoolean(\"ocid_downloaded\", true);\n                     }\n                 } else {\n@@ -357,6 +350,15 @@ protected void onPostExecute(String result) {\n             case DBE_UPLOAD_REQUEST:\n                 if (result != null && result.equals(\"Successful\")) {\n                     Helpers.msgShort(mAppContext, mAppContext.getString(R.string.uploaded_bts_data_successfully));\n+\n+                    Activity lActivity = getActivity();\n+                    if(lActivity != null) {//Activity may be detached or destroyed\n+                        final AlertDialog.Builder builder = new AlertDialog.Builder(lActivity);\n+                        builder.setTitle(R.string.restore_database_completed_title).setMessage(\n+                                lActivity.getString(R.string.restore_database_completed));\n+                        builder.create().show();\n+                    }\n+\n                 } else {\n                     Helpers.msgLong(mAppContext, mAppContext.getString(R.string.error_uploading_bts_data));\n                 }"], "edit": ["-    public static final int REQUEST_TIMEOUT_MAPS = 80000;       // [ms] 40 s Calling from map", "-    public static final int REQUEST_TIMEOUT_MENU = 80000;       // [ms] 40 s Calling from menu", "+    public static final int REQUEST_TIMEOUT_MAPS = 80000;       // [ms] 80 s Calling from map", "+    public static final int REQUEST_TIMEOUT_MENU = 80000;       // [ms] 80 s Calling from menu", "-                    urlConnection.setReadTimeout(mTimeOut);   // [ms] 40 s", "+                    urlConnection.setReadTimeout(mTimeOut);   // [ms] 80 s", "-                //#   mDbAdapter.open();", "+", "-                    //#       mDbAdapter.close();", "-                //#   mDbAdapter.close();", "-                //#   mDbAdapter.open();", "-                    //#    mDbAdapter.close();", "-                //# mDbAdapter.close();", "-                    //#    mDbAdapter.open();", "-                        //#      mDbAdapter.close();", "+", "+                    Activity lActivity = getActivity();", "+                    if(lActivity != null) {//Activity may be detached or destroyed", "+                        final AlertDialog.Builder builder = new AlertDialog.Builder(lActivity);", "+                        builder.setTitle(R.string.restore_database_completed_title).setMessage(", "+                                lActivity.getString(R.string.restore_database_completed));", "+                        builder.create().show();", "+                    }", "+"], "url": ["https://api.github.com/repos/5GSD/AIMSICDL/commits/e8cfe490d2390d4e280058c4be393dbe8e2d09a9"]}