{"new_feature": "3619,54,46,449,30,0.00", "commitmessage": "Fix RubySass compile error for non-ascii characters\n\nIf a sass file contains non-ascii characters, sass compiling fails\nwith invalid multibyte char (US-ASCII) error on Windows 7 with\nJRuby 1.7.x.\n\nJRuby 1.7.x works with Ruby 1.9 mode by default.\nWe convert string to Unicode code point representaion to fix\ncompile error.\n\nWe set org.jruby.embed.compat.version 1.9 for JRuby 1.6.x.", "patch": ["@@ -33,6 +33,7 @@\n   private final Set<String> requires;\n \n   public RubySassEngine() {\n+    System.setProperty(\"org.jruby.embed.compat.version\", \"JRuby1.9\");\n     requires = new LinkedHashSet<String>();\n     requires.add(RUBY_GEM_REQUIRE);\n     requires.add(SASS_PLUGIN_REQUIRE);\n@@ -75,13 +76,32 @@ private String buildUpdateScript(final String content) {\n     final StringWriter raw = new StringWriter();\n     final PrintWriter script = new PrintWriter(raw);\n     final StringBuilder sb = new StringBuilder();\n+    final StringBuilder cb = new StringBuilder();\n     sb.append(\":syntax => :scss\");\n \n     for (final String require : requires) {\n       script.println(\"  require '\" + require + \"'                                   \");\n     }\n-    final String scriptAsString = String.format(\"result = Sass::Engine.new('%s', {%s}).render\",\n-        content.replace(\"'\", \"\\\"\"),\n+    final int BACKSLASH = 0x5c;\n+    for (int i = 0; i < content.length(); i++) {\n+      final int code = content.codePointAt(i);\n+      if (code < 0x80) {\n+        // We leave only ASCII unchanged.\n+        if (code == BACKSLASH) {\n+          // escape backslash\n+          cb.append(\"\\\\\");\n+        }\n+        cb.append(content.charAt(i));\n+      } else {\n+        // Non-ASCII String may cause invalid multibyte char (US-ASCII) error with Ruby 1.9\n+        // because Ruby 1.9 expects you to use ASCII characters in your source code.\n+        // Instead we use Unicode code point representation which is usable with\n+        // Ruby 1.9 and later.\n+        cb.append(String.format(\"\\\\u%04x\", code));\n+      }\n+    }\n+    final String scriptAsString = String.format(\"result = Sass::Engine.new(\\\"%s\\\", {%s}).render\",\n+        cb.toString().replace(\"\\\"\", \"\\\\\\\"\").replace(\"#\", \"\\\\#\"), // escape \", #\n         sb.toString());\n     LOG.debug(\"scriptAsString: {}\", scriptAsString);\n     script.println(scriptAsString);", "@@ -53,4 +53,11 @@ public void shouldProcessValidSass()\n     throws IOException {\n     assertEquals(\"#element #child {\\n  color: red; }\\n\", engine.process(\"#element { #child {color: red;}}\"));\n   }\n+\n+  @Test\n+  public void shouldProcessValidNonAsciiSass()\n+    throws IOException {\n+    assertEquals(\"@charset \\\"UTF-8\\\";\\n#element {\\n  font-family: \\\"\\uFF2D\\uFF33 \\uFF30\\u30B4\\u30B7\\u30C3\\u30AF\\\"; }\\n\",\n+        engine.process(\"#element {font-family: \\\"\\uFF2D\\uFF33 \\uFF30\\u30B4\\u30B7\\u30C3\\u30AF\\\";}\"));\n+  }\n }"], "edit": ["+    System.setProperty(\"org.jruby.embed.compat.version\", \"JRuby1.9\");", "+    final StringBuilder cb = new StringBuilder();", "-    final String scriptAsString = String.format(\"result = Sass::Engine.new('%s', {%s}).render\",", "-        content.replace(\"'\", \"\\\"\"),", "+    final int BACKSLASH = 0x5c;", "+    for (int i = 0; i < content.length(); i++) {", "+      final int code = content.codePointAt(i);", "+      if (code < 0x80) {", "+        // We leave only ASCII unchanged.", "+        if (code == BACKSLASH) {", "+          // escape backslash", "+          cb.append(\"\\\\\");", "+        }", "+        cb.append(content.charAt(i));", "+      } else {", "+        // Non-ASCII String may cause invalid multibyte char (US-ASCII) error with Ruby 1.9", "+        // because Ruby 1.9 expects you to use ASCII characters in your source code.", "+        // Instead we use Unicode code point representation which is usable with", "+        // Ruby 1.9 and later.", "+        cb.append(String.format(\"\\\\u%04x\", code));", "+      }", "+    }", "+    final String scriptAsString = String.format(\"result = Sass::Engine.new(\\\"%s\\\", {%s}).render\",", "+        cb.toString().replace(\"\\\"\", \"\\\\\\\"\").replace(\"#\", \"\\\\#\"), // escape \", #", "+", "+  @Test", "+  public void shouldProcessValidNonAsciiSass()", "+    throws IOException {", "+    assertEquals(\"@charset \\\"UTF-8\\\";\\n#element {\\n  font-family: \\\"\\uFF2D\\uFF33 \\uFF30\\u30B4\\u30B7\\u30C3\\u30AF\\\"; }\\n\",", "+        engine.process(\"#element {font-family: \\\"\\uFF2D\\uFF33 \\uFF30\\u30B4\\u30B7\\u30C3\\u30AF\\\";}\"));", "+  }"], "url": ["https://api.github.com/repos/alexo/wro4j/commits/e96a9e1d78ef7ff9c0b30675aa740001319216a5"]}