{"new_feature": "1577,1,17,193,30,0.71", "commitmessage": "Temporary fixed critical update bug.", "patch": ["@@ -9,7 +9,6 @@\n import android.support.annotation.ColorInt;\n import android.support.annotation.NonNull;\n import android.support.annotation.Nullable;\n-import android.support.annotation.StyleRes;\n import android.support.v7.preference.ListPreference;\n import android.support.v7.preference.Preference;\n import android.support.v7.preference.PreferenceManager;\n@@ -26,6 +25,7 @@\n import com.kabouzeid.gramophone.R;\n import com.kabouzeid.gramophone.ui.activities.base.AbsBaseActivity;\n import com.kabouzeid.gramophone.util.NavigationUtil;\n+import com.kabouzeid.gramophone.util.PreferenceUtil;\n \n import butterknife.Bind;\n import butterknife.ButterKnife;\n@@ -144,7 +144,7 @@ public boolean onPreferenceChange(Preference preference, @NonNull Object o) {\n                 public boolean onPreferenceChange(Preference preference, @NonNull Object o) {\n                     setSummary(generalTheme, o);\n                     ThemeStore.editTheme(getActivity())\n-                            .activityTheme(getThemeResFromPrefValue((String) o))\n+                            .activityTheme(PreferenceUtil.getThemeResFromPrefValue((String) o))\n                             .commit();\n                     getActivity().recreate();\n                     return true;\n@@ -231,18 +231,5 @@ private boolean hasEqualizer() {\n             ResolveInfo ri = pm.resolveActivity(effects, 0);\n             return ri != null;\n         }\n-\n-        @StyleRes\n-        public int getThemeResFromPrefValue(String themePrefValue) {\n-            switch (themePrefValue) {\n-                case \"dark\":\n-                    return R.style.Theme_Phonograph;\n-                case \"black\":\n-                    return R.style.Theme_Phonograph_Black;\n-                case \"light\":\n-                default:\n-                    return R.style.Theme_Phonograph_Light;\n-            }\n-        }\n     }\n }", "@@ -12,6 +12,7 @@\n import com.kabouzeid.appthemehelper.util.ColorUtil;\n import com.kabouzeid.appthemehelper.util.MaterialDialogsUtil;\n import com.kabouzeid.gramophone.R;\n+import com.kabouzeid.gramophone.util.PreferenceUtil;\n import com.kabouzeid.gramophone.util.Util;\n \n /**\n@@ -30,6 +31,7 @@ protected void onCreate(Bundle savedInstanceState) {\n                     .accentColorRes(R.color.pink_A400)\n                     .commit();\n         }\n+        getSharedPreferences(\"[[kabouzeid_app-theme-helper]]\", 0).edit().putInt(\"activity_theme\", PreferenceUtil.getInstance(this).getGeneralTheme()).commit(); // TEMPORARY FIX\n         super.onCreate(savedInstanceState);\n         MaterialDialogsUtil.updateMaterialDialogsThemeSingleton(this);\n     }", "@@ -5,6 +5,7 @@\n import android.content.SharedPreferences;\n import android.preference.PreferenceManager;\n import android.support.annotation.NonNull;\n+import android.support.annotation.StyleRes;\n import android.support.v4.content.ContextCompat;\n \n import com.kabouzeid.gramophone.R;\n@@ -100,20 +101,20 @@ public void setGeneralTheme(Context context, String value) {\n     }\n \n     public int getGeneralTheme() {\n-        try {\n-            int value = Integer.parseInt(mPreferences.getString(GENERAL_THEME, \"0\"));\n-            switch (value) {\n-                case 0:\n-                    return R.style.Theme_Phonograph_Light;\n-                case 1:\n-                    return R.style.Theme_Phonograph;\n-                case 2:\n-                    return R.style.Theme_Phonograph_Black;\n-            }\n-        } catch (NumberFormatException ignored) {\n+        return getThemeResFromPrefValue(mPreferences.getString(GENERAL_THEME, \"\"));\n+    }\n+\n+    @StyleRes\n+    public static int getThemeResFromPrefValue(String themePrefValue) {\n+        switch (themePrefValue) {\n+            case \"dark\":\n+                return R.style.Theme_Phonograph;\n+            case \"black\":\n+                return R.style.Theme_Phonograph_Black;\n+            case \"light\":\n+            default:\n+                return R.style.Theme_Phonograph_Light;\n         }\n-\n-        return R.style.Theme_Phonograph_Light;\n     }\n \n     public int getThemeColorPrimary(Context context) {"], "edit": ["-import android.support.annotation.StyleRes;", "+import com.kabouzeid.gramophone.util.PreferenceUtil;", "-                            .activityTheme(getThemeResFromPrefValue((String) o))", "+                            .activityTheme(PreferenceUtil.getThemeResFromPrefValue((String) o))", "-", "-        @StyleRes", "-        public int getThemeResFromPrefValue(String themePrefValue) {", "-            switch (themePrefValue) {", "-                case \"dark\":", "-                    return R.style.Theme_Phonograph;", "-                case \"black\":", "-                    return R.style.Theme_Phonograph_Black;", "-                case \"light\":", "-                default:", "-                    return R.style.Theme_Phonograph_Light;", "-            }", "-        }", "+import com.kabouzeid.gramophone.util.PreferenceUtil;", "+        getSharedPreferences(\"[[kabouzeid_app-theme-helper]]\", 0).edit().putInt(\"activity_theme\", PreferenceUtil.getInstance(this).getGeneralTheme()).commit(); // TEMPORARY FIX", "+import android.support.annotation.StyleRes;", "-        try {", "-            int value = Integer.parseInt(mPreferences.getString(GENERAL_THEME, \"0\"));", "-            switch (value) {", "-                case 0:", "-                    return R.style.Theme_Phonograph_Light;", "-                case 1:", "-                    return R.style.Theme_Phonograph;", "-                case 2:", "-                    return R.style.Theme_Phonograph_Black;", "-            }", "-        } catch (NumberFormatException ignored) {", "+        return getThemeResFromPrefValue(mPreferences.getString(GENERAL_THEME, \"\"));", "+    }", "+", "+    @StyleRes", "+    public static int getThemeResFromPrefValue(String themePrefValue) {", "+        switch (themePrefValue) {", "+            case \"dark\":", "+                return R.style.Theme_Phonograph;", "+            case \"black\":", "+                return R.style.Theme_Phonograph_Black;", "+            case \"light\":", "+            default:", "+                return R.style.Theme_Phonograph_Light;", "-", "-        return R.style.Theme_Phonograph_Light;"], "url": ["https://api.github.com/repos/AdrienPoupa/VinylMusicPlayer/commits/ea78a3e117a293cbc33111e63817e7ad272da9b8"]}