{"new_feature": "2146,31,17,479,17,0.65", "commitmessage": "fix findbugs", "patch": ["@@ -12,7 +12,7 @@\n \n     public static final byte PROTOCOL_VERSION = 10;\n \n-    private static byte[] serverVersion = \"5.6.29-dble-9.9.9.9-cdc6a94-20180706181007\".getBytes();\n+    private static byte[] serverVersion = \"5.6.29-dble-9.9.9.9-0f1666c-20180823180745\".getBytes();\n     public static final byte[] VERSION_COMMENT = \"dble Server (ActionTech)\".getBytes();\n     public static final String ANNOTATION_NAME = \"dble:\";\n     public static final String ROOT_PREFIX = \"dble\";", "@@ -57,8 +57,10 @@ public void run() {\n                 }\n                 writeLog(log);\n                 logSize++;\n-                if ((logSize - lastLogSize) % SlowQueryLog.getInstance().getFlushSize() == 0) {\n-                    flushLog();\n+                synchronized (this) {\n+                    if ((logSize - lastLogSize) % SlowQueryLog.getInstance().getFlushSize() == 0) {\n+                        flushLog();\n+                    }\n                 }\n             }\n             // disable slow_query_log, end task\n@@ -88,7 +90,7 @@ private synchronized void writeLog(SlowQueryLogEntry log) throws IOException {\n         store.write(buffer);\n     }\n \n-    private synchronized void flushLog() {\n+    private void flushLog() {\n         if (logSize == lastLogSize) {\n             return;\n         }\n@@ -105,7 +107,9 @@ private Runnable flushLogTask() {\n         return new Runnable() {\n             @Override\n             public void run() {\n-                flushLog();\n+                synchronized (this) {\n+                    flushLog();\n+                }\n             }\n         };\n     }", "@@ -37,12 +37,13 @@ public long getTimestamp() {\n \n     @Override\n     public Object clone() {\n-        TraceRecord obj = null;\n+        TraceRecord obj;\n         try {\n             obj = (TraceRecord) super.clone();\n+            return obj;\n         } catch (Exception e) {\n             LOGGER.warn(\"clone TraceRecord error\", e);\n+            throw new AssertionError(e.getMessage());\n         }\n-        return obj;\n     }\n }", "@@ -439,7 +439,7 @@ public String getOverAllSecond() {\n \n     @Override\n     public Object clone() {\n-        TraceResult tr = null;\n+        TraceResult tr;\n         try {\n             tr = (TraceResult) super.clone();\n             tr.simpleHandler = this.simpleHandler;\n@@ -462,9 +462,10 @@ public Object clone() {\n             tr.recordStartMap.putAll(this.recordStartMap);\n             tr.recordEndMap = new ConcurrentHashMap<>();\n             tr.recordEndMap.putAll(this.recordEndMap);\n+            return tr;\n         } catch (Exception e) {\n             LOGGER.warn(\"clone TraceResult error\", e);\n+            throw new AssertionError(e.getMessage());\n         }\n-        return tr;\n     }\n }"], "edit": ["-    private static byte[] serverVersion = \"5.6.29-dble-9.9.9.9-cdc6a94-20180706181007\".getBytes();", "+    private static byte[] serverVersion = \"5.6.29-dble-9.9.9.9-0f1666c-20180823180745\".getBytes();", "-                if ((logSize - lastLogSize) % SlowQueryLog.getInstance().getFlushSize() == 0) {", "-                    flushLog();", "+                synchronized (this) {", "+                    if ((logSize - lastLogSize) % SlowQueryLog.getInstance().getFlushSize() == 0) {", "+                        flushLog();", "+                    }", "-    private synchronized void flushLog() {", "+    private void flushLog() {", "-                flushLog();", "+                synchronized (this) {", "+                    flushLog();", "+                }", "-        TraceRecord obj = null;", "+        TraceRecord obj;", "+            return obj;", "+            throw new AssertionError(e.getMessage());", "-        return obj;", "-        TraceResult tr = null;", "+        TraceResult tr;", "+            return tr;", "+            throw new AssertionError(e.getMessage());", "-        return tr;"], "url": ["https://api.github.com/repos/actiontech/dble/commits/ea95ce37224bf2b2d0b0d812b86793a4a6464102"]}