{"new_feature": "2276,1,0,88,30,0.03", "commitmessage": "fix context of logs in AIMSICD and DebugLogs\n\nsome levels of loggins were too high for their purpose", "patch": ["@@ -590,7 +590,7 @@ public void onBackPressed() {\n                     mAimsicdService.stopSmsTracking();\n                 }\n             } catch (Exception ee) {\n-                System.out.println(\"Error: Stopping SMS detection\");\n+                Log.e(TAG, \"Error: Stopping SMS detection : \" + ee.getMessage());\n             }\n             // Close database on Exit\n             Log.i(TAG, \"Closing db from onBackPressed()\");", "@@ -61,8 +61,7 @@\n \n public class DebugLogs extends BaseActivity {\n \n-    private static final String TAG = \"AIMSICD\";\n-    private static final String mTAG = \"DebugLogs\";\n+    private static final String TAG = \"DebugLogs\";\n \n     private LogUpdaterThread logUpdater = null;\n     private boolean updateLogs = true;\n@@ -72,7 +71,6 @@\n     private Button btnClear = null;\n     private Button btnCopy = null;\n     private Button btnStop = null;\n-    //private Button btnRadio = null;\n \n     @Override\n     public void onCreate(Bundle savedInstanceState) {\n@@ -98,9 +96,9 @@ public void run() {\n             public void onClick(View view) {\n                 try {\n                     clearLogs();\n-                    //Log.d(\"DebugLogs\", \"Logcat clearing disabled!\");\n-                } catch (Exception e) {\n-                    Log.e(TAG, mTAG + \": Error clearing logs\", e);\n+                } catch (IOException e) {\n+                    Log.e(TAG, \"Error clearing logs\", e);\n+\n                 }\n             }\n         });\n@@ -159,12 +157,10 @@ protected void onResume() {\n \n     private void startLogging() {\n         updateLogs = true;\n-        try {\n-            logUpdater = new LogUpdaterThread();\n-            logUpdater.start();\n-        } catch (Exception e) {\n-            Log.e(TAG, mTAG + \": Error starting log updater thread\", e);\n-        }\n+\n+        logUpdater = new LogUpdaterThread();\n+        logUpdater.start();\n+\n         btnStop.setText(getString(R.string.btn_stop_logs));\n     }\n \n@@ -216,7 +212,7 @@ public void run() {\n                     intent.putExtra(Intent.EXTRA_TEXT, log);\n                     startActivity(Intent.createChooser(intent, \"Send Error Log\"));\n                 } catch (IOException e) {\n-                    Log.e(TAG, mTAG + \": Error reading logs\", e);\n+                    Log.e(TAG, \"Error reading logs\", e);\n                 }\n             }\n         }.start();\n@@ -305,8 +301,8 @@ private void clearLogs() throws IOException {\n             public void run() {\n                 try {\n                     Runtime.getRuntime().exec(\"logcat -c -b main -b system -b radio -b events\");\n-                } catch (Exception e) {\n-                    Log.e(TAG, mTAG + \": Error clearing logs\", e);\n+                } catch (IOException e) {\n+                    Log.e(TAG, \"Error clearing logs\", e);\n                 }\n \n                 runOnUiThread(new Runnable() {\n@@ -344,10 +340,14 @@ public void run() {\n                             }\n                         });\n                     }\n-                } catch (Exception e) {\n-                    Log.e(TAG, mTAG + \": Error updating logs\", e);\n+                } catch (IOException e) {\n+                    Log.w(TAG, \"Error updating logs\", e);\n+                }\n+                try {\n+                    Thread.sleep(1000);\n+                } catch (InterruptedException e) {\n+                    Log.w(TAG, \"Thread was interrupted\", e);\n                 }\n-                try { Thread.sleep(1000); } catch (Exception e) {}\n             }\n         }\n     }"], "edit": ["-                System.out.println(\"Error: Stopping SMS detection\");", "+                Log.e(TAG, \"Error: Stopping SMS detection : \" + ee.getMessage());", "-    private static final String TAG = \"AIMSICD\";", "-    private static final String mTAG = \"DebugLogs\";", "+    private static final String TAG = \"DebugLogs\";", "-    //private Button btnRadio = null;", "-                    //Log.d(\"DebugLogs\", \"Logcat clearing disabled!\");", "-                } catch (Exception e) {", "-                    Log.e(TAG, mTAG + \": Error clearing logs\", e);", "+                } catch (IOException e) {", "+                    Log.e(TAG, \"Error clearing logs\", e);", "+", "-        try {", "-            logUpdater = new LogUpdaterThread();", "-            logUpdater.start();", "-        } catch (Exception e) {", "-            Log.e(TAG, mTAG + \": Error starting log updater thread\", e);", "-        }", "+", "+        logUpdater = new LogUpdaterThread();", "+        logUpdater.start();", "+", "-                    Log.e(TAG, mTAG + \": Error reading logs\", e);", "+                    Log.e(TAG, \"Error reading logs\", e);", "-                } catch (Exception e) {", "-                    Log.e(TAG, mTAG + \": Error clearing logs\", e);", "+                } catch (IOException e) {", "+                    Log.e(TAG, \"Error clearing logs\", e);", "-                } catch (Exception e) {", "-                    Log.e(TAG, mTAG + \": Error updating logs\", e);", "+                } catch (IOException e) {", "+                    Log.w(TAG, \"Error updating logs\", e);", "+                }", "+                try {", "+                    Thread.sleep(1000);", "+                } catch (InterruptedException e) {", "+                    Log.w(TAG, \"Thread was interrupted\", e);", "-                try { Thread.sleep(1000); } catch (Exception e) {}"], "url": ["https://api.github.com/repos/5GSD/AIMSICDL/commits/ec66705b1e40137612dcd53a70769fd8332302f5"]}