{"new_feature": "77,1,5,87,1,1.00", "commitmessage": "Adding reason of crash in crash detail page", "patch": ["@@ -49,6 +49,7 @@ public void shouldRenderCrashDetails() throws Exception {\n     rule.launchActivity(intent);\n \n     onView(withText(\"com.singhajit.Sherlock:10\")).check(matches(isDisplayed()));\n+    onView(withText(\"Reason of crash\")).check(matches(isDisplayed()));\n     onView(withText(stackTrace)).check(matches(isDisplayed()));\n   }\n }\n\\ No newline at end of file", "@@ -21,6 +21,10 @@ public String getExactLocationOfCrash() {\n     return crash.getPlace();\n   }\n \n+  public String getReasonOfCrash() {\n+    return crash.getReason();\n+  }\n+\n   public String getStackTrace() {\n     return crash.getStackTrace();\n   }", "@@ -56,15 +56,31 @@\n           android:elevation=\"2dp\"\n           app:cardElevation=\"2dp\">\n \n-          <TextView\n-            android:layout_width=\"wrap_content\"\n+          <LinearLayout\n+            android:layout_width=\"match_parent\"\n             android:layout_height=\"wrap_content\"\n-            android:layout_margin=\"10dp\"\n-            android:text=\"@{viewModel.exactLocationOfCrash}\"\n-            android:textColor=\"@color/colorAccent\"\n-            android:textSize=\"15sp\"\n-            android:textStyle=\"bold\"\n-            tools:text=\"Place of crash\"/>\n+            android:orientation=\"vertical\">\n+\n+            <TextView\n+              android:layout_width=\"wrap_content\"\n+              android:layout_height=\"wrap_content\"\n+              android:layout_margin=\"10dp\"\n+              android:text=\"@{viewModel.exactLocationOfCrash}\"\n+              android:textColor=\"@color/colorAccent\"\n+              android:textSize=\"15sp\"\n+              android:textStyle=\"bold\"\n+              tools:text=\"Place of crash\"/>\n+\n+            <TextView\n+              android:layout_width=\"wrap_content\"\n+              android:layout_height=\"wrap_content\"\n+              android:layout_margin=\"10dp\"\n+              android:layout_marginTop=\"10dp\"\n+              android:text=\"@{viewModel.reasonOfCrash}\"\n+              android:textColor=\"@color/cardview_dark_background\"\n+              android:textSize=\"15sp\"\n+              tools:text=\"Reason of crash\"/>\n+          </LinearLayout>\n         </android.support.v7.widget.CardView>\n \n         <android.support.v7.widget.CardView\n@@ -78,12 +94,13 @@\n           <LinearLayout\n             android:layout_width=\"match_parent\"\n             android:layout_height=\"wrap_content\"\n+            android:layout_margin=\"10dp\"\n             android:orientation=\"vertical\">\n \n             <TextView\n               android:layout_width=\"wrap_content\"\n               android:layout_height=\"wrap_content\"\n-              android:layout_margin=\"10dp\"\n+              android:layout_marginBottom=\"10dp\"\n               android:text=\"@string/stack_trace\"\n               android:textColor=\"@color/colorAccent\"\n               android:textSize=\"15sp\"\n@@ -96,7 +113,8 @@\n \n               <HorizontalScrollView\n                 android:layout_width=\"fill_parent\"\n-                android:layout_height=\"fill_parent\">\n+                android:layout_height=\"fill_parent\"\n+                android:layout_marginTop=\"10dp\">\n \n                 <TextView\n                   android:layout_width=\"40dp\""], "edit": ["+    onView(withText(\"Reason of crash\")).check(matches(isDisplayed()));", "+  public String getReasonOfCrash() {", "+    return crash.getReason();", "+  }", "+", "-          <TextView", "-            android:layout_width=\"wrap_content\"", "+          <LinearLayout", "+            android:layout_width=\"match_parent\"", "-            android:layout_margin=\"10dp\"", "-            android:text=\"@{viewModel.exactLocationOfCrash}\"", "-            android:textColor=\"@color/colorAccent\"", "-            android:textSize=\"15sp\"", "-            android:textStyle=\"bold\"", "-            tools:text=\"Place of crash\"/>", "+            android:orientation=\"vertical\">", "+", "+            <TextView", "+              android:layout_width=\"wrap_content\"", "+              android:layout_height=\"wrap_content\"", "+              android:layout_margin=\"10dp\"", "+              android:text=\"@{viewModel.exactLocationOfCrash}\"", "+              android:textColor=\"@color/colorAccent\"", "+              android:textSize=\"15sp\"", "+              android:textStyle=\"bold\"", "+              tools:text=\"Place of crash\"/>", "+", "+            <TextView", "+              android:layout_width=\"wrap_content\"", "+              android:layout_height=\"wrap_content\"", "+              android:layout_margin=\"10dp\"", "+              android:layout_marginTop=\"10dp\"", "+              android:text=\"@{viewModel.reasonOfCrash}\"", "+              android:textColor=\"@color/cardview_dark_background\"", "+              android:textSize=\"15sp\"", "+              tools:text=\"Reason of crash\"/>", "+          </LinearLayout>", "+            android:layout_margin=\"10dp\"", "-              android:layout_margin=\"10dp\"", "+              android:layout_marginBottom=\"10dp\"", "-                android:layout_height=\"fill_parent\">", "+                android:layout_height=\"fill_parent\"", "+                android:layout_marginTop=\"10dp\">"], "url": ["https://api.github.com/repos/ajitsing/Sherlock/commits/ed7d206d72f0546b6af50ea01641593eb876ae6b"]}