{"new_feature": "2146,31,17,479,17,0.65", "commitmessage": "fix bug:alter table add index without index name", "patch": ["@@ -604,9 +604,9 @@ private void createIndex(String schema, SQLCreateIndexStatement statement, boole\n \t\t\t\tString indexName = StringUtil.removeBackQuote(statement.getName().getSimpleName());\n \t\t\t\tTableMeta.Builder tmBuilder = orgTbMeta.toBuilder();\n \t\t\t\tif (statement.getType() == null) {\n-\t\t\t\t\taddIndex(indexName, tmBuilder, MetaHelper.INDEX_TYPE.MUL, statement.getItems());\n+\t\t\t\t\taddIndex(indexName, tmBuilder, MetaHelper.INDEX_TYPE.MUL, itemsToColumns(statement.getItems()));\n \t\t\t\t} else if (statement.getType().equals(\"UNIQUE\")) {\n-\t\t\t\t\taddIndex(indexName, tmBuilder, MetaHelper.INDEX_TYPE.UNI, statement.getItems());\n+\t\t\t\t\taddIndex(indexName, tmBuilder, MetaHelper.INDEX_TYPE.UNI, itemsToColumns(statement.getItems()));\n \t\t\t\t}\n \t\t\t} catch (Exception e) {\n \t\t\t\tLOGGER.warn(\"updateMetaData failed,sql is\" + statement.toString(), e);\n@@ -616,19 +616,30 @@ private void createIndex(String schema, SQLCreateIndexStatement statement, boole\n \t\t}\n \t}\n \tprivate void addIndex(TableMeta.Builder tmBuilder, SQLAlterTableAddIndex addIndex) {\n-\t\tString indexName = StringUtil.removeBackQuote(addIndex.getName().getSimpleName());\n+\t\tList<SQLExpr> columnExprs = itemsToColumns(addIndex.getItems());\n+\t\tSet<String> indexNames = null;\n+\t\tif (addIndex.getName() == null) {\n+\t\t\tindexNames = new HashSet<>();\n+\t\t\tfor (IndexMeta index : tmBuilder.getIndexList()) {\n+\t\t\t\tindexNames.add(index.getName());\n+\t\t\t}\n+\t\t}\n+\t\tString indexName = MetaHelper.genIndexName(addIndex.getName(), columnExprs, indexNames);\n \t\tif (addIndex.isUnique()) {\n-\t\t\taddIndex(indexName, tmBuilder, MetaHelper.INDEX_TYPE.UNI, addIndex.getItems());\n+\t\t\taddIndex(indexName, tmBuilder, MetaHelper.INDEX_TYPE.UNI, columnExprs);\n \t\t} else {\n-\t\t\taddIndex(indexName, tmBuilder, MetaHelper.INDEX_TYPE.MUL, addIndex.getItems());\n+\t\t\taddIndex(indexName, tmBuilder, MetaHelper.INDEX_TYPE.MUL, columnExprs);\n \t\t}\n \t}\n-\n-\tprivate void addIndex(String indexName, TableMeta.Builder tmBuilder, INDEX_TYPE indexType, List<SQLSelectOrderByItem> items){\n+\tprivate List<SQLExpr> itemsToColumns(List<SQLSelectOrderByItem> items){\n \t\tList<SQLExpr> columnExprs = new ArrayList<SQLExpr>();\n \t\tfor (SQLSelectOrderByItem item :items) {\n \t\t\tcolumnExprs.add(item.getExpr());\n \t\t}\n+\t\treturn columnExprs;\n+\t}\n+\tprivate void addIndex(String indexName, TableMeta.Builder tmBuilder, INDEX_TYPE indexType, List<SQLExpr> columnExprs){\n+\n \t\tIndexMeta indexMeta = MetaHelper.makeIndexMeta(indexName, indexType, columnExprs);\n \t\ttmBuilder.addIndex(indexMeta);\n \t}", "@@ -74,7 +74,7 @@ public static TableMeta initTableMeta(String table, SQLCreateTableStatement crea\n \t\treturn tmBuilder.build();\n \t}\n \n-\tprivate static String genIndexName(SQLName srcIndexName, List<SQLExpr> columnExprs, Set<String> indexNames){\n+\tpublic static String genIndexName(SQLName srcIndexName, List<SQLExpr> columnExprs, Set<String> indexNames){\n \t\tString indexName = null;\n \t\tif (srcIndexName != null) {\n \t\t\tindexName = StringUtil.removeBackQuote(srcIndexName.getSimpleName());"], "edit": ["-\t\t\t\t\taddIndex(indexName, tmBuilder, MetaHelper.INDEX_TYPE.MUL, statement.getItems());", "+\t\t\t\t\taddIndex(indexName, tmBuilder, MetaHelper.INDEX_TYPE.MUL, itemsToColumns(statement.getItems()));", "-\t\t\t\t\taddIndex(indexName, tmBuilder, MetaHelper.INDEX_TYPE.UNI, statement.getItems());", "+\t\t\t\t\taddIndex(indexName, tmBuilder, MetaHelper.INDEX_TYPE.UNI, itemsToColumns(statement.getItems()));", "-\t\tString indexName = StringUtil.removeBackQuote(addIndex.getName().getSimpleName());", "+\t\tList<SQLExpr> columnExprs = itemsToColumns(addIndex.getItems());", "+\t\tSet<String> indexNames = null;", "+\t\tif (addIndex.getName() == null) {", "+\t\t\tindexNames = new HashSet<>();", "+\t\t\tfor (IndexMeta index : tmBuilder.getIndexList()) {", "+\t\t\t\tindexNames.add(index.getName());", "+\t\t\t}", "+\t\t}", "+\t\tString indexName = MetaHelper.genIndexName(addIndex.getName(), columnExprs, indexNames);", "-\t\t\taddIndex(indexName, tmBuilder, MetaHelper.INDEX_TYPE.UNI, addIndex.getItems());", "+\t\t\taddIndex(indexName, tmBuilder, MetaHelper.INDEX_TYPE.UNI, columnExprs);", "-\t\t\taddIndex(indexName, tmBuilder, MetaHelper.INDEX_TYPE.MUL, addIndex.getItems());", "+\t\t\taddIndex(indexName, tmBuilder, MetaHelper.INDEX_TYPE.MUL, columnExprs);", "-", "-\tprivate void addIndex(String indexName, TableMeta.Builder tmBuilder, INDEX_TYPE indexType, List<SQLSelectOrderByItem> items){", "+\tprivate List<SQLExpr> itemsToColumns(List<SQLSelectOrderByItem> items){", "+\t\treturn columnExprs;", "+\t}", "+\tprivate void addIndex(String indexName, TableMeta.Builder tmBuilder, INDEX_TYPE indexType, List<SQLExpr> columnExprs){", "+", "-\tprivate static String genIndexName(SQLName srcIndexName, List<SQLExpr> columnExprs, Set<String> indexNames){", "+\tpublic static String genIndexName(SQLName srcIndexName, List<SQLExpr> columnExprs, Set<String> indexNames){"], "url": ["https://api.github.com/repos/actiontech/dble/commits/ede9a89985614dafc1ccbfc7fbd10cbff44c9d5d"]}