{"new_feature": "1577,1,17,193,30,0.71", "commitmessage": "Probably finally fixed the double notification bug.", "patch": ["@@ -45,7 +45,7 @@\n \n     private final NotificationManager notificationManager;\n     private Notification notification;\n-    private int notificationId = hashCode();\n+    private int notificationId = 1;\n \n     private RemoteViews notificationLayout;\n     private RemoteViews notificationLayoutBig;\n@@ -262,7 +262,9 @@ public void updatePlayState(final boolean setPlaying) {\n         if (notificationLayoutBig != null) {\n             notificationLayoutBig.setImageViewResource(R.id.action_play_pause, playPauseRes);\n         }\n-        notificationManager.notify(notificationId, notification);\n+        if (notification != null) {\n+            notificationManager.notify(notificationId, notification);\n+        }\n     }\n \n     private void setNotificationTextDark(boolean setDark) {", "@@ -879,7 +879,11 @@ private void handleChange(@NonNull final String what) {\n                 break;\n             case QUEUE_CHANGED:\n                 saveState();\n-                prepareNext();\n+                if (playingQueue.size() > 0) {\n+                    prepareNext();\n+                } else {\n+                    playingNotificationHelper.killNotification();\n+                }\n                 break;\n         }\n     }", "@@ -153,14 +153,12 @@ public void hideBottomBar(final boolean hide) {\n             @Override\n             public void run() {\n                 if (hide) {\n+                    playerFragment.onBackPressed();\n                     slidingUpPanelLayout.setPanelHeight(0);\n-                    if (slidingUpPanelLayout.getPanelState() != SlidingUpPanelLayout.PanelState.COLLAPSED) {\n-                        slidingUpPanelLayout.setPanelState(SlidingUpPanelLayout.PanelState.COLLAPSED);\n-                    }\n+                    slidingUpPanelLayout.setPanelState(SlidingUpPanelLayout.PanelState.COLLAPSED);\n                 } else {\n                     slidingUpPanelLayout.setPanelHeight(getResources().getDimensionPixelSize(R.dimen.mini_player_height));\n                 }\n-\n             }\n         });\n     }"], "edit": ["-    private int notificationId = hashCode();", "+    private int notificationId = 1;", "-        notificationManager.notify(notificationId, notification);", "+        if (notification != null) {", "+            notificationManager.notify(notificationId, notification);", "+        }", "-                prepareNext();", "+                if (playingQueue.size() > 0) {", "+                    prepareNext();", "+                } else {", "+                    playingNotificationHelper.killNotification();", "+                }", "+                    playerFragment.onBackPressed();", "-                    if (slidingUpPanelLayout.getPanelState() != SlidingUpPanelLayout.PanelState.COLLAPSED) {", "-                        slidingUpPanelLayout.setPanelState(SlidingUpPanelLayout.PanelState.COLLAPSED);", "-                    }", "+                    slidingUpPanelLayout.setPanelState(SlidingUpPanelLayout.PanelState.COLLAPSED);", "-"], "url": ["https://api.github.com/repos/AdrienPoupa/VinylMusicPlayer/commits/ee1e0d4267e1b6ed0fa5b63b790e3f466bec4e39"]}