{"new_feature": "2146,31,17,479,17,0.65", "commitmessage": "fix lowerCaseName", "patch": ["@@ -5,6 +5,7 @@\n \n package com.actiontech.dble.route.parser.druid;\n \n+import com.actiontech.dble.DbleServer;\n import com.actiontech.dble.route.parser.druid.sql.visitor.ActionSQLEvalVisitorUtils;\n import com.actiontech.dble.route.util.RouterUtil;\n import com.alibaba.druid.sql.ast.SQLExpr;\n@@ -124,10 +125,10 @@ public boolean visit(SQLSelectItem x) {\n         //                    isSelf = StringUtil.equals(alias, itemName);\n         //                }\n         //                if (!isSelf) {\n-        //                    putAliasMap(aliasMap, alias, x.getExpr().toString());\n+        //                    putAliasToMap(aliasMap, alias, x.getExpr().toString());\n         //                }\n         //            } else {\n-        //                putAliasMap(aliasMap, alias, null);\n+        //                putAliasToMap(aliasMap, alias, null);\n         //            }\n         //        }\n         return false;\n@@ -308,11 +309,11 @@ public boolean visit(SQLExprTableSource x) {\n             if (aliasMap != null) {\n                 String alias = x.getAlias();\n                 if (alias != null && !aliasMap.containsKey(alias)) {\n-                    putAliasMap(aliasMap, alias, ident);\n+                    putAliasToMap(aliasMap, alias, ident);\n                 }\n \n                 if (!aliasMap.containsKey(ident)) {\n-                    putAliasMap(aliasMap, ident, ident);\n+                    putAliasToMap(aliasMap, ident, ident);\n                 }\n             }\n         } else {\n@@ -321,6 +322,8 @@ public boolean visit(SQLExprTableSource x) {\n         return false;\n     }\n \n+\n+\n     @Override\n     public boolean visit(SQLSelect x) {\n         if (x.getOrderBy() != null) {\n@@ -787,4 +790,13 @@ private boolean isUnaryParentEffect(SQLBinaryOpExpr x) {\n         return false;\n     }\n \n+    private void putAliasToMap(Map<String, String> aliasMap, String name, String value) {\n+        if (aliasMap != null && name != null) {\n+            if (DbleServer.getInstance().getSystemVariables().isLowerCaseTableNames()) {\n+                name = name.toLowerCase();\n+            }\n+            aliasMap.put(name, value);\n+        }\n+    }\n+\n }", "@@ -99,8 +99,10 @@ private static PackageBufINf writeTablesHeaderAndRows(ByteBuffer buffer, ServerC\n \n         for (String name : tableMap.keySet()) {\n             RowDataPacket row = new RowDataPacket(fieldCount);\n-\n-            row.add(StringUtil.encode(name.toLowerCase(), c.getCharset().getResults()));\n+            if (DbleServer.getInstance().getSystemVariables().isLowerCaseTableNames()) {\n+                name = name.toLowerCase();\n+            }\n+            row.add(StringUtil.encode(name, c.getCharset().getResults()));\n             row.add(StringUtil.encode(\"InnoDB\", c.getCharset().getResults()));\n             row.add(StringUtil.encode(\"10\", c.getCharset().getResults()));\n             row.add(StringUtil.encode(\"Compact\", c.getCharset().getResults()));", "@@ -204,7 +204,10 @@ public static PackageBufINf writeTablesHeaderAndRows(ByteBuffer buffer, ServerCo\n         eof.write(buffer, c, true);\n         for (String name : tableMap.keySet()) {\n             RowDataPacket row = new RowDataPacket(fieldCount);\n-            row.add(StringUtil.encode(name.toLowerCase(), c.getCharset().getResults()));\n+            if (DbleServer.getInstance().getSystemVariables().isLowerCaseTableNames()) {\n+                name = name.toLowerCase();\n+            }\n+            row.add(StringUtil.encode(name, c.getCharset().getResults()));\n             row.setPacketId(++packetId);\n             buffer = row.write(buffer, c, true);\n         }"], "edit": ["+import com.actiontech.dble.DbleServer;", "-        //                    putAliasMap(aliasMap, alias, x.getExpr().toString());", "+        //                    putAliasToMap(aliasMap, alias, x.getExpr().toString());", "-        //                putAliasMap(aliasMap, alias, null);", "+        //                putAliasToMap(aliasMap, alias, null);", "-                    putAliasMap(aliasMap, alias, ident);", "+                    putAliasToMap(aliasMap, alias, ident);", "-                    putAliasMap(aliasMap, ident, ident);", "+                    putAliasToMap(aliasMap, ident, ident);", "+", "+", "+    private void putAliasToMap(Map<String, String> aliasMap, String name, String value) {", "+        if (aliasMap != null && name != null) {", "+            if (DbleServer.getInstance().getSystemVariables().isLowerCaseTableNames()) {", "+                name = name.toLowerCase();", "+            }", "+            aliasMap.put(name, value);", "+        }", "+    }", "+", "-", "-            row.add(StringUtil.encode(name.toLowerCase(), c.getCharset().getResults()));", "+            if (DbleServer.getInstance().getSystemVariables().isLowerCaseTableNames()) {", "+                name = name.toLowerCase();", "+            }", "+            row.add(StringUtil.encode(name, c.getCharset().getResults()));", "-            row.add(StringUtil.encode(name.toLowerCase(), c.getCharset().getResults()));", "+            if (DbleServer.getInstance().getSystemVariables().isLowerCaseTableNames()) {", "+                name = name.toLowerCase();", "+            }", "+            row.add(StringUtil.encode(name, c.getCharset().getResults()));"], "url": ["https://api.github.com/repos/actiontech/dble/commits/efab321839319a51c5d13f27b7352b2788823f1c"]}