{"new_feature": "1029,4,0,66,10,0.62", "commitmessage": "Issue#88\nTag search and sort functionality were out of sync. Fixed it.", "patch": ["@@ -17,7 +17,7 @@\n  * your own identifying information:\n  * \"Portions Copyrighted [year] [name of copyright owner]\"\n  *\n- * $Id: Results.java,v 1.6 2009/06/23 18:34:08 sheetalpatil Exp $\n+ * $Id: Results.java,v 1.7 2009/06/23 21:35:58 sheetalpatil Exp $\n  *\n  * Copyright 2005 Sun Microsystems Inc. All Rights Reserved\n  */\n@@ -83,6 +83,7 @@ public String list(HttpServletRequest req, HttpServletResponse resp)\n                 b.append(tagName);\n             }\n             feedURL = b.toString();\n+            req.setAttribute(\"tagInSearch\", tag);\n         } else if (col >= 0 && col < 8) {\n             resultTable = RunResult.getResultTable(usrEnv.getSubject(), col, sortDirection.trim());\n         } else {", "@@ -19,7 +19,7 @@\n  * your own identifying information:\n  * \"Portions Copyrighted [year] [name of copyright owner]\"\n  *\n- * $Id: resultlist.jsp,v 1.23 2009/06/23 18:21:19 sheetalpatil Exp $\n+ * $Id: resultlist.jsp,v 1.24 2009/06/23 21:35:58 sheetalpatil Exp $\n  *\n  * Copyright 2005 Sun Microsystems Inc. All Rights Reserved\n  */\n@@ -38,6 +38,7 @@\n     response.setHeader(\"Cache-Control\", \"no-cache\");\n     SortableTableModel resultTable = (SortableTableModel)request.getAttribute(\"table.model\");\n     String feedURL = (String)request.getAttribute(\"feedURL\");\n+    String tagInSearch = (String)request.getAttribute(\"tagInSearch\");\n     String sortDirection = \"DESCENDING\";\n     //String sort = \"<img src=/img/sort_desc.gif></img>\";\n     int rows;\n@@ -92,8 +93,11 @@\n                   }else if(resultTable.getSortDirection() == SortDirection.ASCENDING){\n                       sortDirection = \"DESCENDING\";\n                   }\n+                  String sortLink = \"/controller/results/list?sortColumn=\" + i + \"&sortDirection=\" + sortDirection.trim();\n+                  if(tagInSearch != null && tagInSearch.length() > 0)\n+                      sortLink = \"/controller/results/list?inputtag=\"+ tagInSearch.trim() +\"&sortColumn=\" + i + \"&sortDirection=\" + sortDirection.trim();\n     %>\n-                  <th style=\"font-size: 12px; font-family: 'Times New Roman',Times,serif;\" class=\"header\"><a href=\"/controller/results/list?sortColumn=<%= i %>&sortDirection=<%= sortDirection.trim() %>\" target=\"main\"><%= resultTable.getHeader(i)%></a></th>\n+                  <th style=\"font-size: 12px; font-family: 'Times New Roman',Times,serif;\" class=\"header\"><a href=\"<%= sortLink %>\" target=\"main\"><%= resultTable.getHeader(i)%></a></th>\n     <%      } %>\n               </tr>\n     <%"], "edit": ["- * $Id: Results.java,v 1.6 2009/06/23 18:34:08 sheetalpatil Exp $", "+ * $Id: Results.java,v 1.7 2009/06/23 21:35:58 sheetalpatil Exp $", "+            req.setAttribute(\"tagInSearch\", tag);", "- * $Id: resultlist.jsp,v 1.23 2009/06/23 18:21:19 sheetalpatil Exp $", "+ * $Id: resultlist.jsp,v 1.24 2009/06/23 21:35:58 sheetalpatil Exp $", "+    String tagInSearch = (String)request.getAttribute(\"tagInSearch\");", "+                  String sortLink = \"/controller/results/list?sortColumn=\" + i + \"&sortDirection=\" + sortDirection.trim();", "+                  if(tagInSearch != null && tagInSearch.length() > 0)", "+                      sortLink = \"/controller/results/list?inputtag=\"+ tagInSearch.trim() +\"&sortColumn=\" + i + \"&sortDirection=\" + sortDirection.trim();", "-                  <th style=\"font-size: 12px; font-family: 'Times New Roman',Times,serif;\" class=\"header\"><a href=\"/controller/results/list?sortColumn=<%= i %>&sortDirection=<%= sortDirection.trim() %>\" target=\"main\"><%= resultTable.getHeader(i)%></a></th>", "+                  <th style=\"font-size: 12px; font-family: 'Times New Roman',Times,serif;\" class=\"header\"><a href=\"<%= sortLink %>\" target=\"main\"><%= resultTable.getHeader(i)%></a></th>"], "url": ["https://api.github.com/repos/akara/faban/commits/f129b61b5f7b4b1c498ef053577aaf29efe0fd7b"]}