{"new_feature": "540,2,25,135,7,0.97", "commitmessage": "fixes #101 #102", "patch": ["@@ -51,6 +51,7 @@\n     //controlsidebar\n     private ControlSidebarConfig controlSidebar;\n     private String pageSuffix;\n+    private boolean rippleMobileOnly;\n \n     @PostConstruct\n     public void init() {\n@@ -94,8 +95,9 @@ protected void loadDefaults() {\n         ignoredResources =  getProperty(\"admin.ignoredResources\");\n         loadingImage =  getProperty(\"admin.loadingImage\");\n         renderControlSidebar =  Boolean.parseBoolean(getProperty(\"admin.renderControlSidebar\"));\n-        leftMenuTemplate = Boolean.parseBoolean(getProperty(\"admin.controlSidebar.leftMenuTemplate\"));\n+        rippleMobileOnly = Boolean.parseBoolean(getProperty(\"admin.rippleMobileOnly\"));\n         \n+        leftMenuTemplate = Boolean.parseBoolean(getProperty(\"admin.controlSidebar.leftMenuTemplate\"));\n         boolean controlSidebarShowOnMobile = Boolean.parseBoolean(getProperty(\"admin.controlSidebar.showOnMobile\"));\n         boolean fixedLayout = Boolean.parseBoolean(getProperty(\"admin.controlSidebar.fixedLayout\"));\n         boolean boxedLayout = Boolean.parseBoolean(getProperty(\"admin.controlSidebar.boxedLayout\"));\n@@ -191,8 +193,15 @@ public ControlSidebarConfig getControlSidebar() {\n     public void setControlSidebar(ControlSidebarConfig controlSidebarConfig) {\n         this.controlSidebar = controlSidebarConfig;\n     }\n-    \n \n+    public boolean isRippleMobileOnly() {\n+        return rippleMobileOnly;\n+    }\n+\n+    public void setRippleMobileOnly(boolean rippleEffectMobileOnly) {\n+        this.rippleMobileOnly = rippleEffectMobileOnly;\n+    }\n+    \n     @Deprecated\n     /**\n      * @deprecated use LayoutMB#template", "@@ -6,7 +6,7 @@\n     <cc:interface>\n         <cc:attribute name=\"elements\" default=\"#{adminConfig.rippleElements}\"\n                       shortDescription=\"Comma separated values containing selectors of elements to apply ripple effect. Ex: button.ui-button, a.ui-link\"/>\n-        <cc:attribute name=\"mobileOnly\" default=\"true\"\n+        <cc:attribute name=\"mobileOnly\" default=\"#{adminConfig.rippleMobileOnly}\"\n                       shortDescription=\"Flag indicating wheater the ripple effect should be applied only to mobile devices. Default is true\"/>\n     </cc:interface>\n ", "@@ -9,6 +9,7 @@ admin.renderBreadCrumb=true\n admin.extensionLessUrls=false\n admin.enableSlideMenu=true\n admin.enableRipple=true\n+admin.rippleMobileOnly=true\n admin.rederControlSidebar=false\n admin.controlSidebar.showOnMobile=false\n admin.controlSidebar.leftMenuTemplate=true\n@@ -21,4 +22,4 @@ admin.rippleElements=.ripplelink,button.ui-button:not([class*=ui-picklist]):not(\n   .ui-autocomplete-dropdown, .ui-autocomplete-item, .ui-splitbutton-menubutton, .ui-splitbutton button.ui-button,.input-group, .ui-selectbooleanbutton, \\\n   div.ui-button,.ui-chkbox-icon, .ui-link, .form-control, .btn, .ui-sortable-column,.ui-link, .ui-tabs-nav > li,.ui-selectonemenu-trigger, \\\n   .ui-accordion-header, .treeview, .sidebar-toggle, .ui-radiobutton-icon, td[role=\"gridcell\"], .ui-selectcheckboxmenu-trigger,.ui-paginator-page, \\\n-  .ui-panelmenu-header > a, a#restore-defaults\n+  .ui-panelmenu-header > a, a#layout-setup, .control-sidebar div#restore-defaults > a, .control-sidebar div.ui-selectbooleancheckbox .ui-chkbox, .control-sidebar span.control-sidebar-subheading"], "edit": ["+    private boolean rippleMobileOnly;", "-        leftMenuTemplate = Boolean.parseBoolean(getProperty(\"admin.controlSidebar.leftMenuTemplate\"));", "+        rippleMobileOnly = Boolean.parseBoolean(getProperty(\"admin.rippleMobileOnly\"));", "+        leftMenuTemplate = Boolean.parseBoolean(getProperty(\"admin.controlSidebar.leftMenuTemplate\"));", "-", "+    public boolean isRippleMobileOnly() {", "+        return rippleMobileOnly;", "+    }", "+", "+    public void setRippleMobileOnly(boolean rippleEffectMobileOnly) {", "+        this.rippleMobileOnly = rippleEffectMobileOnly;", "+    }", "+", "-        <cc:attribute name=\"mobileOnly\" default=\"true\"", "+        <cc:attribute name=\"mobileOnly\" default=\"#{adminConfig.rippleMobileOnly}\"", "+admin.rippleMobileOnly=true", "-  .ui-panelmenu-header > a, a#restore-defaults", "+  .ui-panelmenu-header > a, a#layout-setup, .control-sidebar div#restore-defaults > a, .control-sidebar div.ui-selectbooleancheckbox .ui-chkbox, .control-sidebar span.control-sidebar-subheading"], "url": ["https://api.github.com/repos/adminfaces/admin-template/commits/f178d90a4b9d93a3d2de382d5fe0c1387899b066"]}