{"new_feature": "93,1,0,365,1,1.00", "commitmessage": "Fixed code 101 bug", "patch": ["@@ -1,5 +1,7 @@\n package com.github.airsaid.accountbook.data.source;\n \n+import android.util.Log;\n+\n import com.avos.avoscloud.AVException;\n import com.avos.avoscloud.AVObject;\n import com.avos.avoscloud.AVQuery;\n@@ -289,7 +291,22 @@ public void createFail(Error e) {\n                         });\n                     }\n                 } else {\n-                    callback.queryFail(new Error(e));\n+                    if (e.getCode() == 101) {\n+                        // \u521b\u5efa\u9ed8\u8ba4\u5e10\u8584\n+                        createDefaultBook(user, new CreateBookCallback() {\n+                            @Override\n+                            public void createSuccess(AccountBook book) {\n+                                callback.querySuccess(book);\n+                            }\n+\n+                            @Override\n+                            public void createFail(Error e) {\n+                                callback.queryFail(e);\n+                            }\n+                        });\n+                    } else {\n+                        callback.queryFail(new Error(e));\n+                    }\n                 }\n             }\n         });\n@@ -304,6 +321,7 @@ public void createDefaultBook(User user, final CreateBookCallback callback) {\n         book.setCover(UiUtils.getString(R.string.def_book_cover));\n         book.setScene(UiUtils.getString(R.string.def_book_scene));\n         book.addShare(user);\n+        book.setBid(10000);\n         book.saveInBackground(new SaveCallback() {\n             @Override\n             public void done(AVException e) {", "@@ -136,7 +136,7 @@ public void run() {\n                 mRefreshLayout.setRefreshing(true);\n                 mPage = 1;\n                 requestData();\n-                mPresenter.queryAccountTotalMoney(UserUtils.getUser(), mStartDate, mEndDate);\n+//                mPresenter.queryAccountTotalMoney(UserUtils.getUser(), mStartDate, mEndDate);\n             }\n         });\n     }"], "edit": ["+import android.util.Log;", "+", "-                    callback.queryFail(new Error(e));", "+                    if (e.getCode() == 101) {", "+                        // \u521b\u5efa\u9ed8\u8ba4\u5e10\u8584", "+                        createDefaultBook(user, new CreateBookCallback() {", "+                            @Override", "+                            public void createSuccess(AccountBook book) {", "+                                callback.querySuccess(book);", "+                            }", "+", "+                            @Override", "+                            public void createFail(Error e) {", "+                                callback.queryFail(e);", "+                            }", "+                        });", "+                    } else {", "+                        callback.queryFail(new Error(e));", "+                    }", "+        book.setBid(10000);", "-                mPresenter.queryAccountTotalMoney(UserUtils.getUser(), mStartDate, mEndDate);", "+//                mPresenter.queryAccountTotalMoney(UserUtils.getUser(), mStartDate, mEndDate);"], "url": ["https://api.github.com/repos/Airsaid/AccountBook/commits/f2b47ac9bded114607c86cef468f86528785cffe"]}