{"new_feature": "2276,1,0,88,30,0.11", "commitmessage": "fix buildnumbers", "patch": ["@@ -8,6 +8,15 @@ try {\n }\n \n def isCi = \"true\".equals(System.getenv(\"CI\"))\n+def isTravis = \"true\".equals(System.getenv(\"TRAVIS\"))\n+\n+def buildNumber = null\n+if(isTravis) {\n+    buildNumber = System.getenv(\"TRAVIS_BUILD_NUMBER\")\n+} else {\n+    buildNumber = System.getenv(\"BUILDOZER_BUILDNUMBER\")\n+}\n+\n \n android {\n     compileSdkVersion 22\n@@ -19,6 +28,8 @@ android {\n         versionCode 36\n         versionName '0.1.36-alpha'\n         testApplicationId \"com.SecUpwN.AIMSICD.test\"\n+\n+        buildConfigField 'String', 'BUILD_NUMBER', (buildNumber == null ? 'null' : \"\\\"${buildNumber}\\\"\")\n     }\n \n     buildTypes {\n@@ -28,11 +39,6 @@ android {\n             } catch (MissingPropertyException e) {\n                 buildConfigField 'String', 'OPEN_CELLID_API_KEY', '\"NA\"'\n             }\n-            try {\n-                buildConfigField 'String', 'BUILDOZER_BUILDNUMBER', '\\\"' + System.getenv(\"BUILDOZER_BUILDNUMBER\") + '\\\"'\n-            } catch (MissingPropertyException e) {\n-                buildConfigField 'String', 'BUILDOZER_BUILDNUMBER', '\"NA\"'\n-            }\n             if (!gitSha.equals('na')) {\n                 versionNameSuffix '-' + gitSha\n             } else {\n@@ -41,7 +47,6 @@ android {\n         }\n         release {\n             buildConfigField 'String', 'OPEN_CELLID_API_KEY', '\"NA\"'\n-            buildConfigField 'String', 'BUILDOZER_BUILDNUMBER', '\"NA\"'\n             minifyEnabled true\n             proguardFiles getDefaultProguardFile('proguard-android.txt'), 'proguard-rules.txt'\n ", "@@ -36,20 +36,17 @@ public View onCreateView(LayoutInflater inflater, ViewGroup container,\n \n         btncredits = (Button) v.findViewById(R.id.aimsicd_credits_link);\n \n-        String BUILDOZER_BUILDNUMBER = BuildConfig.BUILDOZER_BUILDNUMBER;\n-        if (BUILDOZER_BUILDNUMBER == null) {\n-            BUILDOZER_BUILDNUMBER = \"NA\"; // avoid null buildnumber\n-        }\n+        String buildNumber = BuildConfig.BUILD_NUMBER;\n \n         TextView versionNumber;\n         TextView BuildozerView;\n         if (v != null) {\n             versionNumber = (TextView) v.findViewById(R.id.aimsicd_version);\n             versionNumber.setText(getString(R.string.app_version) + version);\n \n-            if (!\"NA\".equals(BUILDOZER_BUILDNUMBER)) {\n+            if (buildNumber != null) {\n                 BuildozerView = (TextView) v.findViewById(R.id.buildozer_buildnumber);\n-                BuildozerView.setText(getString(R.string.buildozer_buildnumber) + BUILDOZER_BUILDNUMBER);\n+                BuildozerView.setText(getString(R.string.buildnumber) + buildNumber);\n                 BuildozerView.setVisibility(View.VISIBLE);\n             }\n ", "@@ -37,7 +37,7 @@\n             android:layout_width=\"match_parent\"\n             android:layout_height=\"wrap_content\"\n             android:gravity=\"center_horizontal\"\n-            android:text=\"@string/buildozer_buildnumber\"\n+            android:text=\"@string/buildnumber\"\n             android:textColor=\"@color/red_text\"\n             android:textSize=\"16sp\"\n             android:visibility=\"gone\"/>", "@@ -8,7 +8,7 @@\n \n \n     <string name=\"aimsicd_about_info\" translatable=\"false\">Android IMSI-Catcher Detector (AIMSICD)</string>\n-    <string name=\"buildozer_buildnumber\" translatable=\"false\">Buildozer Build:&#160;</string>\n+    <string name=\"buildnumber\" translatable=\"false\">Build Number: </string>\n     <string name=\"aimsicd_wiki_link\" translatable=\"false\">https://github.com/SecUpwN/Android-IMSI-Catcher-Detector/wiki</string>\n     <string name=\"aimsicd_contribute_link\" translatable=\"false\">https://github.com/SecUpwN/Android-IMSI-Catcher-Detector/blob/HEAD/CONTRIBUTING.md</string>\n     <string name=\"disclaimer_link\" translatable=\"false\">https://github.com/SecUpwN/Android-IMSI-Catcher-Detector/blob/HEAD/DISCLAIMER</string>"], "edit": ["+def isTravis = \"true\".equals(System.getenv(\"TRAVIS\"))", "+", "+def buildNumber = null", "+if(isTravis) {", "+    buildNumber = System.getenv(\"TRAVIS_BUILD_NUMBER\")", "+} else {", "+    buildNumber = System.getenv(\"BUILDOZER_BUILDNUMBER\")", "+}", "+", "+", "+        buildConfigField 'String', 'BUILD_NUMBER', (buildNumber == null ? 'null' : \"\\\"${buildNumber}\\\"\")", "-            try {", "-                buildConfigField 'String', 'BUILDOZER_BUILDNUMBER', '\\\"' + System.getenv(\"BUILDOZER_BUILDNUMBER\") + '\\\"'", "-            } catch (MissingPropertyException e) {", "-                buildConfigField 'String', 'BUILDOZER_BUILDNUMBER', '\"NA\"'", "-            }", "-            buildConfigField 'String', 'BUILDOZER_BUILDNUMBER', '\"NA\"'", "-        String BUILDOZER_BUILDNUMBER = BuildConfig.BUILDOZER_BUILDNUMBER;", "-        if (BUILDOZER_BUILDNUMBER == null) {", "-            BUILDOZER_BUILDNUMBER = \"NA\"; // avoid null buildnumber", "-        }", "+        String buildNumber = BuildConfig.BUILD_NUMBER;", "-            if (!\"NA\".equals(BUILDOZER_BUILDNUMBER)) {", "+            if (buildNumber != null) {", "-                BuildozerView.setText(getString(R.string.buildozer_buildnumber) + BUILDOZER_BUILDNUMBER);", "+                BuildozerView.setText(getString(R.string.buildnumber) + buildNumber);", "-            android:text=\"@string/buildozer_buildnumber\"", "+            android:text=\"@string/buildnumber\"", "-    <string name=\"buildozer_buildnumber\" translatable=\"false\">Buildozer Build:&#160;</string>", "+    <string name=\"buildnumber\" translatable=\"false\">Build Number: </string>"], "url": ["https://api.github.com/repos/5GSD/AIMSICDL/commits/f95327f1e64b4f44c713f969481f1466e0da3b2d"]}