{"new_feature": "1577,1,17,193,30,0.71", "commitmessage": "Fix reappearing notification", "patch": ["@@ -169,7 +169,6 @@ public void onReceive(Context context, @NonNull Intent intent) {\n     };\n     private ContentObserver mediaStoreObserver;\n     private boolean notHandledMetaChangedForCurrentTrack;\n-    private boolean isServiceBound;\n \n     private Handler uiThreadHandler;\n \n@@ -337,12 +336,13 @@ public int onStartCommand(@Nullable Intent intent, int flags, int startId) {\n                         break;\n                     case ACTION_STOP:\n                     case ACTION_QUIT:\n-                        return quit();\n+                        quit();\n+                        break;\n                 }\n             }\n         }\n \n-        return START_STICKY;\n+        return START_NOT_STICKY;\n     }\n \n     @Override\n@@ -364,24 +364,9 @@ public void onDestroy() {\n \n     @Override\n     public IBinder onBind(Intent intent) {\n-        isServiceBound = true;\n         return musicBind;\n     }\n \n-    @Override\n-    public void onRebind(Intent intent) {\n-        isServiceBound = true;\n-    }\n-\n-    @Override\n-    public boolean onUnbind(Intent intent) {\n-        isServiceBound = false;\n-        if (!isPlaying()) {\n-            stopSelf();\n-        }\n-        return true;\n-    }\n-\n     private static final class QueueSaveHandler extends Handler {\n         @NonNull\n         private final WeakReference<MusicService> mService;\n@@ -460,18 +445,13 @@ private synchronized void restoreQueuesAndPositionIfNecessary() {\n         queuesRestored = true;\n     }\n \n-    private int quit() {\n+    private void quit() {\n         pause();\n         playingNotification.stop();\n \n-        if (isServiceBound) {\n-            return START_STICKY;\n-        } else {\n-            closeAudioEffectSession();\n-            getAudioManager().abandonAudioFocus(audioFocusListener);\n-            stopSelf();\n-            return START_NOT_STICKY;\n-        }\n+        closeAudioEffectSession();\n+        getAudioManager().abandonAudioFocus(audioFocusListener);\n+        stopSelf();\n     }\n \n     private void releaseResources() {", "@@ -14,7 +14,7 @@\n public abstract class PlayingNotification {\n \n     private static final int NOTIFICATION_ID = 1;\n-    protected static final String NOTIFICATION_CHANNEL_ID = \"playing_notification\";\n+    static final String NOTIFICATION_CHANNEL_ID = \"playing_notification\";\n \n     private static final int NOTIFY_MODE_FOREGROUND = 1;\n     private static final int NOTIFY_MODE_BACKGROUND = 0;\n@@ -33,7 +33,7 @@ public synchronized void init(MusicService service) {\n         }\n     }\n \n-    abstract public void update();\n+    public abstract void update();\n \n     public synchronized void stop() {\n         stopped = true;"], "edit": ["-    private boolean isServiceBound;", "-                        return quit();", "+                        quit();", "+                        break;", "-        return START_STICKY;", "+        return START_NOT_STICKY;", "-        isServiceBound = true;", "-    @Override", "-    public void onRebind(Intent intent) {", "-        isServiceBound = true;", "-    }", "-", "-    @Override", "-    public boolean onUnbind(Intent intent) {", "-        isServiceBound = false;", "-        if (!isPlaying()) {", "-            stopSelf();", "-        }", "-        return true;", "-    }", "-", "-    private int quit() {", "+    private void quit() {", "-        if (isServiceBound) {", "-            return START_STICKY;", "-        } else {", "-            closeAudioEffectSession();", "-            getAudioManager().abandonAudioFocus(audioFocusListener);", "-            stopSelf();", "-            return START_NOT_STICKY;", "-        }", "+        closeAudioEffectSession();", "+        getAudioManager().abandonAudioFocus(audioFocusListener);", "+        stopSelf();", "-    protected static final String NOTIFICATION_CHANNEL_ID = \"playing_notification\";", "+    static final String NOTIFICATION_CHANNEL_ID = \"playing_notification\";", "-    abstract public void update();", "+    public abstract void update();"], "url": ["https://api.github.com/repos/AdrienPoupa/VinylMusicPlayer/commits/fa07f612cfc0531baad8b079f340968996997f46"]}