{"new_feature": "1029,4,0,66,10,0.62", "commitmessage": "-Fixed N/A with unit bug for Metric.\n-Experimental drag/drop in resultlist2.jsp.", "patch": ["@@ -17,7 +17,7 @@\n  * your own identifying information:\n  * \"Portions Copyrighted [year] [name of copyright owner]\"\n  *\n- * $Id: Result.java,v 1.13 2006/11/06 07:25:54 akara Exp $\n+ * $Id: Result.java,v 1.14 2006/11/07 22:28:58 akara Exp $\n  *\n  * Copyright 2005 Sun Microsystems Inc. All Rights Reserved\n  */\n@@ -209,11 +209,6 @@ private synchronized void refresh() {\n                 result.text = \"N/A\";\n             }\n \n-            if (metric.text == null) {\n-                metric.value = -1d;\n-                metric.text = \"N/A\";\n-            }\n-\n             if (status.value == null) {\n                 status.value = \"zzzzzz\";\n                 status.text = \"N/A\";", "@@ -19,7 +19,7 @@\n  * your own identifying information:\n  * \"Portions Copyrighted [year] [name of copyright owner]\"\n  *\n- * $Id: resultlist2.jsp,v 1.1 2006/11/06 07:25:55 akara Exp $\n+ * $Id: resultlist2.jsp,v 1.2 2006/11/07 22:28:58 akara Exp $\n  *\n  * Copyright 2005 Sun Microsystems Inc. All Rights Reserved\n  */\n@@ -86,6 +86,13 @@ td.cell {\n    border-right     : 1px solid #b8b8b8;\n    background-color : #cedebd;\n }\n+\n+.listBox {\n+   padding-top      : 5px;\n+   padding-bottom   : 5px;\n+   background-color : #ffffff;\n+   border           : 1px solid #8b8b8b;\n+}\n </style>\n <script>\n    tu = null;\n@@ -142,7 +149,7 @@ td.cell {\n             if (i < rows) {\n                 Comparable[] row = resultTable.getRow(i);\n %>\n-\t        <td class=\"cell\" style=\"width:50px\"><%= row[0] %></td>\n+\t        <td id=\"runId<%= i %>\" class=\"cell\" style=\"width:50px\"><%= row[0] %></td>\n \t        <td class=\"cell\" style=\"width:280px\"><%= row[1] %></td>\n \t        <td class=\"cell\" style=\"width:60px\"><%= row[2] %></td>\n \t        <td class=\"cell\" style=\"width:60px\"><%= row[3] %></td>\n@@ -151,7 +158,7 @@ td.cell {\n \t        <td class=\"cell\" style=\"width:80px\"><%= row[6] %></td>\n \t        <td class=\"cell\" style=\"width:60px\"><%= row[7] %></td>\n <%          } else { %>\n-\t        <td class=\"cell\" style=\"width:50px\">&nbsp;</td>\n+\t        <td id=\"runId<%= i %>class=\"cell\" style=\"width:50px\">&nbsp;</td>\n \t        <td class=\"cell\" style=\"width:280px\">&nbsp;</td>\n \t        <td class=\"cell\" style=\"width:60px\">&nbsp;</td>\n \t        <td class=\"cell\" style=\"width:60px\">&nbsp;</td>\n@@ -165,6 +172,17 @@ td.cell {\n \t</table>\n   </div>\n </div>\n+<span>ABC&nbsp;&nbsp;</span>\n+<span>DEF&nbsp;<br/></span>\n+<span>GHI&nbsp;<br/></span>\n+<span>LMN&nbsp;<br/></span>\n+<div id=\"dropBox\" style=\"margin-left:8px;margin-bottom:8px;float:left\">\n+   <span class=\"catHeader\">dropped name-list</span>\n+\n+   <div class=\"listBox\" id=\"dropZone\" style=\"width:250px;height:140px;overflow:auto;\">\n+   </div>\n+</div>\n+\n <%  } else { %>\n     </head>\n     <body>"], "edit": ["- * $Id: Result.java,v 1.13 2006/11/06 07:25:54 akara Exp $", "+ * $Id: Result.java,v 1.14 2006/11/07 22:28:58 akara Exp $", "-            if (metric.text == null) {", "-                metric.value = -1d;", "-                metric.text = \"N/A\";", "-            }", "-", "- * $Id: resultlist2.jsp,v 1.1 2006/11/06 07:25:55 akara Exp $", "+ * $Id: resultlist2.jsp,v 1.2 2006/11/07 22:28:58 akara Exp $", "+", "+.listBox {", "+   padding-top      : 5px;", "+   padding-bottom   : 5px;", "+   background-color : #ffffff;", "+   border           : 1px solid #8b8b8b;", "+}", "-\t        <td class=\"cell\" style=\"width:50px\"><%= row[0] %></td>", "+\t        <td id=\"runId<%= i %>\" class=\"cell\" style=\"width:50px\"><%= row[0] %></td>", "-\t        <td class=\"cell\" style=\"width:50px\">&nbsp;</td>", "+\t        <td id=\"runId<%= i %>class=\"cell\" style=\"width:50px\">&nbsp;</td>", "+<span>ABC&nbsp;&nbsp;</span>", "+<span>DEF&nbsp;<br/></span>", "+<span>GHI&nbsp;<br/></span>", "+<span>LMN&nbsp;<br/></span>", "+<div id=\"dropBox\" style=\"margin-left:8px;margin-bottom:8px;float:left\">", "+   <span class=\"catHeader\">dropped name-list</span>", "+", "+   <div class=\"listBox\" id=\"dropZone\" style=\"width:250px;height:140px;overflow:auto;\">", "+   </div>", "+</div>", "+"], "url": ["https://api.github.com/repos/akara/faban/commits/fc1610dd35fd0570870ba791fea5de63526e3c43"]}