{"new_feature": "1577,1,17,193,30,0.71", "commitmessage": "Fixed the scroll state saving.", "patch": ["@@ -51,6 +51,7 @@\n \n import butterknife.Bind;\n import butterknife.ButterKnife;\n+import hugo.weaving.DebugLog;\n \n public class FolderFragment extends AbsMainActivityFragment implements MainActivity.MainActivityFragmentCallbacks, CabHolder, BreadCrumbLayout.SelectionCallback, SongFileAdapter.Callbacks, AppBarLayout.OnOffsetChangedListener {\n     public static final String TAG = FolderFragment.class.getSimpleName();\n@@ -89,13 +90,15 @@ public static FolderFragment newInstance(File directory) {\n         return frag;\n     }\n \n+    @DebugLog\n     public void setCrumb(BreadCrumbLayout.Crumb crumb, boolean addToHistory) {\n         saveScrollPosition();\n         updateAdapter(crumb.getFile());\n-        recyclerView.getLayoutManager().scrollToPosition(crumb.getScrollPosition());\n         breadCrumbs.setActiveOrAdd(crumb, false);\n         if (addToHistory)\n             breadCrumbs.addHistory(crumb);\n+        crumb = breadCrumbs.findCrumb(crumb.getFile()); // get the real reference so we can restore previous scroll states\n+        ((LinearLayoutManager) recyclerView.getLayoutManager()).scrollToPositionWithOffset(crumb.getScrollPosition(), 0);\n     }\n \n     private void saveScrollPosition() {", "@@ -38,26 +38,26 @@\n     public static class Crumb implements Parcelable {\n \n         public Crumb(File file) {\n-            mFile = file;\n+            this.file = file;\n         }\n \n-        private final File mFile;\n-        private int mScrollPos;\n+        private final File file;\n+        private int scrollPos;\n \n         public int getScrollPosition() {\n-            return mScrollPos;\n+            return scrollPos;\n         }\n \n         public void setScrollPosition(int scrollY) {\n-            this.mScrollPos = scrollY;\n+            this.scrollPos = scrollY;\n         }\n \n         public String getTitle() {\n-            return mFile.getPath().equals(\"/\") ? \"root\" : mFile.getName();\n+            return file.getPath().equals(\"/\") ? \"root\" : file.getName();\n         }\n \n         public File getFile() {\n-            return mFile;\n+            return file;\n         }\n \n         @Override\n@@ -66,6 +66,13 @@ public boolean equals(Object o) {\n                     ((Crumb) o).getFile().equals(getFile());\n         }\n \n+        @Override\n+        public String toString() {\n+            return \"Crumb{\" +\n+                    \"file=\" + file +\n+                    \", scrollPos=\" + scrollPos +\n+                    '}';\n+        }\n \n         @Override\n         public int describeContents() {\n@@ -74,20 +81,22 @@ public int describeContents() {\n \n         @Override\n         public void writeToParcel(Parcel dest, int flags) {\n-            dest.writeSerializable(this.mFile);\n-            dest.writeInt(this.mScrollPos);\n+            dest.writeSerializable(this.file);\n+            dest.writeInt(this.scrollPos);\n         }\n \n         protected Crumb(Parcel in) {\n-            this.mFile = (File) in.readSerializable();\n-            this.mScrollPos = in.readInt();\n+            this.file = (File) in.readSerializable();\n+            this.scrollPos = in.readInt();\n         }\n \n         public static final Creator<Crumb> CREATOR = new Creator<Crumb>() {\n+            @Override\n             public Crumb createFromParcel(Parcel source) {\n                 return new Crumb(source);\n             }\n \n+            @Override\n             public Crumb[] newArray(int size) {\n                 return new Crumb[size];\n             }", "@@ -3,7 +3,7 @@ buildscript {\n         jcenter()\n     }\n     dependencies {\n-        classpath 'com.android.tools.build:gradle:2.1.0-alpha1'\n+        classpath 'com.android.tools.build:gradle:2.1.0-alpha3'\n         classpath 'com.github.triplet.gradle:play-publisher:1.1.3'\n     }\n }"], "edit": ["+import hugo.weaving.DebugLog;", "+    @DebugLog", "-        recyclerView.getLayoutManager().scrollToPosition(crumb.getScrollPosition());", "+        crumb = breadCrumbs.findCrumb(crumb.getFile()); // get the real reference so we can restore previous scroll states", "+        ((LinearLayoutManager) recyclerView.getLayoutManager()).scrollToPositionWithOffset(crumb.getScrollPosition(), 0);", "-            mFile = file;", "+            this.file = file;", "-        private final File mFile;", "-        private int mScrollPos;", "+        private final File file;", "+        private int scrollPos;", "-            return mScrollPos;", "+            return scrollPos;", "-            this.mScrollPos = scrollY;", "+            this.scrollPos = scrollY;", "-            return mFile.getPath().equals(\"/\") ? \"root\" : mFile.getName();", "+            return file.getPath().equals(\"/\") ? \"root\" : file.getName();", "-            return mFile;", "+            return file;", "+        @Override", "+        public String toString() {", "+            return \"Crumb{\" +", "+                    \"file=\" + file +", "+                    \", scrollPos=\" + scrollPos +", "+                    '}';", "+        }", "-            dest.writeSerializable(this.mFile);", "-            dest.writeInt(this.mScrollPos);", "+            dest.writeSerializable(this.file);", "+            dest.writeInt(this.scrollPos);", "-            this.mFile = (File) in.readSerializable();", "-            this.mScrollPos = in.readInt();", "+            this.file = (File) in.readSerializable();", "+            this.scrollPos = in.readInt();", "+            @Override", "+            @Override", "-        classpath 'com.android.tools.build:gradle:2.1.0-alpha1'", "+        classpath 'com.android.tools.build:gradle:2.1.0-alpha3'"], "url": ["https://api.github.com/repos/AdrienPoupa/VinylMusicPlayer/commits/fdf4a0f53f5eabb2e71ee0b09ec5cae8d33c0f4d"]}