{"new_feature": "2146,31,17,479,17,0.20", "commitmessage": "cluster bug fix (#468)", "patch": ["@@ -67,9 +67,11 @@ public void put(String schemaName, String viewName, String createSql) {\n \n         StringBuffer sb = new StringBuffer().append(UcorePathUtil.getViewPath()).\n                 append(SEPARATOR).append(schemaName).append(SCHEMA_VIEW_SPLIT).append(viewName);\n+        StringBuffer lsb = new StringBuffer().append(UcorePathUtil.getViewPath()).\n+                append(SEPARATOR).append(LOCK).append(SEPARATOR).append(schemaName).append(SCHEMA_VIEW_SPLIT).append(viewName);\n         StringBuffer nsb = new StringBuffer().append(UcorePathUtil.getViewPath()).\n                 append(SEPARATOR).append(UPDATE).append(SEPARATOR).append(schemaName).append(SCHEMA_VIEW_SPLIT).append(viewName);\n-        UDistributeLock distributeLock = new UDistributeLock(nsb.toString(),\n+        UDistributeLock distributeLock = new UDistributeLock(lsb.toString(),\n                 UcoreConfig.getInstance().getValue(ClusterParamCfg.CLUSTER_CFG_MYID) + SCHEMA_VIEW_SPLIT + UPDATE);\n \n         try {\n@@ -83,6 +85,7 @@ public void put(String schemaName, String viewName, String createSql) {\n \n             schemaMap.put(viewName, createSql);\n             ClusterUcoreSender.sendDataToUcore(sb.toString(), createSql);\n+            ClusterUcoreSender.sendDataToUcore(nsb.toString(), UcoreConfig.getInstance().getValue(ClusterParamCfg.CLUSTER_CFG_MYID) + SCHEMA_VIEW_SPLIT + UPDATE);\n \n             //check if the online node number is equals to the reponse number\n             List<UKvBean> onlineList = ClusterUcoreSender.getKeyTree(UcorePathUtil.getOnlinePath() + SEPARATOR);\n@@ -101,7 +104,8 @@ public void put(String schemaName, String viewName, String createSql) {\n                 }\n             }\n \n-            distributeLock.deleteTree();\n+            ClusterUcoreSender.deleteKVTree(nsb.toString() + SEPARATOR);\n+            distributeLock.release();\n \n         } catch (Exception e) {\n             LOGGER.warn(AlarmCode.CORE_ZK_WARN + \"delete ucore node error :\u3000\" + e.getMessage());", "@@ -16,6 +16,7 @@\n     String CREATE_SQL = \"createSql\";\n     String DELETE = \"delete\";\n     String UPDATE = \"update\";\n+    String LOCK = \"lock\";\n \n     Map<String, Map<String, String>> getViewCreateSqlMap();\n ", "@@ -61,7 +61,7 @@ public void handle(Map<String, UKvBean> diffMap) {\n                 child.notifyProcess(entry.getValue());\n             }\n         } catch (Exception e) {\n-            LOGGER.warn(AlarmCode.CORE_CLUSTER_WARN + \" ucore data parse to xml error \");\n+            LOGGER.warn(AlarmCode.CORE_CLUSTER_WARN + \" ucore event handle error\");\n             e.printStackTrace();\n         }\n     }", "@@ -37,6 +37,10 @@ public void notifyProcess(UKvBean configValue) throws Exception {\n             final String schema = StringUtil.removeBackQuote(tableInfo[0]);\n             final String table = StringUtil.removeBackQuote(tableInfo[1]);\n \n+            if (UKvBean.DELETE.equals(configValue.getChangeType())) {\n+                return;\n+            }\n+\n             if (\"\".equals(configValue.getValue())) {\n                 //if the value is \"\" means the the ddl start server is shutdown after the ddl notify\n                 DbleServer.getInstance().getTmManager().updateOnetableWithBackData(DbleServer.getInstance().getConfig(), schema, table);"], "edit": ["+        StringBuffer lsb = new StringBuffer().append(UcorePathUtil.getViewPath()).", "+                append(SEPARATOR).append(LOCK).append(SEPARATOR).append(schemaName).append(SCHEMA_VIEW_SPLIT).append(viewName);", "-        UDistributeLock distributeLock = new UDistributeLock(nsb.toString(),", "+        UDistributeLock distributeLock = new UDistributeLock(lsb.toString(),", "+            ClusterUcoreSender.sendDataToUcore(nsb.toString(), UcoreConfig.getInstance().getValue(ClusterParamCfg.CLUSTER_CFG_MYID) + SCHEMA_VIEW_SPLIT + UPDATE);", "-            distributeLock.deleteTree();", "+            ClusterUcoreSender.deleteKVTree(nsb.toString() + SEPARATOR);", "+            distributeLock.release();", "+    String LOCK = \"lock\";", "-            LOGGER.warn(AlarmCode.CORE_CLUSTER_WARN + \" ucore data parse to xml error \");", "+            LOGGER.warn(AlarmCode.CORE_CLUSTER_WARN + \" ucore event handle error\");", "+            if (UKvBean.DELETE.equals(configValue.getChangeType())) {", "+                return;", "+            }", "+"], "url": ["https://api.github.com/repos/actiontech/dble/commits/fe3e00c711478e787e60d3b2e0bd788f1ef62082"]}