{"new_feature": "852,1,0,121,25,0.20", "commitmessage": "Fix lifecycle handling in DriftNettyClientModule\n\nDriftNettyMethodInvokerFactory was not shutdown on lifecycle stop,\ncausing a file descriptor leak. This mainly affects tests that\nrepeatedly create and destroy entire Guice environments.", "patch": ["@@ -19,13 +19,18 @@\n import com.google.inject.Injector;\n import com.google.inject.Key;\n import com.google.inject.Module;\n-import com.google.inject.Provides;\n-import com.google.inject.Singleton;\n+import com.google.inject.Scopes;\n+import com.google.inject.TypeLiteral;\n import io.airlift.drift.transport.DriftClientConfig;\n import io.airlift.drift.transport.MethodInvokerFactory;\n \n+import javax.annotation.PreDestroy;\n+import javax.inject.Inject;\n+import javax.inject.Provider;\n+\n import java.lang.annotation.Annotation;\n \n+import static com.google.common.base.Preconditions.checkState;\n import static io.airlift.configuration.ConfigBinder.configBinder;\n \n public class DriftNettyClientModule\n@@ -40,13 +45,10 @@ public void configure(Binder binder)\n                 configBinder.bindConfig(DriftNettyClientConfig.class, binding.getKey().getAnnotation(), binding.getPrefix().orElse(null));\n             }\n         });\n-    }\n \n-    @Provides\n-    @Singleton\n-    private static MethodInvokerFactory<Annotation> getMethodInvokerFactory(DriftNettyConnectionFactoryConfig factoryConfig, Injector injector)\n-    {\n-        return new DriftNettyMethodInvokerFactory<>(factoryConfig, annotation -> injector.getInstance(Key.get(DriftNettyClientConfig.class, annotation)));\n+        binder.bind(new TypeLiteral<MethodInvokerFactory<Annotation>>() {})\n+                .toProvider(MethodInvokerFactoryProvider.class)\n+                .in(Scopes.SINGLETON);\n     }\n \n     @Override\n@@ -63,4 +65,35 @@ public int hashCode()\n     {\n         return getClass().hashCode();\n     }\n+\n+    private static class MethodInvokerFactoryProvider\n+            implements Provider<MethodInvokerFactory<Annotation>>\n+    {\n+        private Injector injector;\n+        private DriftNettyMethodInvokerFactory<Annotation> factory;\n+\n+        @Inject\n+        public void setInjector(Injector injector)\n+        {\n+            this.injector = injector;\n+        }\n+\n+        @Override\n+        public MethodInvokerFactory<Annotation> get()\n+        {\n+            checkState(factory == null, \"factory already created\");\n+\n+            factory = new DriftNettyMethodInvokerFactory<>(\n+                    injector.getInstance(DriftNettyConnectionFactoryConfig.class),\n+                    annotation -> injector.getInstance(Key.get(DriftNettyClientConfig.class, annotation)));\n+\n+            return factory;\n+        }\n+\n+        @PreDestroy\n+        public void destroy()\n+        {\n+            factory.close();\n+        }\n+    }\n }"], "edit": ["-import com.google.inject.Provides;", "-import com.google.inject.Singleton;", "+import com.google.inject.Scopes;", "+import com.google.inject.TypeLiteral;", "+import javax.annotation.PreDestroy;", "+import javax.inject.Inject;", "+import javax.inject.Provider;", "+", "+import static com.google.common.base.Preconditions.checkState;", "-    }", "-    @Provides", "-    @Singleton", "-    private static MethodInvokerFactory<Annotation> getMethodInvokerFactory(DriftNettyConnectionFactoryConfig factoryConfig, Injector injector)", "-    {", "-        return new DriftNettyMethodInvokerFactory<>(factoryConfig, annotation -> injector.getInstance(Key.get(DriftNettyClientConfig.class, annotation)));", "+        binder.bind(new TypeLiteral<MethodInvokerFactory<Annotation>>() {})", "+                .toProvider(MethodInvokerFactoryProvider.class)", "+                .in(Scopes.SINGLETON);", "+", "+    private static class MethodInvokerFactoryProvider", "+            implements Provider<MethodInvokerFactory<Annotation>>", "+    {", "+        private Injector injector;", "+        private DriftNettyMethodInvokerFactory<Annotation> factory;", "+", "+        @Inject", "+        public void setInjector(Injector injector)", "+        {", "+            this.injector = injector;", "+        }", "+", "+        @Override", "+        public MethodInvokerFactory<Annotation> get()", "+        {", "+            checkState(factory == null, \"factory already created\");", "+", "+            factory = new DriftNettyMethodInvokerFactory<>(", "+                    injector.getInstance(DriftNettyConnectionFactoryConfig.class),", "+                    annotation -> injector.getInstance(Key.get(DriftNettyClientConfig.class, annotation)));", "+", "+            return factory;", "+        }", "+", "+        @PreDestroy", "+        public void destroy()", "+        {", "+            factory.close();", "+        }", "+    }"], "url": ["https://api.github.com/repos/airlift/drift/commits/feb084f6630747357ed1ce57f7e01c69977ed5b9"]}