{"new_feature": "852,1,0,121,25,0.01", "commitmessage": "Fixed code generation for unions with fields whose types are the same after type erasure (#327)", "patch": ["@@ -42,6 +42,7 @@ public void addField(final FieldContext field)\n         this.fields.add(field);\n     }\n \n+    @Deprecated\n     public boolean getHasUniqueFieldTypes()\n     {\n       List<String> fieldTypesList = Lists.transform(this.fields, new Function<FieldContext, String>() {\n@@ -51,6 +52,26 @@ public boolean getHasUniqueFieldTypes()\n       return fieldTypesSet.size() == fieldTypesList.size();\n     }\n \n+    public boolean getHasUniqueFieldTypesUnderErasure()\n+    {\n+        List<String> fieldTypesList = Lists.transform(this.fields, new Function<FieldContext, String>() {\n+            public String apply(FieldContext field) {\n+                // remove generics\n+                String javaType = field.getJavaType();\n+                int startTypeParameter = javaType.indexOf('<');\n+                if (startTypeParameter >= 0) {\n+                    // there can't be anything after the type parameter, so the > needs\n+                    // to be the last character\n+                    // we omit the <> as container types are required to have the type parameter\n+                    javaType = javaType.substring(0, startTypeParameter);\n+                }\n+                return javaType;\n+            }\n+        });\n+        Set<String> fieldTypesSet = Sets.newHashSet(fieldTypesList);\n+        return fieldTypesSet.size() == fieldTypesList.size();\n+    }\n+\n     public List<FieldContext> getFields()\n     {\n         return fields;", "@@ -386,7 +386,7 @@ private String name;\n public <context.javaName>() {\n }\n \n-<if(context.hasUniqueFieldTypes)>\n+<if(context.hasUniqueFieldTypesUnderErasure)>\n <context.fields : { field |<_union_field_constructor(context, field)>}; separator=\"\\n\\n\">\n <endif>\n >>\n@@ -398,4 +398,4 @@ public void <field.javaSetterName>(final <field.javaType> <field.javaName>) {\n     this.id = <field.id>;\n     this.name = \"<field.name>\";\n }\n->>\n\\ No newline at end of file\n+>>", "@@ -57,7 +57,7 @@ public Builder <field.javaSetterName>(<field.javaType> <field.javaName>) {\n _union_body(context) ::= <<\n <_union_constructor(context)>\n \n-<if(!context.hasUniqueFieldTypes)>\n+<if(!context.hasUniqueFieldTypesUnderErasure)>\n <context.fields : { field |<_union_setter(field)>}; separator=\"\\n\\n\">\n <endif>\n >>", "@@ -26,4 +26,14 @@ union foo_unique_types {\n union foo_duplicate_types {\n   1: i32 bar;\n   2: i32 baz;\n-}\n\\ No newline at end of file\n+}\n+\n+union foo_same_erasure {\n+  1: list<i32> bar;\n+  2: list<string> baz;\n+}\n+\n+union foo_complicated_container {\n+  1: list<set<i32>> bar;\n+  2: list<set<string>> baz;\n+}"], "edit": ["+    @Deprecated", "+    public boolean getHasUniqueFieldTypesUnderErasure()", "+    {", "+        List<String> fieldTypesList = Lists.transform(this.fields, new Function<FieldContext, String>() {", "+            public String apply(FieldContext field) {", "+                // remove generics", "+                String javaType = field.getJavaType();", "+                int startTypeParameter = javaType.indexOf('<');", "+                if (startTypeParameter >= 0) {", "+                    // there can't be anything after the type parameter, so the > needs", "+                    // to be the last character", "+                    // we omit the <> as container types are required to have the type parameter", "+                    javaType = javaType.substring(0, startTypeParameter);", "+                }", "+                return javaType;", "+            }", "+        });", "+        Set<String> fieldTypesSet = Sets.newHashSet(fieldTypesList);", "+        return fieldTypesSet.size() == fieldTypesList.size();", "+    }", "+", "-<if(context.hasUniqueFieldTypes)>", "+<if(context.hasUniqueFieldTypesUnderErasure)>", "->>", "+>>", "-<if(!context.hasUniqueFieldTypes)>", "+<if(!context.hasUniqueFieldTypesUnderErasure)>", "-}", "+}", "+", "+union foo_same_erasure {", "+  1: list<i32> bar;", "+  2: list<string> baz;", "+}", "+", "+union foo_complicated_container {", "+  1: list<set<i32>> bar;", "+  2: list<set<string>> baz;", "+}"], "url": ["https://api.github.com/repos/airlift/drift/commits/ffb189fcf5c9292dbd34958bf26dcd47bf89d7f8"]}